64,ANCESTOR,4,"Given the following lineage relationships:
* Victoria is Alexis's ancestor.
* Zachary is Margaret's ancestor.
* Andrea is Jeffrey's ancestor.
* Gary is Pamela's descendant.
* Kyle is Cynthia's ancestor.
* Natalie is Cheryl's descendant.
* Richard is Jeffrey's descendant.
* Douglas is Jeremy's descendant.
* Charlotte is Albert's descendant.
* Mason is Jerry's ancestor.
* Jason is Janice's ancestor.
* George is Joseph's descendant.
* Peter is Julie's descendant.
* Terry is Daniel's ancestor.
* Brian is Samantha's descendant.
* Marilyn is Stephen's descendant.
* Natalie is Jessica's ancestor.
* Terry is Elijah's descendant.
* Daniel is Emily's ancestor.
* Amber is Benjamin's descendant.
* Diane is Carl's ancestor.
* Kenneth is Christine's ancestor.
* Robert is Carl's descendant.
* Jessica is Zachary's ancestor.
* Emily is Pamela's ancestor.
* Mason is Lawrence's descendant.
* Henry is Kyle's ancestor.
* Douglas is Stephen's ancestor.
* Benjamin is Robert's descendant.
* Jason is Marilyn's descendant.
* Brian is Olivia's ancestor.
* Brandon is Judy's ancestor.
* Beverly is Richard's descendant.
* Brandon is Martha's descendant.
* Beverly is Gerald's ancestor.
* Cynthia is Victoria's ancestor.
* Sarah is Thomas's ancestor.
* Willie is Martha's ancestor.
* Russell is Kenneth's ancestor.
* Ronald is Alice's descendant.
* Arthur is Maria's ancestor.
* Gary is Russell's ancestor.
* Thomas is Joseph's ancestor.
* Willie is Amber's descendant.
* Jerry is Andrew's ancestor.
* Arthur is Peter's descendant.
* Albert is Judy's descendant.
* Gerald is Jeremy's ancestor.
* Isabella is Bradley's ancestor.
* Vincent is Timothy's descendant.
* Elijah is Vincent's descendant.
* Alice is Maria's descendant.
* Timothy is Bradley's descendant.
* Sarah is Olivia's descendant.
* Alexis is Debra's ancestor.
* Andrew is Julie's ancestor.
* Janice is Samantha's ancestor.
* Debra is Tyler's ancestor.
* Lawrence is Christine's descendant.
* Charlotte is Isabella's ancestor.
* Margaret is Diane's ancestor.
* George is Henry's ancestor.
* Tyler is Cheryl's ancestor.
Determine the lineage relationship between Andrea and Ronald.
Select the correct answer:
1. Andrea is Ronald's descendant.
2. Andrea and Ronald share a common descendant.
3. Andrea and Ronald share a common ancestor.
4. Andrea is Ronald's ancestor.
5. None of the above is correct.
Enclose the selected answer number in the <ANSWER> tag, for example: <ANSWER>1</ANSWER>.",z-ai/glm-5,Z.AI,,,"To determine the lineage relationship between Andrea and Ronald, let's trace the relationships step-by-step starting from Andrea.

1.  **Andrea is Jeffrey's ancestor.** (Andrea $\rightarrow$ Jeffrey)
2.  **Richard is Jeffrey's descendant.** (Jeffrey $\rightarrow$ Richard)
    *   Path: Andrea $\rightarrow$ Jeffrey $\rightarrow$ Richard
3.  **Beverly is Richard's descendant.** (Richard $\rightarrow$ Beverly)
    *   Path: ... $\rightarrow$ Richard $\rightarrow$ Beverly
4.  **Beverly is Gerald's ancestor.** (Beverly $\rightarrow$ Gerald)
    *   Path: ... $\rightarrow$ Beverly $\rightarrow$ Gerald
5.  **Gerald is Jeremy's ancestor.** (Gerald $\rightarrow$ Jeremy)
    *   Path: ... $\rightarrow$ Gerald $\rightarrow$ Jeremy
6.  **Douglas is Jeremy's descendant.** (Jeremy $\rightarrow$ Douglas)
    *   Path: ... $\rightarrow$ Jeremy $\rightarrow$ Douglas
7.  **Douglas is Stephen's ancestor.** (Douglas $\rightarrow$ Stephen)
    *   Path: ... $\rightarrow$ Douglas $\rightarrow$ Stephen
8.  **Marilyn is Stephen's descendant.** (Stephen $\rightarrow$ Marilyn)
    *   Path: ... $\rightarrow$ Stephen $\rightarrow$ Marilyn
9.  **Jason is Marilyn's descendant.** (Marilyn $\rightarrow$ Jason)
    *   Path: ... $\rightarrow$ Marilyn $\rightarrow$ Jason
10. **Jason is Janice's ancestor.** (Jason $\rightarrow$ Janice)
    *   Path: ... $\rightarrow$ Jason $\rightarrow$ Janice
11. **Janice is Samantha's ancestor.** (Janice $\rightarrow$ Samantha)
    *   Path: ... $\rightarrow$ Janice $\rightarrow$ Samantha
12. **Brian is Samantha's descendant.** (Samantha $\rightarrow$ Brian)
    *   Path: ... $\rightarrow$ Samantha $\rightarrow$ Brian
13. **Brian is Olivia's ancestor.** (Brian $\rightarrow$ Olivia)
    *   Path: ... $\rightarrow$ Brian $\rightarrow$ Olivia
14. **Sarah is Olivia's descendant.** (Olivia $\rightarrow$ Sarah)
    *   Path: ... $\rightarrow$ Olivia $\rightarrow$ Sarah
15. **Sarah is Thomas's ancestor.** (Sarah $\rightarrow$ Thomas)
    *   Path: ... $\rightarrow$ Sarah $\rightarrow$ Thomas
16. **Thomas is Joseph's ancestor.** (Thomas $\rightarrow$ Joseph)
    *   Path: ... $\rightarrow$ Thomas $\rightarrow$ Joseph
17. **George is Joseph's descendant.** (Joseph $\rightarrow$ George)
    *   Path: ... $\rightarrow$ Joseph $\rightarrow$ George
18. **George is Henry's ancestor.** (George $\rightarrow$ Henry)
    *   Path: ... $\rightarrow$ George $\rightarrow$ Henry
19. **Henry is Kyle's ancestor.** (Henry $\rightarrow$ Kyle)
    *   Path: ... $\rightarrow$ Henry $\rightarrow$ Kyle
20. **Kyle is Cynthia's ancestor.** (Kyle $\rightarrow$ Cynthia)
    *   Path: ... $\rightarrow$ Kyle $\rightarrow$ Cynthia
21. **Cynthia is Victoria's ancestor.** (Cynthia $\rightarrow$ Victoria)
    *   Path: ... $\rightarrow$ Cynthia $\rightarrow$ Victoria
22. **Victoria is Alexis's ancestor.** (Victoria $\rightarrow$ Alexis)
    *   Path: ... $\rightarrow$ Victoria $\rightarrow$ Alexis
23. **Alexis is Debra's ancestor.** (Alexis $\rightarrow$ Debra)
    *   Path: ... $\rightarrow$ Alexis $\rightarrow$ Debra
24. **Debra is Tyler's ancestor.** (Debra $\rightarrow$ Tyler)
    *   Path: ... $\rightarrow$ Debra $\rightarrow$ Tyler
25. **Tyler is Cheryl's ancestor.** (Tyler $\rightarrow$ Cheryl)
    *   Path: ... $\rightarrow$ Tyler $\rightarrow$ Cheryl
26. **Natalie is Cheryl's descendant.** (Cheryl $\rightarrow$ Natalie)
    *   Path: ... $\rightarrow$ Cheryl $\rightarrow$ Natalie
27. **Natalie is Jessica's ancestor.** (Natalie $\rightarrow$ Jessica)
    *   Path: ... $\rightarrow$ Natalie $\rightarrow$ Jessica
28. **Jessica is Zachary's ancestor.** (Jessica $\rightarrow$ Zachary)
    *   Path: ... $\rightarrow$ Jessica $\rightarrow$ Zachary
29. **Zachary is Margaret's ancestor.** (Zachary $\rightarrow$ Margaret)
    *   Path: ... $\rightarrow$ Zachary $\rightarrow$ Margaret
30. **Margaret is Diane's ancestor.** (Margaret $\rightarrow$ Diane)
    *   Path: ... $\rightarrow$ Margaret $\rightarrow$ Diane
31. **Diane is Carl's ancestor.** (Diane $\rightarrow$ Carl)
    *   Path: ... $\rightarrow$ Diane $\rightarrow$ Carl
32. **Robert is Carl's descendant.** (Carl $\rightarrow$ Robert)
    *   Path: ... $\rightarrow$ Carl $\rightarrow$ Robert
33. **Benjamin is Robert's descendant.** (Robert $\rightarrow$ Benjamin)
    *   Path: ... $\rightarrow$ Robert $\rightarrow$ Benjamin
34. **Amber is Benjamin's descendant.** (Benjamin $\rightarrow$ Amber)
    *   Path: ... $\rightarrow$ Benjamin $\rightarrow$ Amber
35. **Willie is Amber's descendant.** (Amber $\rightarrow$ Willie)
    *   Path: ... $\rightarrow$ Amber $\rightarrow$ Willie
36. **Willie is Martha's ancestor.** (Willie $\rightarrow$ Martha)
    *   Path: ... $\rightarrow$ Willie $\rightarrow$ Martha
37. **Brandon is Martha's descendant.** (Martha $\rightarrow$ Brandon)
    *   Path: ... $\rightarrow$ Martha $\rightarrow$ Brandon
38. **Brandon is Judy's ancestor.** (Brandon $\rightarrow$ Judy)
    *   Path: ... $\rightarrow$ Brandon $\rightarrow$ Judy
39. **Albert is Judy's descendant.** (Judy $\rightarrow$ Albert)
    *   Path: ... $\rightarrow$ Judy $\rightarrow$ Albert
40. **Charlotte is Albert's descendant.** (Albert $\rightarrow$ Charlotte)
    *   Path: ... $\rightarrow$ Albert $\rightarrow$ Charlotte
41. **Charlotte is Isabella's ancestor.** (Charlotte $\rightarrow$ Isabella)
    *   Path: ... $\rightarrow$ Charlotte $\rightarrow$ Isabella
42. **Isabella is Bradley's ancestor.** (Isabella $\rightarrow$ Bradley)
    *   Path: ... $\rightarrow$ Isabella $\rightarrow$ Bradley
43. **Timothy is Bradley's descendant.** (Bradley $\rightarrow$ Timothy)
    *   Path: ... $\rightarrow$ Bradley $\rightarrow$ Timothy
44. **Vincent is Timothy's descendant.** (Timothy $\rightarrow$ Vincent)
    *   Path: ... $\rightarrow$ Timothy $\rightarrow$ Vincent
45. **Elijah is Vincent's descendant.** (Vincent $\rightarrow$ Elijah)
    *   Path: ... $\rightarrow$ Vincent $\rightarrow$ Elijah
46. **Terry is Elijah's descendant.** (Elijah $\rightarrow$ Terry)
    *   Path: ... $\rightarrow$ Elijah $\rightarrow$ Terry
47. **Terry is Daniel's ancestor.** (Terry $\rightarrow$ Daniel)
    *   Path: ... $\rightarrow$ Terry $\rightarrow$ Daniel
48. **Daniel is Emily's ancestor.** (Daniel $\rightarrow$ Emily)
    *   Path: ... $\rightarrow$ Daniel $\rightarrow$ Emily
49. **Emily is Pamela's ancestor.** (Emily $\rightarrow$ Pamela)
    *   Path: ... $\rightarrow$ Emily $\rightarrow$ Pamela
50. **Gary is Pamela's descendant.** (Pamela $\rightarrow$ Gary)
    *   Path: ... $\rightarrow$ Pamela $\rightarrow$ Gary
51. **Gary is Russell's ancestor.** (Gary $\rightarrow$ Russell)
    *   Path: ... $\rightarrow$ Gary $\rightarrow$ Russell
52. **Russell is Kenneth's ancestor.** (Russell $\rightarrow$ Kenneth)
    *   Path: ... $\rightarrow$ Russell $\rightarrow$ Kenneth
53. **Kenneth is Christine's ancestor.** (Kenneth $\rightarrow$ Christine)
    *   Path: ... $\rightarrow$ Kenneth $\rightarrow$ Christine
54. **Lawrence is Christine's descendant.** (Christine $\rightarrow$ Lawrence)
    *   Path: ... $\rightarrow$ Christine $\rightarrow$ Lawrence
55. **Mason is Lawrence's descendant.** (Lawrence $\rightarrow$ Mason)
    *   Path: ... $\rightarrow$ Lawrence $\rightarrow$ Mason
56. **Mason is Jerry's ancestor.** (Mason $\rightarrow$ Jerry)
    *   Path: ... $\rightarrow$ Mason $\rightarrow$ Jerry
57. **Jerry is Andrew's ancestor.** (Jerry $\rightarrow$ Andrew)
    *   Path: ... $\rightarrow$ Jerry $\rightarrow$ Andrew
58. **Andrew is Julie's ancestor.** (Andrew $\rightarrow$ Julie)
    *   Path: ... $\rightarrow$ Andrew $\rightarrow$ Julie
59. **Peter is Julie's descendant.** (Julie $\rightarrow$ Peter)
    *   Path: ... $\rightarrow$ Julie $\rightarrow$ Peter
60. **Arthur is Peter's descendant.** (Peter $\rightarrow$ Arthur)
    *   Path: ... $\rightarrow$ Peter $\rightarrow$ Arthur
61. **Arthur is Maria's ancestor.** (Arthur $\rightarrow$ Maria)
    *   Path: ... $\rightarrow$ Arthur $\rightarrow$ Maria
62. **Alice is Maria's descendant.** (Maria $\rightarrow$ Alice)
    *   Path: ... $\rightarrow$ Maria $\rightarrow$ Alice
63. **Ronald is Alice's descendant.** (Alice $\rightarrow$ Ronald)
    *   Path: ... $\rightarrow$ Alice $\rightarrow$ Ronald

By following this continuous chain, we establish that Andrea is the ancestor of Ronald.

<ANSWER>4</ANSWER>"
64,DESCENDANT,4,"Given the following lineage relationships:
* Beverly is Deborah's ancestor.
* Joshua is Sandra's descendant.
* Jeremy is Julia's descendant.
* George is Diana's descendant.
* Amanda is Maria's ancestor.
* Maria is Janet's ancestor.
* Nicole is Eric's descendant.
* Deborah is Charlotte's ancestor.
* Kathleen is Paul's ancestor.
* Barbara is Sarah's ancestor.
* Gloria is Stephanie's descendant.
* Margaret is Pamela's ancestor.
* Judith is Joshua's descendant.
* Linda is Donald's ancestor.
* Carl is Noah's ancestor.
* Martha is Lisa's descendant.
* Andrew is Thomas's descendant.
* Martha is Frances's ancestor.
* Janice is Raymond's descendant.
* Madison is Matthew's descendant.
* Marilyn is Matthew's ancestor.
* Carl is Gloria's descendant.
* Frances is Timothy's ancestor.
* Sarah is Randy's ancestor.
* Elizabeth is Dennis's descendant.
* Anthony is Michelle's ancestor.
* Noah is Kathleen's ancestor.
* Michael is Marilyn's ancestor.
* Thomas is Alan's descendant.
* Alice is Charlotte's descendant.
* Pamela is Jean's ancestor.
* Sandra is Katherine's descendant.
* Cheryl is Jennifer's ancestor.
* Ronald is Donald's descendant.
* Jacqueline is Megan's descendant.
* Edward is Walter's descendant.
* Jean is Jerry's ancestor.
* Timothy is Dennis's ancestor.
* Margaret is Stephen's descendant.
* Linda is Albert's descendant.
* Jerry is Walter's ancestor.
* Paul is Alan's ancestor.
* Amber is Janet's descendant.
* George is Michael's ancestor.
* Eric is Amber's descendant.
* Nathan is Stephanie's ancestor.
* Megan is Ronald's descendant.
* Theresa is Donna's descendant.
* Janice is Stephen's ancestor.
* Edward is Albert's ancestor.
* Gregory is Diana's ancestor.
* Judith is Donna's ancestor.
* Theresa is Raymond's ancestor.
* Barbara is Michelle's descendant.
* Elizabeth is Julia's ancestor.
* Anthony is Jacqueline's descendant.
* Alice is Gregory's ancestor.
* Madison is Katherine's ancestor.
* Amanda is Jeremy's descendant.
* Beverly is Jennifer's descendant.
* Andrew is Peter's ancestor.
* Lisa is Randy's descendant.
* Nicole is Nathan's ancestor.
Determine the lineage relationship between Peter and Cheryl.
Select the correct answer:
1. Peter and Cheryl share a common descendant.
2. Peter is Cheryl's ancestor.
3. Peter and Cheryl share a common ancestor.
4. Peter is Cheryl's descendant.
5. None of the above is correct.
Enclose the selected answer number in the <ANSWER> tag, for example: <ANSWER>1</ANSWER>.",z-ai/glm-5,Z.AI,,,"To determine the relationship between Peter and Cheryl, we can trace the lineage step-by-step from Cheryl down to Peter using the provided statements.

1.  **Cheryl is Jennifer's ancestor.** (Cheryl $\rightarrow$ Jennifer)
2.  **Beverly is Jennifer's descendant.** (Jennifer $\rightarrow$ Beverly)
    *   Chain: Cheryl $\rightarrow$ Jennifer $\rightarrow$ Beverly
3.  **Beverly is Deborah's ancestor.** (Beverly $\rightarrow$ Deborah)
    *   Chain: ... $\rightarrow$ Beverly $\rightarrow$ Deborah
4.  **Deborah is Charlotte's ancestor.** (Deborah $\rightarrow$ Charlotte)
    *   Chain: ... $\rightarrow$ Deborah $\rightarrow$ Charlotte
5.  **Alice is Charlotte's descendant.** (Charlotte $\rightarrow$ Alice)
    *   Chain: ... $\rightarrow$ Charlotte $\rightarrow$ Alice
6.  **Alice is Gregory's ancestor.** (Alice $\rightarrow$ Gregory)
    *   Chain: ... $\rightarrow$ Alice $\rightarrow$ Gregory
7.  **Gregory is Diana's ancestor.** (Gregory $\rightarrow$ Diana)
    *   Chain: ... $\rightarrow$ Gregory $\rightarrow$ Diana
8.  **George is Diana's descendant.** (Diana $\rightarrow$ George)
    *   Chain: ... $\rightarrow$ Diana $\rightarrow$ George
9.  **George is Michael's ancestor.** (George $\rightarrow$ Michael)
    *   Chain: ... $\rightarrow$ George $\rightarrow$ Michael
10. **Michael is Marilyn's ancestor.** (Michael $\rightarrow$ Marilyn)
    *   Chain: ... $\rightarrow$ Michael $\rightarrow$ Marilyn
11. **Marilyn is Matthew's ancestor.** (Marilyn $\rightarrow$ Matthew)
    *   Chain: ... $\rightarrow$ Marilyn $\rightarrow$ Matthew
12. **Madison is Matthew's descendant.** (Matthew $\rightarrow$ Madison)
    *   Chain: ... $\rightarrow$ Matthew $\rightarrow$ Madison
13. **Madison is Katherine's ancestor.** (Madison $\rightarrow$ Katherine)
    *   Chain: ... $\rightarrow$ Madison $\rightarrow$ Katherine
14. **Sandra is Katherine's descendant.** (Katherine $\rightarrow$ Sandra)
    *   Chain: ... $\rightarrow$ Katherine $\rightarrow$ Sandra
15. **Joshua is Sandra's descendant.** (Sandra $\rightarrow$ Joshua)
    *   Chain: ... $\rightarrow$ Sandra $\rightarrow$ Joshua
16. **Judith is Joshua's descendant.** (Joshua $\rightarrow$ Judith)
    *   Chain: ... $\rightarrow$ Joshua $\rightarrow$ Judith
17. **Judith is Donna's ancestor.** (Judith $\rightarrow$ Donna)
    *   Chain: ... $\rightarrow$ Judith $\rightarrow$ Donna
18. **Theresa is Donna's descendant.** (Donna $\rightarrow$ Theresa)
    *   Chain: ... $\rightarrow$ Donna $\rightarrow$ Theresa
19. **Theresa is Raymond's ancestor.** (Theresa $\rightarrow$ Raymond)
    *   Chain: ... $\rightarrow$ Theresa $\rightarrow$ Raymond
20. **Janice is Raymond's descendant.** (Raymond $\rightarrow$ Janice)
    *   Chain: ... $\rightarrow$ Raymond $\rightarrow$ Janice
21. **Janice is Stephen's ancestor.** (Janice $\rightarrow$ Stephen)
    *   Chain: ... $\rightarrow$ Janice $\rightarrow$ Stephen
22. **Margaret is Stephen's descendant.** (Stephen $\rightarrow$ Margaret)
    *   Chain: ... $\rightarrow$ Stephen $\rightarrow$ Margaret
23. **Margaret is Pamela's ancestor.** (Margaret $\rightarrow$ Pamela)
    *   Chain: ... $\rightarrow$ Margaret $\rightarrow$ Pamela
24. **Pamela is Jean's ancestor.** (Pamela $\rightarrow$ Jean)
    *   Chain: ... $\rightarrow$ Pamela $\rightarrow$ Jean
25. **Jean is Jerry's ancestor.** (Jean $\rightarrow$ Jerry)
    *   Chain: ... $\rightarrow$ Jean $\rightarrow$ Jerry
26. **Jerry is Walter's ancestor.** (Jerry $\rightarrow$ Walter)
    *   Chain: ... $\rightarrow$ Jerry $\rightarrow$ Walter
27. **Edward is Walter's descendant.** (Walter $\rightarrow$ Edward)
    *   Chain: ... $\rightarrow$ Walter $\rightarrow$ Edward
28. **Edward is Albert's ancestor.** (Edward $\rightarrow$ Albert)
    *   Chain: ... $\rightarrow$ Edward $\rightarrow$ Albert
29. **Linda is Albert's descendant.** (Albert $\rightarrow$ Linda)
    *   Chain: ... $\rightarrow$ Albert $\rightarrow$ Linda
30. **Linda is Donald's ancestor.** (Linda $\rightarrow$ Donald)
    *   Chain: ... $\rightarrow$ Linda $\rightarrow$ Donald
31. **Ronald is Donald's descendant.** (Donald $\rightarrow$ Ronald)
    *   Chain: ... $\rightarrow$ Donald $\rightarrow$ Ronald
32. **Megan is Ronald's descendant.** (Ronald $\rightarrow$ Megan)
    *   Chain: ... $\rightarrow$ Ronald $\rightarrow$ Megan
33. **Jacqueline is Megan's descendant.** (Megan $\rightarrow$ Jacqueline)
    *   Chain: ... $\rightarrow$ Megan $\rightarrow$ Jacqueline
34. **Anthony is Jacqueline's descendant.** (Jacqueline $\rightarrow$ Anthony)
    *   Chain: ... $\rightarrow$ Jacqueline $\rightarrow$ Anthony
35. **Anthony is Michelle's ancestor.** (Anthony $\rightarrow$ Michelle)
    *   Chain: ... $\rightarrow$ Anthony $\rightarrow$ Michelle
36. **Barbara is Michelle's descendant.** (Michelle $\rightarrow$ Barbara)
    *   Chain: ... $\rightarrow$ Michelle $\rightarrow$ Barbara
37. **Barbara is Sarah's ancestor.** (Barbara $\rightarrow$ Sarah)
    *   Chain: ... $\rightarrow$ Barbara $\rightarrow$ Sarah
38. **Sarah is Randy's ancestor.** (Sarah $\rightarrow$ Randy)
    *   Chain: ... $\rightarrow$ Sarah $\rightarrow$ Randy
39. **Lisa is Randy's descendant.** (Randy $\rightarrow$ Lisa)
    *   Chain: ... $\rightarrow$ Randy $\rightarrow$ Lisa
40. **Martha is Lisa's descendant.** (Lisa $\rightarrow$ Martha)
    *   Chain: ... $\rightarrow$ Lisa $\rightarrow$ Martha
41. **Martha is Frances's ancestor.** (Martha $\rightarrow$ Frances)
    *   Chain: ... $\rightarrow$ Martha $\rightarrow$ Frances
42. **Frances is Timothy's ancestor.** (Frances $\rightarrow$ Timothy)
    *   Chain: ... $\rightarrow$ Frances $\rightarrow$ Timothy
43. **Timothy is Dennis's ancestor.** (Timothy $\rightarrow$ Dennis)
    *   Chain: ... $\rightarrow$ Timothy $\rightarrow$ Dennis
44. **Elizabeth is Dennis's descendant.** (Dennis $\rightarrow$ Elizabeth)
    *   Chain: ... $\rightarrow$ Dennis $\rightarrow$ Elizabeth
45. **Elizabeth is Julia's ancestor.** (Elizabeth $\rightarrow$ Julia)
    *   Chain: ... $\rightarrow$ Elizabeth $\rightarrow$ Julia
46. **Jeremy is Julia's descendant.** (Julia $\rightarrow$ Jeremy)
    *   Chain: ... $\rightarrow$ Julia $\rightarrow$ Jeremy
47. **Amanda is Jeremy's descendant.** (Jeremy $\rightarrow$ Amanda)
    *   Chain: ... $\rightarrow$ Jeremy $\rightarrow$ Amanda
48. **Amanda is Maria's ancestor.** (Amanda $\rightarrow$ Maria)
    *   Chain: ... $\rightarrow$ Amanda $\rightarrow$ Maria
49. **Maria is Janet's ancestor.** (Maria $\rightarrow$ Janet)
    *   Chain: ... $\rightarrow$ Maria $\rightarrow$ Janet
50. **Amber is Janet's descendant.** (Janet $\rightarrow$ Amber)
    *   Chain: ... $\rightarrow$ Janet $\rightarrow$ Amber
51. **Eric is Amber's descendant.** (Amber $\rightarrow$ Eric)
    *   Chain: ... $\rightarrow$ Amber $\rightarrow$ Eric
52. **Nicole is Eric's descendant.** (Eric $\rightarrow$ Nicole)
    *   Chain: ... $\rightarrow$ Eric $\rightarrow$ Nicole
53. **Nicole is Nathan's ancestor.** (Nicole $\rightarrow$ Nathan)
    *   Chain: ... $\rightarrow$ Nicole $\rightarrow$ Nathan
54. **Nathan is Stephanie's ancestor.** (Nathan $\rightarrow$ Stephanie)
    *   Chain: ... $\rightarrow$ Nathan $\rightarrow$ Stephanie
55. **Gloria is Stephanie's descendant.** (Stephanie $\rightarrow$ Gloria)
    *   Chain: ... $\rightarrow$ Stephanie $\rightarrow$ Gloria
56. **Carl is Gloria's descendant.** (Gloria $\rightarrow$ Carl)
    *   Chain: ... $\rightarrow$ Gloria $\rightarrow$ Carl
57. **Carl is Noah's ancestor.** (Carl $\rightarrow$ Noah)
    *   Chain: ... $\rightarrow$ Carl $\rightarrow$ Noah
58. **Noah is Kathleen's ancestor.** (Noah $\rightarrow$ Kathleen)
    *   Chain: ... $\rightarrow$ Noah $\rightarrow$ Kathleen
59. **Kathleen is Paul's ancestor.** (Kathleen $\rightarrow$ Paul)
    *   Chain: ... $\rightarrow$ Kathleen $\rightarrow$ Paul
60. **Paul is Alan's ancestor.** (Paul $\rightarrow$ Alan)
    *   Chain: ... $\rightarrow$ Paul $\rightarrow$ Alan
61. **Thomas is Alan's descendant.** (Alan $\rightarrow$ Thomas)
    *   Chain: ... $\rightarrow$ Alan $\rightarrow$ Thomas
62. **Andrew is Thomas's descendant.** (Thomas $\rightarrow$ Andrew)
    *   Chain: ... $\rightarrow$ Thomas $\rightarrow$ Andrew
63. **Andrew is Peter's ancestor.** (Andrew $\rightarrow$ Peter)
    *   Chain: ... $\rightarrow$ Andrew $\rightarrow$ Peter

By following this continuous lineage, Cheryl is the ancestor of Peter. Therefore, Peter is the descendant of Cheryl.

<ANSWER>4</ANSWER>"
64,COMMON_ANCESTOR,1,"Given the following lineage relationships:
* Natalie is Kelly's ancestor.
* Benjamin is Austin's ancestor.
* Austin is Walter's ancestor.
* Julie is Joan's descendant.
* Nancy is Alice's ancestor.
* Frances is Alice's descendant.
* Bruce is Julie's descendant.
* Noah is Brandon's ancestor.
* Elijah is Bruce's descendant.
* Debra is Elizabeth's descendant.
* Elizabeth is Kelly's descendant.
* Roger is Ryan's ancestor.
* Martha is Beverly's ancestor.
* Daniel is Keith's ancestor.
* Hannah is Andrew's ancestor.
* Jennifer is Alan's descendant.
* Beverly is Douglas's ancestor.
* Zachary is Carol's ancestor.
* Gloria is Walter's descendant.
* Doris is Richard's ancestor.
* Pamela is Cheryl's ancestor.
* Jerry is Martha's ancestor.
* Janice is Amy's descendant.
* Gloria is Charlotte's ancestor.
* Noah is Samuel's descendant.
* Peter is Douglas's descendant.
* Barbara is Richard's descendant.
* Randy is Debra's descendant.
* James is Carolyn's descendant.
* Jean is Benjamin's ancestor.
* Hannah is Janice's descendant.
* Carolyn is Daniel's descendant.
* Doris is Juan's descendant.
* Emily is Aaron's ancestor.
* Pamela is Megan's descendant.
* Joan is Ruth's descendant.
* Barbara is Frank's ancestor.
* Carl is Andrew's descendant.
* Jean is Edward's descendant.
* Wayne is Emily's ancestor.
* Terry is Frances's descendant.
* Bryan is Wayne's ancestor.
* Philip is Dennis's descendant.
* Roger is Marilyn's descendant.
* Jerry is Jennifer's descendant.
* Bradley is Edward's ancestor.
* Frank is Samuel's ancestor.
* James is Shirley's ancestor.
* Christopher is Bradley's ancestor.
* Amy is Cheryl's descendant.
* Carol is Christopher's ancestor.
* Philip is Ruth's ancestor.
* Brandon is Natalie's ancestor.
* Bryan is Peter's descendant.
* Zachary is Aaron's descendant.
* Juan is Charlotte's descendant.
* Megan is Joseph's descendant.
* Dennis is Keith's descendant.
* Terry is Catherine's ancestor.
* Catherine is Marilyn's ancestor.
* Joseph is Ryan's descendant.
* Alan is Carl's descendant.
* Elijah is Nancy's ancestor.
Determine the lineage relationship between Randy and Shirley.
Select the correct answer:
1. Randy and Shirley share a common ancestor.
2. Randy is Shirley's ancestor.
3. Randy is Shirley's descendant.
4. Randy and Shirley share a common descendant.
5. None of the above is correct.
Enclose the selected answer number in the <ANSWER> tag, for example: <ANSWER>1</ANSWER>.",z-ai/glm-5,Z.AI,,,<ANSWER>1</ANSWER>
64,COMMON_DESCENDANT,3,"Given the following lineage relationships:
* Douglas is Andrew's descendant.
* Brandon is William's ancestor.
* Mary is Richard's ancestor.
* Mary is Olivia's descendant.
* Janice is Linda's descendant.
* Victoria is Zachary's ancestor.
* Gregory is Michelle's descendant.
* Jonathan is Donna's descendant.
* Roger is Bradley's descendant.
* Nancy is Alexis's ancestor.
* David is Nicole's descendant.
* Sara is Kevin's descendant.
* Hannah is Kevin's ancestor.
* Natalie is Pamela's descendant.
* Karen is Hannah's ancestor.
* Jessica is Eugene's descendant.
* Karen is Jonathan's descendant.
* Nicole is Anthony's descendant.
* Jordan is Randy's descendant.
* Doris is Christian's descendant.
* Wayne is Anthony's ancestor.
* Theresa is Eugene's ancestor.
* Richard is Anna's ancestor.
* Gregory is Linda's ancestor.
* Andrew is Charles's descendant.
* Kayla is Albert's descendant.
* Stephanie is Beverly's ancestor.
* Logan is Nathan's descendant.
* Aaron is William's descendant.
* Albert is Gloria's descendant.
* Aaron is Walter's ancestor.
* Carl is Ann's ancestor.
* Bradley is Logan's descendant.
* Kelly is Kimberly's ancestor.
* Joseph is Alexis's descendant.
* Jessica is Pamela's ancestor.
* Sean is Beverly's descendant.
* Christina is Anna's descendant.
* Nicholas is Christina's descendant.
* Charles is Julia's descendant.
* Wayne is Douglas's descendant.
* Theresa is Jordan's descendant.
* Raymond is Matthew's descendant.
* Marilyn is Natalie's descendant.
* Gloria is Janice's descendant.
* Carol is David's descendant.
* Julia is Walter's descendant.
* Ann is Judy's ancestor.
* Doris is Carl's ancestor.
* Carol is Kenneth's ancestor.
* Matthew is Roger's descendant.
* Zachary is Stephanie's ancestor.
* Nicholas is Michelle's ancestor.
* Kenneth is Christian's ancestor.
* Kayla is Joseph's ancestor.
* Kelly is Judy's descendant.
* Olivia is Rachel's descendant.
* Nancy is Sean's descendant.
* Raymond is Donna's ancestor.
* Marilyn is Samantha's ancestor.
* Nathan is Kimberly's descendant.
* Sara is Rachel's ancestor.
* Victoria is Samantha's descendant.
Determine the lineage relationship between Randy and Brandon.
Select the correct answer:
1. Randy and Brandon share a common ancestor.
2. Randy is Brandon's ancestor.
3. Randy and Brandon share a common descendant.
4. Randy is Brandon's descendant.
5. None of the above is correct.
Enclose the selected answer number in the <ANSWER> tag, for example: <ANSWER>1</ANSWER>.",z-ai/glm-5,Z.AI,,,"To determine the relationship between Randy and Brandon, we can trace their lineage paths based on the provided statements.

First, let's trace the descendants of **Randy**:
1.  ""Jordan is Randy's descendant"" $\rightarrow$ Randy $\rightarrow$ Jordan.
2.  ""Theresa is Jordan's descendant"" $\rightarrow$ Jordan $\rightarrow$ Theresa.
    So, we have the path: **Randy $\rightarrow$ Jordan $\rightarrow$ Theresa**.

Next, let's continue tracing from Theresa to see if she connects to the other line:
3.  ""Theresa is Eugene's ancestor"" $\rightarrow$ Theresa $\rightarrow$ Eugene.
4.  ""Jessica is Eugene's descendant"" $\rightarrow$ Eugene $\rightarrow$ Jessica.
5.  ""Jessica is Pamela's ancestor"" $\rightarrow$ Jessica $\rightarrow$ Pamela.
6.  ""Natalie is Pamela's descendant"" $\rightarrow$ Pamela $\rightarrow$ Natalie.
7.  ""Marilyn is Natalie's descendant"" $\rightarrow$ Natalie $\rightarrow$ Marilyn.
8.  ""Marilyn is Samantha's ancestor"" $\rightarrow$ Marilyn $\rightarrow$ Samantha.
9.  ""Victoria is Samantha's descendant"" $\rightarrow$ Samantha $\rightarrow$ Victoria.
10. ""Victoria is Zachary's ancestor"" $\rightarrow$ Victoria $\rightarrow$ Zachary.
11. ""Zachary is Stephanie's ancestor"" $\rightarrow$ Zachary $\rightarrow$ Stephanie.
12. ""Stephanie is Beverly's ancestor"" $\rightarrow$ Stephanie $\rightarrow$ Beverly.
13. ""Sean is Beverly's descendant"" $\rightarrow$ Beverly $\rightarrow$ Sean.
14. ""Nancy is Sean's descendant"" $\rightarrow$ Sean $\rightarrow$ Nancy.
15. ""Nancy is Alexis's ancestor"" $\rightarrow$ Nancy $\rightarrow$ Alexis.
16. ""Joseph is Alexis's descendant"" $\rightarrow$ Alexis $\rightarrow$ Joseph.

From this, we establish that **Randy is an ancestor of Joseph** (Randy $\rightarrow$ ... $\rightarrow$ Joseph).

Now, let's trace the descendants of **Brandon**:
1.  ""Brandon is William's ancestor"" $\rightarrow$ Brandon $\rightarrow$ William.
2.  ""Aaron is William's descendant"" $\rightarrow$ William $\rightarrow$ Aaron.
3.  ""Aaron is Walter's ancestor"" $\rightarrow$ Aaron $\rightarrow$ Walter.
4.  ""Julia is Walter's descendant"" $\rightarrow$ Walter $\rightarrow$ Julia.
5.  ""Charles is Julia's descendant"" $\rightarrow$ Julia $\rightarrow$ Charles.
6.  ""Andrew is Charles's descendant"" $\rightarrow$ Charles $\rightarrow$ Andrew.
7.  ""Douglas is Andrew's descendant"" $\rightarrow$ Andrew $\rightarrow$ Douglas.
8.  ""Wayne is Douglas's descendant"" $\rightarrow$ Douglas $\rightarrow$ Wayne.
9.  ""Wayne is Anthony's ancestor"" $\rightarrow$ Wayne $\rightarrow$ Anthony.
10. ""Nicole is Anthony's descendant"" $\rightarrow$ Anthony $\rightarrow$ Nicole.
11. ""David is Nicole's descendant"" $\rightarrow$ Nicole $\rightarrow$ David.
12. ""Carol is David's descendant"" $\rightarrow$ David $\rightarrow$ Carol.
13. ""Carol is Kenneth's ancestor"" $\rightarrow$ Carol $\rightarrow$ Kenneth.
14. ""Kenneth is Christian's ancestor"" $\rightarrow$ Kenneth $\rightarrow$ Christian.
15. ""Doris is Christian's descendant"" $\rightarrow$ Christian $\rightarrow$ Doris.
16. ""Doris is Carl's ancestor"" $\rightarrow$ Doris $\rightarrow$ Carl.
17. ""Carl is Ann's ancestor"" $\rightarrow$ Carl $\rightarrow$ Ann.
18. ""Ann is Judy's ancestor"" $\rightarrow$ Ann $\rightarrow$ Judy.
19. ""Kelly is Judy's descendant"" $\rightarrow$ Judy $\rightarrow$ Kelly.
20. ""Kelly is Kimberly's ancestor"" $\rightarrow$ Kelly $\rightarrow$ Kimberly.
21. ""Nathan is Kimberly's descendant"" $\rightarrow$ Kimberly $\rightarrow$ Nathan.
22. ""Logan is Nathan's descendant"" $\rightarrow$ Nathan $\rightarrow$ Logan.
23. ""Bradley is Logan's descendant"" $\rightarrow$ Logan $\rightarrow$ Bradley.
24. ""Roger is Bradley's descendant"" $\rightarrow$ Bradley $\rightarrow$ Roger.
25. ""Matthew is Roger's descendant"" $\rightarrow$ Roger $\rightarrow$ Matthew.
26. ""Raymond is Matthew's descendant"" $\rightarrow$ Matthew $\rightarrow$ Raymond.
27. ""Raymond is Donna's ancestor"" $\rightarrow$ Raymond $\rightarrow$ Donna.
28. ""Jonathan is Donna's descendant"" $\rightarrow$ Donna $\rightarrow$ Jonathan.
29. ""Karen is Jonathan's descendant"" $\rightarrow$ Jonathan $\rightarrow$ Karen.
30. ""Karen is Hannah's ancestor"" $\rightarrow$ Karen $\rightarrow$ Hannah.
31. ""Hannah is Kevin's ancestor"" $\rightarrow$ Hannah $\rightarrow$ Kevin.
32. ""Sara is Kevin's descendant"" $\rightarrow$ Kevin $\rightarrow$ Sara.
33. ""Sara is Rachel's ancestor"" $\rightarrow$ Sara $\rightarrow$ Rachel.
34. ""Olivia is Rachel's descendant"" $\rightarrow$ Rachel $\rightarrow$ Olivia.
35. ""Mary is Olivia's descendant"" $\rightarrow$ Olivia $\rightarrow$ Mary.
36. ""Mary is Richard's ancestor"" $\rightarrow$ Mary $\rightarrow$ Richard.
37. ""Richard is Anna's ancestor"" $\rightarrow$ Richard $\rightarrow$ Anna.
38. ""Christina is Anna's descendant"" $\rightarrow$ Anna $\rightarrow$ Christina.
39. ""Nicholas is Christina's descendant"" $\rightarrow$ Christina $\rightarrow$ Nicholas.
40. ""Nicholas is Michelle's ancestor"" $\rightarrow$ Nicholas $\rightarrow$ Michelle.
41. ""Gregory is Michelle's descendant"" $\rightarrow$ Michelle $\rightarrow$ Gregory.
42. ""Gregory is Linda's ancestor"" $\rightarrow$ Gregory $\rightarrow$ Linda.
43. ""Janice is Linda's descendant"" $\rightarrow$ Linda $\rightarrow$ Janice.
44. ""Gloria is Janice's descendant"" $\rightarrow$ Janice $\rightarrow$ Gloria.
45. ""Albert is Gloria's descendant"" $\rightarrow$ Gloria $\rightarrow$ Albert.
46. ""Kayla is Albert's descendant"" $\rightarrow$ Albert $\rightarrow$ Kayla.
47. ""Kayla is Joseph's ancestor"" $\rightarrow$ Kayla $\rightarrow$ Joseph.

From this, we establish that **Brandon is an ancestor of Joseph** (Brandon $\rightarrow$ ... $\rightarrow$ Joseph).

**Conclusion:**
Both Randy and Brandon are ancestors of Joseph. The paths do not intersect before Joseph (Randy's line goes through Theresa and Alexis, while Brandon's line goes through William, Walter, and Kayla). Therefore, Randy and Brandon are distinct ancestors who share a common descendant.

The correct option is:
3. Randy and Brandon share a common descendant.

<ANSWER>3</ANSWER>"
64,ANCESTOR,2,"Given the following lineage relationships:
* Christian is Isabella's ancestor.
* Natalie is Scott's ancestor.
* Nathan is Adam's descendant.
* Jason is Dorothy's descendant.
* Kenneth is Terry's descendant.
* Jesse is Kevin's ancestor.
* Susan is Helen's descendant.
* Patrick is Ethan's descendant.
* Jacqueline is Rachel's ancestor.
* Janet is Michael's descendant.
* Christine is Anthony's descendant.
* Arthur is Christine's descendant.
* Katherine is Joshua's descendant.
* Brittany is Jack's descendant.
* Anna is Nicholas's ancestor.
* Brittany is Christian's ancestor.
* Carol is Harold's descendant.
* Donald is Carolyn's descendant.
* Alexis is Frances's descendant.
* Julie is Ruth's descendant.
* Steven is Ryan's descendant.
* Karen is Bryan's ancestor.
* Jacqueline is Scott's descendant.
* Sandra is Jordan's ancestor.
* Karen is Diane's descendant.
* Carolyn is Bryan's descendant.
* Joshua is Patrick's descendant.
* Isabella is Ryan's ancestor.
* Jack is Willie's descendant.
* Kenneth is Benjamin's ancestor.
* Jennifer is Steven's descendant.
* Dorothy is Andrea's descendant.
* Gerald is Daniel's ancestor.
* Jordan is Diane's ancestor.
* Walter is Kevin's descendant.
* Betty is Melissa's descendant.
* Andrea is Alexis's descendant.
* Ashley is Sandra's ancestor.
* Rachel is Jesse's ancestor.
* Frances is Arthur's descendant.
* Marilyn is Paul's ancestor.
* Michael is Jason's descendant.
* Douglas is Julie's descendant.
* Jacob is Walter's descendant.
* Susan is Ruth's ancestor.
* Carol is Melissa's ancestor.
* Ronald is Adam's ancestor.
* Douglas is Shirley's ancestor.
* Anthony is Daniel's descendant.
* Maria is Evelyn's ancestor.
* Ethan is Benjamin's descendant.
* Donald is Ronald's ancestor.
* Bradley is Ashley's ancestor.
* Nathan is Terry's ancestor.
* Harold is Janet's descendant.
* Nicholas is Gerald's ancestor.
* Betty is Willie's ancestor.
* Natalie is Evelyn's descendant.
* Helen is Jacob's descendant.
* Bradley is Shirley's descendant.
* Maria is Paul's descendant.
* Marilyn is Jennifer's descendant.
* Anna is Judy's descendant.
Determine the lineage relationship between Judy and Katherine.
Select the correct answer:
1. Judy and Katherine share a common ancestor.
2. Judy is Katherine's ancestor.
3. Judy and Katherine share a common descendant.
4. Judy is Katherine's descendant.
5. None of the above is correct.
Enclose the selected answer number in the <ANSWER> tag, for example: <ANSWER>1</ANSWER>.",z-ai/glm-5,Z.AI,,,"To determine the relationship between Judy and Katherine, we can trace the lineage step-by-step from the provided statements. We will build a chain starting from Judy and see if it leads to Katherine.

1.  **Judy**: ""Anna is Judy's descendant."" implies **Judy -> Anna**.
2.  **Anna**: ""Anna is Nicholas's ancestor."" implies **Anna -> Nicholas**.
3.  **Nicholas**: ""Nicholas is Gerald's ancestor."" implies **Nicholas -> Gerald**.
4.  **Gerald**: ""Gerald is Daniel's ancestor."" implies **Gerald -> Daniel**.
5.  **Daniel**: ""Anthony is Daniel's descendant."" implies **Daniel -> Anthony**.
6.  **Anthony**: ""Christine is Anthony's descendant."" implies **Anthony -> Christine**.
7.  **Christine**: ""Arthur is Christine's descendant."" implies **Christine -> Arthur**.
8.  **Arthur**: ""Frances is Arthur's descendant."" implies **Arthur -> Frances**.
9.  **Frances**: ""Alexis is Frances's descendant."" implies **Frances -> Alexis**.
10. **Alexis**: ""Andrea is Alexis's descendant."" implies **Alexis -> Andrea**.
11. **Andrea**: ""Dorothy is Andrea's descendant."" implies **Andrea -> Dorothy**.
12. **Dorothy**: ""Jason is Dorothy's descendant."" implies **Dorothy -> Jason**.
13. **Jason**: ""Michael is Jason's descendant."" implies **Jason -> Michael**.
14. **Michael**: ""Janet is Michael's descendant."" implies **Michael -> Janet**.
15. **Janet**: ""Harold is Janet's descendant."" implies **Janet -> Harold**.
16. **Harold**: ""Carol is Harold's descendant."" implies **Harold -> Carol**.
17. **Carol**: ""Carol is Melissa's ancestor."" implies **Carol -> Melissa**.
18. **Melissa**: ""Betty is Melissa's descendant."" implies **Melissa -> Betty**.
19. **Betty**: ""Betty is Willie's ancestor."" implies **Betty -> Willie**.
20. **Willie**: ""Jack is Willie's descendant."" implies **Willie -> Jack**.
21. **Jack**: ""Brittany is Jack's descendant."" implies **Jack -> Brittany**.
22. **Brittany**: ""Brittany is Christian's ancestor."" implies **Brittany -> Christian**.
23. **Christian**: ""Christian is Isabella's ancestor."" implies **Christian -> Isabella**.
24. **Isabella**: ""Isabella is Ryan's ancestor."" implies **Isabella -> Ryan**.
25. **Ryan**: ""Steven is Ryan's descendant."" implies **Ryan -> Steven**.
26. **Steven**: ""Jennifer is Steven's descendant."" implies **Steven -> Jennifer**.
27. **Jennifer**: ""Marilyn is Jennifer's descendant."" implies **Jennifer -> Marilyn**.
28. **Marilyn**: ""Marilyn is Paul's ancestor."" implies **Marilyn -> Paul**.
29. **Paul**: ""Maria is Paul's descendant."" implies **Paul -> Maria**.
30. **Maria**: ""Maria is Evelyn's ancestor."" implies **Maria -> Evelyn**.
31. **Evelyn**: ""Natalie is Evelyn's descendant."" implies **Evelyn -> Natalie**.
32. **Natalie**: ""Natalie is Scott's ancestor."" implies **Natalie -> Scott**.
33. **Scott**: ""Jacqueline is Scott's descendant."" implies **Scott -> Jacqueline**.
34. **Jacqueline**: ""Jacqueline is Rachel's ancestor."" implies **Jacqueline -> Rachel**.
35. **Rachel**: ""Rachel is Jesse's ancestor."" implies **Rachel -> Jesse**.
36. **Jesse**: ""Jesse is Kevin's ancestor."" implies **Jesse -> Kevin**.
37. **Kevin**: ""Walter is Kevin's descendant."" implies **Kevin -> Walter**.
38. **Walter**: ""Jacob is Walter's descendant."" implies **Walter -> Jacob**.
39. **Jacob**: ""Helen is Jacob's descendant."" implies **Jacob -> Helen**.
40. **Helen**: ""Susan is Helen's descendant."" implies **Helen -> Susan**.
41. **Susan**: ""Susan is Ruth's ancestor."" implies **Susan -> Ruth**.
42. **Ruth**: ""Julie is Ruth's descendant."" implies **Ruth -> Julie**.
43. **Julie**: ""Douglas is Julie's descendant."" implies **Julie -> Douglas**.
44. **Douglas**: ""Douglas is Shirley's ancestor."" implies **Douglas -> Shirley**.
45. **Shirley**: ""Bradley is Shirley's descendant."" implies **Shirley -> Bradley**.
46. **Bradley**: ""Bradley is Ashley's ancestor."" implies **Bradley -> Ashley**.
47. **Ashley**: ""Ashley is Sandra's ancestor."" implies **Ashley -> Sandra**.
48. **Sandra**: ""Sandra is Jordan's ancestor."" implies **Sandra -> Jordan**.
49. **Jordan**: ""Jordan is Diane's ancestor."" implies **Jordan -> Diane**.
50. **Diane**: ""Karen is Diane's descendant."" implies **Diane -> Karen**.
51. **Karen**: ""Karen is Bryan's ancestor."" implies **Karen -> Bryan**.
52. **Bryan**: ""Carolyn is Bryan's descendant."" implies **Bryan -> Carolyn**.
53. **Carolyn**: ""Donald is Carolyn's descendant."" implies **Carolyn -> Donald**.
54. **Donald**: ""Donald is Ronald's ancestor."" implies **Donald -> Ronald**.
55. **Ronald**: ""Ronald is Adam's ancestor."" implies **Ronald -> Adam**.
56. **Adam**: ""Nathan is Adam's descendant."" implies **Adam -> Nathan**.
57. **Nathan**: ""Nathan is Terry's ancestor."" implies **Nathan -> Terry**.
58. **Terry**: ""Kenneth is Terry's descendant."" implies **Terry -> Kenneth**.
59. **Kenneth**: ""Kenneth is Benjamin's ancestor."" implies **Kenneth -> Benjamin**.
60. **Benjamin**: ""Ethan is Benjamin's descendant."" implies **Benjamin -> Ethan**.
61. **Ethan**: ""Patrick is Ethan's descendant."" implies **Ethan -> Patrick**.
62. **Patrick**: ""Joshua is Patrick's descendant."" implies **Patrick -> Joshua**.
63. **Joshua**: ""Katherine is Joshua's descendant."" implies **Joshua -> Katherine**.

By following this continuous chain of lineage, we see that Judy is a direct ancestor of Katherine.

<ANSWER>2</ANSWER>"
64,DESCENDANT,3,"Given the following lineage relationships:
* Julia is Betty's ancestor.
* Gabriel is Amanda's descendant.
* Susan is Willie's descendant.
* Elizabeth is Brandon's descendant.
* Daniel is Gabriel's descendant.
* Philip is Dennis's descendant.
* Pamela is Deborah's descendant.
* Deborah is Elijah's descendant.
* Daniel is Barbara's ancestor.
* Christine is Samantha's descendant.
* Jean is Rebecca's descendant.
* Brenda is Julia's ancestor.
* Martha is Catherine's ancestor.
* Joe is Lori's descendant.
* Laura is Olivia's descendant.
* Juan is Christine's descendant.
* James is Harold's descendant.
* Marie is Janet's ancestor.
* Kyle is Barbara's descendant.
* Ethan is Janet's descendant.
* Jean is Megan's ancestor.
* Patricia is Albert's ancestor.
* Christopher is Nicholas's descendant.
* Teresa is Michael's descendant.
* Catherine is Diane's ancestor.
* Gerald is Susan's descendant.
* Alan is Olivia's ancestor.
* Amber is Harold's ancestor.
* Kimberly is Joe's descendant.
* James is Austin's ancestor.
* Cynthia is Willie's ancestor.
* Natalie is Amy's ancestor.
* Larry is Elizabeth's descendant.
* Ronald is Betty's descendant.
* Joyce is Dennis's ancestor.
* Dorothy is Scott's descendant.
* Austin is Cynthia's ancestor.
* Kimberly is Russell's ancestor.
* Brenda is Teresa's descendant.
* Andrew is Gerald's descendant.
* Samantha is Russell's descendant.
* Andrew is Jonathan's ancestor.
* Jordan is Amber's ancestor.
* Dorothy is Martha's ancestor.
* Carol is Terry's descendant.
* Joshua is Carol's descendant.
* Diane is Jordan's ancestor.
* Natalie is Jonathan's descendant.
* Amanda is Bradley's descendant.
* Joyce is Amy's descendant.
* Brandon is Joshua's descendant.
* Ethan is Lori's ancestor.
* Alan is Ronald's descendant.
* Laura is Nicholas's ancestor.
* Megan is Bradley's ancestor.
* Margaret is Scott's ancestor.
* Elijah is Juan's descendant.
* Marie is Kyle's descendant.
* Albert is Terry's ancestor.
* Rebecca is Christopher's descendant.
* Kenneth is Patricia's ancestor.
* Margaret is Pamela's descendant.
* Larry is Michael's ancestor.
Determine the lineage relationship between Philip and Kenneth.
Select the correct answer:
1. Philip is Kenneth's ancestor.
2. Philip and Kenneth share a common ancestor.
3. Philip is Kenneth's descendant.
4. Philip and Kenneth share a common descendant.
5. None of the above is correct.
Enclose the selected answer number in the <ANSWER> tag, for example: <ANSWER>1</ANSWER>.",z-ai/glm-5,Z.AI,,,<ANSWER>3</ANSWER>
64,COMMON_ANCESTOR,4,"Given the following lineage relationships:
* Pamela is Noah's ancestor.
* Jesse is Cheryl's descendant.
* Sophia is Timothy's descendant.
* Alice is Rebecca's descendant.
* Carol is Kyle's ancestor.
* Daniel is Christopher's descendant.
* Cheryl is Elizabeth's descendant.
* George is Nathan's ancestor.
* Thomas is Hannah's ancestor.
* Thomas is Carl's descendant.
* Susan is Brandon's ancestor.
* Stephen is Ryan's ancestor.
* Daniel is Stephen's ancestor.
* Virginia is Zachary's descendant.
* Rebecca is Sophia's descendant.
* Patricia is Donald's descendant.
* Andrea is Bobby's descendant.
* Gary is Dennis's descendant.
* Samantha is Joyce's descendant.
* Hannah is Henry's ancestor.
* Mason is Charlotte's ancestor.
* Kimberly is Eugene's ancestor.
* Jonathan is Eugene's descendant.
* Sara is Kyle's descendant.
* Jonathan is Pamela's ancestor.
* Debra is Logan's descendant.
* Jean is Jesse's descendant.
* Sandra is Henry's descendant.
* Timothy is Noah's descendant.
* Christopher is Alice's descendant.
* Olivia is Madison's ancestor.
* Ronald is Dorothy's descendant.
* Frances is Dorothy's descendant.
* Amber is Gary's descendant.
* Carol is Richard's descendant.
* Logan is Virginia's descendant.
* Donna is Judith's ancestor.
* Kimberly is Ralph's descendant.
* Vincent is Donald's ancestor.
* Frances is Carl's ancestor.
* Jean is Donna's ancestor.
* Bradley is Heather's ancestor.
* George is Amber's descendant.
* Debra is Kelly's ancestor.
* Gerald is Patricia's descendant.
* Steven is Megan's ancestor.
* Samantha is Vincent's ancestor.
* Jessica is Diane's descendant.
* Charlotte is Joyce's ancestor.
* Ralph is Nicole's descendant.
* Olivia is Sandra's descendant.
* Edward is Sara's descendant.
* Megan is Zachary's ancestor.
* Nicole is Jessica's descendant.
* Dennis is Gerald's descendant.
* Richard is Kelly's descendant.
* Judith is Steven's ancestor.
* Ryan is Elizabeth's ancestor.
* Madison is Mason's ancestor.
* Bobby is Edward's descendant.
* Andrea is Bradley's ancestor.
* Brandon is Diane's ancestor.
* Susan is Ronald's descendant.
Determine the lineage relationship between Heather and Nathan.
Select the correct answer:
1. Heather and Nathan share a common descendant.
2. Heather is Nathan's descendant.
3. Heather is Nathan's ancestor.
4. Heather and Nathan share a common ancestor.
5. None of the above is correct.
Enclose the selected answer number in the <ANSWER> tag, for example: <ANSWER>1</ANSWER>.",z-ai/glm-5,Z.AI,,,"To determine the relationship between Heather and Nathan, we need to trace their lineage paths through the provided facts. We will define the relationship ""X is Y's ancestor"" as $X \rightarrow Y$ (where Y is the descendant) and ""X is Y's descendant"" as $Y \rightarrow X$.

**Tracing Nathan's Ancestry:**
1.  **George is Nathan's ancestor:** $George \rightarrow Nathan$.
2.  **George is Amber's descendant:** $Amber \rightarrow George$.
3.  **Amber is Gary's descendant:** $Gary \rightarrow Amber$.
4.  **Gary is Dennis's descendant:** $Dennis \rightarrow Gary$.
5.  **Dennis is Gerald's descendant:** $Gerald \rightarrow Dennis$.
6.  **Gerald is Patricia's descendant:** $Patricia \rightarrow Gerald$.
7.  **Patricia is Donald's descendant:** $Donald \rightarrow Patricia$.
8.  **Vincent is Donald's ancestor:** $Vincent \rightarrow Donald$.
9.  **Samantha is Vincent's ancestor:** $Samantha \rightarrow Vincent$.
10. **Samantha is Joyce's descendant:** $Joyce \rightarrow Samantha$.
11. **Charlotte is Joyce's ancestor:** $Charlotte \rightarrow Joyce$.
12. **Mason is Charlotte's ancestor:** $Mason \rightarrow Charlotte$.
13. **Madison is Mason's ancestor:** $Madison \rightarrow Mason$.
14. **Olivia is Madison's ancestor:** $Olivia \rightarrow Madison$.
15. **Olivia is Sandra's descendant:** $Sandra \rightarrow Olivia$.
16. **Sandra is Henry's descendant:** $Henry \rightarrow Sandra$.
17. **Hannah is Henry's ancestor:** $Hannah \rightarrow Henry$.
18. **Thomas is Hannah's ancestor:** $Thomas \rightarrow Hannah$.
19. **Thomas is Carl's descendant:** $Carl \rightarrow Thomas$.
20. **Frances is Carl's ancestor:** $Frances \rightarrow Carl$.
21. **Frances is Dorothy's descendant:** $Dorothy \rightarrow Frances$.

So, Nathan is a descendant of Dorothy via the path: $Dorothy \rightarrow Frances \rightarrow Carl \rightarrow Thomas \rightarrow Hannah \rightarrow Henry \rightarrow Sandra \rightarrow Olivia \rightarrow Madison \rightarrow Mason \rightarrow Charlotte \rightarrow Joyce \rightarrow Samantha \rightarrow Vincent \rightarrow Donald \rightarrow Patricia \rightarrow Gerald \rightarrow Dennis \rightarrow Gary \rightarrow Amber \rightarrow George \rightarrow Nathan$.

**Tracing Heather's Ancestry:**
1.  **Bradley is Heather's ancestor:** $Bradley \rightarrow Heather$.
2.  **Andrea is Bradley's ancestor:** $Andrea \rightarrow Bradley$.
3.  **Andrea is Bobby's descendant:** $Bobby \rightarrow Andrea$.
4.  **Bobby is Edward's descendant:** $Edward \rightarrow Bobby$.
5.  **Edward is Sara's descendant:** $Sara \rightarrow Edward$.
6.  **Sara is Kyle's descendant:** $Kyle \rightarrow Sara$.
7.  **Carol is Kyle's ancestor:** $Carol \rightarrow Kyle$.
8.  **Carol is Richard's descendant:** $Richard \rightarrow Carol$.
9.  **Richard is Kelly's descendant:** $Kelly \rightarrow Richard$.
10. **Debra is Kelly's ancestor:** $Debra \rightarrow Kelly$.
11. **Debra is Logan's descendant:** $Logan \rightarrow Debra$.
12. **Logan is Virginia's descendant:** $Virginia \rightarrow Logan$.
13. **Virginia is Zachary's descendant:** $Zachary \rightarrow Virginia$.
14. **Megan is Zachary's ancestor:** $Megan \rightarrow Zachary$.
15. **Steven is Megan's ancestor:** $Steven \rightarrow Megan$.
16. **Judith is Steven's ancestor:** $Judith \rightarrow Steven$.
17. **Donna is Judith's ancestor:** $Donna \rightarrow Judith$.
18. **Jean is Donna's ancestor:** $Jean \rightarrow Donna$.
19. **Jean is Jesse's descendant:** $Jesse \rightarrow Jean$.
20. **Jesse is Cheryl's descendant:** $Cheryl \rightarrow Jesse$.
21. **Cheryl is Elizabeth's descendant:** $Elizabeth \rightarrow Cheryl$.
22. **Ryan is Elizabeth's ancestor:** $Ryan \rightarrow Elizabeth$.
23. **Stephen is Ryan's ancestor:** $Stephen \rightarrow Ryan$.
24. **Daniel is Stephen's ancestor:** $Daniel \rightarrow Stephen$.
25. **Daniel is Christopher's descendant:** $Christopher \rightarrow Daniel$.
26. **Christopher is Alice's descendant:** $Alice \rightarrow Christopher$.
27. **Alice is Rebecca's descendant:** $Rebecca \rightarrow Alice$.
28. **Rebecca is Sophia's descendant:** $Sophia \rightarrow Rebecca$.
29. **Sophia is Timothy's descendant:** $Timothy \rightarrow Sophia$.
30. **Timothy is Noah's descendant:** $Noah \rightarrow Timothy$.
31. **Pamela is Noah's ancestor:** $Pamela \rightarrow Noah$.
32. **Jonathan is Pamela's ancestor:** $Jonathan \rightarrow Pamela$.
33. **Jonathan is Eugene's descendant:** $Eugene \rightarrow Jonathan$.
34. **Kimberly is Eugene's ancestor:** $Kimberly \rightarrow Eugene$.
35. **Kimberly is Ralph's descendant:** $Ralph \rightarrow Kimberly$.
36. **Ralph is Nicole's descendant:** $Nicole \rightarrow Ralph$.
37. **Nicole is Jessica's descendant:** $Jessica \rightarrow Nicole$.
38. **Jessica is Diane's descendant:** $Diane \rightarrow Jessica$.
39. **Brandon is Diane's ancestor:** $Brandon \rightarrow Diane$.
40. **Susan is Brandon's ancestor:** $Susan \rightarrow Brandon$.
41. **Susan is Ronald's descendant:** $Ronald \rightarrow Susan$.
42. **Ronald is Dorothy's descendant:** $Dorothy \rightarrow Ronald$.

So, Heather is a descendant of Dorothy via the path: $Dorothy \rightarrow Ronald \rightarrow Susan \rightarrow Brandon \rightarrow Diane \rightarrow \dots \rightarrow Heather$.

**Conclusion:**
Both Heather and Nathan are descendants of Dorothy. They branch off from Dorothy's children Ronald and Frances. Since neither is in the direct line of the other, they share a common ancestor.

<ANSWER>4</ANSWER>"
64,COMMON_DESCENDANT,4,"Given the following lineage relationships:
* Ralph is Judy's ancestor.
* Willie is Kimberly's descendant.
* Sean is Raymond's descendant.
* Brandon is Evelyn's descendant.
* Catherine is Stephanie's ancestor.
* Carolyn is Logan's descendant.
* Judith is Amber's ancestor.
* Sara is Hannah's ancestor.
* Abigail is Judith's ancestor.
* Anthony is Kevin's ancestor.
* Jeffrey is Harold's descendant.
* Billy is Jean's descendant.
* Jeffrey is Lisa's ancestor.
* Lauren is Sara's ancestor.
* Jennifer is Andrew's ancestor.
* Julia is Kenneth's ancestor.
* Sarah is Stephanie's descendant.
* Richard is Ruth's ancestor.
* Robert is Grace's ancestor.
* Sophia is Austin's ancestor.
* Elijah is Ryan's ancestor.
* Amber is George's ancestor.
* Anthony is Brandon's descendant.
* Martha is Ruth's descendant.
* Heather is Cheryl's descendant.
* Kimberly is Jessica's descendant.
* Kathleen is Ryan's descendant.
* Kenneth is Matthew's ancestor.
* Karen is Douglas's descendant.
* Larry is Rachel's ancestor.
* Logan is Judy's descendant.
* Catherine is Susan's descendant.
* Lauren is Christina's descendant.
* Larry is Grace's descendant.
* Emma is Henry's ancestor.
* Susan is Heather's descendant.
* Russell is Jessica's ancestor.
* Marilyn is Rachel's descendant.
* Evelyn is Matthew's descendant.
* Sophia is Martha's descendant.
* Andrew is Abigail's ancestor.
* Lisa is Elijah's ancestor.
* Sandra is Sarah's descendant.
* Helen is Hannah's descendant.
* Wayne is Robert's ancestor.
* Billy is Albert's ancestor.
* Jean is Sean's descendant.
* Richard is Helen's descendant.
* Sandra is Julia's ancestor.
* Cheryl is Kathleen's descendant.
* Austin is Joseph's ancestor.
* Douglas is Janet's descendant.
* Christina is Debra's descendant.
* Benjamin is Ralph's ancestor.
* Marilyn is Jennifer's ancestor.
* Raymond is Joseph's descendant.
* Karen is Debra's ancestor.
* Wayne is Albert's descendant.
* Carolyn is Julie's ancestor.
* Henry is Russell's ancestor.
* George is Emma's ancestor.
* Willie is Benjamin's ancestor.
* Kevin is Julie's descendant.
Determine the lineage relationship between Janet and Harold.
Select the correct answer:
1. Janet is Harold's descendant.
2. Janet is Harold's ancestor.
3. Janet and Harold share a common ancestor.
4. Janet and Harold share a common descendant.
5. None of the above is correct.
Enclose the selected answer number in the <ANSWER> tag, for example: <ANSWER>1</ANSWER>.",z-ai/glm-5,Z.AI,,,"To determine the relationship between Janet and Harold, we need to trace their lineage paths based on the provided statements. We define the relationship ""X is Y's ancestor"" as a directed edge X -> Y.

**Tracing Janet's Lineage:**
1.  **Douglas is Janet's descendant** $\rightarrow$ Janet -> Douglas.
2.  **Karen is Douglas's descendant** $\rightarrow$ Douglas -> Karen.
3.  **Karen is Debra's ancestor** $\rightarrow$ Karen -> Debra.
4.  **Christina is Debra's descendant** $\rightarrow$ Debra -> Christina.
5.  **Lauren is Christina's descendant** $\rightarrow$ Christina -> Lauren.
6.  **Lauren is Sara's ancestor** $\rightarrow$ Lauren -> Sara.
7.  **Sara is Hannah's ancestor** $\rightarrow$ Sara -> Hannah.
8.  **Helen is Hannah's descendant** $\rightarrow$ Hannah -> Helen.
9.  **Richard is Helen's descendant** $\rightarrow$ Helen -> Richard.
10. **Richard is Ruth's ancestor** $\rightarrow$ Richard -> Ruth.
11. **Martha is Ruth's descendant** $\rightarrow$ Ruth -> Martha.
12. **Sophia is Martha's descendant** $\rightarrow$ Martha -> Sophia.
13. **Sophia is Austin's ancestor** $\rightarrow$ Sophia -> Austin.
14. **Austin is Joseph's ancestor** $\rightarrow$ Austin -> Joseph.
15. **Raymond is Joseph's descendant** $\rightarrow$ Joseph -> Raymond.
16. **Sean is Raymond's descendant** $\rightarrow$ Raymond -> Sean.
17. **Jean is Sean's descendant** $\rightarrow$ Sean -> Jean.
18. **Billy is Jean's descendant** $\rightarrow$ Jean -> Billy.
19. **Billy is Albert's ancestor** $\rightarrow$ Billy -> Albert.
20. **Wayne is Albert's descendant** $\rightarrow$ Albert -> Wayne.
21. **Wayne is Robert's ancestor** $\rightarrow$ Wayne -> Robert.
22. **Robert is Grace's ancestor** $\rightarrow$ Robert -> Grace.
23. **Larry is Grace's descendant** $\rightarrow$ Grace -> Larry.
24. **Larry is Rachel's ancestor** $\rightarrow$ Larry -> Rachel.
25. **Marilyn is Rachel's descendant** $\rightarrow$ Rachel -> Marilyn.
26. **Marilyn is Jennifer's ancestor** $\rightarrow$ Marilyn -> Jennifer.
27. **Jennifer is Andrew's ancestor** $\rightarrow$ Jennifer -> Andrew.
28. **Andrew is Abigail's ancestor** $\rightarrow$ Andrew -> Abigail.
29. **Abigail is Judith's ancestor** $\rightarrow$ Abigail -> Judith.
30. **Judith is Amber's ancestor** $\rightarrow$ Judith -> Amber.
31. **Amber is George's ancestor** $\rightarrow$ Amber -> George.
32. **George is Emma's ancestor** $\rightarrow$ George -> Emma.
33. **Emma is Henry's ancestor** $\rightarrow$ Emma -> Henry.
34. **Henry is Russell's ancestor** $\rightarrow$ Henry -> Russell.
35. **Russell is Jessica's ancestor** $\rightarrow$ Russell -> Jessica.
36. **Kimberly is Jessica's descendant** $\rightarrow$ Jessica -> Kimberly.
37. **Willie is Kimberly's descendant** $\rightarrow$ Kimberly -> Willie.
38. **Willie is Benjamin's ancestor** $\rightarrow$ Willie -> Benjamin.
39. **Benjamin is Ralph's ancestor** $\rightarrow$ Benjamin -> Ralph.
40. **Ralph is Judy's ancestor** $\rightarrow$ Ralph -> Judy.
41. **Logan is Judy's descendant** $\rightarrow$ Judy -> Logan.
42. **Carolyn is Logan's descendant** $\rightarrow$ Logan -> Carolyn.
43. **Carolyn is Julie's ancestor** $\rightarrow$ Carolyn -> Julie.
44. **Kevin is Julie's descendant** $\rightarrow$ Julie -> Kevin.

From this chain, we establish that **Janet is an ancestor of Kevin**.

**Tracing Harold's Lineage:**
1.  **Jeffrey is Harold's descendant** $\rightarrow$ Harold -> Jeffrey.
2.  **Jeffrey is Lisa's ancestor** $\rightarrow$ Jeffrey -> Lisa.
3.  **Lisa is Elijah's ancestor** $\rightarrow$ Lisa -> Elijah.
4.  **Elijah is Ryan's ancestor** $\rightarrow$ Elijah -> Ryan.
5.  **Kathleen is Ryan's descendant** $\rightarrow$ Ryan -> Kathleen.
6.  **Cheryl is Kathleen's descendant** $\rightarrow$ Kathleen -> Cheryl.
7.  **Heather is Cheryl's descendant** $\rightarrow$ Cheryl -> Heather.
8.  **Susan is Heather's descendant** $\rightarrow$ Heather -> Susan.
9.  **Catherine is Susan's descendant** $\rightarrow$ Susan -> Catherine.
10. **Catherine is Stephanie's ancestor** $\rightarrow$ Catherine -> Stephanie.
11. **Sarah is Stephanie's descendant** $\rightarrow$ Stephanie -> Sarah.
12. **Sandra is Sarah's descendant** $\rightarrow$ Sarah -> Sandra.
13. **Sandra is Julia's ancestor** $\rightarrow$ Sandra -> Julia.
14. **Julia is Kenneth's ancestor** $\rightarrow$ Julia -> Kenneth.
15. **Kenneth is Matthew's ancestor** $\rightarrow$ Kenneth -> Matthew.
16. **Evelyn is Matthew's descendant** $\rightarrow$ Matthew -> Evelyn.
17. **Brandon is Evelyn's descendant** $\rightarrow$ Evelyn -> Brandon.
18. **Anthony is Brandon's descendant** $\rightarrow$ Brandon -> Anthony.
19. **Anthony is Kevin's ancestor** $\rightarrow$ Anthony -> Kevin.

From this chain, we establish that **Harold is an ancestor of Kevin**.

**Conclusion:**
Since both Janet and Harold are ancestors of Kevin, Kevin is a common descendant of both Janet and Harold. Therefore, Janet and Harold share a common descendant.

<ANSWER>4</ANSWER>"
64,ANCESTOR,1,"Given the following lineage relationships:
* Eric is Mary's descendant.
* Billy is Jacqueline's ancestor.
* Martha is Victoria's ancestor.
* Elizabeth is Eugene's descendant.
* Nathan is Raymond's descendant.
* Heather is Madison's ancestor.
* Bobby is Roy's descendant.
* Philip is Alexis's ancestor.
* Wayne is Larry's descendant.
* Brandon is Stephen's descendant.
* Teresa is Debra's ancestor.
* Kevin is Julie's descendant.
* Debra is Russell's ancestor.
* Anthony is Joyce's descendant.
* Stephanie is Jerry's ancestor.
* Bobby is Harold's ancestor.
* Nicole is Cynthia's descendant.
* Elizabeth is Albert's ancestor.
* Joyce is Janice's descendant.
* Albert is Janice's ancestor.
* Alan is Timothy's ancestor.
* Scott is Marilyn's ancestor.
* Philip is Diana's descendant.
* Julie is Eric's descendant.
* David is Ruth's ancestor.
* Brittany is Christopher's descendant.
* Ronald is Lawrence's descendant.
* Ronald is Cynthia's ancestor.
* Russell is Denise's ancestor.
* Brenda is George's ancestor.
* Scott is Victoria's descendant.
* Jerry is Douglas's ancestor.
* Steven is Alan's ancestor.
* Mary is Jacqueline's descendant.
* Christian is Martha's ancestor.
* Amy is Sarah's descendant.
* Kevin is Teresa's ancestor.
* Helen is Timothy's descendant.
* George is Sarah's ancestor.
* Alexis is Christian's ancestor.
* Willie is Stephanie's ancestor.
* Raymond is Hannah's descendant.
* Diana is Helen's descendant.
* Amy is Mason's ancestor.
* Marilyn is Kenneth's ancestor.
* Larry is Madison's descendant.
* Harold is Eugene's ancestor.
* Wayne is Billy's ancestor.
* Ruth is Hannah's ancestor.
* Joshua is Brandon's descendant.
* Christina is Nicole's descendant.
* Christina is Christopher's ancestor.
* David is Mason's descendant.
* Douglas is Stephen's ancestor.
* Steven is Juan's descendant.
* Megan is Juan's ancestor.
* Evelyn is Megan's ancestor.
* Heather is Kenneth's descendant.
* Denise is Nicholas's ancestor.
* Anthony is Evelyn's ancestor.
* Brenda is Nicholas's descendant.
* Willie is Nathan's descendant.
* Joshua is Lawrence's ancestor.
Determine the lineage relationship between Roy and Brittany.
Select the correct answer:
1. Roy is Brittany's ancestor.
2. Roy and Brittany share a common ancestor.
3. Roy is Brittany's descendant.
4. Roy and Brittany share a common descendant.
5. None of the above is correct.
Enclose the selected answer number in the <ANSWER> tag, for example: <ANSWER>1</ANSWER>.",z-ai/glm-5,Z.AI,,,"To determine the relationship between Roy and Brittany, we can trace the lineage step-by-step from the provided statements.

1.  **Start with Roy:**
    *   ""Bobby is Roy's descendant"" implies **Roy -> Bobby**.

2.  **Trace from Bobby:**
    *   ""Bobby is Harold's ancestor"" implies **Roy -> Bobby -> Harold**.
    *   ""Harold is Eugene's ancestor"" implies **Roy -> ... -> Harold -> Eugene**.
    *   ""Elizabeth is Eugene's descendant"" implies **Roy -> ... -> Eugene -> Elizabeth**.
    *   ""Elizabeth is Albert's ancestor"" implies **Roy -> ... -> Elizabeth -> Albert**.
    *   ""Albert is Janice's ancestor"" implies **Roy -> ... -> Albert -> Janice**.
    *   ""Joyce is Janice's descendant"" implies **Roy -> ... -> Janice -> Joyce**.
    *   ""Anthony is Joyce's descendant"" implies **Roy -> ... -> Joyce -> Anthony**.
    *   ""Anthony is Evelyn's ancestor"" implies **Roy -> ... -> Anthony -> Evelyn**.
    *   ""Evelyn is Megan's ancestor"" implies **Roy -> ... -> Evelyn -> Megan**.
    *   ""Megan is Juan's ancestor"" implies **Roy -> ... -> Megan -> Juan**.
    *   ""Steven is Juan's descendant"" implies **Roy -> ... -> Juan -> Steven**.
    *   ""Steven is Alan's ancestor"" implies **Roy -> ... -> Steven -> Alan**.
    *   ""Alan is Timothy's ancestor"" implies **Roy -> ... -> Alan -> Timothy**.
    *   ""Helen is Timothy's descendant"" implies **Roy -> ... -> Timothy -> Helen**.
    *   ""Diana is Helen's descendant"" implies **Roy -> ... -> Helen -> Diana**.
    *   ""Philip is Diana's descendant"" implies **Roy -> ... -> Diana -> Philip**.
    *   ""Philip is Alexis's ancestor"" implies **Roy -> ... -> Philip -> Alexis**.
    *   ""Alexis is Christian's ancestor"" implies **Roy -> ... -> Alexis -> Christian**.
    *   ""Christian is Martha's ancestor"" implies **Roy -> ... -> Christian -> Martha**.
    *   ""Martha is Victoria's ancestor"" implies **Roy -> ... -> Martha -> Victoria**.
    *   ""Scott is Victoria's descendant"" implies **Roy -> ... -> Victoria -> Scott**.
    *   ""Scott is Marilyn's ancestor"" implies **Roy -> ... -> Scott -> Marilyn**.
    *   ""Marilyn is Kenneth's ancestor"" implies **Roy -> ... -> Marilyn -> Kenneth**.
    *   ""Heather is Kenneth's descendant"" implies **Roy -> ... -> Kenneth -> Heather**.
    *   ""Heather is Madison's ancestor"" implies **Roy -> ... -> Heather -> Madison**.
    *   ""Larry is Madison's descendant"" implies **Roy -> ... -> Madison -> Larry**.
    *   ""Wayne is Larry's descendant"" implies **Roy -> ... -> Larry -> Wayne**.
    *   ""Wayne is Billy's ancestor"" implies **Roy -> ... -> Wayne -> Billy**.
    *   ""Billy is Jacqueline's ancestor"" implies **Roy -> ... -> Billy -> Jacqueline**.
    *   ""Mary is Jacqueline's descendant"" implies **Roy -> ... -> Jacqueline -> Mary**.
    *   ""Eric is Mary's descendant"" implies **Roy -> ... -> Mary -> Eric**.
    *   ""Julie is Eric's descendant"" implies **Roy -> ... -> Eric -> Julie**.
    *   ""Kevin is Julie's descendant"" implies **Roy -> ... -> Julie -> Kevin**.
    *   ""Kevin is Teresa's ancestor"" implies **Roy -> ... -> Kevin -> Teresa**.
    *   ""Teresa is Debra's ancestor"" implies **Roy -> ... -> Teresa -> Debra**.
    *   ""Debra is Russell's ancestor"" implies **Roy -> ... -> Debra -> Russell**.
    *   ""Russell is Denise's ancestor"" implies **Roy -> ... -> Russell -> Denise**.
    *   ""Denise is Nicholas's ancestor"" implies **Roy -> ... -> Denise -> Nicholas**.
    *   ""Brenda is Nicholas's descendant"" implies **Roy -> ... -> Nicholas -> Brenda**.
    *   ""Brenda is George's ancestor"" implies **Roy -> ... -> Brenda -> George**.
    *   ""George is Sarah's ancestor"" implies **Roy -> ... -> George -> Sarah**.
    *   ""Amy is Sarah's descendant"" implies **Roy -> ... -> Sarah -> Amy**.
    *   ""Amy is Mason's ancestor"" implies **Roy -> ... -> Amy -> Mason**.
    *   ""David is Mason's descendant"" implies **Roy -> ... -> Mason -> David**.
    *   ""David is Ruth's ancestor"" implies **Roy -> ... -> David -> Ruth**.
    *   ""Ruth is Hannah's ancestor"" implies **Roy -> ... -> Ruth -> Hannah**.
    *   ""Raymond is Hannah's descendant"" implies **Roy -> ... -> Hannah -> Raymond**.
    *   ""Nathan is Raymond's descendant"" implies **Roy -> ... -> Raymond -> Nathan**.
    *   ""Willie is Nathan's descendant"" implies **Roy -> ... -> Nathan -> Willie**.
    *   ""Willie is Stephanie's ancestor"" implies **Roy -> ... -> Willie -> Stephanie**.
    *   ""Stephanie is Jerry's ancestor"" implies **Roy -> ... -> Stephanie -> Jerry**.
    *   ""Jerry is Douglas's ancestor"" implies **Roy -> ... -> Jerry -> Douglas**.
    *   ""Douglas is Stephen's ancestor"" implies **Roy -> ... -> Douglas -> Stephen**.
    *   ""Brandon is Stephen's descendant"" implies **Roy -> ... -> Stephen -> Brandon**.
    *   ""Joshua is Brandon's descendant"" implies **Roy -> ... -> Brandon -> Joshua**.
    *   ""Joshua is Lawrence's ancestor"" implies **Roy -> ... -> Joshua -> Lawrence**.
    *   ""Ronald is Lawrence's descendant"" implies **Roy -> ... -> Lawrence -> Ronald**.
    *   ""Ronald is Cynthia's ancestor"" implies **Roy -> ... -> Ronald -> Cynthia**.
    *   ""Nicole is Cynthia's descendant"" implies **Roy -> ... -> Cynthia -> Nicole**.
    *   ""Christina is Nicole's descendant"" implies **Roy -> ... -> Nicole -> Christina**.
    *   ""Christina is Christopher's ancestor"" implies **Roy -> ... -> Christina -> Christopher**.
    *   ""Brittany is Christopher's descendant"" implies **Roy -> ... -> Christopher -> Brittany**.

By following this continuous chain, we establish that Roy is an ancestor of Brittany.

<ANSWER>1</ANSWER>"
64,DESCENDANT,2,"Given the following lineage relationships:
* Sharon is Jack's ancestor.
* Randy is Samantha's descendant.
* Lawrence is Aaron's descendant.
* Catherine is Jason's ancestor.
* Raymond is Denise's descendant.
* Joan is Jason's descendant.
* Kathleen is Patricia's descendant.
* Betty is Jennifer's ancestor.
* Diane is Angela's descendant.
* Samantha is Albert's descendant.
* Daniel is Jonathan's ancestor.
* Julia is Patricia's ancestor.
* Jack is Isabella's ancestor.
* Isabella is Philip's ancestor.
* Amber is Madison's descendant.
* Christian is Amanda's ancestor.
* Charles is Bruce's descendant.
* Jonathan is Juan's ancestor.
* Steven is Emily's descendant.
* Angela is Austin's descendant.
* Joan is Martha's ancestor.
* Christian is Gloria's descendant.
* Gloria is Dennis's descendant.
* Vincent is David's ancestor.
* Randy is Daniel's ancestor.
* Donna is Melissa's descendant.
* Jennifer is Nancy's ancestor.
* Ralph is Gary's ancestor.
* Kathleen is Billy's ancestor.
* David is Natalie's ancestor.
* Amber is Aaron's ancestor.
* Sean is Gary's descendant.
* Charles is Madison's ancestor.
* Evelyn is Raymond's descendant.
* Denise is Steven's descendant.
* Elijah is Ethan's descendant.
* Elijah is Andrew's ancestor.
* Hannah is Albert's ancestor.
* Sean is Alan's ancestor.
* Austin is Kevin's descendant.
* Vincent is Andrew's descendant.
* Dylan is Alexis's descendant.
* Melissa is Evelyn's descendant.
* Ralph is Nancy's descendant.
* Matthew is Alexis's ancestor.
* Marilyn is Catherine's ancestor.
* Sarah is Kenneth's descendant.
* Alan is Matthew's ancestor.
* Kevin is Sarah's descendant.
* Christopher is Lawrence's descendant.
* Patrick is Kathryn's descendant.
* Diane is Debra's ancestor.
* Dylan is Dennis's ancestor.
* Debra is Sharon's ancestor.
* Ethan is Danielle's descendant.
* Martha is Danielle's ancestor.
* Donna is Kathryn's ancestor.
* Patrick is Hannah's ancestor.
* Bruce is Billy's descendant.
* Juan is Marilyn's ancestor.
* Philip is Betty's ancestor.
* Julia is Amanda's descendant.
* Christopher is Emily's ancestor.
Determine the lineage relationship between Natalie and Kenneth.
Select the correct answer:
1. Natalie is Kenneth's ancestor.
2. Natalie is Kenneth's descendant.
3. Natalie and Kenneth share a common descendant.
4. Natalie and Kenneth share a common ancestor.
5. None of the above is correct.
Enclose the selected answer number in the <ANSWER> tag, for example: <ANSWER>1</ANSWER>.",z-ai/glm-5,Z.AI,,,<ANSWER>2</ANSWER>
64,COMMON_ANCESTOR,4,"Given the following lineage relationships:
* Lauren is Jesse's ancestor.
* Hannah is Alexander's descendant.
* Paul is Kimberly's descendant.
* Rachel is Charles's descendant.
* Arthur is Natalie's ancestor.
* Jose is Willie's ancestor.
* Natalie is Deborah's ancestor.
* Terry is Cheryl's descendant.
* Arthur is Samantha's descendant.
* Sharon is Ann's descendant.
* Theresa is Sharon's descendant.
* Susan is Kelly's ancestor.
* Gerald is Christine's ancestor.
* Tyler is Judith's descendant.
* Denise is Daniel's ancestor.
* Betty is Megan's ancestor.
* Christian is Kenneth's ancestor.
* Willie is Larry's ancestor.
* Albert is Rachel's descendant.
* Victoria is Albert's descendant.
* Ralph is Eric's descendant.
* Jordan is Kimberly's ancestor.
* Virginia is Donna's ancestor.
* Benjamin is Donald's descendant.
* Susan is Janet's descendant.
* Laura is George's ancestor.
* Betty is Benjamin's descendant.
* Virginia is Megan's descendant.
* Bruce is Larry's descendant.
* Alexander is Olivia's descendant.
* Catherine is Brandon's descendant.
* Joseph is Marie's descendant.
* Nicholas is Gerald's ancestor.
* Christian is Tyler's descendant.
* Jeremy is Deborah's descendant.
* Christina is Martha's ancestor.
* Donald is Paul's descendant.
* Gabriel is Bruce's descendant.
* Janet is Adam's ancestor.
* Cheryl is Adam's descendant.
* Jordan is Linda's descendant.
* Hannah is Laura's ancestor.
* Jeremy is Linda's ancestor.
* Ann is Andrea's descendant.
* Elijah is Jennifer's ancestor.
* Anna is George's descendant.
* Donna is Jose's ancestor.
* Daniel is Marie's ancestor.
* Theresa is Samantha's ancestor.
* Joseph is Charles's ancestor.
* Martha is Amber's ancestor.
* Christine is Judith's ancestor.
* Eric is Jennifer's descendant.
* Lauren is Anna's descendant.
* Elijah is Gabriel's descendant.
* Maria is Denise's ancestor.
* Brandon is Amber's descendant.
* Jesse is Joan's ancestor.
* Maria is Terry's descendant.
* Olivia is Catherine's descendant.
* Victoria is Christina's ancestor.
* Joan is Nicholas's ancestor.
* Kelly is Andrea's ancestor.
Determine the lineage relationship between Kenneth and Ralph.
Select the correct answer:
1. Kenneth is Ralph's ancestor.
2. Kenneth is Ralph's descendant.
3. Kenneth and Ralph share a common descendant.
4. Kenneth and Ralph share a common ancestor.
5. None of the above is correct.
Enclose the selected answer number in the <ANSWER> tag, for example: <ANSWER>1</ANSWER>.",z-ai/glm-5,Z.AI,,,"To determine the relationship between Kenneth and Ralph, we must trace their lineage through the provided statements. We will determine the ancestors of both individuals to see if they intersect.

**Tracing Kenneth's Lineage (Ancestors):**
1.  **Christian is Kenneth's ancestor.** (Christian $\rightarrow$ Kenneth)
2.  **Christian is Tyler's descendant.** (Tyler $\rightarrow$ Christian)
3.  **Tyler is Judith's descendant.** (Judith $\rightarrow$ Tyler)
4.  **Christine is Judith's ancestor.** (Christine $\rightarrow$ Judith)
5.  **Gerald is Christine's ancestor.** (Gerald $\rightarrow$ Christine)
6.  **Nicholas is Gerald's ancestor.** (Nicholas $\rightarrow$ Gerald)
7.  **Joan is Nicholas's ancestor.** (Joan $\rightarrow$ Nicholas)
8.  **Jesse is Joan's ancestor.** (Jesse $\rightarrow$ Joan)
9.  **Lauren is Jesse's ancestor.** (Lauren $\rightarrow$ Jesse)
10. **Lauren is Anna's descendant.** (Anna $\rightarrow$ Lauren)
11. **Anna is George's descendant.** (George $\rightarrow$ Anna)
12. **Laura is George's ancestor.** (Laura $\rightarrow$ George)
13. **Hannah is Laura's ancestor.** (Hannah $\rightarrow$ Laura)
14. **Hannah is Alexander's descendant.** (Alexander $\rightarrow$ Hannah)
15. **Alexander is Olivia's descendant.** (Olivia $\rightarrow$ Alexander)
16. **Olivia is Catherine's descendant.** (Catherine $\rightarrow$ Olivia)
17. **Catherine is Brandon's descendant.** (Brandon $\rightarrow$ Catherine)
18. **Brandon is Amber's descendant.** (Amber $\rightarrow$ Brandon)
19. **Martha is Amber's ancestor.** (Martha $\rightarrow$ Amber)
20. **Christina is Martha's ancestor.** (Christina $\rightarrow$ Martha)
21. **Victoria is Christina's ancestor.** (Victoria $\rightarrow$ Christina)
22. **Victoria is Albert's descendant.** (Albert $\rightarrow$ Victoria)
23. **Albert is Rachel's descendant.** (Rachel $\rightarrow$ Albert)
24. **Rachel is Charles's descendant.** (Charles $\rightarrow$ Rachel)
25. **Joseph is Charles's ancestor.** (Joseph $\rightarrow$ Charles)
26. **Joseph is Marie's descendant.** (Marie $\rightarrow$ Joseph)
27. **Daniel is Marie's ancestor.** (Daniel $\rightarrow$ Marie)
28. **Denise is Daniel's ancestor.** (Denise $\rightarrow$ Daniel)
29. **Maria is Denise's ancestor.** (Maria $\rightarrow$ Denise)
30. **Maria is Terry's descendant.** (Terry $\rightarrow$ Maria)
31. **Terry is Cheryl's descendant.** (Cheryl $\rightarrow$ Terry)
32. **Cheryl is Adam's descendant.** (Adam $\rightarrow$ Cheryl)
33. **Janet is Adam's ancestor.** (Janet $\rightarrow$ Adam)

So, **Janet** is an ancestor of Kenneth.

**Tracing Ralph's Lineage (Ancestors):**
1.  **Ralph is Eric's descendant.** (Eric $\rightarrow$ Ralph)
2.  **Eric is Jennifer's descendant.** (Jennifer $\rightarrow$ Eric)
3.  **Elijah is Jennifer's ancestor.** (Elijah $\rightarrow$ Jennifer)
4.  **Elijah is Gabriel's descendant.** (Gabriel $\rightarrow$ Elijah)
5.  **Gabriel is Bruce's descendant.** (Bruce $\rightarrow$ Gabriel)
6.  **Bruce is Larry's descendant.** (Larry $\rightarrow$ Bruce)
7.  **Willie is Larry's ancestor.** (Willie $\rightarrow$ Larry)
8.  **Jose is Willie's ancestor.** (Jose $\rightarrow$ Willie)
9.  **Donna is Jose's ancestor.** (Donna $\rightarrow$ Jose)
10. **Virginia is Donna's ancestor.** (Virginia $\rightarrow$ Donna)
11. **Virginia is Megan's descendant.** (Megan $\rightarrow$ Virginia)
12. **Betty is Megan's ancestor.** (Betty $\rightarrow$ Megan)
13. **Betty is Benjamin's descendant.** (Benjamin $\rightarrow$ Betty)
14. **Benjamin is Donald's descendant.** (Donald $\rightarrow$ Benjamin)
15. **Donald is Paul's descendant.** (Paul $\rightarrow$ Donald)
16. **Paul is Kimberly's descendant.** (Kimberly $\rightarrow$ Paul)
17. **Jordan is Kimberly's ancestor.** (Jordan $\rightarrow$ Kimberly)
18. **Jordan is Linda's descendant.** (Linda $\rightarrow$ Jordan)
19. **Jeremy is Linda's ancestor.** (Jeremy $\rightarrow$ Linda)
20. **Jeremy is Deborah's descendant.** (Deborah $\rightarrow$ Jeremy)
21. **Natalie is Deborah's ancestor.** (Natalie $\rightarrow$ Deborah)
22. **Arthur is Natalie's ancestor.** (Arthur $\rightarrow$ Natalie)
23. **Arthur is Samantha's descendant.** (Samantha $\rightarrow$ Arthur)
24. **Theresa is Samantha's ancestor.** (Theresa $\rightarrow$ Samantha)
25. **Theresa is Sharon's descendant.** (Sharon $\rightarrow$ Theresa)
26. **Sharon is Ann's descendant.** (Ann $\rightarrow$ Sharon)
27. **Ann is Andrea's descendant.** (Andrea $\rightarrow$ Ann)
28. **Kelly is Andrea's ancestor.** (Kelly $\rightarrow$ Andrea)
29. **Susan is Kelly's ancestor.** (Susan $\rightarrow$ Kelly)
30. **Susan is Janet's descendant.** (Janet $\rightarrow$ Susan)

So, **Janet** is an ancestor of Ralph.

**Conclusion:**
Since Janet is an ancestor of Kenneth and Janet is also an ancestor of Ralph, Kenneth and Ralph share a common ancestor (Janet).

<ANSWER>4</ANSWER>"
64,COMMON_DESCENDANT,1,"Given the following lineage relationships:
* Denise is Emma's ancestor.
* Adam is Dylan's descendant.
* Anthony is Ronald's descendant.
* Sophia is Terry's ancestor.
* Douglas is Frances's ancestor.
* Elijah is Justin's descendant.
* Gloria is Nathan's descendant.
* Jeremy is Matthew's descendant.
* Gary is Kathryn's ancestor.
* Kyle is Anthony's descendant.
* Emily is Anna's ancestor.
* Samantha is Randy's ancestor.
* Jeremy is Ethan's ancestor.
* Gary is Janet's descendant.
* Walter is Jerry's descendant.
* Virginia is Deborah's ancestor.
* Deborah is Jerry's ancestor.
* Justin is Arthur's descendant.
* Melissa is Wayne's descendant.
* Stephen is Catherine's ancestor.
* Jacqueline is Kenneth's descendant.
* Helen is Carl's descendant.
* Evelyn is Sandra's descendant.
* Stephen is Edward's descendant.
* Ethan is Edward's ancestor.
* Bruce is Russell's descendant.
* Grace is Janice's descendant.
* Melissa is Gabriel's ancestor.
* Frances is Dylan's ancestor.
* Debra is Wayne's ancestor.
* Matthew is Emma's descendant.
* Gerald is Kathryn's descendant.
* Adam is Dorothy's ancestor.
* Patricia is Elijah's descendant.
* Arthur is Charles's descendant.
* Catherine is Madison's ancestor.
* Hannah is Ann's descendant.
* Patrick is Bruce's descendant.
* Theresa is Janet's ancestor.
* Terry is Virginia's ancestor.
* Patricia is Bradley's ancestor.
* Willie is Anna's descendant.
* Patrick is Emily's ancestor.
* Nathan is Aaron's descendant.
* Keith is Gloria's descendant.
* Jordan is Helen's descendant.
* Carl is Walter's descendant.
* Hannah is Sophia's ancestor.
* Madison is Sean's ancestor.
* Sean is Pamela's ancestor.
* Denise is Kyle's descendant.
* Charles is Jacqueline's descendant.
* Dorothy is Gabriel's ancestor.
* Grace is Ann's ancestor.
* Bradley is Theresa's ancestor.
* Brenda is Russell's ancestor.
* Randy is Janice's ancestor.
* Pamela is Aaron's ancestor.
* Kenneth is Evelyn's descendant.
* Samantha is Willie's descendant.
* Gerald is Debra's ancestor.
* Keith is Sandra's ancestor.
* Douglas is Jordan's descendant.
Determine the lineage relationship between Brenda and Ronald.
Select the correct answer:
1. Brenda and Ronald share a common descendant.
2. Brenda is Ronald's descendant.
3. Brenda and Ronald share a common ancestor.
4. Brenda is Ronald's ancestor.
5. None of the above is correct.
Enclose the selected answer number in the <ANSWER> tag, for example: <ANSWER>1</ANSWER>.",z-ai/glm-5,Z.AI,,,<ANSWER>1</ANSWER>
64,ANCESTOR,3,"Given the following lineage relationships:
* Kenneth is Joan's descendant.
* Judith is Anna's descendant.
* Rachel is Lori's descendant.
* Daniel is Sarah's ancestor.
* Amber is Bryan's descendant.
* Hannah is Jonathan's descendant.
* Peter is Walter's ancestor.
* Jessica is Megan's descendant.
* Bradley is Margaret's ancestor.
* Carol is Thomas's ancestor.
* Jonathan is Raymond's descendant.
* Mark is Kimberly's ancestor.
* Megan is Hannah's descendant.
* Walter is Emily's ancestor.
* Jacob is Wayne's descendant.
* Steven is Elijah's descendant.
* Elizabeth is Raymond's ancestor.
* Frank is Jacob's descendant.
* Dylan is Elizabeth's ancestor.
* Bobby is Jessica's descendant.
* Nicole is Donald's ancestor.
* Elijah is Sarah's descendant.
* Paul is Daniel's ancestor.
* Bradley is Bobby's descendant.
* Bryan is Sara's descendant.
* Catherine is Paul's ancestor.
* Steven is Nicole's ancestor.
* Denise is Jordan's ancestor.
* Samantha is Charlotte's descendant.
* Sophia is Emily's descendant.
* James is Henry's ancestor.
* Debra is Donna's ancestor.
* Nicholas is Douglas's ancestor.
* Frances is Anna's ancestor.
* Keith is Patricia's descendant.
* Kenneth is Kathryn's ancestor.
* Andrew is Donald's descendant.
* Denise is Julia's descendant.
* Pamela is Mary's ancestor.
* Kathleen is Susan's ancestor.
* Jacqueline is Wayne's ancestor.
* Thomas is Dylan's ancestor.
* Charlotte is Jordan's descendant.
* Margaret is Russell's ancestor.
* Rachel is Marie's ancestor.
* Lori is Susan's descendant.
* William is Patricia's ancestor.
* James is Keith's descendant.
* Eric is Kimberly's descendant.
* Nicholas is Emma's descendant.
* Joan is Russell's descendant.
* Carol is Andrew's descendant.
* Jacqueline is Kathryn's descendant.
* Julia is Douglas's descendant.
* Kathleen is Eric's descendant.
* Debra is Marie's descendant.
* Emma is Mary's descendant.
* Frank is Pamela's ancestor.
* Frances is Samantha's descendant.
* Peter is Judith's descendant.
* Amber is William's ancestor.
* Catherine is Henry's descendant.
* Sara is Donna's descendant.
Determine the lineage relationship between Mark and Sophia.
Select the correct answer:
1. Mark is Sophia's descendant.
2. Mark and Sophia share a common ancestor.
3. Mark is Sophia's ancestor.
4. Mark and Sophia share a common descendant.
5. None of the above is correct.
Enclose the selected answer number in the <ANSWER> tag, for example: <ANSWER>1</ANSWER>.",z-ai/glm-5,Z.AI,,,"To determine the relationship between Mark and Sophia, we can trace the lineage step-by-step using the provided statements. We define the relationship ""A is B's ancestor"" as $A \rightarrow B$ and ""A is B's descendant"" as $B \rightarrow A$.

**Tracing the lineage from Mark:**
1.  **Mark** is Kimberly's ancestor: $Mark \rightarrow Kimberly$.
2.  Eric is **Kimberly**'s descendant: $Kimberly \rightarrow Eric$.
3.  Kathleen is **Eric**'s descendant: $Eric \rightarrow Kathleen$.
4.  **Kathleen** is Susan's ancestor: $Kathleen \rightarrow Susan$.
5.  Lori is **Susan**'s descendant: $Susan \rightarrow Lori$.
6.  Rachel is **Lori**'s descendant: $Lori \rightarrow Rachel$.
7.  **Rachel** is Marie's ancestor: $Rachel \rightarrow Marie$.
8.  Debra is **Marie**'s descendant: $Marie \rightarrow Debra$.
9.  **Debra** is Donna's ancestor: $Debra \rightarrow Donna$.
10. Sara is **Donna**'s descendant: $Donna \rightarrow Sara$.
11. Bryan is **Sara**'s descendant: $Sara \rightarrow Bryan$.
12. Amber is **Bryan**'s descendant: $Bryan \rightarrow Amber$.
13. **Amber** is William's ancestor: $Amber \rightarrow William$.
14. **William** is Patricia's ancestor: $William \rightarrow Patricia$.
15. Keith is **Patricia**'s descendant: $Patricia \rightarrow Keith$.
16. James is **Keith**'s descendant: $Keith \rightarrow James$.
17. **James** is Henry's ancestor: $James \rightarrow Henry$.
18. Catherine is **Henry**'s descendant: $Henry \rightarrow Catherine$.
19. **Catherine** is Paul's ancestor: $Catherine \rightarrow Paul$.
20. **Paul** is Daniel's ancestor: $Paul \rightarrow Daniel$.
21. **Daniel** is Sarah's ancestor: $Daniel \rightarrow Sarah$.
22. Elijah is **Sarah**'s descendant: $Sarah \rightarrow Elijah$.
23. Steven is **Elijah**'s descendant: $Elijah \rightarrow Steven$.
24. **Steven** is Nicole's ancestor: $Steven \rightarrow Nicole$.
25. **Nicole** is Donald's ancestor: $Nicole \rightarrow Donald$.
26. Andrew is **Donald**'s descendant: $Donald \rightarrow Andrew$.
27. Carol is **Andrew**'s descendant: $Andrew \rightarrow Carol$.
28. **Carol** is Thomas's ancestor: $Carol \rightarrow Thomas$.
29. **Thomas** is Dylan's ancestor: $Thomas \rightarrow Dylan$.
30. **Dylan** is Elizabeth's ancestor: $Dylan \rightarrow Elizabeth$.
31. **Elizabeth** is Raymond's ancestor: $Elizabeth \rightarrow Raymond$.
32. Jonathan is **Raymond**'s descendant: $Raymond \rightarrow Jonathan$.
33. Hannah is **Jonathan**'s descendant: $Jonathan \rightarrow Hannah$.
34. Megan is **Hannah**'s descendant: $Hannah \rightarrow Megan$.
35. Jessica is **Megan**'s descendant: $Megan \rightarrow Jessica$.
36. Bobby is **Jessica**'s descendant: $Jessica \rightarrow Bobby$.
37. Bradley is **Bobby**'s descendant: $Bobby \rightarrow Bradley$.
38. **Bradley** is Margaret's ancestor: $Bradley \rightarrow Margaret$.
39. **Margaret** is Russell's ancestor: $Margaret \rightarrow Russell$.
40. Joan is **Russell**'s descendant: $Russell \rightarrow Joan$.
41. Kenneth is **Joan**'s descendant: $Joan \rightarrow Kenneth$.
42. **Kenneth** is Kathryn's ancestor: $Kenneth \rightarrow Kathryn$.
43. Jacqueline is **Kathryn**'s descendant: $Kathryn \rightarrow Jacqueline$.
44. **Jacqueline** is Wayne's ancestor: $Jacqueline \rightarrow Wayne$.
45. Jacob is **Wayne**'s descendant: $Wayne \rightarrow Jacob$.
46. Frank is **Jacob**'s descendant: $Jacob \rightarrow Frank$.
47. **Frank** is Pamela's ancestor: $Frank \rightarrow Pamela$.
48. **Pamela** is Mary's ancestor: $Pamela \rightarrow Mary$.
49. Emma is **Mary**'s descendant: $Mary \rightarrow Emma$.
50. Nicholas is **Emma**'s descendant: $Emma \rightarrow Nicholas$.
51. **Nicholas** is Douglas's ancestor: $Nicholas \rightarrow Douglas$.
52. Julia is **Douglas**'s descendant: $Douglas \rightarrow Julia$.
53. Denise is **Julia**'s descendant: $Julia \rightarrow Denise$.
54. **Denise** is Jordan's ancestor: $Denise \rightarrow Jordan$.
55. Charlotte is **Jordan**'s descendant: $Jordan \rightarrow Charlotte$.
56. Samantha is **Charlotte**'s descendant: $Charlotte \rightarrow Samantha$.
57. Frances is **Samantha**'s descendant: $Samantha \rightarrow Frances$.
58. **Frances** is Anna's ancestor: $Frances \rightarrow Anna$.
59. Judith is **Anna**'s descendant: $Anna \rightarrow Judith$.
60. Peter is **Judith**'s descendant: $Judith \rightarrow Peter$.
61. **Peter** is Walter's ancestor: $Peter \rightarrow Walter$.
62. **Walter** is Emily's ancestor: $Walter \rightarrow Emily$.
63. Sophia is **Emily**'s descendant: $Emily \rightarrow Sophia$.

**Conclusion:**
By following the chain, we establish that Mark is an ancestor of Sophia.
Mark $\rightarrow$ ... $\rightarrow$ Sophia.

Therefore, the correct relationship is that Mark is Sophia's ancestor.

<ANSWER>3</ANSWER>"
64,DESCENDANT,3,"Given the following lineage relationships:
* Alexis is Stephanie's ancestor.
* Alexander is Emily's ancestor.
* Emma is Rachel's ancestor.
* Susan is Lawrence's descendant.
* Kelly is Alexis's ancestor.
* Scott is John's descendant.
* Keith is Albert's ancestor.
* Scott is Andrew's ancestor.
* Kelly is Anna's descendant.
* Christine is Heather's descendant.
* Grace is Susan's descendant.
* Kimberly is Cynthia's ancestor.
* Stephanie is Deborah's ancestor.
* Emma is Gerald's descendant.
* Doris is Anna's ancestor.
* Abigail is Hannah's ancestor.
* Roger is Christine's descendant.
* Tyler is Brandon's ancestor.
* Bradley is Peter's ancestor.
* Thomas is Joshua's descendant.
* Stephen is Samantha's descendant.
* Lauren is Michael's descendant.
* Justin is Beverly's ancestor.
* Kathryn is Albert's descendant.
* Michael is Rachel's descendant.
* Jean is Donald's descendant.
* Madison is Barbara's ancestor.
* Randy is Sara's descendant.
* Brenda is Thomas's descendant.
* John is Henry's descendant.
* Ann is Samantha's ancestor.
* David is Roger's descendant.
* Robert is Matthew's ancestor.
* Jacqueline is Kathryn's descendant.
* Carolyn is Bradley's ancestor.
* Cynthia is Henry's ancestor.
* Brenda is Donald's ancestor.
* Sara is Stephen's descendant.
* Barbara is Robert's ancestor.
* Dorothy is Hannah's descendant.
* Catherine is Heather's ancestor.
* Abigail is Emily's descendant.
* Sharon is Katherine's descendant.
* Keith is Dorothy's descendant.
* Sharon is Jeremy's ancestor.
* Bobby is Kimberly's ancestor.
* Matthew is Joshua's ancestor.
* Alan is Peter's descendant.
* Carolyn is Jeremy's descendant.
* Lawrence is Brandon's descendant.
* Jack is Nicole's descendant.
* Lauren is Doris's ancestor.
* Grace is Catherine's ancestor.
* Alan is Tyler's ancestor.
* Andrea is Bobby's ancestor.
* Alexander is Randy's descendant.
* Madison is Kyle's descendant.
* Kyle is Andrew's descendant.
* Deborah is Andrea's ancestor.
* Jack is Ann's ancestor.
* David is Justin's ancestor.
* Katherine is Jacqueline's descendant.
* Jean is Nicole's ancestor.
Determine the lineage relationship between Beverly and Gerald.
Select the correct answer:
1. Beverly and Gerald share a common descendant.
2. Beverly is Gerald's ancestor.
3. Beverly is Gerald's descendant.
4. Beverly and Gerald share a common ancestor.
5. None of the above is correct.
Enclose the selected answer number in the <ANSWER> tag, for example: <ANSWER>1</ANSWER>.",z-ai/glm-5,Z.AI,,,"To determine the relationship between Beverly and Gerald, we must trace the lineage connections step-by-step from one to the other using the provided statements.

We can start with **Beverly** and trace backwards, or start with **Gerald** and trace forwards. Let's start with **Gerald** and follow the descendants to see if we reach Beverly.

1.  **Emma is Gerald's descendant.** (Gerald -> Emma)
2.  **Emma is Rachel's ancestor.** (Emma -> Rachel)
3.  **Michael is Rachel's descendant.** (Rachel -> Michael)
4.  **Lauren is Michael's descendant.** (Michael -> Lauren)
5.  **Lauren is Doris's ancestor.** (Lauren -> Doris)
6.  **Doris is Anna's ancestor.** (Doris -> Anna)
7.  **Kelly is Anna's descendant.** (Anna -> Kelly)
8.  **Kelly is Alexis's ancestor.** (Kelly -> Alexis)
9.  **Alexis is Stephanie's ancestor.** (Alexis -> Stephanie)
10. **Stephanie is Deborah's ancestor.** (Stephanie -> Deborah)
11. **Deborah is Andrea's ancestor.** (Deborah -> Andrea)
12. **Andrea is Bobby's ancestor.** (Andrea -> Bobby)
13. **Bobby is Kimberly's ancestor.** (Bobby -> Kimberly)
14. **Kimberly is Cynthia's ancestor.** (Kimberly -> Cynthia)
15. **Cynthia is Henry's ancestor.** (Cynthia -> Henry)
16. **John is Henry's descendant.** (Henry -> John)
17. **Scott is John's descendant.** (John -> Scott)
18. **Scott is Andrew's ancestor.** (Scott -> Andrew)
19. **Kyle is Andrew's descendant.** (Andrew -> Kyle)
20. **Madison is Kyle's descendant.** (Kyle -> Madison)
21. **Madison is Barbara's ancestor.** (Madison -> Barbara)
22. **Barbara is Robert's ancestor.** (Barbara -> Robert)
23. **Robert is Matthew's ancestor.** (Robert -> Matthew)
24. **Matthew is Joshua's ancestor.** (Matthew -> Joshua)
25. **Thomas is Joshua's descendant.** (Joshua -> Thomas)
26. **Brenda is Thomas's descendant.** (Thomas -> Brenda)
27. **Brenda is Donald's ancestor.** (Brenda -> Donald)
28. **Jean is Donald's descendant.** (Donald -> Jean)
29. **Jean is Nicole's ancestor.** (Jean -> Nicole)
30. **Jack is Nicole's descendant.** (Nicole -> Jack)
31. **Jack is Ann's ancestor.** (Jack -> Ann)
32. **Ann is Samantha's ancestor.** (Ann -> Samantha)
33. **Stephen is Samantha's descendant.** (Samantha -> Stephen)
34. **Sara is Stephen's descendant.** (Stephen -> Sara)
35. **Randy is Sara's descendant.** (Sara -> Randy)
36. **Alexander is Randy's descendant.** (Randy -> Alexander)
37. **Alexander is Emily's ancestor.** (Alexander -> Emily)
38. **Abigail is Emily's descendant.** (Emily -> Abigail)
39. **Abigail is Hannah's ancestor.** (Abigail -> Hannah)
40. **Dorothy is Hannah's descendant.** (Hannah -> Dorothy)
41. **Keith is Dorothy's descendant.** (Dorothy -> Keith)
42. **Keith is Albert's ancestor.** (Keith -> Albert)
43. **Kathryn is Albert's descendant.** (Albert -> Kathryn)
44. **Jacqueline is Kathryn's descendant.** (Kathryn -> Jacqueline)
45. **Katherine is Jacqueline's descendant.** (Jacqueline -> Katherine)
46. **Sharon is Katherine's descendant.** (Katherine -> Sharon)
47. **Sharon is Jeremy's ancestor.** (Sharon -> Jeremy)
48. **Carolyn is Jeremy's descendant.** (Jeremy -> Carolyn)
49. **Carolyn is Bradley's ancestor.** (Carolyn -> Bradley)
50. **Bradley is Peter's ancestor.** (Bradley -> Peter)
51. **Alan is Peter's descendant.** (Peter -> Alan)
52. **Alan is Tyler's ancestor.** (Alan -> Tyler)
53. **Tyler is Brandon's ancestor.** (Tyler -> Brandon)
54. **Lawrence is Brandon's descendant.** (Brandon -> Lawrence)
55. **Susan is Lawrence's descendant.** (Lawrence -> Susan)
56. **Grace is Susan's descendant.** (Susan -> Grace)
57. **Grace is Catherine's ancestor.** (Grace -> Catherine)
58. **Catherine is Heather's ancestor.** (Catherine -> Heather)
59. **Christine is Heather's descendant.** (Heather -> Christine)
60. **Roger is Christine's descendant.** (Christine -> Roger)
61. **David is Roger's descendant.** (Roger -> David)
62. **David is Justin's ancestor.** (David -> Justin)
63. **Justin is Beverly's ancestor.** (Justin -> Beverly)

By following this continuous chain, we establish that Gerald is an ancestor of Beverly. Consequently, Beverly is a descendant of Gerald.

Therefore, the correct relationship is described by option 3.

<ANSWER>3</ANSWER>"
64,COMMON_ANCESTOR,4,"Given the following lineage relationships:
* Jessica is Jordan's descendant.
* Alan is Marilyn's descendant.
* Tyler is Lauren's descendant.
* Gregory is Nancy's descendant.
* Juan is Marilyn's ancestor.
* Nancy is Gerald's descendant.
* Joe is Aaron's ancestor.
* Frank is Bruce's descendant.
* Grace is Robert's ancestor.
* Jeremy is Janet's descendant.
* Austin is Jesse's descendant.
* Deborah is Joshua's ancestor.
* Barbara is Arthur's ancestor.
* Logan is Russell's ancestor.
* Kathryn is Bradley's descendant.
* Debra is Jeremy's descendant.
* Gabriel is Christina's descendant.
* Mary is Carl's descendant.
* Amber is Kevin's ancestor.
* Eugene is Kevin's descendant.
* Patricia is Robert's descendant.
* Dorothy is Marie's descendant.
* Gabriel is Marie's ancestor.
* Bruce is Melissa's descendant.
* Lauren is Julie's descendant.
* Beverly is Judith's descendant.
* Jessica is Gerald's ancestor.
* Diana is Dorothy's descendant.
* Justin is Rebecca's ancestor.
* Russell is Carl's ancestor.
* Aaron is Melissa's ancestor.
* Isabella is Joan's descendant.
* Jacqueline is Judith's ancestor.
* Frank is Christina's ancestor.
* Jordan is Deborah's ancestor.
* Mason is Christian's ancestor.
* Kathryn is Alexander's ancestor.
* Doris is Rebecca's descendant.
* Jesse is Doris's descendant.
* Steven is Gregory's descendant.
* Patricia is Juan's ancestor.
* Shirley is Alexander's descendant.
* Isabella is Julie's ancestor.
* Joshua is Mason's ancestor.
* Amber is Debra's descendant.
* Kelly is Betty's descendant.
* Steven is Justin's ancestor.
* Christian is Walter's ancestor.
* Stephen is Austin's descendant.
* Lisa is Kelly's descendant.
* Joan is Walter's descendant.
* Lisa is Jacqueline's ancestor.
* Eugene is Barbara's ancestor.
* Emily is Edward's ancestor.
* Joe is Beverly's descendant.
* Alan is Betty's ancestor.
* Charlotte is Bradley's ancestor.
* Tyler is Emily's ancestor.
* Grace is Jonathan's descendant.
* Charlotte is Stephen's descendant.
* Edward is Jonathan's ancestor.
* Logan is Diana's descendant.
* Shirley is Janet's ancestor.
Determine the lineage relationship between Arthur and Mary.
Select the correct answer:
1. Arthur is Mary's ancestor.
2. Arthur is Mary's descendant.
3. Arthur and Mary share a common descendant.
4. Arthur and Mary share a common ancestor.
5. None of the above is correct.
Enclose the selected answer number in the <ANSWER> tag, for example: <ANSWER>1</ANSWER>.",z-ai/glm-5,Z.AI,,,"To determine the relationship between Arthur and Mary, let's trace their lineage back through the provided statements.

**Tracing Arthur's Lineage:**
1.  **Barbara** is Arthur's ancestor.
2.  **Eugene** is Barbara's ancestor.
3.  **Kevin** is Eugene's ancestor (Eugene is Kevin's descendant).
4.  **Amber** is Kevin's ancestor.
5.  **Debra** is Amber's ancestor (Amber is Debra's descendant).
6.  **Jeremy** is Debra's ancestor.
7.  **Janet** is Jeremy's ancestor.
8.  **Shirley** is Janet's ancestor.
9.  **Alexander** is Shirley's ancestor.
10. **Kathryn** is Alexander's ancestor.
11. **Bradley** is Kathryn's ancestor.
12. **Charlotte** is Bradley's ancestor.
13. **Stephen** is Charlotte's ancestor.
14. **Austin** is Stephen's ancestor.
15. **Jesse** is Austin's ancestor.
16. **Doris** is Jesse's ancestor.
17. **Rebecca** is Doris's ancestor.
18. **Justin** is Rebecca's ancestor.
19. **Steven** is Justin's ancestor.
20. **Gregory** is Steven's ancestor.
21. **Nancy** is Gregory's ancestor.
22. **Gerald** is Nancy's ancestor.
23. **Jessica** is Gerald's ancestor.
24. **Jordan** is Jessica's ancestor (Jessica is Jordan's descendant).

Thus, Arthur is a descendant of **Jordan**.

**Tracing Mary's Lineage:**
1.  **Carl** is Mary's ancestor.
2.  **Russell** is Carl's ancestor.
3.  **Logan** is Russell's ancestor.
4.  **Diana** is Logan's ancestor.
5.  **Dorothy** is Diana's ancestor.
6.  **Marie** is Dorothy's ancestor.
7.  **Gabriel** is Marie's ancestor.
8.  **Christina** is Gabriel's ancestor.
9.  **Frank** is Christina's ancestor.
10. **Bruce** is Frank's ancestor.
11. **Melissa** is Bruce's ancestor.
12. **Aaron** is Melissa's ancestor.
13. **Joe** is Aaron's ancestor.
14. **Beverly** is Joe's ancestor.
15. **Judith** is Beverly's ancestor.
16. **Jacqueline** is Judith's ancestor.
17. **Lisa** is Jacqueline's ancestor.
18. **Kelly** is Lisa's ancestor.
19. **Betty** is Kelly's ancestor.
20. **Alan** is Betty's ancestor.
21. **Marilyn** is Alan's ancestor.
22. **Juan** is Marilyn's ancestor.
23. **Patricia** is Juan's ancestor.
24. **Robert** is Patricia's ancestor.
25. **Grace** is Robert's ancestor.
26. **Jonathan** is Grace's ancestor.
27. **Edward** is Jonathan's ancestor.
28. **Emily** is Edward's ancestor.
29. **Tyler** is Emily's ancestor.
30. **Lauren** is Tyler's ancestor.
31. **Julie** is Lauren's ancestor.
32. **Isabella** is Julie's ancestor.
33. **Joan** is Isabella's ancestor.
34. **Walter** is Joan's ancestor.
35. **Christian** is Walter's ancestor.
36. **Mason** is Christian's ancestor.

Thus, Mary is a descendant of **Mason**.

**Connecting the Lineages:**
We have two distinct family trees originating from Jordan and Mason. Let's check for connections.
*   **Jordan** is an ancestor of **Deborah** (Fact: Jordan is Deborah's ancestor).
*   **Deborah** is an ancestor of **Joshua** (Fact: Deborah is Joshua's ancestor).
*   **Mason** is an ancestor of **Joshua** (Fact: Joshua is Mason's descendant).

This creates a connection where **Joshua** is a descendant of both **Mason** and **Deborah** (and thus Jordan). However, this connection does not establish a direct lineage between Arthur and Mary.
*   Arthur is a descendant of Jordan.
*   Mary is a descendant of Mason.
*   Arthur and Mary do not share a common ancestor (Jordan and Mason are distinct individuals with no listed common ancestors).
*   Arthur and Mary do not share a common descendant (neither has listed descendants).
*   Arthur is not Mary's ancestor, nor is he her descendant.

Therefore, none of the direct lineage or common relative options (1-4) apply.

<ANSWER>5</ANSWER>"
64,COMMON_DESCENDANT,1,"Given the following lineage relationships:
* Eugene is Virginia's ancestor.
* Sandra is Samantha's descendant.
* Pamela is Denise's descendant.
* Alexis is Jacob's descendant.
* Andrea is Emma's descendant.
* Dylan is Dorothy's ancestor.
* Amber is Kevin's ancestor.
* Vincent is John's descendant.
* Patrick is Kelly's ancestor.
* Dylan is Megan's descendant.
* Lauren is Jordan's ancestor.
* Ruth is Elizabeth's ancestor.
* Natalie is Bryan's ancestor.
* Jordan is Alice's ancestor.
* Kayla is Stephen's descendant.
* Alexis is Jonathan's ancestor.
* Megan is Evelyn's descendant.
* Rebecca is Elizabeth's descendant.
* Julie is Eugene's ancestor.
* Amy is Doris's descendant.
* Helen is Gregory's descendant.
* Emily is Kelly's descendant.
* Wayne is Ryan's descendant.
* Frances is Joan's ancestor.
* Susan is Ruth's ancestor.
* Randy is Wayne's descendant.
* Denise is Helen's descendant.
* Ethan is Bryan's descendant.
* Amber is Jonathan's descendant.
* Natalie is Raymond's descendant.
* Jack is Stephanie's descendant.
* Mary is Diane's ancestor.
* Bobby is Raymond's ancestor.
* Patrick is Sara's descendant.
* Sarah is Jack's descendant.
* Larry is Bobby's ancestor.
* Jerry is Lori's descendant.
* Pamela is Stephanie's ancestor.
* Jacob is Ethan's descendant.
* Joan is John's ancestor.
* Frances is Jerry's descendant.
* Gregory is Dorothy's descendant.
* Evelyn is Sophia's descendant.
* Ryan is Diane's descendant.
* Jessica is Kayla's descendant.
* Philip is Maria's ancestor.
* Doris is Jessica's descendant.
* Susan is Sandra's descendant.
* Amy is Larry's ancestor.
* Anthony is Ashley's ancestor.
* Randy is Emily's ancestor.
* Lori is Cynthia's descendant.
* Maria is Stephen's ancestor.
* Rebecca is Cynthia's ancestor.
* Olivia is Lauren's ancestor.
* Julie is Bruce's descendant.
* Olivia is Kevin's descendant.
* Alice is Sara's ancestor.
* Sophia is Ashley's descendant.
* Vincent is Anthony's ancestor.
* Andrea is Bruce's ancestor.
* Philip is Sarah's descendant.
* Virginia is Mary's ancestor.
Determine the lineage relationship between Emma and Samantha.
Select the correct answer:
1. Emma and Samantha share a common descendant.
2. Emma is Samantha's descendant.
3. Emma is Samantha's ancestor.
4. Emma and Samantha share a common ancestor.
5. None of the above is correct.
Enclose the selected answer number in the <ANSWER> tag, for example: <ANSWER>1</ANSWER>.",z-ai/glm-5,Z.AI,,,"To determine the relationship between Emma and Samantha, let's trace the lineage paths derived from the provided statements.

**Path 1: From Emma downwards**
1.  **Andrea** is Emma's descendant. (Emma $\rightarrow$ Andrea)
2.  **Andrea** is Bruce's ancestor. (Andrea $\rightarrow$ Bruce)
3.  **Julie** is Bruce's descendant. (Bruce $\rightarrow$ Julie)
4.  **Julie** is Eugene's ancestor. (Julie $\rightarrow$ Eugene)
5.  **Eugene** is Virginia's ancestor. (Eugene $\rightarrow$ Virginia)
6.  **Virginia** is Mary's ancestor. (Virginia $\rightarrow$ Mary)
7.  **Mary** is Diane's ancestor. (Mary $\rightarrow$ Diane)
8.  **Ryan** is Diane's descendant. (Diane $\rightarrow$ Ryan)
9.  **Wayne** is Ryan's descendant. (Ryan $\rightarrow$ Wayne)
10. **Randy** is Wayne's descendant. (Wayne $\rightarrow$ Randy)
11. **Randy** is Emily's ancestor. (Randy $\rightarrow$ Emily)
    *So, Emily is a descendant of Emma.*

**Path 2: From Samantha downwards**
1.  **Sandra** is Samantha's descendant. (Samantha $\rightarrow$ Sandra)
2.  **Susan** is Sandra's descendant. (Sandra $\rightarrow$ Susan)
3.  **Susan** is Ruth's ancestor. (Susan $\rightarrow$ Ruth)
4.  **Ruth** is Elizabeth's ancestor. (Ruth $\rightarrow$ Elizabeth)
5.  **Rebecca** is Elizabeth's descendant. (Elizabeth $\rightarrow$ Rebecca)
6.  **Rebecca** is Cynthia's ancestor. (Rebecca $\rightarrow$ Cynthia)
7.  **Lori** is Cynthia's descendant. (Cynthia $\rightarrow$ Lori)
8.  **Jerry** is Lori's descendant. (Lori $\rightarrow$ Jerry)
9.  **Frances** is Jerry's descendant. (Jerry $\rightarrow$ Frances)
10. **Frances** is Joan's ancestor. (Frances $\rightarrow$ Joan)
11. **Joan** is John's ancestor. (Joan $\rightarrow$ John)
12. **Vincent** is John's descendant. (John $\rightarrow$ Vincent)
13. **Vincent** is Anthony's ancestor. (Vincent $\rightarrow$ Anthony)
14. **Anthony** is Ashley's ancestor. (Anthony $\rightarrow$ Ashley)
15. **Sophia** is Ashley's descendant. (Ashley $\rightarrow$ Sophia)
16. **Evelyn** is Sophia's descendant. (Sophia $\rightarrow$ Evelyn)
17. **Megan** is Evelyn's descendant. (Evelyn $\rightarrow$ Megan)
18. **Dylan** is Megan's descendant. (Megan $\rightarrow$ Dylan)
19. **Dylan** is Dorothy's ancestor. (Dylan $\rightarrow$ Dorothy)
20. **Gregory** is Dorothy's descendant. (Dorothy $\rightarrow$ Gregory)
21. **Helen** is Gregory's descendant. (Gregory $\rightarrow$ Helen)
22. **Denise** is Helen's descendant. (Helen $\rightarrow$ Denise)
23. **Pamela** is Denise's descendant. (Denise $\rightarrow$ Pamela)
24. **Pamela** is Stephanie's ancestor. (Pamela $\rightarrow$ Stephanie)
25. **Jack** is Stephanie's descendant. (Stephanie $\rightarrow$ Jack)
26. **Sarah** is Jack's descendant. (Jack $\rightarrow$ Sarah)
27. **Philip** is Sarah's descendant. (Sarah $\rightarrow$ Philip)
28. **Philip** is Maria's ancestor. (Philip $\rightarrow$ Maria)
29. **Maria** is Stephen's ancestor. (Maria $\rightarrow$ Stephen)
30. **Kayla** is Stephen's descendant. (Stephen $\rightarrow$ Kayla)
31. **Jessica** is Kayla's descendant. (Kayla $\rightarrow$ Jessica)
32. **Doris** is Jessica's descendant. (Jessica $\rightarrow$ Doris)
33. **Amy** is Doris's descendant. (Doris $\rightarrow$ Amy)
34. **Amy** is Larry's ancestor. (Amy $\rightarrow$ Larry)
35. **Larry** is Bobby's ancestor. (Larry $\rightarrow$ Bobby)
36. **Bobby** is Raymond's ancestor. (Bobby $\rightarrow$ Raymond)
37. **Natalie** is Raymond's descendant. (Raymond $\rightarrow$ Natalie)
38. **Natalie** is Bryan's ancestor. (Natalie $\rightarrow$ Bryan)
39. **Ethan** is Bryan's descendant. (Bryan $\rightarrow$ Ethan)
40. **Jacob** is Ethan's descendant. (Ethan $\rightarrow$ Jacob)
41. **Alexis** is Jacob's descendant. (Jacob $\rightarrow$ Alexis)
42. **Alexis** is Jonathan's ancestor. (Alexis $\rightarrow$ Jonathan)
43. **Amber** is Jonathan's descendant. (Jonathan $\rightarrow$ Amber)
44. **Amber** is Kevin's ancestor. (Amber $\rightarrow$ Kevin)
45. **Olivia** is Kevin's descendant. (Kevin $\rightarrow$ Olivia)
46. **Olivia** is Lauren's ancestor. (Olivia $\rightarrow$ Lauren)
47. **Lauren** is Jordan's ancestor. (Lauren $\rightarrow$ Jordan)
48. **Jordan** is Alice's ancestor. (Jordan $\rightarrow$ Alice)
49. **Alice** is Sara's ancestor. (Alice $\rightarrow$ Sara)
50. **Patrick** is Sara's descendant. (Sara $\rightarrow$ Patrick)
51. **Patrick** is Kelly's ancestor. (Patrick $\rightarrow$ Kelly)
52. **Emily** is Kelly's descendant. (Kelly $\rightarrow$ Emily)
    *So, Emily is a descendant of Samantha.*

**Conclusion:**
Emily is a descendant of Emma (Path 1) and Emily is also a descendant of Samantha (Path 2). Therefore, Emma and Samantha share a common descendant, who is Emily.

<ANSWER>1</ANSWER>"
64,ANCESTOR,1,"Given the following lineage relationships:
* Sarah is Jacob's descendant.
* Patricia is Anthony's descendant.
* Willie is Sara's descendant.
* Ronald is Virginia's ancestor.
* Scott is Barbara's ancestor.
* Henry is Janice's descendant.
* Philip is Brian's ancestor.
* Eric is Joshua's descendant.
* Evelyn is Bruce's ancestor.
* Bryan is Amber's ancestor.
* Olivia is Douglas's ancestor.
* Larry is Jonathan's descendant.
* George is Jacqueline's descendant.
* Willie is Jacob's ancestor.
* John is Sandra's descendant.
* Julia is Wayne's descendant.
* Gary is Andrea's ancestor.
* Julia is Scott's ancestor.
* Brittany is Betty's ancestor.
* Brian is Jason's ancestor.
* Gregory is Cheryl's descendant.
* Amber is Jean's ancestor.
* Kyle is Jean's descendant.
* Christian is Kevin's ancestor.
* Timothy is Alice's descendant.
* Bobby is Teresa's ancestor.
* Stephen is Bradley's ancestor.
* Judith is Ronald's ancestor.
* Bruce is Ralph's ancestor.
* Patricia is Joan's ancestor.
* Paul is Peter's ancestor.
* Angela is Douglas's descendant.
* Sophia is Sarah's descendant.
* Wayne is Betty's descendant.
* Teresa is Cheryl's ancestor.
* Rachel is Emma's descendant.
* Angela is Sandra's ancestor.
* Karen is Kyle's descendant.
* Sophia is Marilyn's ancestor.
* Andrew is Emma's ancestor.
* Paul is Marilyn's descendant.
* Jacqueline is Karen's descendant.
* Melissa is Nathan's descendant.
* Jordan is Stephen's ancestor.
* Bobby is Kevin's descendant.
* Bradley is Jonathan's ancestor.
* Nathan is James's descendant.
* Gloria is Rachel's descendant.
* Andrew is Larry's descendant.
* Henry is Judith's ancestor.
* Evelyn is Jason's descendant.
* Peter is Philip's ancestor.
* Janice is Barbara's descendant.
* Gregory is Anthony's ancestor.
* Jordan is Ralph's descendant.
* Timothy is James's ancestor.
* George is Alice's ancestor.
* Joan is Bryan's ancestor.
* Gloria is Brittany's ancestor.
* Melissa is Joshua's ancestor.
* John is Sara's ancestor.
* Virginia is Gary's ancestor.
* Eric is Olivia's ancestor.
Determine the lineage relationship between Christian and Andrea.
Select the correct answer:
1. Christian is Andrea's ancestor.
2. Christian and Andrea share a common ancestor.
3. Christian is Andrea's descendant.
4. Christian and Andrea share a common descendant.
5. None of the above is correct.
Enclose the selected answer number in the <ANSWER> tag, for example: <ANSWER>1</ANSWER>.",z-ai/glm-5,Z.AI,,,<ANSWER>1</ANSWER>
64,DESCENDANT,3,"Given the following lineage relationships:
* Frank is Scott's ancestor.
* Richard is Elizabeth's ancestor.
* Grace is Susan's ancestor.
* Gabriel is Sean's descendant.
* Bryan is Russell's ancestor.
* Lori is Anthony's ancestor.
* Juan is James's descendant.
* Harold is Michelle's ancestor.
* Elizabeth is Robert's ancestor.
* Olivia is Andrea's ancestor.
* Tyler is Samantha's descendant.
* Billy is Logan's descendant.
* Anthony is Sara's ancestor.
* Laura is Sara's descendant.
* Frank is Christopher's descendant.
* Hannah is Elijah's ancestor.
* Rachel is Arthur's ancestor.
* Rachel is Jesse's descendant.
* Marie is Robert's descendant.
* Nicole is Kyle's ancestor.
* Douglas is Jessica's ancestor.
* Kimberly is John's descendant.
* Kyle is Richard's ancestor.
* Daniel is Angela's ancestor.
* Kelly is Samantha's ancestor.
* Marie is Kelly's ancestor.
* Natalie is Lori's ancestor.
* Gabriel is Grace's ancestor.
* Donna is Jeremy's ancestor.
* Susan is Walter's ancestor.
* John is Ralph's descendant.
* Janet is Bobby's descendant.
* Laura is Jacob's ancestor.
* Jason is Jose's descendant.
* Andrea is Donna's ancestor.
* Michelle is Andrew's ancestor.
* Russell is James's ancestor.
* Aaron is Ralph's ancestor.
* Hannah is Juan's descendant.
* Beverly is Isabella's ancestor.
* Jennifer is Daniel's ancestor.
* Jesse is Jeremy's descendant.
* Joe is Douglas's ancestor.
* Kayla is Brian's ancestor.
* Jacqueline is Jessica's descendant.
* Arthur is Aaron's ancestor.
* Elijah is Nicole's ancestor.
* Harold is Billy's descendant.
* Natalie is Angela's descendant.
* Olivia is Rebecca's descendant.
* Jason is Bryan's ancestor.
* Kayla is Kimberly's descendant.
* Sean is Joshua's descendant.
* Christine is Christopher's ancestor.
* Beverly is Jacqueline's descendant.
* Jacob is Bobby's ancestor.
* Tyler is Rebecca's ancestor.
* Joe is Walter's descendant.
* Christine is Isabella's descendant.
* Logan is Brian's descendant.
* Andrew is Jennifer's ancestor.
* Janet is Joshua's ancestor.
* Emma is Jose's ancestor.
Determine the lineage relationship between Scott and Emma.
Select the correct answer:
1. Scott is Emma's ancestor.
2. Scott and Emma share a common descendant.
3. Scott is Emma's descendant.
4. Scott and Emma share a common ancestor.
5. None of the above is correct.
Enclose the selected answer number in the <ANSWER> tag, for example: <ANSWER>1</ANSWER>.",z-ai/glm-5,Z.AI,,,<ANSWER>3</ANSWER>
64,COMMON_ANCESTOR,3,"Given the following lineage relationships:
* Vincent is Isabella's ancestor.
* Austin is Anna's ancestor.
* Ronald is Benjamin's descendant.
* Ethan is Austin's ancestor.
* Randy is Ann's descendant.
* Richard is Raymond's ancestor.
* Joseph is Zachary's ancestor.
* Dennis is Larry's descendant.
* Teresa is Noah's descendant.
* Joseph is Doris's ancestor.
* Billy is Catherine's ancestor.
* Larry is Danielle's descendant.
* Sean is Raymond's descendant.
* Denise is Lori's ancestor.
* Gabriel is Julie's descendant.
* Randy is Patrick's ancestor.
* Laura is Rachel's ancestor.
* Patrick is Frank's ancestor.
* Martha is Megan's descendant.
* Vincent is Lori's descendant.
* Gabriel is Richard's ancestor.
* Teresa is Judith's ancestor.
* Eugene is Joe's ancestor.
* Bradley is Isabella's descendant.
* Maria is Martha's descendant.
* Carol is Mark's descendant.
* David is Samantha's ancestor.
* Emma is Carol's descendant.
* Billy is Nicole's descendant.
* Julia is Emma's descendant.
* Brenda is Walter's descendant.
* Denise is Stephanie's descendant.
* Maria is Ann's ancestor.
* Stephen is Jessica's descendant.
* Sean is Eugene's ancestor.
* Ronald is Marilyn's ancestor.
* Carl is Philip's descendant.
* Joe is Laura's ancestor.
* Judith is Jacqueline's ancestor.
* Jessica is Aaron's descendant.
* Marilyn is Ethan's ancestor.
* Heather is Julia's descendant.
* Hannah is Brenda's descendant.
* Jacqueline is Danielle's ancestor.
* Rebecca is Nicole's ancestor.
* Stephanie is Elijah's descendant.
* Evelyn is Walter's ancestor.
* Megan is Anna's descendant.
* Frank is Noah's ancestor.
* Hannah is Aaron's ancestor.
* Samantha is Evelyn's ancestor.
* Benjamin is Kyle's descendant.
* Elijah is Rachel's descendant.
* Melissa is Katherine's ancestor.
* Julie is Zachary's descendant.
* Doris is Mark's ancestor.
* Melissa is Donald's descendant.
* Dennis is Rebecca's ancestor.
* Heather is Kyle's ancestor.
* Bradley is David's ancestor.
* Brian is Carl's descendant.
* Stephen is Philip's ancestor.
* Brian is Donald's ancestor.
Determine the lineage relationship between Katherine and Catherine.
Select the correct answer:
1. Katherine is Catherine's ancestor.
2. Katherine is Catherine's descendant.
3. Katherine and Catherine share a common ancestor.
4. Katherine and Catherine share a common descendant.
5. None of the above is correct.
Enclose the selected answer number in the <ANSWER> tag, for example: <ANSWER>1</ANSWER>.",z-ai/glm-5,Z.AI,,,<ANSWER>3</ANSWER>
64,COMMON_DESCENDANT,4,"Given the following lineage relationships:
* Alice is Michelle's ancestor.
* Eugene is Samantha's ancestor.
* Doris is Aaron's descendant.
* Bryan is Patricia's descendant.
* Jordan is Harold's descendant.
* Timothy is Noah's descendant.
* Joyce is Joan's descendant.
* Scott is Sophia's descendant.
* Brian is Karen's descendant.
* Lawrence is Marie's ancestor.
* Judy is Christina's ancestor.
* Margaret is Daniel's descendant.
* Harold is Madison's descendant.
* Christina is Bradley's ancestor.
* Barbara is Peter's descendant.
* Jose is Alexander's ancestor.
* Jose is Richard's descendant.
* Austin is Rachel's descendant.
* Bradley is Ralph's ancestor.
* Marie is Joan's ancestor.
* Douglas is Austin's descendant.
* Richard is Doris's descendant.
* Evelyn is Shirley's descendant.
* Jack is Eugene's ancestor.
* Terry is George's descendant.
* Donald is Scott's descendant.
* Amanda is Ryan's descendant.
* Matthew is Timothy's descendant.
* Aaron is Melissa's descendant.
* Andrea is Arthur's ancestor.
* Mary is Janet's ancestor.
* Betty is Hannah's ancestor.
* Rachel is Donald's descendant.
* Arthur is Kenneth's descendant.
* Alice is Douglas's descendant.
* Dorothy is Katherine's descendant.
* James is Mason's descendant.
* James is Karen's ancestor.
* Brandon is Anthony's ancestor.
* Mason is Anthony's descendant.
* Amanda is Kenneth's ancestor.
* Katherine is Janet's descendant.
* Brandon is Dorothy's descendant.
* Jack is Ralph's descendant.
* Theresa is Peter's ancestor.
* Michelle is Betty's ancestor.
* Charlotte is Carol's ancestor.
* Elijah is Nicole's descendant.
* Patricia is Carol's descendant.
* Jordan is Noah's ancestor.
* Hannah is Daniel's ancestor.
* Alexander is Andrea's ancestor.
* Matthew is Mary's ancestor.
* Joyce is Melissa's ancestor.
* Barbara is Nicole's ancestor.
* Brian is Lawrence's ancestor.
* Elijah is Kevin's ancestor.
* George is Samantha's descendant.
* Bryan is Ryan's ancestor.
* Sophia is Kevin's descendant.
* Margaret is Judy's ancestor.
* Charlotte is Terry's descendant.
* Theresa is Evelyn's descendant.
Determine the lineage relationship between Madison and Shirley.
Select the correct answer:
1. Madison is Shirley's ancestor.
2. Madison is Shirley's descendant.
3. Madison and Shirley share a common ancestor.
4. Madison and Shirley share a common descendant.
5. None of the above is correct.
Enclose the selected answer number in the <ANSWER> tag, for example: <ANSWER>1</ANSWER>.",z-ai/glm-5,Z.AI,,,"To determine the relationship between Madison and Shirley, we can trace the lineage paths starting from each individual based on the provided statements.

**Path from Madison:**
1.  Harold is Madison's descendant $\rightarrow$ **Madison $\rightarrow$ Harold**
2.  Jordan is Harold's descendant $\rightarrow$ Harold $\rightarrow$ **Jordan**
3.  Jordan is Noah's ancestor $\rightarrow$ Jordan $\rightarrow$ **Noah**
4.  Timothy is Noah's descendant $\rightarrow$ Noah $\rightarrow$ **Timothy**
5.  Matthew is Timothy's descendant $\rightarrow$ Timothy $\rightarrow$ **Matthew**
6.  Matthew is Mary's ancestor $\rightarrow$ Matthew $\rightarrow$ **Mary**
7.  Mary is Janet's ancestor $\rightarrow$ Mary $\rightarrow$ **Janet**
8.  Katherine is Janet's descendant $\rightarrow$ Janet $\rightarrow$ **Katherine**
9.  Dorothy is Katherine's descendant $\rightarrow$ Katherine $\rightarrow$ **Dorothy**
10. Brandon is Dorothy's descendant $\rightarrow$ Dorothy $\rightarrow$ **Brandon**
11. Brandon is Anthony's ancestor $\rightarrow$ Brandon $\rightarrow$ **Anthony**
12. Mason is Anthony's descendant $\rightarrow$ Anthony $\rightarrow$ **Mason**
13. James is Mason's descendant $\rightarrow$ Mason $\rightarrow$ **James**
14. James is Karen's ancestor $\rightarrow$ James $\rightarrow$ **Karen**
15. Brian is Karen's descendant $\rightarrow$ Karen $\rightarrow$ **Brian**
16. Brian is Lawrence's ancestor $\rightarrow$ Brian $\rightarrow$ **Lawrence**
17. Lawrence is Marie's ancestor $\rightarrow$ Lawrence $\rightarrow$ **Marie**
18. Marie is Joan's ancestor $\rightarrow$ Marie $\rightarrow$ **Joan**
19. Joyce is Joan's descendant $\rightarrow$ Joan $\rightarrow$ **Joyce**
20. Joyce is Melissa's ancestor $\rightarrow$ Joyce $\rightarrow$ **Melissa**
21. Aaron is Melissa's descendant $\rightarrow$ Melissa $\rightarrow$ **Aaron**
22. Doris is Aaron's descendant $\rightarrow$ Aaron $\rightarrow$ **Doris**
23. Richard is Doris's descendant $\rightarrow$ Doris $\rightarrow$ **Richard**
24. Jose is Richard's descendant $\rightarrow$ Richard $\rightarrow$ **Jose**
25. Jose is Alexander's ancestor $\rightarrow$ Jose $\rightarrow$ **Alexander**
26. Alexander is Andrea's ancestor $\rightarrow$ Alexander $\rightarrow$ **Andrea**
27. Andrea is Arthur's ancestor $\rightarrow$ Alexander $\rightarrow$ **Arthur**

So, Madison is an ancestor of Arthur.

**Path from Shirley:**
1.  Evelyn is Shirley's descendant $\rightarrow$ **Shirley $\rightarrow$ Evelyn**
2.  Theresa is Evelyn's descendant $\rightarrow$ Evelyn $\rightarrow$ **Theresa**
3.  Theresa is Peter's ancestor $\rightarrow$ Theresa $\rightarrow$ **Peter**
4.  Barbara is Peter's descendant $\rightarrow$ Peter $\rightarrow$ **Barbara**
5.  Barbara is Nicole's ancestor $\rightarrow$ Barbara $\rightarrow$ **Nicole**
6.  Elijah is Nicole's descendant $\rightarrow$ Nicole $\rightarrow$ **Elijah**
7.  Elijah is Kevin's ancestor $\rightarrow$ Elijah $\rightarrow$ **Kevin**
8.  Sophia is Kevin's descendant $\rightarrow$ Kevin $\rightarrow$ **Sophia**
9.  Scott is Sophia's descendant $\rightarrow$ Sophia $\rightarrow$ **Scott**
10. Donald is Scott's descendant $\rightarrow$ Scott $\rightarrow$ **Donald**
11. Rachel is Donald's descendant $\rightarrow$ Donald $\rightarrow$ **Rachel**
12. Austin is Rachel's descendant $\rightarrow$ Rachel $\rightarrow$ **Austin**
13. Douglas is Austin's descendant $\rightarrow$ Austin $\rightarrow$ **Douglas**
14. Alice is Douglas's descendant $\rightarrow$ Douglas $\rightarrow$ **Alice**
15. Alice is Michelle's ancestor $\rightarrow$ Alice $\rightarrow$ **Michelle**
16. Michelle is Betty's ancestor $\rightarrow$ Michelle $\rightarrow$ **Betty**
17. Betty is Hannah's ancestor $\rightarrow$ Betty $\rightarrow$ **Hannah**
18. Hannah is Daniel's ancestor $\rightarrow$ Hannah $\rightarrow$ **Daniel**
19. Margaret is Daniel's descendant $\rightarrow$ Daniel $\rightarrow$ **Margaret**
20. Margaret is Judy's ancestor $\rightarrow$ Margaret $\rightarrow$ **Judy**
21. Judy is Christina's ancestor $\rightarrow$ Judy $\rightarrow$ **Christina**
22. Christina is Bradley's ancestor $\rightarrow$ Christina $\rightarrow$ **Bradley**
23. Bradley is Ralph's ancestor $\rightarrow$ Bradley $\rightarrow$ **Ralph**
24. Jack is Ralph's descendant $\rightarrow$ Ralph $\rightarrow$ **Jack**
25. Jack is Eugene's ancestor $\rightarrow$ Jack $\rightarrow$ **Eugene**
26. Eugene is Samantha's ancestor $\rightarrow$ Eugene $\rightarrow$ **Samantha**
27. George is Samantha's descendant $\rightarrow$ Samantha $\rightarrow$ **George**
28. Terry is George's descendant $\rightarrow$ George $\rightarrow$ **Terry**
29. Charlotte is Terry's descendant $\rightarrow$ Terry $\rightarrow$ **Charlotte**
30. Charlotte is Carol's ancestor $\rightarrow$ Charlotte $\rightarrow$ **Carol**
31. Patricia is Carol's descendant $\rightarrow$ Carol $\rightarrow$ **Patricia**
32. Bryan is Patricia's descendant $\rightarrow$ Patricia $\rightarrow$ **Bryan**
33. Bryan is Ryan's ancestor $\rightarrow$ Bryan $\rightarrow$ **Ryan**
34. Amanda is Ryan's descendant $\rightarrow$ Ryan $\rightarrow$ **Amanda**
35. Amanda is Kenneth's ancestor $\rightarrow$ Amanda $\rightarrow$ **Kenneth**
36. Arthur is Kenneth's descendant $\rightarrow$ Kenneth $\rightarrow$ **Arthur**

So, Shirley is an ancestor of Arthur.

**Conclusion:**
Both Madison and Shirley are ancestors of Arthur. Therefore, Arthur is a common descendant of Madison and Shirley. Since the provided facts do not indicate any ancestor relationship between Madison and Shirley themselves, nor a common ancestor for them, the correct relationship is that they share a common descendant.

<ANSWER>4</ANSWER>"
64,ANCESTOR,4,"Given the following lineage relationships:
* Gary is Judith's descendant.
* John is William's descendant.
* Kathleen is Elizabeth's descendant.
* Diane is Amanda's descendant.
* Dorothy is Julie's ancestor.
* Cheryl is Austin's descendant.
* Elijah is Samuel's ancestor.
* Brittany is Alice's ancestor.
* Shirley is Jesse's descendant.
* Wayne is Elijah's ancestor.
* Michelle is Jesse's ancestor.
* Deborah is Edward's descendant.
* Austin is Jose's descendant.
* Emily is Denise's descendant.
* Douglas is Jose's ancestor.
* Sarah is Russell's ancestor.
* John is Beverly's ancestor.
* Henry is Michelle's ancestor.
* Eric is Beverly's descendant.
* Dorothy is Bobby's descendant.
* Lauren is Emily's descendant.
* Eric is Patrick's ancestor.
* Christine is Diane's descendant.
* Megan is Douglas's ancestor.
* Russell is Denise's ancestor.
* Bryan is Ruth's descendant.
* Robert is Jason's descendant.
* Joyce is Hannah's ancestor.
* Margaret is Julie's descendant.
* Matthew is Grace's ancestor.
* Grace is Janet's ancestor.
* Edward is Jordan's descendant.
* Henry is Lauren's descendant.
* Ann is Joseph's ancestor.
* Janet is Nathan's ancestor.
* Bryan is Gerald's ancestor.
* Megan is Zachary's descendant.
* Robert is Amy's ancestor.
* George is Harold's ancestor.
* Elizabeth is Cheryl's descendant.
* Ann is Gary's descendant.
* Frank is Margaret's descendant.
* Brittany is Amy's descendant.
* Ruth is Christian's descendant.
* Zachary is Nathan's descendant.
* Patrick is Joyce's ancestor.
* Joseph is Ethan's ancestor.
* Samuel is Roger's ancestor.
* William is Kathleen's descendant.
* Frank is Amanda's ancestor.
* Wayne is Christine's descendant.
* Harold is Kayla's ancestor.
* Shirley is Patricia's ancestor.
* Gerald is Sarah's ancestor.
* Gloria is Christian's ancestor.
* Roger is Abigail's ancestor.
* Jordan is Alice's descendant.
* Jason is Patricia's descendant.
* Kayla is Philip's ancestor.
* Hannah is Gloria's ancestor.
* George is Abigail's descendant.
* Matthew is Philip's descendant.
* Ethan is Bobby's ancestor.
Determine the lineage relationship between Judith and Deborah.
Select the correct answer:
1. Judith and Deborah share a common ancestor.
2. Judith is Deborah's descendant.
3. Judith and Deborah share a common descendant.
4. Judith is Deborah's ancestor.
5. None of the above is correct.
Enclose the selected answer number in the <ANSWER> tag, for example: <ANSWER>1</ANSWER>.",z-ai/glm-5,Z.AI,,,"To determine the relationship between Judith and Deborah, we can trace the lineage step-by-step from Judith down to Deborah using the provided facts. We will denote the relationship as Parent $\rightarrow$ Child.

1.  **Gary is Judith's descendant**: Judith $\rightarrow$ Gary
2.  **Ann is Gary's descendant**: Gary $\rightarrow$ Ann
3.  **Ann is Joseph's ancestor**: Ann $\rightarrow$ Joseph
4.  **Joseph is Ethan's ancestor**: Joseph $\rightarrow$ Ethan
5.  **Ethan is Bobby's ancestor**: Ethan $\rightarrow$ Bobby
6.  **Dorothy is Bobby's descendant**: Bobby $\rightarrow$ Dorothy
7.  **Dorothy is Julie's ancestor**: Dorothy $\rightarrow$ Julie
8.  **Margaret is Julie's descendant**: Julie $\rightarrow$ Margaret
9.  **Frank is Margaret's descendant**: Margaret $\rightarrow$ Frank
10. **Frank is Amanda's ancestor**: Frank $\rightarrow$ Amanda
11. **Diane is Amanda's descendant**: Amanda $\rightarrow$ Diane
12. **Christine is Diane's descendant**: Diane $\rightarrow$ Christine
13. **Wayne is Christine's descendant**: Christine $\rightarrow$ Wayne
14. **Wayne is Elijah's ancestor**: Wayne $\rightarrow$ Elijah
15. **Elijah is Samuel's ancestor**: Elijah $\rightarrow$ Samuel
16. **Samuel is Roger's ancestor**: Samuel $\rightarrow$ Roger
17. **Roger is Abigail's ancestor**: Roger $\rightarrow$ Abigail
18. **George is Abigail's descendant**: Abigail $\rightarrow$ George
19. **George is Harold's ancestor**: George $\rightarrow$ Harold
20. **Harold is Kayla's ancestor**: Harold $\rightarrow$ Kayla
21. **Kayla is Philip's ancestor**: Kayla $\rightarrow$ Philip
22. **Matthew is Philip's descendant**: Philip $\rightarrow$ Matthew
23. **Matthew is Grace's ancestor**: Matthew $\rightarrow$ Grace
24. **Grace is Janet's ancestor**: Grace $\rightarrow$ Janet
25. **Janet is Nathan's ancestor**: Janet $\rightarrow$ Nathan
26. **Zachary is Nathan's descendant**: Nathan $\rightarrow$ Zachary
27. **Megan is Zachary's descendant**: Zachary $\rightarrow$ Megan
28. **Megan is Douglas's ancestor**: Megan $\rightarrow$ Douglas
29. **Douglas is Jose's ancestor**: Douglas $\rightarrow$ Jose
30. **Austin is Jose's descendant**: Jose $\rightarrow$ Austin
31. **Cheryl is Austin's descendant**: Austin $\rightarrow$ Cheryl
32. **Elizabeth is Cheryl's descendant**: Cheryl $\rightarrow$ Elizabeth
33. **Kathleen is Elizabeth's descendant**: Elizabeth $\rightarrow$ Kathleen
34. **William is Kathleen's descendant**: Kathleen $\rightarrow$ William
35. **John is William's descendant**: William $\rightarrow$ John
36. **John is Beverly's ancestor**: John $\rightarrow$ Beverly
37. **Eric is Beverly's descendant**: Beverly $\rightarrow$ Eric
38. **Eric is Patrick's ancestor**: Eric $\rightarrow$ Patrick
39. **Patrick is Joyce's ancestor**: Patrick $\rightarrow$ Joyce
40. **Joyce is Hannah's ancestor**: Joyce $\rightarrow$ Hannah
41. **Hannah is Gloria's ancestor**: Hannah $\rightarrow$ Gloria
42. **Gloria is Christian's ancestor**: Gloria $\rightarrow$ Christian
43. **Ruth is Christian's descendant**: Christian $\rightarrow$ Ruth
44. **Bryan is Ruth's descendant**: Ruth $\rightarrow$ Bryan
45. **Bryan is Gerald's ancestor**: Bryan $\rightarrow$ Gerald
46. **Gerald is Sarah's ancestor**: Gerald $\rightarrow$ Sarah
47. **Sarah is Russell's ancestor**: Sarah $\rightarrow$ Russell
48. **Russell is Denise's ancestor**: Russell $\rightarrow$ Denise
49. **Emily is Denise's descendant**: Denise $\rightarrow$ Emily
50. **Lauren is Emily's descendant**: Emily $\rightarrow$ Lauren
51. **Henry is Lauren's descendant**: Lauren $\rightarrow$ Henry
52. **Henry is Michelle's ancestor**: Henry $\rightarrow$ Michelle
53. **Michelle is Jesse's ancestor**: Michelle $\rightarrow$ Jesse
54. **Shirley is Jesse's descendant**: Jesse $\rightarrow$ Shirley
55. **Shirley is Patricia's ancestor**: Shirley $\rightarrow$ Patricia
56. **Jason is Patricia's descendant**: Patricia $\rightarrow$ Jason
57. **Robert is Jason's descendant**: Jason $\rightarrow$ Robert
58. **Robert is Amy's ancestor**: Robert $\rightarrow$ Amy
59. **Brittany is Amy's descendant**: Amy $\rightarrow$ Brittany
60. **Brittany is Alice's ancestor**: Brittany $\rightarrow$ Alice
61. **Jordan is Alice's descendant**: Alice $\rightarrow$ Jordan
62. **Edward is Jordan's descendant**: Jordan $\rightarrow$ Edward
63. **Deborah is Edward's descendant**: Edward $\rightarrow$ Deborah

By following this continuous chain, we establish that Judith is the direct ancestor of Deborah. Therefore, the correct relationship is that Judith is Deborah's ancestor.

<ANSWER>4</ANSWER>"
64,DESCENDANT,3,"Given the following lineage relationships:
* Gary is Roy's descendant.
* Nathan is Eric's ancestor.
* Amanda is Brandon's descendant.
* Brandon is Jose's descendant.
* Bradley is Sandra's ancestor.
* Jason is Maria's ancestor.
* Susan is Sandra's descendant.
* Stephen is Maria's descendant.
* Madison is Ryan's descendant.
* Jessica is Ronald's descendant.
* Peter is Douglas's descendant.
* Albert is Nancy's descendant.
* John is Jesse's descendant.
* Amy is Jason's ancestor.
* Sean is Kayla's ancestor.
* Vincent is Dorothy's ancestor.
* Andrea is Russell's ancestor.
* Jessica is Jesse's ancestor.
* Stephen is Sean's ancestor.
* Christopher is Russell's descendant.
* Kimberly is Denise's descendant.
* Alexander is Gary's descendant.
* Christopher is Cheryl's ancestor.
* Matthew is Doris's descendant.
* Gregory is Linda's descendant.
* Frances is Edward's ancestor.
* William is Nathan's ancestor.
* Kathryn is Jonathan's descendant.
* Shirley is Julie's descendant.
* Ann is Bradley's ancestor.
* Cynthia is Alexander's descendant.
* Julie is Brenda's descendant.
* Christina is Anna's ancestor.
* Harold is Jacob's ancestor.
* Jonathan is Willie's descendant.
* Christian is Amanda's descendant.
* Edward is Megan's ancestor.
* Kathryn is Nancy's ancestor.
* Brenda is Albert's descendant.
* Susan is Ryan's ancestor.
* Arthur is Kimberly's descendant.
* David is Linda's ancestor.
* William is Diane's descendant.
* Andrea is Keith's descendant.
* Ann is Katherine's descendant.
* Gregory is Dennis's ancestor.
* Judith is Sara's ancestor.
* Megan is Doris's ancestor.
* Shirley is Denise's ancestor.
* Willie is Dorothy's descendant.
* Douglas is Eric's descendant.
* Cheryl is Roy's ancestor.
* Christian is Katherine's ancestor.
* Diane is Cynthia's descendant.
* Amy is Jacob's descendant.
* Matthew is Christina's ancestor.
* Ronald is Kayla's descendant.
* David is Peter's descendant.
* John is Jose's ancestor.
* Sara is Harold's ancestor.
* Frances is Madison's descendant.
* Vincent is Dennis's descendant.
* Anna is Keith's ancestor.
Determine the lineage relationship between Arthur and Judith.
Select the correct answer:
1. Arthur and Judith share a common descendant.
2. Arthur and Judith share a common ancestor.
3. Arthur is Judith's descendant.
4. Arthur is Judith's ancestor.
5. None of the above is correct.
Enclose the selected answer number in the <ANSWER> tag, for example: <ANSWER>1</ANSWER>.",z-ai/glm-5,Z.AI,,,"To determine the relationship between Arthur and Judith, we can construct a family tree from the given statements. We define the relationship ""X is Y's ancestor"" as $X \rightarrow Y$ (meaning Y is a descendant of X).

1.  **Constructing the chains:**
    *   From *Judith is Sara's ancestor* and *Sara is Harold's ancestor*, we get: $Judith \rightarrow Sara \rightarrow Harold$.
    *   *Harold is Jacob's ancestor*: $Harold \rightarrow Jacob$.
    *   *Amy is Jacob's descendant*: $Jacob \rightarrow Amy$.
    *   *Amy is Jason's ancestor*: $Amy \rightarrow Jason$.
    *   *Jason is Maria's ancestor*: $Jason \rightarrow Maria$.
    *   *Stephen is Maria's descendant*: $Maria \rightarrow Stephen$.
    *   *Stephen is Sean's ancestor*: $Stephen \rightarrow Sean$.
    *   *Sean is Kayla's ancestor*: $Sean \rightarrow Kayla$.
    *   *Ronald is Kayla's descendant*: $Kayla \rightarrow Ronald$.
    *   *Jessica is Ronald's descendant*: $Ronald \rightarrow Jessica$.
    *   *Jessica is Jesse's ancestor*: $Jessica \rightarrow Jesse$.
    *   *John is Jesse's descendant*: $Jesse \rightarrow John$.
    *   *John is Jose's ancestor*: $John \rightarrow Jose$.
    *   *Brandon is Jose's descendant*: $Jose \rightarrow Brandon$.
    *   *Amanda is Brandon's descendant*: $Brandon \rightarrow Amanda$.
    *   *Christian is Amanda's descendant*: $Amanda \rightarrow Christian$.
    *   *Christian is Katherine's ancestor*: $Christian \rightarrow Katherine$.
    *   *Ann is Katherine's descendant*: $Katherine \rightarrow Ann$.
    *   *Ann is Bradley's ancestor*: $Ann \rightarrow Bradley$.
    *   *Bradley is Sandra's ancestor*: $Bradley \rightarrow Sandra$.
    *   *Susan is Sandra's descendant*: $Sandra \rightarrow Susan$.
    *   *Susan is Ryan's ancestor*: $Susan \rightarrow Ryan$.
    *   *Madison is Ryan's descendant*: $Ryan \rightarrow Madison$.

    At this point, we have a chain starting at Judith and ending at Madison: $Judith \rightarrow \dots \rightarrow Madison$.

    Now, we look for connections involving the people in this chain or bridging to others:
    *   *Frances is Madison's descendant*: $Madison \rightarrow Frances$.
    *   *Frances is Edward's ancestor*: $Frances \rightarrow Edward$.
    *   *Edward is Megan's ancestor*: $Edward \rightarrow Megan$.
    *   *Megan is Doris's ancestor*: $Megan \rightarrow Doris$.
    *   *Matthew is Doris's descendant*: $Doris \rightarrow Matthew$.
    *   *Matthew is Christina's ancestor*: $Matthew \rightarrow Christina$.
    *   *Christina is Anna's ancestor*: $Christina \rightarrow Anna$.
    *   *Anna is Keith's ancestor*: $Anna \rightarrow Keith$.
    *   *Andrea is Keith's descendant*: $Keith \rightarrow Andrea$.
    *   *Andrea is Russell's ancestor*: $Andrea \rightarrow Russell$.
    *   *Christopher is Russell's descendant*: $Russell \rightarrow Christopher$.
    *   *Christopher is Cheryl's ancestor*: $Christopher \rightarrow Cheryl$.
    *   *Cheryl is Roy's ancestor*: $Cheryl \rightarrow Roy$.
    *   *Gary is Roy's descendant*: $Roy \rightarrow Gary$.
    *   *Alexander is Gary's descendant*: $Gary \rightarrow Alexander$.
    *   *Cynthia is Alexander's descendant*: $Alexander \rightarrow Cynthia$.
    *   *Diane is Cynthia's descendant*: $Cynthia \rightarrow Diane$.
    *   *William is Diane's descendant*: $Diane \rightarrow William$.
    *   *William is Nathan's ancestor*: $William \rightarrow Nathan$.
    *   *Nathan is Eric's ancestor*: $Nathan \rightarrow Eric$.
    *   *Douglas is Eric's descendant*: $Eric \rightarrow Douglas$.
    *   *Peter is Douglas's descendant*: $Douglas \rightarrow Peter$.
    *   *David is Peter's descendant*: $Peter \rightarrow David$.
    *   *David is Linda's ancestor*: $David \rightarrow Linda$.
    *   *Gregory is Linda's descendant*: $Linda \rightarrow Gregory$.
    *   *Gregory is Dennis's ancestor*: $Gregory \rightarrow Dennis$.
    *   *Vincent is Dennis's descendant*: $Dennis \rightarrow Vincent$.
    *   *Vincent is Dorothy's ancestor*: $Vincent \rightarrow Dorothy$.
    *   *Willie is Dorothy's descendant*: $Dorothy \rightarrow Willie$.
    *   *Jonathan is Willie's descendant*: $Willie \rightarrow Jonathan$.
    *   *Kathryn is Jonathan's descendant*: $Jonathan \rightarrow Kathryn$.
    *   *Kathryn is Nancy's ancestor*: $Kathryn \rightarrow Nancy$.
    *   *Albert is Nancy's descendant*: $Nancy \rightarrow Albert$.
    *   *Brenda is Albert's descendant*: $Albert \rightarrow Brenda$.
    *   *Julie is Brenda's descendant*: $Brenda \rightarrow Julie$.
    *   *Shirley is Julie's descendant*: $Julie \rightarrow Shirley$.
    *   *Shirley is Denise's ancestor*: $Shirley \rightarrow Denise$.
    *   *Kimberly is Denise's descendant*: $Denise \rightarrow Kimberly$.
    *   *Arthur is Kimberly's descendant*: $Kimberly \rightarrow Arthur$.

2.  **Determining the relationship:**
    By tracing the complete lineage path, we find a single continuous chain of ancestry starting from Judith and ending at Arthur:
    $Judith \rightarrow \dots \rightarrow Arthur$.
    
    This means Judith is an ancestor of Arthur, and Arthur is a descendant of Judith.

3.  **Selecting the correct option:**
    *   Option 1: Incorrect. They do not share a common descendant; Arthur is the descendant.
    *   Option 2: Incorrect. They do not share a common ancestor; Judith is the ancestor.
    *   Option 3: Correct. Arthur is Judith's descendant.
    *   Option 4: Incorrect. The relationship is the other way around.

<ANSWER>3</ANSWER>"
64,COMMON_ANCESTOR,4,"Given the following lineage relationships:
* Ashley is Madison's descendant.
* Jose is Natalie's descendant.
* Ryan is Timothy's ancestor.
* Brian is Margaret's ancestor.
* Jesse is Amy's descendant.
* Debra is Amy's ancestor.
* Julia is Arthur's descendant.
* Bruce is Jacob's descendant.
* George is Victoria's descendant.
* Helen is Katherine's descendant.
* Kelly is Andrea's descendant.
* Gregory is Rebecca's ancestor.
* George is James's ancestor.
* Randy is Arthur's ancestor.
* Stephen is Rebecca's descendant.
* Bruce is Lori's ancestor.
* Helen is Christopher's ancestor.
* David is Jacqueline's ancestor.
* Stephen is Elizabeth's ancestor.
* Debra is Jose's descendant.
* Amanda is Madison's ancestor.
* Mary is Diana's descendant.
* Dennis is Tyler's descendant.
* Christopher is Barbara's ancestor.
* Jean is Joyce's ancestor.
* Katherine is James's descendant.
* Jason is David's ancestor.
* Elizabeth is Catherine's ancestor.
* Victoria is Kelly's descendant.
* Tyler is Keith's descendant.
* Dennis is Diana's ancestor.
* Catherine is Keith's ancestor.
* Henry is Mary's descendant.
* Alan is Kathryn's ancestor.
* Jason is Linda's descendant.
* Isabella is Teresa's ancestor.
* Anthony is Roy's descendant.
* Gloria is Kimberly's descendant.
* Jean is Kathryn's descendant.
* Sharon is Lori's descendant.
* Sara is Alan's ancestor.
* Margaret is Janet's ancestor.
* Douglas is Anthony's descendant.
* Jacqueline is Charlotte's ancestor.
* Sara is Douglas's descendant.
* Edward is Daniel's ancestor.
* Zachary is Timothy's descendant.
* Roy is Willie's ancestor.
* Willie is Kimberly's ancestor.
* Bobby is Shirley's descendant.
* Kayla is Charlotte's descendant.
* Joyce is Amanda's ancestor.
* Zachary is Isabella's ancestor.
* Ashley is Ryan's ancestor.
* Sharon is Brian's ancestor.
* Gloria is Natalie's ancestor.
* Shirley is Julia's descendant.
* Kayla is Jacob's ancestor.
* Andrea is Jesse's descendant.
* Randy is Teresa's descendant.
* Linda is Barbara's descendant.
* Bobby is Edward's ancestor.
* Daniel is Gregory's ancestor.
Determine the lineage relationship between Janet and Henry.
Select the correct answer:
1. Janet and Henry share a common descendant.
2. Janet is Henry's descendant.
3. Janet is Henry's ancestor.
4. Janet and Henry share a common ancestor.
5. None of the above is correct.
Enclose the selected answer number in the <ANSWER> tag, for example: <ANSWER>1</ANSWER>.",z-ai/glm-5,Z.AI,,,"To determine the relationship between Janet and Henry, we need to trace their lineage backwards to find a common ancestor or determine if one is the ancestor of the other.

**Tracing Janet's Lineage:**
1.  **Margaret** is Janet's ancestor. (Margaret $\rightarrow$ Janet)
2.  **Brian** is Margaret's ancestor. (Brian $\rightarrow$ Margaret $\rightarrow$ Janet)
3.  **Sharon** is Brian's ancestor. (Sharon $\rightarrow$ Brian $\rightarrow$ Margaret $\rightarrow$ Janet)
4.  **Lori** is Sharon's ancestor (since Sharon is Lori's descendant). (Lori $\rightarrow$ Sharon $\rightarrow$ Brian $\rightarrow$ Margaret $\rightarrow$ Janet)
5.  **Bruce** is Lori's ancestor. (Bruce $\rightarrow$ Lori $\rightarrow$ Sharon $\rightarrow$ Brian $\rightarrow$ Margaret $\rightarrow$ Janet)
6.  **Jacob** is Bruce's ancestor (since Bruce is Jacob's descendant). (Jacob $\rightarrow$ Bruce $\rightarrow$ Lori $\rightarrow$ Sharon $\rightarrow$ Brian $\rightarrow$ Margaret $\rightarrow$ Janet)
7.  **Kayla** is Jacob's ancestor. (Kayla $\rightarrow$ Jacob $\rightarrow$ Bruce $\rightarrow$ Lori $\rightarrow$ Sharon $\rightarrow$ Brian $\rightarrow$ Margaret $\rightarrow$ Janet)
8.  **Charlotte** is Kayla's ancestor (since Kayla is Charlotte's descendant). (Charlotte $\rightarrow$ Kayla $\rightarrow$ Jacob $\rightarrow$ Bruce $\rightarrow$ Lori $\rightarrow$ Sharon $\rightarrow$ Brian $\rightarrow$ Margaret $\rightarrow$ Janet)
9.  **Jacqueline** is Charlotte's ancestor. (Jacqueline $\rightarrow$ Charlotte $\rightarrow$ ... $\rightarrow$ Janet)
10. **David** is Jacqueline's ancestor. (David $\rightarrow$ Jacqueline $\rightarrow$ ... $\rightarrow$ Janet)
11. **Jason** is David's ancestor. (Jason $\rightarrow$ David $\rightarrow$ ... $\rightarrow$ Janet)
12. **Linda** is Jason's ancestor (since Jason is Linda's descendant). (Linda $\rightarrow$ Jason $\rightarrow$ ... $\rightarrow$ Janet)
13. **Barbara** is Linda's ancestor (since Linda is Barbara's descendant). (Barbara $\rightarrow$ Linda $\rightarrow$ ... $\rightarrow$ Janet)
14. **Christopher** is Barbara's ancestor. (Christopher $\rightarrow$ Barbara $\rightarrow$ ... $\rightarrow$ Janet)
15. **Helen** is Christopher's ancestor. (Helen $\rightarrow$ Christopher $\rightarrow$ ... $\rightarrow$ Janet)
16. **Katherine** is Helen's ancestor (since Helen is Katherine's descendant). (Katherine $\rightarrow$ Helen $\rightarrow$ ... $\rightarrow$ Janet)
17. **James** is Katherine's ancestor (since Katherine is James's descendant). (James $\rightarrow$ Katherine $\rightarrow$ ... $\rightarrow$ Janet)
18. **George** is James's ancestor. (George $\rightarrow$ James $\rightarrow$ ... $\rightarrow$ Janet)
19. **Victoria** is George's ancestor (since George is Victoria's descendant). (Victoria $\rightarrow$ George $\rightarrow$ ... $\rightarrow$ Janet)
20. **Kelly** is Victoria's ancestor (since Victoria is Kelly's descendant). (Kelly $\rightarrow$ Victoria $\rightarrow$ ... $\rightarrow$ Janet)
21. **Andrea** is Kelly's ancestor (since Kelly is Andrea's descendant). (Andrea $\rightarrow$ Kelly $\rightarrow$ ... $\rightarrow$ Janet)
22. **Jesse** is Andrea's ancestor (since Andrea is Jesse's descendant). (Jesse $\rightarrow$ Andrea $\rightarrow$ ... $\rightarrow$ Janet)
23. **Amy** is Jesse's ancestor (since Jesse is Amy's descendant). (Amy $\rightarrow$ Jesse $\rightarrow$ ... $\rightarrow$ Janet)
24. **Debra** is Amy's ancestor. (Debra $\rightarrow$ Amy $\rightarrow$ ... $\rightarrow$ Janet)
25. **Jose** is Debra's ancestor (since Debra is Jose's descendant). (Jose $\rightarrow$ Debra $\rightarrow$ ... $\rightarrow$ Janet)
26. **Natalie** is Jose's ancestor (since Jose is Natalie's descendant). (Natalie $\rightarrow$ Jose $\rightarrow$ ... $\rightarrow$ Janet)
27. **Gloria** is Natalie's ancestor. (Gloria $\rightarrow$ Natalie $\rightarrow$ ... $\rightarrow$ Janet)
28. **Kimberly** is Gloria's ancestor (since Gloria is Kimberly's descendant). (Kimberly $\rightarrow$ Gloria $\rightarrow$ ... $\rightarrow$ Janet)
29. **Willie** is Kimberly's ancestor. (Willie $\rightarrow$ Kimberly $\rightarrow$ ... $\rightarrow$ Janet)
30. **Roy** is Willie's ancestor. (Roy $\rightarrow$ Willie $\rightarrow$ ... $\rightarrow$ Janet)

**Tracing Henry's Lineage:**
1.  **Mary** is Henry's ancestor (since Henry is Mary's descendant). (Mary $\rightarrow$ Henry)
2.  **Diana** is Mary's ancestor (since Mary is Diana's descendant). (Diana $\rightarrow$ Mary $\rightarrow$ Henry)
3.  **Dennis** is Diana's ancestor. (Dennis $\rightarrow$ Diana $\rightarrow$ Mary $\rightarrow$ Henry)
4.  **Tyler** is Dennis's ancestor (since Dennis is Tyler's descendant). (Tyler $\rightarrow$ Dennis $\rightarrow$ ... $\rightarrow$ Henry)
5.  **Keith** is Tyler's ancestor (since Tyler is Keith's descendant). (Keith $\rightarrow$ Tyler $\rightarrow$ ... $\rightarrow$ Henry)
6.  **Catherine** is Keith's ancestor. (Catherine $\rightarrow$ Keith $\rightarrow$ ... $\rightarrow$ Henry)
7.  **Elizabeth** is Catherine's ancestor. (Elizabeth $\rightarrow$ Catherine $\rightarrow$ ... $\rightarrow$ Henry)
8.  **Stephen** is Elizabeth's ancestor. (Stephen $\rightarrow$ Elizabeth $\rightarrow$ ... $\rightarrow$ Henry)
9.  **Rebecca** is Stephen's ancestor (since Stephen is Rebecca's descendant). (Rebecca $\rightarrow$ Stephen $\rightarrow$ ... $\rightarrow$ Henry)
10. **Gregory** is Rebecca's ancestor. (Gregory $\rightarrow$ Rebecca $\rightarrow$ ... $\rightarrow$ Henry)
11. **Daniel** is Gregory's ancestor. (Daniel $\rightarrow$ Gregory $\rightarrow$ ... $\rightarrow$ Henry)
12. **Edward** is Daniel's ancestor. (Edward $\rightarrow$ Daniel $\rightarrow$ ... $\rightarrow$ Henry)
13. **Bobby** is Edward's ancestor. (Bobby $\rightarrow$ Edward $\rightarrow$ ... $\rightarrow$ Henry)
14. **Shirley** is Bobby's ancestor (since Bobby is Shirley's descendant). (Shirley $\rightarrow$ Bobby $\rightarrow$ ... $\rightarrow$ Henry)
15. **Julia** is Shirley's ancestor (since Shirley is Julia's descendant). (Julia $\rightarrow$ Shirley $\rightarrow$ ... $\rightarrow$ Henry)
16. **Arthur** is Julia's ancestor (since Julia is Arthur's descendant). (Arthur $\rightarrow$ Julia $\rightarrow$ ... $\rightarrow$ Henry)
17. **Randy** is Arthur's ancestor. (Randy $\rightarrow$ Arthur $\rightarrow$ ... $\rightarrow$ Henry)
18. **Teresa** is Randy's ancestor (since Randy is Teresa's descendant). (Teresa $\rightarrow$ Randy $\rightarrow$ ... $\rightarrow$ Henry)
19. **Isabella** is Teresa's ancestor. (Isabella $\rightarrow$ Teresa $\rightarrow$ ... $\rightarrow$ Henry)
20. **Zachary** is Isabella's ancestor. (Zachary $\rightarrow$ Isabella $\rightarrow$ ... $\rightarrow$ Henry)
21. **Timothy** is Zachary's ancestor (since Zachary is Timothy's descendant). (Timothy $\rightarrow$ Zachary $\rightarrow$ ... $\rightarrow$ Henry)
22. **Ryan** is Timothy's ancestor. (Ryan $\rightarrow$ Timothy $\rightarrow$ ... $\rightarrow$ Henry)
23. **Ashley** is Ryan's ancestor. (Ashley $\rightarrow$ Ryan $\rightarrow$ ... $\rightarrow$ Henry)
24. **Madison** is Ashley's ancestor (since Ashley is Madison's descendant). (Madison $\rightarrow$ Ashley $\rightarrow$ ... $\rightarrow$ Henry)
25. **Amanda** is Madison's ancestor. (Amanda $\rightarrow$ Madison $\rightarrow$ ... $\rightarrow$ Henry)
26. **Joyce** is Amanda's ancestor. (Joyce $\rightarrow$ Amanda $\rightarrow$ ... $\rightarrow$ Henry)
27. **Jean** is Joyce's ancestor. (Jean $\rightarrow$ Joyce $\rightarrow$ ... $\rightarrow$ Henry)
28. **Kathryn** is Jean's ancestor (since Jean is Kathryn's descendant). (Kathryn $\rightarrow$ Jean $\rightarrow$ ... $\rightarrow$ Henry)
29. **Alan** is Kathryn's ancestor. (Alan $\rightarrow$ Kathryn $\rightarrow$ ... $\rightarrow$ Henry)
30. **Sara** is Alan's ancestor. (Sara $\rightarrow$ Alan $\rightarrow$ ... $\rightarrow$ Henry)
31. **Douglas** is Sara's ancestor (since Sara is Douglas's descendant). (Douglas $\rightarrow$ Sara $\rightarrow$ ... $\rightarrow$ Henry)
32. **Anthony** is Douglas's ancestor (since Douglas is Anthony's descendant). (Anthony $\rightarrow$ Douglas $\rightarrow$ ... $\rightarrow$ Henry)
33. **Roy** is Anthony's ancestor (since Anthony is Roy's descendant). (Roy $\rightarrow$ Anthony $\rightarrow$ ... $\rightarrow$ Henry)

**Conclusion:**
Both Janet and Henry are descendants of **Roy**.
*   Roy is an ancestor of Willie, who is an ancestor of Janet.
*   Roy is an ancestor of Anthony, who is an ancestor of Henry.
Since they share a common ancestor (Roy), and neither is in the other's direct lineage (Janet is not an ancestor of Henry, Henry is not an ancestor of Janet), the correct relationship is that they share a common ancestor.

<ANSWER>4</ANSWER>"
64,COMMON_DESCENDANT,2,"Given the following lineage relationships:
* Alexis is Charles's ancestor.
* Lawrence is Henry's descendant.
* Henry is Kelly's descendant.
* Paul is Lori's descendant.
* Cynthia is Benjamin's descendant.
* Andrew is Shirley's ancestor.
* Pamela is Linda's descendant.
* Lawrence is Mason's ancestor.
* Dorothy is Jesse's ancestor.
* Cynthia is Andrew's ancestor.
* Nathan is Alan's descendant.
* Kelly is Emma's descendant.
* Paul is Vincent's ancestor.
* Kathleen is Amy's descendant.
* Brittany is Bradley's descendant.
* Nicole is Keith's ancestor.
* Bobby is Angela's ancestor.
* Zachary is Brenda's ancestor.
* Vincent is Katherine's ancestor.
* Kathleen is Bobby's ancestor.
* Elijah is Margaret's descendant.
* Samantha is Susan's ancestor.
* Anthony is Joan's descendant.
* Stephanie is Joyce's ancestor.
* George is Wayne's descendant.
* Gabriel is Lori's ancestor.
* Joan is Lauren's descendant.
* Susan is Benjamin's ancestor.
* Jean is Wayne's ancestor.
* Mason is Megan's ancestor.
* Joyce is Amy's ancestor.
* Harold is Richard's descendant.
* Brandon is Charles's ancestor.
* Shirley is Jack's ancestor.
* George is Linda's ancestor.
* Judy is Brandon's ancestor.
* Lauren is Madison's descendant.
* Kayla is Jeremy's ancestor.
* Margaret is Ethan's descendant.
* Ruth is Bradley's ancestor.
* Ryan is Elijah's descendant.
* Harold is Nicole's ancestor.
* Pamela is Samantha's ancestor.
* John is Ryan's descendant.
* Ethan is Jeremy's descendant.
* Philip is Keith's descendant.
* John is Debra's ancestor.
* Katherine is Janet's ancestor.
* Joe is Alexis's ancestor.
* Emma is Amanda's descendant.
* Michelle is Judy's ancestor.
* Philip is Ruth's ancestor.
* Alan is Megan's descendant.
* Kayla is Brittany's descendant.
* Madison is Jesse's descendant.
* Julie is Anthony's descendant.
* Joe is Julie's descendant.
* Nathan is Jean's ancestor.
* Zachary is Jack's descendant.
* Dorothy is Janet's descendant.
* Amanda is Debra's descendant.
* Angela is Richard's ancestor.
* Brenda is Gabriel's ancestor.
Determine the lineage relationship between Michelle and Stephanie.
Select the correct answer:
1. Michelle is Stephanie's descendant.
2. Michelle and Stephanie share a common descendant.
3. Michelle is Stephanie's ancestor.
4. Michelle and Stephanie share a common ancestor.
5. None of the above is correct.
Enclose the selected answer number in the <ANSWER> tag, for example: <ANSWER>1</ANSWER>.",z-ai/glm-5,Z.AI,,,"To determine the relationship between Michelle and Stephanie, we can trace the lineage paths for both individuals.

**1. Trace the lineage starting from Stephanie:**
*   Stephanie is Joyce's ancestor. (Stephanie $\rightarrow$ Joyce)
*   Joyce is Amy's ancestor. (Joyce $\rightarrow$ Amy)
*   Kathleen is Amy's descendant. (Amy $\rightarrow$ Kathleen)
*   Kathleen is Bobby's ancestor. (Kathleen $\rightarrow$ Bobby)
*   Bobby is Angela's ancestor. (Bobby $\rightarrow$ Angela)
*   Angela is Richard's ancestor. (Angela $\rightarrow$ Richard)
*   Harold is Richard's descendant. (Richard $\rightarrow$ Harold)
*   Harold is Nicole's ancestor. (Harold $\rightarrow$ Nicole)
*   Nicole is Keith's ancestor. (Nicole $\rightarrow$ Keith)
*   Philip is Keith's descendant. (Keith $\rightarrow$ Philip)
*   Philip is Ruth's ancestor. (Philip $\rightarrow$ Ruth)
*   Ruth is Bradley's ancestor. (Ruth $\rightarrow$ Bradley)
*   Brittany is Bradley's descendant. (Bradley $\rightarrow$ Brittany)
*   Kayla is Brittany's descendant. (Brittany $\rightarrow$ Kayla)
*   Kayla is Jeremy's ancestor. (Kayla $\rightarrow$ Jeremy)
*   Ethan is Jeremy's descendant. (Jeremy $\rightarrow$ Ethan)
*   Margaret is Ethan's descendant. (Ethan $\rightarrow$ Margaret)
*   Elijah is Margaret's descendant. (Margaret $\rightarrow$ Elijah)
*   Ryan is Elijah's descendant. (Elijah $\rightarrow$ Ryan)
*   John is Ryan's descendant. (Ryan $\rightarrow$ John)
*   John is Debra's ancestor. (John $\rightarrow$ Debra)
*   Amanda is Debra's descendant. (Debra $\rightarrow$ Amanda)
*   Emma is Amanda's descendant. (Amanda $\rightarrow$ Emma)
*   Kelly is Emma's descendant. (Emma $\rightarrow$ Kelly)
*   Henry is Kelly's descendant. (Kelly $\rightarrow$ Henry)
*   Lawrence is Henry's descendant. (Henry $\rightarrow$ Lawrence)
*   Lawrence is Mason's ancestor. (Lawrence $\rightarrow$ Mason)
*   Mason is Megan's ancestor. (Mason $\rightarrow$ Megan)
*   Alan is Megan's descendant. (Megan $\rightarrow$ Alan)
*   Nathan is Alan's descendant. (Alan $\rightarrow$ Nathan)
*   Nathan is Jean's ancestor. (Nathan $\rightarrow$ Jean)
*   Jean is Wayne's ancestor. (Jean $\rightarrow$ Wayne)
*   George is Wayne's descendant. (Wayne $\rightarrow$ George)
*   George is Linda's ancestor. (George $\rightarrow$ Linda)
*   Pamela is Linda's descendant. (Linda $\rightarrow$ Pamela)
*   Pamela is Samantha's ancestor. (Pamela $\rightarrow$ Samantha)
*   Samantha is Susan's ancestor. (Samantha $\rightarrow$ Susan)
*   Susan is Benjamin's ancestor. (Susan $\rightarrow$ Benjamin)
*   Cynthia is Benjamin's descendant. (Benjamin $\rightarrow$ Cynthia)
*   Cynthia is Andrew's ancestor. (Cynthia $\rightarrow$ Andrew)
*   Andrew is Shirley's ancestor. (Andrew $\rightarrow$ Shirley)
*   Shirley is Jack's ancestor. (Shirley $\rightarrow$ Jack)
*   Zachary is Jack's descendant. (Jack $\rightarrow$ Zachary)
*   Zachary is Brenda's ancestor. (Zachary $\rightarrow$ Brenda)
*   Brenda is Gabriel's ancestor. (Brenda $\rightarrow$ Gabriel)
*   Gabriel is Lori's ancestor. (Gabriel $\rightarrow$ Lori)
*   Paul is Lori's descendant. (Lori $\rightarrow$ Paul)
*   Paul is Vincent's ancestor. (Paul $\rightarrow$ Vincent)
*   Vincent is Katherine's ancestor. (Vincent $\rightarrow$ Katherine)
*   Katherine is Janet's ancestor. (Katherine $\rightarrow$ Janet)
*   Dorothy is Janet's descendant. (Janet $\rightarrow$ Dorothy)
*   Dorothy is Jesse's ancestor. (Dorothy $\rightarrow$ Jesse)
*   Madison is Jesse's descendant. (Jesse $\rightarrow$ Madison)
*   Lauren is Madison's descendant. (Madison $\rightarrow$ Lauren)
*   Joan is Lauren's descendant. (Lauren $\rightarrow$ Joan)
*   Anthony is Joan's descendant. (Joan $\rightarrow$ Anthony)
*   Julie is Anthony's descendant. (Anthony $\rightarrow$ Julie)
*   Joe is Julie's descendant. (Julie $\rightarrow$ Joe)
*   Joe is Alexis's ancestor. (Joe $\rightarrow$ Alexis)
*   Alexis is Charles's ancestor. (Alexis $\rightarrow$ Charles)

From this, we establish that **Stephanie is an ancestor of Charles**.

**2. Trace the lineage starting from Michelle:**
*   Michelle is Judy's ancestor. (Michelle $\rightarrow$ Judy)
*   Judy is Brandon's ancestor. (Judy $\rightarrow$ Brandon)
*   Brandon is Charles's ancestor. (Brandon $\rightarrow$ Charles)

From this, we establish that **Michelle is an ancestor of Charles**.

**3. Determine the relationship:**
Both Michelle and Stephanie are ancestors of Charles. Since Charles is a descendant of both Michelle and Stephanie, they share a common descendant. Since the lines converge at Charles (one through Brandon, the other through Alexis), and there is no information indicating they share an ancestor or are in a direct line with each other, the correct relationship is that they share a common descendant.

<ANSWER>2</ANSWER>"
64,ANCESTOR,4,"Given the following lineage relationships:
* Alice is Linda's ancestor.
* Patricia is Joyce's ancestor.
* Roger is Julia's descendant.
* Beverly is Hannah's ancestor.
* Janet is John's ancestor.
* Isabella is Beverly's ancestor.
* Scott is Roy's ancestor.
* Carl is Kenneth's descendant.
* Janice is Danielle's ancestor.
* Gregory is Kathleen's ancestor.
* Abigail is Kathleen's descendant.
* Janet is Joyce's descendant.
* Stephanie is Christine's ancestor.
* Gerald is Nancy's descendant.
* George is Amy's descendant.
* Nathan is Olivia's descendant.
* Christopher is Julia's ancestor.
* Ethan is Gregory's ancestor.
* Ruth is Megan's descendant.
* Margaret is Vincent's ancestor.
* Mason is Jonathan's ancestor.
* Tyler is Terry's ancestor.
* Edward is Patrick's ancestor.
* Patrick is Megan's ancestor.
* Joan is Joshua's ancestor.
* Nathan is Christopher's ancestor.
* Danielle is Alan's ancestor.
* Terry is Joan's ancestor.
* Evelyn is Joseph's ancestor.
* Scott is Carol's descendant.
* Diana is Marilyn's ancestor.
* Janice is Jonathan's descendant.
* Ruth is Kenneth's ancestor.
* Alice is Catherine's descendant.
* Roger is Samantha's ancestor.
* Gloria is David's ancestor.
* Laura is Marilyn's descendant.
* Tyler is Pamela's descendant.
* Carol is Nicole's descendant.
* Joseph is Catherine's ancestor.
* Vincent is Bryan's ancestor.
* Diana is Arthur's descendant.
* Laura is Amy's ancestor.
* Stephen is Pamela's ancestor.
* Edward is Christine's descendant.
* Gerald is Mason's ancestor.
* Arthur is Diane's descendant.
* Evelyn is Cynthia's descendant.
* Douglas is Diane's ancestor.
* Bryan is Stephanie's ancestor.
* Nancy is Hannah's descendant.
* Stephen is Carl's descendant.
* David is Cynthia's ancestor.
* Roy is Mary's ancestor.
* Mary is Douglas's ancestor.
* Alan is Melissa's ancestor.
* Patricia is George's descendant.
* Samantha is Nicole's ancestor.
* John is Ethan's ancestor.
* Linda is Olivia's ancestor.
* Margaret is Donna's descendant.
* Melissa is Donna's ancestor.
* Joshua is Gloria's ancestor.
Determine the lineage relationship between Isabella and Abigail.
Select the correct answer:
1. Isabella and Abigail share a common ancestor.
2. Isabella and Abigail share a common descendant.
3. Isabella is Abigail's descendant.
4. Isabella is Abigail's ancestor.
5. None of the above is correct.
Enclose the selected answer number in the <ANSWER> tag, for example: <ANSWER>1</ANSWER>.",z-ai/glm-5,Z.AI,,,"To determine the lineage relationship between Isabella and Abigail, we must trace the family trees based on the provided statements.

**1. Trace Isabella's lineage:**
*   Isabella is Beverly's ancestor (Isabella $\rightarrow$ Beverly).
*   Beverly is Hannah's ancestor (Beverly $\rightarrow$ Hannah).
*   Hannah is Nancy's ancestor (Hannah $\rightarrow$ Nancy).
*   Nancy is Gerald's ancestor (Nancy $\rightarrow$ Gerald).
*   Gerald is Mason's ancestor (Gerald $\rightarrow$ Mason).
*   Mason is Jonathan's ancestor (Mason $\rightarrow$ Jonathan).
*   Jonathan is Janice's ancestor (Jonathan $\rightarrow$ Janice).
*   Janice is Danielle's ancestor (Janice $\rightarrow$ Danielle).
*   Danielle is Alan's ancestor (Danielle $\rightarrow$ Alan).
*   Alan is Melissa's ancestor (Alan $\rightarrow$ Melissa).
*   Melissa is Donna's ancestor (Melissa $\rightarrow$ Donna).
*   Donna is Margaret's ancestor (Donna $\rightarrow$ Margaret).
*   Margaret is Vincent's ancestor (Margaret $\rightarrow$ Vincent).
*   Vincent is Bryan's ancestor (Vincent $\rightarrow$ Bryan).
*   Bryan is Stephanie's ancestor (Bryan $\rightarrow$ Stephanie).
*   Stephanie is Christine's ancestor (Stephanie $\rightarrow$ Christine).
*   Christine is Edward's ancestor (Christine $\rightarrow$ Edward).
*   Edward is Patrick's ancestor (Edward $\rightarrow$ Patrick).
*   Patrick is Megan's ancestor (Patrick $\rightarrow$ Megan).
*   Megan is Ruth's ancestor (Megan $\rightarrow$ Ruth).
*   Ruth is Kenneth's ancestor (Ruth $\rightarrow$ Kenneth).
*   Kenneth is Carl's ancestor (Kenneth $\rightarrow$ Carl).
*   Carl is Stephen's ancestor (Carl $\rightarrow$ Stephen).
*   Stephen is Pamela's ancestor (Stephen $\rightarrow$ Pamela).
*   Pamela is Tyler's ancestor (Pamela $\rightarrow$ Tyler).
*   Tyler is Terry's ancestor (Tyler $\rightarrow$ Terry).
*   Terry is Joan's ancestor (Terry $\rightarrow$ Joan).
*   Joan is Joshua's ancestor (Joan $\rightarrow$ Joshua).
*   Joshua is Gloria's ancestor (Joshua $\rightarrow$ Gloria).
*   Gloria is David's ancestor (Gloria $\rightarrow$ David).
*   David is Cynthia's ancestor (David $\rightarrow$ Cynthia).
*   Cynthia is Evelyn's ancestor (Cynthia $\rightarrow$ Evelyn).
*   Evelyn is Joseph's ancestor (Evelyn $\rightarrow$ Joseph).
*   Joseph is Catherine's ancestor (Joseph $\rightarrow$ Catherine).
*   Catherine is Alice's ancestor (Catherine $\rightarrow$ Alice).
*   Alice is Linda's ancestor (Alice $\rightarrow$ Linda).
*   Linda is Olivia's ancestor (Linda $\rightarrow$ Olivia).
*   Olivia is Nathan's ancestor (Olivia $\rightarrow$ Nathan).

Thus, **Isabella is an ancestor of Nathan.**

**2. Trace Abigail's lineage:**
*   Abigail is Kathleen's descendant (Kathleen $\rightarrow$ Abigail).
*   Kathleen is Gregory's descendant (Gregory $\rightarrow$ Kathleen).
*   Gregory is Ethan's descendant (Ethan $\rightarrow$ Gregory).
*   Ethan is John's descendant (John $\rightarrow$ Ethan).
*   John is Janet's descendant (Janet $\rightarrow$ John).
*   Janet is Joyce's descendant (Joyce $\rightarrow$ Janet).
*   Joyce is Patricia's descendant (Patricia $\rightarrow$ Joyce).
*   Patricia is George's descendant (George $\rightarrow$ Patricia).
*   George is Amy's descendant (Amy $\rightarrow$ George).
*   Amy is Laura's descendant (Laura $\rightarrow$ Amy).
*   Laura is Marilyn's descendant (Marilyn $\rightarrow$ Laura).
*   Marilyn is Diana's descendant (Diana $\rightarrow$ Marilyn).
*   Diana is Arthur's descendant (Arthur $\rightarrow$ Diana).
*   Arthur is Diane's descendant (Diane $\rightarrow$ Arthur).
*   Diane is Douglas's descendant (Douglas $\rightarrow$ Diane).
*   Douglas is Mary's descendant (Mary $\rightarrow$ Douglas).
*   Mary is Roy's descendant (Roy $\rightarrow$ Mary).
*   Roy is Scott's descendant (Scott $\rightarrow$ Roy).
*   Scott is Carol's descendant (Carol $\rightarrow$ Scott).
*   Carol is Nicole's descendant (Nicole $\rightarrow$ Carol).
*   Nicole is Samantha's descendant (Samantha $\rightarrow$ Nicole).
*   Samantha is Roger's descendant (Roger $\rightarrow$ Samantha).
*   Roger is Julia's descendant (Julia $\rightarrow$ Roger).
*   Julia is Christopher's descendant (Christopher $\rightarrow$ Julia).

Thus, **Christopher is an ancestor of Abigail.**

**3. Analyze the connection:**
We have two distinct lines:
*   Line 1: Isabella $\rightarrow$ ... $\rightarrow$ Olivia $\rightarrow$ Nathan.
*   Line 2: Christopher $\rightarrow$ ... $\rightarrow$ Abigail.

There is a linking statement: ""Nathan is Christopher's descendant"" (Christopher $\rightarrow$ Nathan).
This implies that Nathan is a descendant of both Olivia (and thus Isabella) and Christopher.
*   Isabella is an ancestor of Nathan.
*   Christopher is an ancestor of Nathan.
*   Abigail is a descendant of Christopher.

**Relationship Analysis:**
*   **Common Ancestor?** Isabella and Abigail do not share a common ancestor in the provided text. Isabella is a root in this dataset, and Christopher (Abigail's ancestor) is a separate root with no listed parents. They are distinct family lines that merge at Nathan.
*   **Common Descendant?** A common descendant would require both Isabella and Abigail to be ancestors of the same person. Isabella is an ancestor of Nathan. Abigail is a leaf node (no listed descendants) and is actually of the same generation as Nathan's descendants (she is Christopher's descendant, like Nathan). Abigail is not an ancestor of Nathan. Thus, they do not share a common descendant.
*   **Direct Lineage?** Isabella is not Abigail's ancestor (Abigail descends from Christopher, who is not Isabella's descendant; rather, Christopher and Isabella's descendant Olivia share a descendant, Nathan). Isabella is not Abigail's descendant (Isabella is a distant ancestor).

Therefore, none of the direct lineage or shared relations listed in options 1-4 are correct.

<ANSWER>5</ANSWER>"
64,DESCENDANT,2,"Given the following lineage relationships:
* Christian is Heather's ancestor.
* Roger is Pamela's descendant.
* Harold is Kevin's ancestor.
* Beverly is Diane's ancestor.
* Sarah is Ronald's ancestor.
* Maria is Beverly's ancestor.
* Brandon is Danielle's descendant.
* Barbara is Amber's descendant.
* Rachel is Roy's descendant.
* Cheryl is Lisa's descendant.
* Samantha is Elizabeth's descendant.
* Megan is Andrea's ancestor.
* Jose is Russell's ancestor.
* Katherine is Natalie's ancestor.
* Frank is Amber's ancestor.
* Bradley is Wayne's descendant.
* Abigail is Dennis's descendant.
* Jacob is Andrea's descendant.
* Doris is Alice's descendant.
* Diane is Wayne's ancestor.
* Mason is Madison's ancestor.
* Frank is Natalie's descendant.
* Karen is Peter's descendant.
* Melissa is Keith's ancestor.
* Nicole is James's descendant.
* Isabella is Katherine's ancestor.
* Robert is Doris's descendant.
* Karen is Emma's ancestor.
* Rachel is Judy's ancestor.
* Gerald is Patricia's descendant.
* James is Janice's descendant.
* Bruce is Jose's ancestor.
* Harold is Joyce's descendant.
* Elizabeth is Abigail's descendant.
* Daniel is Frances's descendant.
* Lisa is Shirley's descendant.
* Victoria is Nicole's descendant.
* Kyle is Melissa's ancestor.
* Pamela is Judy's descendant.
* Janice is Cheryl's descendant.
* Megan is Russell's descendant.
* Diana is Alice's ancestor.
* Sarah is Jonathan's descendant.
* Barbara is Kelly's ancestor.
* Dennis is Robert's descendant.
* Deborah is Peter's ancestor.
* Shirley is Jessica's descendant.
* Emma is Frances's ancestor.
* Edward is Mason's ancestor.
* Joyce is Samantha's descendant.
* Deborah is Bradley's descendant.
* Patricia is Kelly's descendant.
* Ralph is Jessica's ancestor.
* Bruce is Madison's descendant.
* Gerald is Roy's ancestor.
* Ralph is Daniel's descendant.
* Heather is Danielle's ancestor.
* Kyle is Kevin's descendant.
* Edward is Brandon's descendant.
* Roger is Christian's ancestor.
* Keith is Jonathan's ancestor.
* Diana is Jacob's descendant.
* Maria is Ronald's descendant.
Determine the lineage relationship between Victoria and Isabella.
Select the correct answer:
1. Victoria and Isabella share a common descendant.
2. Victoria is Isabella's descendant.
3. Victoria is Isabella's ancestor.
4. Victoria and Isabella share a common ancestor.
5. None of the above is correct.
Enclose the selected answer number in the <ANSWER> tag, for example: <ANSWER>1</ANSWER>.",z-ai/glm-5,Z.AI,,,"To determine the lineage relationship between Victoria and Isabella, we can trace the family tree connections provided in the statements. We need to find a path from one to the other or a common point.

Let's trace the ancestry of Victoria:
1.  **Victoria** is **Nicole**'s descendant (Statement 37).
2.  **Nicole** is **James**'s descendant (Statement 25).
3.  **James** is **Janice**'s descendant (Statement 31).
4.  **Janice** is **Cheryl**'s descendant (Statement 40).
5.  **Cheryl** is **Lisa**'s descendant (Statement 10).
6.  **Lisa** is **Shirley**'s descendant (Statement 36).
7.  **Shirley** is **Jessica**'s descendant (Statement 47).
8.  **Jessica** is **Ralph**'s descendant (Statement 53).
9.  **Ralph** is **Daniel**'s descendant (Statement 56).
10. **Daniel** is **Frances**'s descendant (Statement 35).
11. **Frances** is **Emma**'s descendant (Statement 48).
12. **Emma** is **Karen**'s descendant (Statement 28).
13. **Karen** is **Peter**'s descendant (Statement 23).
14. **Peter** is **Deborah**'s descendant (Statement 46).
15. **Deborah** is **Bradley**'s descendant (Statement 51).
16. **Bradley** is **Wayne**'s descendant (Statement 16).
17. **Wayne** is **Diane**'s descendant (Statement 20).
18. **Diane** is **Beverly**'s descendant (Statement 4).
19. **Beverly** is **Maria**'s descendant (Statement 6).
20. **Maria** is **Ronald**'s descendant (Statement 63).
21. **Ronald** is **Sarah**'s descendant (Statement 5).
22. **Sarah** is **Jonathan**'s descendant (Statement 43).
23. **Jonathan** is **Keith**'s descendant (Statement 61).
24. **Keith** is **Melissa**'s descendant (Statement 24).
25. **Melissa** is **Kyle**'s descendant (Statement 38).
26. **Kyle** is **Kevin**'s descendant (Statement 58).
27. **Kevin** is **Harold**'s descendant (Statement 3).
28. **Harold** is **Joyce**'s descendant (Statement 33).
29. **Joyce** is **Samantha**'s descendant (Statement 50).
30. **Samantha** is **Elizabeth**'s descendant (Statement 11).
31. **Elizabeth** is **Abigail**'s descendant (Statement 34).
32. **Abigail** is **Dennis**'s descendant (Statement 17).
33. **Dennis** is **Robert**'s descendant (Statement 45).
34. **Robert** is **Doris**'s descendant (Statement 27).
35. **Doris** is **Alice**'s descendant (Statement 19).
36. **Alice** is **Diana**'s descendant (Statement 42).
37. **Diana** is **Jacob**'s descendant (Statement 62).
38. **Jacob** is **Andrea**'s descendant (Statement 18).
39. **Andrea** is **Megan**'s descendant (Statement 12).
40. **Megan** is **Russell**'s descendant (Statement 41).
41. **Russell** is **Jose**'s descendant (Statement 13).
42. **Jose** is **Bruce**'s descendant (Statement 32).
43. **Bruce** is **Madison**'s descendant (Statement 54).
44. **Madison** is **Mason**'s descendant (Statement 21).
45. **Mason** is **Edward**'s descendant (Statement 49).
46. **Edward** is **Brandon**'s descendant (Statement 59).
47. **Brandon** is **Danielle**'s descendant (Statement 7).
48. **Danielle** is **Heather**'s descendant (Statement 57).
49. **Heather** is **Christian**'s descendant (Statement 1).
50. **Christian** is **Roger**'s descendant (Statement 60: ""Roger is Christian's ancestor"" implies Christian is Roger's descendant).
51. **Roger** is **Pamela**'s descendant (Statement 2).
52. **Pamela** is **Judy**'s descendant (Statement 39).
53. **Judy** is **Rachel**'s descendant (Statement 29).
54. **Rachel** is **Roy**'s descendant (Statement 9).
55. **Roy** is **Gerald**'s descendant (Statement 55).
56. **Gerald** is **Patricia**'s descendant (Statement 30).
57. **Patricia** is **Kelly**'s descendant (Statement 52).
58. **Kelly** is **Barbara**'s descendant (Statement 44).
59. **Barbara** is **Amber**'s descendant (Statement 8).
60. **Amber** is **Frank**'s descendant (Statement 15).
61. **Frank** is **Natalie**'s descendant (Statement 22).
62. **Natalie** is **Katherine**'s descendant (Statement 14).
63. **Katherine** is **Isabella**'s descendant (Statement 26).

By following this continuous chain, we can see that Isabella is an ancestor of Katherine, who is an ancestor of ... Victoria.
Thus, Isabella is an ancestor of Victoria.
Consequently, Victoria is a descendant of Isabella.

Let's review the options:
1.  Victoria and Isabella share a common descendant. (False. Victoria is the descendant, Isabella is the ancestor).
2.  Victoria is Isabella's descendant. (True, based on the derived lineage).
3.  Victoria is Isabella's ancestor. (False. The relationship is the other way around).
4.  Victoria and Isabella share a common ancestor. (While Isabella is a common ancestor in a trivial sense, Option 2 is the direct and correct description of their specific relationship).
5.  None of the above is correct. (False, since Option 2 is correct).

<ANSWER>2</ANSWER>"
64,COMMON_ANCESTOR,3,"Given the following lineage relationships:
* Emily is Patrick's descendant.
* Alice is Emily's descendant.
* Kenneth is Janice's descendant.
* Dennis is Sharon's descendant.
* Noah is Brittany's descendant.
* Grace is Bobby's descendant.
* Gerald is Maria's descendant.
* Dennis is Ann's ancestor.
* Natalie is Ann's descendant.
* Zachary is Cheryl's ancestor.
* Madison is Rebecca's descendant.
* Terry is Ethan's ancestor.
* Amy is Carl's ancestor.
* Michael is John's descendant.
* Edward is Jacob's descendant.
* Jacob is Kenneth's descendant.
* Terry is Jose's descendant.
* John is Martha's descendant.
* Lauren is Robert's ancestor.
* Frances is Melissa's descendant.
* Thomas is Frances's descendant.
* Marilyn is Aaron's descendant.
* Natalie is Raymond's ancestor.
* Abigail is Maria's ancestor.
* Angela is Alice's descendant.
* Brenda is Anthony's descendant.
* Anthony is Nicholas's descendant.
* Marilyn is Sharon's ancestor.
* Gerald is Dorothy's ancestor.
* Diana is Peter's ancestor.
* Elijah is Laura's descendant.
* Thomas is Laura's ancestor.
* Martha is Janet's descendant.
* Nicholas is Cheryl's descendant.
* Aaron is Noah's descendant.
* Walter is Kelly's descendant.
* Patricia is Carl's descendant.
* Brittany is Ethan's descendant.
* Amy is Marie's descendant.
* Mary is Elijah's descendant.
* Bobby is Deborah's descendant.
* Ronald is Bradley's descendant.
* Robert is Nicole's ancestor.
* Sarah is Melissa's ancestor.
* Mary is Patrick's ancestor.
* Brenda is Sarah's ancestor.
* Nicole is Charles's ancestor.
* Diana is Walter's descendant.
* Charles is Deborah's ancestor.
* Bruce is Abigail's ancestor.
* Michael is Adam's ancestor.
* Rebecca is Lauren's descendant.
* Madison is Janice's ancestor.
* Ronald is Logan's ancestor.
* Grace is Bruce's ancestor.
* Brandon is Edward's descendant.
* Vincent is Kelly's ancestor.
* Adam is Bradley's ancestor.
* Marie is Dorothy's descendant.
* Peter is Jose's ancestor.
* Brandon is Vincent's ancestor.
* Janet is Angela's descendant.
* Patricia is Zachary's ancestor.
Determine the lineage relationship between Raymond and Logan.
Select the correct answer:
1. Raymond and Logan share a common descendant.
2. Raymond is Logan's descendant.
3. Raymond and Logan share a common ancestor.
4. Raymond is Logan's ancestor.
5. None of the above is correct.
Enclose the selected answer number in the <ANSWER> tag, for example: <ANSWER>1</ANSWER>.",z-ai/glm-5,Z.AI,,,"To determine the relationship between Raymond and Logan, we need to trace their lineage back through the provided statements.

**Tracing Raymond's Lineage:**
1.  **Natalie is Raymond's ancestor** implies: Natalie $\rightarrow$ Raymond.
2.  **Natalie is Ann's descendant** implies: Ann $\rightarrow$ Natalie $\rightarrow$ Raymond.
3.  **Dennis is Ann's ancestor** implies: Dennis $\rightarrow$ Ann $\rightarrow$ Natalie $\rightarrow$ Raymond.
4.  **Dennis is Sharon's descendant** implies: Sharon $\rightarrow$ Dennis $\rightarrow$ Ann $\rightarrow$ Natalie $\rightarrow$ Raymond.
5.  **Marilyn is Sharon's ancestor** implies: Marilyn $\rightarrow$ Sharon $\rightarrow$ Dennis $\rightarrow$ Ann $\rightarrow$ Natalie $\rightarrow$ Raymond.
6.  **Marilyn is Aaron's descendant** implies: Aaron $\rightarrow$ Marilyn $\rightarrow$ ... $\rightarrow$ Raymond.
7.  **Aaron is Noah's descendant** implies: Noah $\rightarrow$ Aaron $\rightarrow$ ... $\rightarrow$ Raymond.
8.  **Noah is Brittany's descendant** implies: Brittany $\rightarrow$ Noah $\rightarrow$ ... $\rightarrow$ Raymond.
9.  **Brittany is Ethan's descendant** implies: Ethan $\rightarrow$ Brittany $\rightarrow$ ... $\rightarrow$ Raymond.
10. **Terry is Ethan's ancestor** implies: Terry $\rightarrow$ Ethan $\rightarrow$ ... $\rightarrow$ Raymond.
11. **Terry is Jose's descendant** implies: Jose $\rightarrow$ Terry $\rightarrow$ ... $\rightarrow$ Raymond.
12. **Peter is Jose's ancestor** implies: Peter $\rightarrow$ Jose $\rightarrow$ ... $\rightarrow$ Raymond.
13. **Diana is Peter's ancestor** implies: Diana $\rightarrow$ Peter $\rightarrow$ ... $\rightarrow$ Raymond.
14. **Diana is Walter's descendant** implies: Walter $\rightarrow$ Diana $\rightarrow$ ... $\rightarrow$ Raymond.
15. **Walter is Kelly's descendant** implies: Kelly $\rightarrow$ Walter $\rightarrow$ ... $\rightarrow$ Raymond.
16. **Vincent is Kelly's ancestor** implies: Vincent $\rightarrow$ Kelly $\rightarrow$ ... $\rightarrow$ Raymond.
17. **Brandon is Vincent's ancestor** implies: Brandon $\rightarrow$ Vincent $\rightarrow$ ... $\rightarrow$ Raymond.
18. **Brandon is Edward's descendant** implies: Edward $\rightarrow$ Brandon $\rightarrow$ ... $\rightarrow$ Raymond.
19. **Edward is Jacob's descendant** implies: Jacob $\rightarrow$ Edward $\rightarrow$ ... $\rightarrow$ Raymond.
20. **Jacob is Kenneth's descendant** implies: Kenneth $\rightarrow$ Jacob $\rightarrow$ ... $\rightarrow$ Raymond.
21. **Kenneth is Janice's descendant** implies: Janice $\rightarrow$ Kenneth $\rightarrow$ ... $\rightarrow$ Raymond.
22. **Madison is Janice's ancestor** implies: Madison $\rightarrow$ Janice $\rightarrow$ ... $\rightarrow$ Raymond.
23. **Madison is Rebecca's descendant** implies: Rebecca $\rightarrow$ Madison $\rightarrow$ ... $\rightarrow$ Raymond.
24. **Rebecca is Lauren's descendant** implies: **Lauren** $\rightarrow$ Rebecca $\rightarrow$ ... $\rightarrow$ Raymond.

**Tracing Logan's Lineage:**
1.  **Ronald is Logan's ancestor** implies: Ronald $\rightarrow$ Logan.
2.  **Ronald is Bradley's descendant** implies: Bradley $\rightarrow$ Ronald $\rightarrow$ Logan.
3.  **Adam is Bradley's ancestor** implies: Adam $\rightarrow$ Bradley $\rightarrow$ ... $\rightarrow$ Logan.
4.  **Michael is Adam's ancestor** implies: Michael $\rightarrow$ Adam $\rightarrow$ ... $\rightarrow$ Logan.
5.  **Michael is John's descendant** implies: John $\rightarrow$ Michael $\rightarrow$ ... $\rightarrow$ Logan.
6.  **John is Martha's descendant** implies: Martha $\rightarrow$ John $\rightarrow$ ... $\rightarrow$ Logan.
7.  **Martha is Janet's descendant** implies: Janet $\rightarrow$ Martha $\rightarrow$ ... $\rightarrow$ Logan.
8.  **Janet is Angela's descendant** implies: Angela $\rightarrow$ Janet $\rightarrow$ ... $\rightarrow$ Logan.
9.  **Angela is Alice's descendant** implies: Alice $\rightarrow$ Angela $\rightarrow$ ... $\rightarrow$ Logan.
10. **Alice is Emily's descendant** implies: Emily $\rightarrow$ Alice $\rightarrow$ ... $\rightarrow$ Logan.
11. **Emily is Patrick's descendant** implies: Patrick $\rightarrow$ Emily $\rightarrow$ ... $\rightarrow$ Logan.
12. **Mary is Patrick's ancestor** implies: Mary $\rightarrow$ Patrick $\rightarrow$ ... $\rightarrow$ Logan.
13. **Mary is Elijah's descendant** implies: Elijah $\rightarrow$ Mary $\rightarrow$ ... $\rightarrow$ Logan.
14. **Elijah is Laura's descendant** implies: Laura $\rightarrow$ Elijah $\rightarrow$ ... $\rightarrow$ Logan.
15. **Thomas is Laura's ancestor** implies: Thomas $\rightarrow$ Laura $\rightarrow$ ... $\rightarrow$ Logan.
16. **Thomas is Frances's descendant** implies: Frances $\rightarrow$ Thomas $\rightarrow$ ... $\rightarrow$ Logan.
17. **Frances is Melissa's descendant** implies: Melissa $\rightarrow$ Frances $\rightarrow$ ... $\rightarrow$ Logan.
18. **Sarah is Melissa's ancestor** implies: Sarah $\rightarrow$ Melissa $\rightarrow$ ... $\rightarrow$ Logan.
19. **Brenda is Sarah's ancestor** implies: Brenda $\rightarrow$ Sarah $\rightarrow$ ... $\rightarrow$ Logan.
20. **Brenda is Anthony's descendant** implies: Anthony $\rightarrow$ Brenda $\rightarrow$ ... $\rightarrow$ Logan.
21. **Anthony is Nicholas's descendant** implies: Nicholas $\rightarrow$ Anthony $\rightarrow$ ... $\rightarrow$ Logan.
22. **Nicholas is Cheryl's descendant** implies: Cheryl $\rightarrow$ Nicholas $\rightarrow$ ... $\rightarrow$ Logan.
23. **Zachary is Cheryl's ancestor** implies: Zachary $\rightarrow$ Cheryl $\rightarrow$ ... $\rightarrow$ Logan.
24. **Patricia is Zachary's ancestor** implies: Patricia $\rightarrow$ Zachary $\rightarrow$ ... $\rightarrow$ Logan.
25. **Patricia is Carl's descendant** implies: Carl $\rightarrow$ Patricia $\rightarrow$ ... $\rightarrow$ Logan.
26. **Amy is Carl's ancestor** implies: Amy $\rightarrow$ Carl $\rightarrow$ ... $\rightarrow$ Logan.
27. **Amy is Marie's descendant** implies: Marie $\rightarrow$ Amy $\rightarrow$ ... $\rightarrow$ Logan.
28. **Marie is Dorothy's descendant** implies: Dorothy $\rightarrow$ Marie $\rightarrow$ ... $\rightarrow$ Logan.
29. **Gerald is Dorothy's ancestor** implies: Gerald $\rightarrow$ Dorothy $\rightarrow$ ... $\rightarrow$ Logan.
30. **Gerald is Maria's descendant** implies: Maria $\rightarrow$ Gerald $\rightarrow$ ... $\rightarrow$ Logan.
31. **Abigail is Maria's ancestor** implies: Abigail $\rightarrow$ Maria $\rightarrow$ ... $\rightarrow$ Logan.
32. **Bruce is Abigail's ancestor** implies: Bruce $\rightarrow$ Abigail $\rightarrow$ ... $\rightarrow$ Logan.
33. **Grace is Bruce's ancestor** implies: Grace $\rightarrow$ Bruce $\rightarrow$ ... $\rightarrow$ Logan.
34. **Grace is Bobby's descendant** implies: Bobby $\rightarrow$ Grace $\rightarrow$ ... $\rightarrow$ Logan.
35. **Bobby is Deborah's descendant** implies: Deborah $\rightarrow$ Bobby $\rightarrow$ ... $\rightarrow$ Logan.
36. **Charles is Deborah's ancestor** implies: Charles $\rightarrow$ Deborah $\rightarrow$ ... $\rightarrow$ Logan.
37. **Nicole is Charles's ancestor** implies: Nicole $\rightarrow$ Charles $\rightarrow$ ... $\rightarrow$ Logan.
38. **Robert is Nicole's ancestor** implies: Robert $\rightarrow$ Nicole $\rightarrow$ ... $\rightarrow$ Logan.
39. **Lauren is Robert's ancestor** implies: **Lauren** $\rightarrow$ Robert $\rightarrow$ ... $\rightarrow$ Logan.

**Conclusion:**
Both Raymond and Logan are descendants of Lauren.
*   Lauren $\rightarrow$ Rebecca $\rightarrow$ ... $\rightarrow$ Raymond.
*   Lauren $\rightarrow$ Robert $\rightarrow$ ... $\rightarrow$ Logan.

Therefore, Raymond and Logan share a common ancestor (Lauren).

<ANSWER>3</ANSWER>"
64,COMMON_DESCENDANT,3,"Given the following lineage relationships:
* Rachel is Judith's descendant.
* Brandon is Roger's ancestor.
* Judith is Evelyn's descendant.
* Jonathan is Brittany's descendant.
* Charlotte is Nancy's descendant.
* Vincent is Madison's descendant.
* Bryan is Roy's descendant.
* Eric is Nicholas's descendant.
* Lori is Abigail's ancestor.
* Deborah is Elijah's descendant.
* Barbara is Roy's ancestor.
* Bryan is Frances's ancestor.
* Walter is Marilyn's ancestor.
* Carol is Hannah's descendant.
* Dorothy is Melissa's descendant.
* Peter is Walter's ancestor.
* Nancy is Rachel's descendant.
* Helen is Jordan's ancestor.
* Sophia is Shirley's ancestor.
* Nicholas is Joan's descendant.
* Jesse is John's descendant.
* Dylan is Teresa's ancestor.
* Jonathan is Judy's ancestor.
* Eric is Brenda's ancestor.
* Elijah is Marie's descendant.
* Katherine is Sean's descendant.
* Lisa is Helen's ancestor.
* Katherine is Brittany's ancestor.
* Marilyn is Harold's ancestor.
* Alexander is Brenda's descendant.
* Charlotte is Andrea's ancestor.
* Joseph is Thomas's ancestor.
* Sandra is Harold's descendant.
* Diane is Dorothy's descendant.
* Hannah is Diane's descendant.
* Abigail is Deborah's descendant.
* Cheryl is Anna's ancestor.
* Nicole is Sean's ancestor.
* Michelle is Nicole's ancestor.
* Cheryl is Andrea's descendant.
* Sophia is Teresa's descendant.
* Lori is Brian's descendant.
* Carol is Dylan's ancestor.
* Joan is Sandra's descendant.
* Amanda is Michelle's ancestor.
* Arthur is Lisa's ancestor.
* James is John's ancestor.
* Frank is Olivia's ancestor.
* Brian is Frances's descendant.
* Brandon is Jesse's descendant.
* Roger is Barbara's ancestor.
* Alexander is Joseph's ancestor.
* Amanda is Logan's descendant.
* Olivia is Julie's ancestor.
* Evelyn is Kimberly's descendant.
* Jordan is Melissa's ancestor.
* Julie is Kimberly's ancestor.
* Thomas is Madison's ancestor.
* Frank is Judy's descendant.
* Anna is Marie's ancestor.
* Peter is Billy's descendant.
* Shirley is James's ancestor.
* Vincent is Logan's ancestor.
Determine the lineage relationship between Billy and Arthur.
Select the correct answer:
1. Billy and Arthur share a common ancestor.
2. Billy is Arthur's ancestor.
3. Billy and Arthur share a common descendant.
4. Billy is Arthur's descendant.
5. None of the above is correct.
Enclose the selected answer number in the <ANSWER> tag, for example: <ANSWER>1</ANSWER>.",z-ai/glm-5,Z.AI,,,<ANSWER>3</ANSWER>
64,ANCESTOR,3,"Given the following lineage relationships:
* Charles is Christian's descendant.
* Amber is Beverly's ancestor.
* Lawrence is Nicole's ancestor.
* David is Judith's descendant.
* Nicholas is Stephanie's ancestor.
* Terry is Cheryl's ancestor.
* Andrew is Emma's ancestor.
* Donald is Kayla's ancestor.
* Theresa is Jonathan's ancestor.
* Amber is Charles's descendant.
* Abigail is Russell's ancestor.
* Helen is Natalie's ancestor.
* Jean is Pamela's ancestor.
* Brittany is Joan's ancestor.
* Kyle is Stephanie's descendant.
* Kathryn is Kelly's ancestor.
* Ethan is Janet's descendant.
* Samuel is Christine's descendant.
* Wayne is Samantha's descendant.
* Kelly is Albert's ancestor.
* Jacqueline is Terry's ancestor.
* Beverly is Debra's ancestor.
* Abigail is William's descendant.
* Betty is Elijah's descendant.
* Gabriel is Helen's ancestor.
* Gabriel is Kyle's descendant.
* William is Jerry's descendant.
* Steven is Christina's descendant.
* Charlotte is Emma's descendant.
* Andrew is Samuel's descendant.
* Kimberly is Roy's descendant.
* Samantha is Jack's descendant.
* Janet is David's descendant.
* Carolyn is Jack's ancestor.
* Kimberly is James's ancestor.
* Cynthia is James's descendant.
* Judith is Bradley's descendant.
* Michelle is Joe's descendant.
* Edward is Pamela's descendant.
* Brandon is Megan's descendant.
* Brittany is Albert's descendant.
* Joan is Donald's ancestor.
* Cynthia is Bradley's ancestor.
* Vincent is Kayla's descendant.
* Vincent is Megan's ancestor.
* Charlotte is Ashley's ancestor.
* Gerald is Michelle's descendant.
* Jonathan is Christian's ancestor.
* Jerry is Betty's descendant.
* Natalie is Elijah's ancestor.
* Wayne is Joe's ancestor.
* Jean is Brandon's descendant.
* Dennis is Carolyn's ancestor.
* Jacqueline is Ashley's descendant.
* Debra is Lawrence's ancestor.
* Joyce is Christine's ancestor.
* Nicole is Dorothy's ancestor.
* Nicholas is Edward's descendant.
* Theresa is Russell's descendant.
* Cheryl is Roy's ancestor.
* Dorothy is Dennis's ancestor.
* Christina is Ethan's descendant.
* Joyce is Gerald's descendant.
Determine the lineage relationship between Kathryn and Steven.
Select the correct answer:
1. Kathryn and Steven share a common ancestor.
2. Kathryn and Steven share a common descendant.
3. Kathryn is Steven's ancestor.
4. Kathryn is Steven's descendant.
5. None of the above is correct.
Enclose the selected answer number in the <ANSWER> tag, for example: <ANSWER>1</ANSWER>.",z-ai/glm-5,Z.AI,,,<ANSWER>3</ANSWER>
64,DESCENDANT,2,"Given the following lineage relationships:
* Janet is George's ancestor.
* Rachel is Nicole's ancestor.
* Charles is Gabriel's descendant.
* Charles is Brenda's ancestor.
* Arthur is Heather's descendant.
* Cynthia is Frances's ancestor.
* Mark is Juan's descendant.
* Bryan is Brenda's descendant.
* Judith is Evelyn's descendant.
* Mark is Kenneth's ancestor.
* Albert is Kevin's descendant.
* Peter is Jacob's ancestor.
* Amber is Joshua's ancestor.
* Jennifer is Janet's ancestor.
* Hannah is Marie's descendant.
* Jean is Maria's descendant.
* Kenneth is Bradley's ancestor.
* Frances is Margaret's ancestor.
* Logan is Deborah's descendant.
* George is Jordan's ancestor.
* Lori is Isabella's descendant.
* Christopher is Marie's ancestor.
* Scott is Rachel's ancestor.
* Deborah is Patrick's descendant.
* Joshua is Danielle's ancestor.
* Wayne is Nancy's descendant.
* Stephanie is Patrick's ancestor.
* Susan is Jacob's descendant.
* Jean is Abigail's ancestor.
* Bradley is Grace's ancestor.
* Eric is Albert's descendant.
* Lisa is Arthur's descendant.
* Christopher is Grace's descendant.
* Lori is Cynthia's ancestor.
* Hannah is Julie's ancestor.
* Carolyn is Henry's descendant.
* Anthony is Bryan's descendant.
* Timothy is Maria's ancestor.
* John is Judith's descendant.
* Zachary is Laura's ancestor.
* Charlotte is Laura's descendant.
* Kevin is Amanda's descendant.
* Nicole is Gabriel's ancestor.
* Lisa is Isabella's ancestor.
* Victoria is Jacqueline's ancestor.
* Stephanie is Abigail's descendant.
* Eric is Justin's ancestor.
* Jacqueline is Peter's ancestor.
* Margaret is Mary's ancestor.
* Brandon is Matthew's descendant.
* Amber is Logan's descendant.
* Scott is Charlotte's descendant.
* Matthew is Mary's descendant.
* Susan is Nancy's ancestor.
* John is Victoria's ancestor.
* Heather is Justin's descendant.
* Henry is Danielle's descendant.
* Timothy is Julie's descendant.
* Juan is Wayne's descendant.
* Sophia is Evelyn's ancestor.
* Jennifer is Carolyn's descendant.
* Brandon is Zachary's ancestor.
* Sophia is Anthony's descendant.
Determine the lineage relationship between Jordan and Amanda.
Select the correct answer:
1. Jordan and Amanda share a common ancestor.
2. Jordan is Amanda's descendant.
3. Jordan is Amanda's ancestor.
4. Jordan and Amanda share a common descendant.
5. None of the above is correct.
Enclose the selected answer number in the <ANSWER> tag, for example: <ANSWER>1</ANSWER>.",z-ai/glm-5,Z.AI,,,<ANSWER>2</ANSWER>
64,COMMON_ANCESTOR,3,"Given the following lineage relationships:
* Victoria is Alan's ancestor.
* Judith is Christina's descendant.
* Andrew is Gabriel's descendant.
* Shirley is Janice's descendant.
* Lori is Gerald's descendant.
* Rachel is Justin's descendant.
* Richard is Frances's descendant.
* Denise is Brian's ancestor.
* Ann is Edward's descendant.
* Mary is Martha's descendant.
* Sandra is Gerald's ancestor.
* Ethan is Janet's ancestor.
* Jose is Eric's descendant.
* Justin is Lisa's descendant.
* Ann is Frances's ancestor.
* Brittany is Catherine's ancestor.
* Brandon is Karen's ancestor.
* Judith is Joseph's ancestor.
* Victoria is Billy's descendant.
* Kyle is Austin's descendant.
* Jonathan is Brenda's descendant.
* Brenda is Jean's descendant.
* Bradley is Denise's ancestor.
* Heather is Jesse's ancestor.
* Pamela is Kyle's descendant.
* Richard is Austin's ancestor.
* Ethan is Susan's descendant.
* Karen is Billy's ancestor.
* Brittany is Jacqueline's descendant.
* Lisa is Jonathan's descendant.
* Catherine is Theresa's ancestor.
* Joseph is Joyce's ancestor.
* Stephen is Martha's ancestor.
* Peter is Kathryn's ancestor.
* Anna is Helen's descendant.
* Heather is Barbara's descendant.
* Benjamin is Gabriel's ancestor.
* Brandon is Janet's descendant.
* Scott is Douglas's ancestor.
* Jacqueline is Jose's descendant.
* Willie is Mary's descendant.
* Susan is Peter's ancestor.
* Kathryn is Joan's ancestor.
* Janice is Virginia's descendant.
* Lori is Dennis's ancestor.
* Jesse is Sandra's ancestor.
* Aaron is Gloria's ancestor.
* Nicole is Eric's ancestor.
* Joan is Virginia's ancestor.
* Nicole is Margaret's descendant.
* Helen is Andrew's descendant.
* Christina is Jack's descendant.
* Edward is Dennis's descendant.
* Benjamin is Rachel's descendant.
* Gloria is Jean's ancestor.
* Shirley is Bradley's ancestor.
* Theresa is Aaron's ancestor.
* Joyce is Barbara's ancestor.
* Jacob is Jack's ancestor.
* Stephen is Brian's descendant.
* Alan is Margaret's ancestor.
* Scott is Willie's descendant.
* Jacob is Anna's descendant.
Determine the lineage relationship between Douglas and Pamela.
Select the correct answer:
1. Douglas is Pamela's descendant.
2. Douglas is Pamela's ancestor.
3. Douglas and Pamela share a common ancestor.
4. Douglas and Pamela share a common descendant.
5. None of the above is correct.
Enclose the selected answer number in the <ANSWER> tag, for example: <ANSWER>1</ANSWER>.",z-ai/glm-5,Z.AI,,,<ANSWER>3</ANSWER>
64,COMMON_DESCENDANT,1,"Given the following lineage relationships:
* Joe is Ann's ancestor.
* Katherine is Carl's ancestor.
* Robert is Marilyn's descendant.
* Mason is Sara's descendant.
* Catherine is Mason's descendant.
* Gary is Jonathan's ancestor.
* Noah is Henry's ancestor.
* Diane is Martha's ancestor.
* Jordan is Alan's descendant.
* Janet is Debra's descendant.
* Thomas is Maria's descendant.
* Joyce is Kenneth's descendant.
* Janet is Julie's ancestor.
* Matthew is Jack's ancestor.
* Sara is George's descendant.
* Rebecca is Noah's ancestor.
* Joan is Kelly's descendant.
* Grace is Steven's descendant.
* Jacqueline is Wayne's descendant.
* Justin is Mark's descendant.
* Julie is Virginia's ancestor.
* Katherine is Jeremy's descendant.
* Mark is Jacqueline's descendant.
* Karen is Andrew's ancestor.
* Ruth is Rebecca's ancestor.
* Bradley is Andrew's descendant.
* Kenneth is Sandra's descendant.
* Frank is Susan's ancestor.
* Kimberly is Elizabeth's ancestor.
* Adam is Helen's descendant.
* Thomas is Abigail's ancestor.
* Marilyn is Joyce's descendant.
* Brian is Frances's descendant.
* Edward is Frances's ancestor.
* Karen is Grace's descendant.
* Jordan is Victoria's ancestor.
* Elizabeth is Sandra's ancestor.
* Jack is Justin's descendant.
* Ralph is Bradley's descendant.
* Ann is George's ancestor.
* Kelly is Carl's descendant.
* Matthew is Adam's descendant.
* Theresa is Evelyn's ancestor.
* Christopher is Abigail's descendant.
* Joan is Helen's ancestor.
* Frank is Samuel's descendant.
* Steven is Arthur's descendant.
* Joe is Ralph's descendant.
* Victoria is Maria's ancestor.
* Amanda is Martha's descendant.
* Jonathan is Carol's ancestor.
* Virginia is Harold's ancestor.
* Theresa is Catherine's descendant.
* Susan is Edward's ancestor.
* Amanda is Kimberly's ancestor.
* Henry is Diane's ancestor.
* Samuel is Harold's descendant.
* Carol is Arthur's ancestor.
* Debra is Evelyn's descendant.
* Robert is Jeremy's ancestor.
* Gerald is Gary's ancestor.
* Wayne is Christopher's descendant.
* Alan is Brian's descendant.
Determine the lineage relationship between Ruth and Gerald.
Select the correct answer:
1. Ruth and Gerald share a common descendant.
2. Ruth is Gerald's ancestor.
3. Ruth is Gerald's descendant.
4. Ruth and Gerald share a common ancestor.
5. None of the above is correct.
Enclose the selected answer number in the <ANSWER> tag, for example: <ANSWER>1</ANSWER>.",z-ai/glm-5,Z.AI,,,"To determine the relationship between Ruth and Gerald, we must trace their lineage paths based on the provided statements. We will define the relationship ""A is B's ancestor"" as a directed path A -> B, and ""A is B's descendant"" as a directed path B -> A.

**Tracing Ruth's Lineage (Forward in time):**
1.  **Ruth is Rebecca's ancestor.** (Ruth -> Rebecca)
2.  **Rebecca is Noah's ancestor.** (Rebecca -> Noah)
3.  **Noah is Henry's ancestor.** (Noah -> Henry)
4.  **Henry is Diane's ancestor.** (Henry -> Diane)
5.  **Diane is Martha's ancestor.** (Diane -> Martha)
6.  **Amanda is Martha's descendant.** (Martha -> Amanda)
7.  **Amanda is Kimberly's ancestor.** (Amanda -> Kimberly)
8.  **Kimberly is Elizabeth's ancestor.** (Kimberly -> Elizabeth)
9.  **Elizabeth is Sandra's ancestor.** (Elizabeth -> Sandra)
10. **Kenneth is Sandra's descendant.** (Sandra -> Kenneth)
11. **Joyce is Kenneth's descendant.** (Kenneth -> Joyce)
12. **Marilyn is Joyce's descendant.** (Joyce -> Marilyn)
13. **Robert is Marilyn's descendant.** (Marilyn -> Robert)
14. **Robert is Jeremy's ancestor.** (Robert -> Jeremy)
15. **Katherine is Jeremy's descendant.** (Jeremy -> Katherine)
16. **Katherine is Carl's ancestor.** (Katherine -> Carl)
17. **Kelly is Carl's descendant.** (Carl -> Kelly)
18. **Joan is Kelly's descendant.** (Kelly -> Joan)
19. **Joan is Helen's ancestor.** (Joan -> Helen)
20. **Adam is Helen's descendant.** (Helen -> Adam)
21. **Matthew is Adam's descendant.** (Adam -> Matthew)
22. **Matthew is Jack's ancestor.** (Matthew -> Jack)

From this chain, we establish that **Ruth is an ancestor of Jack**.

**Tracing Gerald's Lineage (Forward in time):**
1.  **Gerald is Gary's ancestor.** (Gerald -> Gary)
2.  **Gary is Jonathan's ancestor.** (Gary -> Jonathan)
3.  **Jonathan is Carol's ancestor.** (Jonathan -> Carol)
4.  **Carol is Arthur's ancestor.** (Carol -> Arthur)
5.  **Steven is Arthur's descendant.** (Arthur -> Steven)
6.  **Grace is Steven's descendant.** (Steven -> Grace)
7.  **Karen is Grace's descendant.** (Grace -> Karen)
8.  **Karen is Andrew's ancestor.** (Karen -> Andrew)
9.  **Bradley is Andrew's descendant.** (Andrew -> Bradley)
10. **Ralph is Bradley's descendant.** (Bradley -> Ralph)
11. **Joe is Ralph's descendant.** (Ralph -> Joe)
12. **Joe is Ann's ancestor.** (Joe -> Ann)
13. **Ann is George's ancestor.** (Ann -> George)
14. **Sara is George's descendant.** (George -> Sara)
15. **Mason is Sara's descendant.** (Sara -> Mason)
16. **Catherine is Mason's descendant.** (Mason -> Catherine)
17. **Theresa is Catherine's descendant.** (Catherine -> Theresa)
18. **Theresa is Evelyn's ancestor.** (Theresa -> Evelyn)
19. **Debra is Evelyn's descendant.** (Evelyn -> Debra)
20. **Janet is Debra's descendant.** (Debra -> Janet)
21. **Janet is Julie's ancestor.** (Janet -> Julie)
22. **Julie is Virginia's ancestor.** (Julie -> Virginia)
23. **Virginia is Harold's ancestor.** (Virginia -> Harold)
24. **Samuel is Harold's descendant.** (Harold -> Samuel)
25. **Frank is Samuel's descendant.** (Samuel -> Frank)
26. **Frank is Susan's ancestor.** (Frank -> Susan)
27. **Susan is Edward's ancestor.** (Susan -> Edward)
28. **Edward is Frances's ancestor.** (Edward -> Frances)
29. **Brian is Frances's descendant.** (Frances -> Brian)
30. **Alan is Brian's descendant.** (Brian -> Alan)
31. **Jordan is Alan's descendant.** (Alan -> Jordan)
32. **Jordan is Victoria's ancestor.** (Jordan -> Victoria)
33. **Victoria is Maria's ancestor.** (Victoria -> Maria)
34. **Thomas is Maria's descendant.** (Maria -> Thomas)
35. **Thomas is Abigail's ancestor.** (Thomas -> Abigail)
36. **Christopher is Abigail's descendant.** (Abigail -> Christopher)
37. **Wayne is Christopher's descendant.** (Christopher -> Wayne)
38. **Jacqueline is Wayne's descendant.** (Wayne -> Jacqueline)
39. **Mark is Jacqueline's descendant.** (Jacqueline -> Mark)
40. **Justin is Mark's descendant.** (Mark -> Justin)
41. **Jack is Justin's descendant.** (Justin -> Jack)

From this chain, we establish that **Gerald is an ancestor of Jack**.

**Conclusion:**
Both Ruth and Gerald are ancestors of Jack. Therefore, Jack is a common descendant of both Ruth and Gerald. Since they converge at Jack, and there is no information suggesting they are related to each other directly (neither is the ancestor of the other), they share a common descendant.

<ANSWER>1</ANSWER>"
64,ANCESTOR,4,"Given the following lineage relationships:
* Judith is Katherine's descendant.
* Katherine is Wayne's descendant.
* Aaron is Jerry's ancestor.
* Joe is Aaron's ancestor.
* Janice is Angela's descendant.
* Brian is Juan's ancestor.
* Larry is Christina's descendant.
* Albert is Sandra's ancestor.
* Ronald is Kayla's descendant.
* Billy is Robert's descendant.
* Paul is Alexander's descendant.
* Julie is Kathryn's descendant.
* Marilyn is Martha's ancestor.
* Isabella is Shirley's ancestor.
* Julie is Brian's ancestor.
* Dylan is Jerry's descendant.
* Brittany is Sophia's descendant.
* Nicole is Wayne's ancestor.
* Sophia is Kathleen's descendant.
* Debra is Kathleen's ancestor.
* Jose is Eric's descendant.
* Maria is William's descendant.
* Emily is Christopher's descendant.
* Daniel is Kathryn's ancestor.
* Gloria is Albert's ancestor.
* Larry is Harold's ancestor.
* Benjamin is Scott's descendant.
* Michelle is Grace's ancestor.
* Hannah is Benjamin's descendant.
* Isabella is Eugene's descendant.
* Billy is Daniel's ancestor.
* Jeremy is Harold's descendant.
* Gerald is Anna's ancestor.
* Gabriel is Anna's descendant.
* Matthew is Sandra's descendant.
* Andrea is Adam's ancestor.
* Judith is Christina's ancestor.
* Gerald is Dylan's descendant.
* Robert is Ryan's descendant.
* Jason is Grace's descendant.
* Juan is Michelle's ancestor.
* Jason is Marilyn's ancestor.
* Jacob is Sean's ancestor.
* Ann is Andrea's ancestor.
* Brittany is Nicole's ancestor.
* Danielle is Michael's ancestor.
* Sean is Scott's ancestor.
* Betty is Gabriel's descendant.
* Jacob is Betty's descendant.
* Debra is Michael's descendant.
* Ryan is Shirley's descendant.
* Diana is William's ancestor.
* Maria is Ann's ancestor.
* Amber is Jose's descendant.
* Gloria is Paul's descendant.
* Diana is Martha's descendant.
* Christopher is Amber's descendant.
* Eric is Janice's descendant.
* Hannah is Danielle's ancestor.
* Jeremy is Alexander's ancestor.
* Joe is Adam's descendant.
* Ronald is Angela's ancestor.
* Eugene is Emily's descendant.
Determine the lineage relationship between Kayla and Matthew.
Select the correct answer:
1. Kayla and Matthew share a common ancestor.
2. Kayla and Matthew share a common descendant.
3. Kayla is Matthew's descendant.
4. Kayla is Matthew's ancestor.
5. None of the above is correct.
Enclose the selected answer number in the <ANSWER> tag, for example: <ANSWER>1</ANSWER>.",z-ai/glm-5,Z.AI,,,<ANSWER>4</ANSWER>
64,DESCENDANT,3,"Given the following lineage relationships:
* Jonathan is Nicholas's ancestor.
* Noah is Joseph's ancestor.
* Helen is Dennis's ancestor.
* Dylan is Nicholas's descendant.
* Helen is Philip's descendant.
* Jean is Lisa's ancestor.
* Jack is Heather's descendant.
* Patrick is Amanda's descendant.
* Heather is Robert's descendant.
* Sara is Ashley's ancestor.
* Susan is Mason's ancestor.
* David is Paul's ancestor.
* Kimberly is Teresa's ancestor.
* Joan is Gabriel's descendant.
* Nathan is Madison's descendant.
* Randy is Sara's ancestor.
* Alice is Debra's descendant.
* Judy is Stephanie's ancestor.
* Cheryl is Kevin's descendant.
* Ruth is Raymond's ancestor.
* Joan is Mary's ancestor.
* Gabriel is Isabella's descendant.
* Mary is Olivia's ancestor.
* Samantha is Nancy's ancestor.
* Mason is Philip's ancestor.
* Linda is Grace's descendant.
* Isabella is Bradley's descendant.
* Christine is Ashley's descendant.
* Alice is James's ancestor.
* Stephen is Dennis's descendant.
* Joyce is Amy's ancestor.
* Patrick is Madison's ancestor.
* Vincent is Jeffrey's descendant.
* Nathan is Samantha's ancestor.
* Laura is Austin's descendant.
* Harold is Jeffrey's ancestor.
* Christine is Joyce's ancestor.
* Linda is Bradley's ancestor.
* Kevin is Kathryn's descendant.
* Judy is Cheryl's descendant.
* Kathryn is Teresa's descendant.
* Ruth is Amy's descendant.
* Randy is Douglas's descendant.
* Brandon is Susan's ancestor.
* Grace is Nancy's descendant.
* Jonathan is John's descendant.
* Sarah is Raymond's descendant.
* Jean is Olivia's descendant.
* Joseph is Harold's ancestor.
* Kimberly is Victoria's descendant.
* Jack is Douglas's ancestor.
* Larry is Stephanie's descendant.
* Noah is Lisa's descendant.
* Austin is Barbara's descendant.
* Victoria is Sarah's descendant.
* Dylan is Brandon's ancestor.
* Laura is Theresa's ancestor.
* Robert is Sharon's descendant.
* Debra is Vincent's descendant.
* Amanda is Stephen's descendant.
* David is Larry's descendant.
* John is Paul's descendant.
* Sharon is Theresa's descendant.
Determine the lineage relationship between James and Barbara.
Select the correct answer:
1. James and Barbara share a common descendant.
2. James and Barbara share a common ancestor.
3. James is Barbara's descendant.
4. James is Barbara's ancestor.
5. None of the above is correct.
Enclose the selected answer number in the <ANSWER> tag, for example: <ANSWER>1</ANSWER>.",z-ai/glm-5,Z.AI,,,"To determine the relationship between James and Barbara, we can trace the lineage connections step-by-step from one individual to the other. Let's start from James and trace his ancestors upwards to see if we reach Barbara.

1.  **James** is the descendant of Alice (Statement: ""Alice is James's ancestor"").
2.  **Alice** is the descendant of Debra (Statement: ""Alice is Debra's descendant"").
3.  **Debra** is the descendant of Vincent (Statement: ""Debra is Vincent's descendant"").
4.  **Vincent** is the descendant of Jeffrey (Statement: ""Vincent is Jeffrey's descendant"").
5.  **Jeffrey** is the descendant of Harold (Statement: ""Harold is Jeffrey's ancestor"").
6.  **Harold** is the descendant of Joseph (Statement: ""Joseph is Harold's ancestor"").
7.  **Joseph** is the descendant of Noah (Statement: ""Noah is Joseph's ancestor"").
8.  **Noah** is the descendant of Lisa (Statement: ""Noah is Lisa's descendant"").
9.  **Lisa** is the descendant of Jean (Statement: ""Jean is Lisa's ancestor"").
10. **Jean** is the descendant of Olivia (Statement: ""Jean is Olivia's descendant"").
11. **Olivia** is the descendant of Mary (Statement: ""Mary is Olivia's ancestor"").
12. **Mary** is the descendant of Joan (Statement: ""Joan is Mary's ancestor"").
13. **Joan** is the descendant of Gabriel (Statement: ""Joan is Gabriel's descendant"").
14. **Gabriel** is the descendant of Isabella (Statement: ""Gabriel is Isabella's descendant"").
15. **Isabella** is the descendant of Bradley (Statement: ""Isabella is Bradley's descendant"").
16. **Bradley** is the descendant of Linda (Statement: ""Linda is Bradley's ancestor"").
17. **Linda** is the descendant of Grace (Statement: ""Linda is Grace's descendant"").
18. **Grace** is the descendant of Nancy (Statement: ""Grace is Nancy's descendant"").
19. **Nancy** is the descendant of Samantha (Statement: ""Samantha is Nancy's ancestor"").
20. **Samantha** is the descendant of Nathan (Statement: ""Nathan is Samantha's ancestor"").
21. **Nathan** is the descendant of Madison (Statement: ""Nathan is Madison's descendant"").
22. **Madison** is the descendant of Patrick (Statement: ""Patrick is Madison's ancestor"").
23. **Patrick** is the descendant of Amanda (Statement: ""Patrick is Amanda's descendant"").
24. **Amanda** is the descendant of Stephen (Statement: ""Amanda is Stephen's descendant"").
25. **Stephen** is the descendant of Dennis (Statement: ""Stephen is Dennis's descendant"").
26. **Dennis** is the descendant of Helen (Statement: ""Helen is Dennis's ancestor"").
27. **Helen** is the descendant of Philip (Statement: ""Helen is Philip's descendant"").
28. **Philip** is the descendant of Mason (Statement: ""Mason is Philip's ancestor"").
29. **Mason** is the descendant of Susan (Statement: ""Susan is Mason's ancestor"").
30. **Susan** is the descendant of Brandon (Statement: ""Brandon is Susan's ancestor"").
31. **Brandon** is the descendant of Dylan (Statement: ""Dylan is Brandon's ancestor"").
32. **Dylan** is the descendant of Nicholas (Statement: ""Dylan is Nicholas's descendant"").
33. **Nicholas** is the descendant of Jonathan (Statement: ""Jonathan is Nicholas's ancestor"").
34. **Jonathan** is the descendant of John (Statement: ""Jonathan is John's descendant"").
35. **John** is the descendant of Paul (Statement: ""John is Paul's descendant"").
36. **Paul** is the descendant of David (Statement: ""David is Paul's ancestor"").
37. **David** is the descendant of Larry (Statement: ""David is Larry's descendant"").
38. **Larry** is the descendant of Stephanie (Statement: ""Larry is Stephanie's descendant"").
39. **Stephanie** is the descendant of Judy (Statement: ""Judy is Stephanie's ancestor"").
40. **Judy** is the descendant of Cheryl (Statement: ""Judy is Cheryl's descendant"").
41. **Cheryl** is the descendant of Kevin (Statement: ""Cheryl is Kevin's descendant"").
42. **Kevin** is the descendant of Kathryn (Statement: ""Kevin is Kathryn's descendant"").
43. **Kathryn** is the descendant of Teresa (Statement: ""Kathryn is Teresa's descendant"").
44. **Teresa** is the descendant of Kimberly (Statement: ""Kimberly is Teresa's ancestor"").
45. **Kimberly** is the descendant of Victoria (Statement: ""Kimberly is Victoria's descendant"").
46. **Victoria** is the descendant of Sarah (Statement: ""Victoria is Sarah's descendant"").
47. **Sarah** is the descendant of Raymond (Statement: ""Sarah is Raymond's descendant"").
48. **Raymond** is the descendant of Ruth (Statement: ""Ruth is Raymond's ancestor"").
49. **Ruth** is the descendant of Amy (Statement: ""Ruth is Amy's descendant"").
50. **Amy** is the descendant of Joyce (Statement: ""Joyce is Amy's ancestor"").
51. **Joyce** is the descendant of Christine (Statement: ""Christine is Joyce's ancestor"").
52. **Christine** is the descendant of Ashley (Statement: ""Christine is Ashley's descendant"").
53. **Ashley** is the descendant of Sara (Statement: ""Sara is Ashley's ancestor"").
54. **Sara** is the descendant of Randy (Statement: ""Randy is Sara's ancestor"").
55. **Randy** is the descendant of Douglas (Statement: ""Randy is Douglas's descendant"").
56. **Douglas** is the descendant of Jack (Statement: ""Jack is Douglas's ancestor"").
57. **Jack** is the descendant of Heather (Statement: ""Jack is Heather's descendant"").
58. **Heather** is the descendant of Robert (Statement: ""Heather is Robert's descendant"").
59. **Robert** is the descendant of Sharon (Statement: ""Robert is Sharon's descendant"").
60. **Sharon** is the descendant of Theresa (Statement: ""Sharon is Theresa's descendant"").
61. **Theresa** is the descendant of Laura (Statement: ""Laura is Theresa's ancestor"").
62. **Laura** is the descendant of Austin (Statement: ""Laura is Austin's descendant"").
63. **Austin** is the descendant of Barbara (Statement: ""Austin is Barbara's descendant"").

By following this continuous chain, we establish that James is a descendant of Barbara. Consequently, Barbara is an ancestor of James.

Therefore, the correct relationship is that James is Barbara's descendant.

<ANSWER>3</ANSWER>"
64,COMMON_ANCESTOR,3,"Given the following lineage relationships:
* Brenda is Ronald's descendant.
* Jerry is Diane's ancestor.
* Kelly is George's ancestor.
* Joyce is Henry's descendant.
* Donald is Carolyn's descendant.
* Jeffrey is Evelyn's ancestor.
* Danielle is Lori's descendant.
* Rachel is Russell's descendant.
* Michael is Andrew's ancestor.
* Bradley is Eugene's ancestor.
* Brenda is Jason's ancestor.
* Zachary is Wayne's descendant.
* Michelle is Joshua's ancestor.
* Bruce is Katherine's descendant.
* Gary is Joyce's descendant.
* Julia is Diana's ancestor.
* Katherine is John's descendant.
* Jeffrey is Jack's descendant.
* Rachel is Jack's ancestor.
* Julia is Andrew's descendant.
* Jason is Margaret's ancestor.
* Janice is Albert's ancestor.
* Kayla is Thomas's ancestor.
* Shirley is Jerry's ancestor.
* Gerald is Karen's ancestor.
* Ronald is Barbara's ancestor.
* Kelly is Richard's descendant.
* Donna is Alexis's descendant.
* Christian is Kayla's ancestor.
* Michael is Barbara's descendant.
* Julie is Mark's descendant.
* Lawrence is Teresa's descendant.
* Sara is Alexis's ancestor.
* Jacob is Brian's ancestor.
* Russell is Eric's descendant.
* Julie is Henry's ancestor.
* Keith is Joe's descendant.
* Natalie is Sara's ancestor.
* Eric is Victoria's descendant.
* Paul is Carolyn's ancestor.
* Keith is Samuel's ancestor.
* Teresa is Evelyn's descendant.
* Lawrence is Michelle's ancestor.
* Kimberly is Gerald's ancestor.
* Bruce is Raymond's ancestor.
* Zachary is Harold's ancestor.
* George is Mark's ancestor.
* Shirley is Albert's descendant.
* Diane is Lori's ancestor.
* Joe is Karen's descendant.
* Brian is Victoria's ancestor.
* Samuel is Paul's ancestor.
* Margaret is Wayne's ancestor.
* Gary is Jacob's ancestor.
* Raymond is Abigail's ancestor.
* Thomas is Richard's ancestor.
* Ethan is Danielle's descendant.
* Harold is Christian's ancestor.
* Janice is Abigail's descendant.
* Donald is Bradley's ancestor.
* Joshua is Kimberly's ancestor.
* Diana is John's ancestor.
* Ethan is Natalie's ancestor.
Determine the lineage relationship between Donna and Eugene.
Select the correct answer:
1. Donna is Eugene's descendant.
2. Donna is Eugene's ancestor.
3. Donna and Eugene share a common ancestor.
4. Donna and Eugene share a common descendant.
5. None of the above is correct.
Enclose the selected answer number in the <ANSWER> tag, for example: <ANSWER>1</ANSWER>.",z-ai/glm-5,Z.AI,,,"To determine the relationship between Donna and Eugene, we must trace their lineage paths based on the provided statements.

**1. Trace Donna's Lineage:**
*   Donna is Alexis's descendant $\rightarrow$ Alexis is Donna's ancestor.
*   Sara is Alexis's ancestor.
*   Natalie is Sara's ancestor.
*   Ethan is Natalie's ancestor.
*   Ethan is Danielle's descendant $\rightarrow$ Danielle is Ethan's ancestor.
*   Danielle is Lori's descendant $\rightarrow$ Lori is Danielle's ancestor.
*   Diane is Lori's ancestor.
*   Jerry is Diane's ancestor.
*   Shirley is Jerry's ancestor.
*   Shirley is Albert's descendant $\rightarrow$ Albert is Shirley's ancestor.
*   Janice is Albert's ancestor.
*   Janice is Abigail's descendant $\rightarrow$ Abigail is Janice's ancestor.
*   Raymond is Abigail's ancestor.
*   Bruce is Raymond's ancestor.
*   Bruce is Katherine's descendant $\rightarrow$ Katherine is Bruce's ancestor.
*   Katherine is John's descendant $\rightarrow$ John is Katherine's ancestor.
*   Diana is John's ancestor.
*   Julia is Diana's ancestor.
*   Julia is Andrew's descendant $\rightarrow$ Andrew is Julia's ancestor.
*   Michael is Andrew's ancestor.
*   Michael is Barbara's descendant $\rightarrow$ Barbara is Michael's ancestor.
*   Ronald is Barbara's ancestor.
*   Brenda is Ronald's descendant $\rightarrow$ Ronald is Brenda's ancestor. (Ronald is an ancestor to both Barbara and Brenda).
Donna's line goes back to **Ronald**. Donna is a descendant of Ronald (via Barbara). Donna is a leaf node (no one is listed as Donna's descendant).

**2. Trace Eugene's Lineage:**
*   Bradley is Eugene's ancestor.
*   Donald is Bradley's ancestor.
*   Donald is Carolyn's descendant $\rightarrow$ Carolyn is Donald's ancestor.
*   Paul is Carolyn's ancestor.
*   Samuel is Paul's ancestor.
*   Keith is Samuel's ancestor.
*   Keith is Joe's descendant $\rightarrow$ Joe is Keith's ancestor.
*   Joe is Karen's descendant $\rightarrow$ Karen is Joe's ancestor.
*   Gerald is Karen's ancestor.
*   Kimberly is Gerald's ancestor.
Eugene's line goes back to **Kimberly**. Eugene is a descendant of Kimberly. Eugene is a leaf node (no one is listed as Eugene's descendant).

**3. Analyze the Connection:**
We have two distinct family trees originating from Ronald and Kimberly.
*   Tree 1 (Ronald): Contains Donna, Barbara, Brenda, etc.
*   Tree 2 (Kimberly): Contains Eugene, Gerald, etc.
Is there a connection?
*   From Tree 1, a long line of descent from Brenda leads to Michelle (Ronald $\rightarrow$ Brenda $\rightarrow$ ... $\rightarrow$ Michelle).
*   Statement: ""Michelle is Joshua's ancestor"" $\rightarrow$ Michelle $\rightarrow$ Joshua.
*   Statement: ""Joshua is Kimberly's descendant"" $\rightarrow$ Kimberly $\rightarrow$ Joshua.
*   This implies that Joshua is a descendant of both Michelle (from Tree 1) and Kimberly (from Tree 2). In lineage terms, Michelle and Kimberly are likely partners/spouses who are parents of Joshua.

**4. Evaluate the Options:**
*   **Option 1: Donna is Eugene's descendant.** False. Donna is a descendant of Ronald. Eugene is a descendant of Kimberly. There is no path from Eugene to Donna.
*   **Option 2: Donna is Eugene's ancestor.** False. Donna is a leaf in Tree 1. Eugene is in Tree 2. They are connected via Joshua (who is a generation below both), but Donna is not an ancestor of Eugene.
*   **Option 3: Donna and Eugene share a common ancestor.** False. Donna's root ancestor is Ronald. Eugene's root ancestor is Kimberly. These are two distinct individuals at the top of their respective lines, with no information linking them as descendants of a further common ancestor.
*   **Option 4: Donna and Eugene share a common descendant.** False. Both Donna and Eugene are leaf nodes in the provided list (neither is listed as an ancestor of anyone). Therefore, they cannot have a common descendant.
*   **Option 5: None of the above is correct.** Since options 1-4 are incorrect, this is the correct choice. Donna and Eugene are related by marriage (cousins-in-law essentially, through Joshua's parents), but this relationship is not listed.

<ANSWER>5</ANSWER>"
64,COMMON_DESCENDANT,4,"Given the following lineage relationships:
* Marilyn is Janice's ancestor.
* Sean is Sophia's ancestor.
* Christopher is Isabella's ancestor.
* Frank is Brian's descendant.
* Benjamin is Russell's ancestor.
* Shirley is Ashley's descendant.
* Ethan is Barbara's ancestor.
* Isabella is Ethan's ancestor.
* Betty is Jeremy's descendant.
* Nicholas is Jose's descendant.
* Kelly is Robert's ancestor.
* Abigail is Amanda's descendant.
* Stephanie is David's ancestor.
* Gerald is Larry's ancestor.
* Susan is Larry's descendant.
* Shirley is Sean's ancestor.
* Patrick is Olivia's descendant.
* Sharon is Ruth's descendant.
* Wayne is Jesse's ancestor.
* Gerald is Natalie's descendant.
* Janice is Jennifer's ancestor.
* Julia is Harold's descendant.
* Gregory is Christine's descendant.
* Jesse is Ruth's ancestor.
* Karen is Aaron's descendant.
* Sophia is Jose's ancestor.
* Alexander is Ralph's ancestor.
* Ralph is Christine's ancestor.
* Natalie is Marie's descendant.
* David is Benjamin's ancestor.
* Jacob is Kathryn's ancestor.
* Gregory is Betty's descendant.
* Harold is Abigail's descendant.
* Marie is Juan's descendant.
* Barbara is Ashley's ancestor.
* Brian is Julia's descendant.
* Karen is Albert's ancestor.
* Samantha is Maria's descendant.
* Samantha is Stephen's ancestor.
* Jonathan is Charles's ancestor.
* Charles is Catherine's ancestor.
* Kathryn is Maria's ancestor.
* Christopher is Raymond's descendant.
* Raymond is Sharon's descendant.
* Albert is Marilyn's ancestor.
* Juan is Patrick's descendant.
* Nathan is Joe's descendant.
* Kelly is Frank's descendant.
* Robert is Kenneth's ancestor.
* Jeremy is Catherine's descendant.
* Nathan is Daniel's ancestor.
* Ronald is Jonathan's ancestor.
* Evelyn is Virginia's descendant.
* Amanda is Nicholas's descendant.
* Susan is Alexander's ancestor.
* Kenneth is Stephanie's ancestor.
* Jennifer is Logan's ancestor.
* Ronald is Evelyn's descendant.
* Logan is Jacob's ancestor.
* Stephen is Joe's ancestor.
* Olivia is Daniel's descendant.
* Russell is Virginia's ancestor.
* Aaron is Steven's descendant.
Determine the lineage relationship between Steven and Wayne.
Select the correct answer:
1. Steven and Wayne share a common ancestor.
2. Steven is Wayne's ancestor.
3. Steven is Wayne's descendant.
4. Steven and Wayne share a common descendant.
5. None of the above is correct.
Enclose the selected answer number in the <ANSWER> tag, for example: <ANSWER>1</ANSWER>.",z-ai/glm-5,Z.AI,,,"To determine the relationship between Steven and Wayne, we can trace the lineage paths for both individuals based on the provided statements.

**Step 1: Trace Steven's lineage forward (towards descendants).**
From the statements, we can build a chain of ancestors leading to descendants:
*   Steven is Aaron's ancestor (Statement 63).
*   Aaron is Karen's ancestor (Statement 25).
*   Karen is Albert's ancestor (Statement 37).
*   Albert is Marilyn's ancestor (Statement 45).
*   Marilyn is Janice's ancestor (Statement 1).
*   Janice is Jennifer's ancestor (Statement 21).
*   Jennifer is Logan's ancestor (Statement 57).
*   Logan is Jacob's ancestor (Statement 59).
*   Jacob is Kathryn's ancestor (Statement 31).
*   Kathryn is Maria's ancestor (Statement 42).
*   Maria is Samantha's ancestor (Statement 38).
*   Samantha is Stephen's ancestor (Statement 39).
*   Stephen is Joe's ancestor (Statement 60).
*   Joe is Nathan's ancestor (Statement 47).
*   Nathan is Daniel's ancestor (Statement 51).
*   Daniel is Olivia's ancestor (Statement 61).
*   Olivia is Patrick's ancestor (Statement 17).
*   Patrick is Juan's ancestor (Statement 46).
*   Juan is Marie's ancestor (Statement 34).
*   Marie is Natalie's ancestor (Statement 29).
*   Natalie is Gerald's ancestor (Statement 20).
*   Gerald is Larry's ancestor (Statement 14).
*   Larry is Susan's ancestor (Statement 15).
*   Susan is Alexander's ancestor (Statement 55).
*   Alexander is Ralph's ancestor (Statement 27).
*   Ralph is Christine's ancestor (Statement 28).
*   Christine is Gregory's ancestor (Statement 23).

So, **Steven is an ancestor of Gregory**.

**Step 2: Trace Wayne's lineage forward (towards descendants).**
From the statements, we can build another chain:
*   Wayne is Jesse's ancestor (Statement 19).
*   Jesse is Ruth's ancestor (Statement 24).
*   Ruth is Sharon's ancestor (Statement 18).
*   Sharon is Raymond's ancestor (Statement 44).
*   Raymond is Christopher's ancestor (Statement 43).
*   Christopher is Isabella's ancestor (Statement 3).
*   Isabella is Ethan's ancestor (Statement 8).
*   Ethan is Barbara's ancestor (Statement 7).
*   Barbara is Ashley's ancestor (Statement 35).
*   Ashley is Shirley's ancestor (Statement 6).
*   Shirley is Sean's ancestor (Statement 16).
*   Sean is Sophia's ancestor (Statement 2).
*   Sophia is Jose's ancestor (Statement 26).
*   Jose is Nicholas's ancestor (Statement 10).
*   Nicholas is Amanda's ancestor (Statement 54).
*   Amanda is Abigail's ancestor (Statement 12).
*   Abigail is Harold's ancestor (Statement 33).
*   Harold is Julia's ancestor (Statement 22).
*   Julia is Brian's ancestor (Statement 36).
*   Brian is Frank's ancestor (Statement 4).
*   Frank is Kelly's ancestor (Statement 48).
*   Kelly is Robert's ancestor (Statement 11).
*   Robert is Kenneth's ancestor (Statement 49).
*   Kenneth is Stephanie's ancestor (Statement 56).
*   Stephanie is David's ancestor (Statement 13).
*   David is Benjamin's ancestor (Statement 30).
*   Benjamin is Russell's ancestor (Statement 5).
*   Russell is Virginia's ancestor (Statement 62).
*   Virginia is Evelyn's ancestor (Statement 53).
*   Evelyn is Ronald's ancestor (Statement 58).
*   Ronald is Jonathan's ancestor (Statement 52).
*   Jonathan is Charles's ancestor (Statement 40).
*   Charles is Catherine's ancestor (Statement 41).
*   Catherine is Jeremy's ancestor (Statement 50).
*   Jeremy is Betty's ancestor (Statement 9).
*   Betty is Gregory's ancestor (Statement 32).

So, **Wayne is an ancestor of Gregory**.

**Conclusion:**
Steven is an ancestor of Gregory, and Wayne is also an ancestor of Gregory. Since Gregory is a descendant of both Steven and Wayne, they share a common descendant.

<ANSWER>4</ANSWER>"
64,ANCESTOR,1,"Given the following lineage relationships:
* Jose is Andrew's descendant.
* Kimberly is Richard's descendant.
* Ashley is Rebecca's ancestor.
* Juan is Philip's descendant.
* Thomas is Emma's descendant.
* Katherine is Debra's descendant.
* Michael is Theresa's descendant.
* Henry is Eric's ancestor.
* Patrick is Katherine's descendant.
* Kathleen is Roy's ancestor.
* James is Jacqueline's ancestor.
* Rebecca is Ethan's ancestor.
* Juan is Emma's ancestor.
* David is George's descendant.
* Gloria is Melissa's descendant.
* Lawrence is Vincent's descendant.
* Karen is Denise's descendant.
* Adam is Maria's descendant.
* Richard is Heather's descendant.
* Sophia is Michael's descendant.
* Kevin is Ethan's descendant.
* Jacqueline is Paul's ancestor.
* Vincent is Eric's descendant.
* Gloria is Bryan's ancestor.
* Mark is Andrea's descendant.
* Elizabeth is Henry's ancestor.
* Jack is Linda's descendant.
* Donna is Kimberly's descendant.
* Andrew is Patrick's descendant.
* Michelle is Charles's ancestor.
* Anthony is Jeffrey's ancestor.
* Michelle is Joyce's descendant.
* Debra is Charles's descendant.
* Judith is Sara's descendant.
* Karen is Sean's ancestor.
* Ralph is Joan's ancestor.
* Linda is Stephen's descendant.
* Nicole is Maria's ancestor.
* Janet is Heather's ancestor.
* Helen is Theresa's ancestor.
* Kevin is Helen's ancestor.
* Roy is Anthony's ancestor.
* Donna is Stephen's ancestor.
* Joan is Sara's ancestor.
* Melissa is David's descendant.
* Emily is Janet's ancestor.
* Samuel is Bryan's descendant.
* Megan is Alexis's descendant.
* Kathleen is Mark's descendant.
* Evelyn is Joyce's ancestor.
* Jeffrey is Evelyn's ancestor.
* Lawrence is Alexis's ancestor.
* Nicole is Sean's descendant.
* Philip is Paul's descendant.
* Kenneth is Andrea's ancestor.
* Kenneth is Adam's descendant.
* Ralph is Jack's descendant.
* Thomas is Denise's ancestor.
* Danielle is Sophia's descendant.
* Judith is James's ancestor.
* Megan is George's ancestor.
* Emily is Samuel's descendant.
* Elizabeth is Danielle's descendant.
Determine the lineage relationship between Ashley and Jose.
Select the correct answer:
1. Ashley is Jose's ancestor.
2. Ashley and Jose share a common ancestor.
3. Ashley and Jose share a common descendant.
4. Ashley is Jose's descendant.
5. None of the above is correct.
Enclose the selected answer number in the <ANSWER> tag, for example: <ANSWER>1</ANSWER>.",z-ai/glm-5,Z.AI,,,"To determine the relationship between Ashley and Jose, we need to trace the lineage paths for both individuals.

**1. Trace Ashley's lineage:**
*   Ashley is Rebecca's ancestor. (Ashley $\rightarrow$ Rebecca)
*   Rebecca is Ethan's ancestor. (Ashley $\rightarrow$ Rebecca $\rightarrow$ Ethan)
*   Kevin is Ethan's descendant. (Ashley $\rightarrow$ Rebecca $\rightarrow$ Ethan $\rightarrow$ Kevin)
*   Kevin is Helen's ancestor. (Ashley $\rightarrow$ ... $\rightarrow$ Kevin $\rightarrow$ Helen)
*   Helen is Theresa's ancestor. (Ashley $\rightarrow$ ... $\rightarrow$ Helen $\rightarrow$ Theresa)
*   Michael is Theresa's descendant. (Ashley $\rightarrow$ ... $\rightarrow$ Theresa $\rightarrow$ Michael)
*   Sophia is Michael's descendant. (Ashley $\rightarrow$ ... $\rightarrow$ Michael $\rightarrow$ Sophia)
*   Danielle is Sophia's descendant. (Ashley $\rightarrow$ ... $\rightarrow$ Sophia $\rightarrow$ Danielle)
*   Elizabeth is Danielle's descendant. (Ashley $\rightarrow$ ... $\rightarrow$ Danielle $\rightarrow$ Elizabeth)
    *   Current Path: **Ashley $\rightarrow$ Rebecca $\rightarrow$ Ethan $\rightarrow$ Kevin $\rightarrow$ Helen $\rightarrow$ Theresa $\rightarrow$ Michael $\rightarrow$ Sophia $\rightarrow$ Danielle $\rightarrow$ Elizabeth**

**2. Trace Jose's lineage:**
*   Jose is Andrew's descendant. (Jose $\leftarrow$ Andrew)
*   Andrew is Patrick's descendant. (Jose $\leftarrow$ Andrew $\leftarrow$ Patrick)
*   Patrick is Katherine's descendant. (Jose $\leftarrow$ ... $\leftarrow$ Katherine)
*   Katherine is Debra's descendant. (Jose $\leftarrow$ ... $\leftarrow$ Debra)
*   Debra is Charles's descendant. (Jose $\leftarrow$ ... $\leftarrow$ Charles)
*   Michelle is Charles's ancestor. (Jose $\leftarrow$ ... $\leftarrow$ Charles $\leftarrow$ Michelle)
*   Michelle is Joyce's descendant. (Jose $\leftarrow$ ... $\leftarrow$ Michelle $\leftarrow$ Joyce)
*   Evelyn is Joyce's ancestor. (Jose $\leftarrow$ ... $\leftarrow$ Joyce $\leftarrow$ Evelyn)
*   Jeffrey is Evelyn's ancestor. (Jose $\leftarrow$ ... $\leftarrow$ Evelyn $\leftarrow$ Jeffrey)
*   Anthony is Jeffrey's ancestor. (Jose $\leftarrow$ ... $\leftarrow$ Jeffrey $\leftarrow$ Anthony)
*   Roy is Anthony's ancestor. (Jose $\leftarrow$ ... $\leftarrow$ Anthony $\leftarrow$ Roy)
*   Kathleen is Roy's ancestor. (Jose $\leftarrow$ ... $\leftarrow$ Roy $\leftarrow$ Kathleen)
*   Kathleen is Mark's descendant. (Jose $\leftarrow$ ... $\leftarrow$ Kathleen $\leftarrow$ Mark)
*   Mark is Andrea's descendant. (Jose $\leftarrow$ ... $\leftarrow$ Mark $\leftarrow$ Andrea)
*   Kenneth is Andrea's ancestor. (Jose $\leftarrow$ ... $\leftarrow$ Andrea $\leftarrow$ Kenneth)
*   Kenneth is Adam's descendant. (Jose $\leftarrow$ ... $\leftarrow$ Kenneth $\leftarrow$ Adam)
*   Adam is Maria's descendant. (Jose $\leftarrow$ ... $\leftarrow$ Adam $\leftarrow$ Maria)
*   Nicole is Maria's ancestor. (Jose $\leftarrow$ ... $\leftarrow$ Maria $\leftarrow$ Nicole)
*   Nicole is Sean's descendant. (Jose $\leftarrow$ ... $\leftarrow$ Nicole $\leftarrow$ Sean)
*   Karen is Sean's ancestor. (Jose $\leftarrow$ ... $\leftarrow$ Sean $\leftarrow$ Karen)
*   Karen is Denise's descendant. (Jose $\leftarrow$ ... $\leftarrow$ Karen $\leftarrow$ Denise)
*   Thomas is Denise's ancestor. (Jose $\leftarrow$ ... $\leftarrow$ Denise $\leftarrow$ Thomas)
*   Thomas is Emma's descendant. (Jose $\leftarrow$ ... $\leftarrow$ Thomas $\leftarrow$ Emma)
*   Juan is Emma's ancestor. (Jose $\leftarrow$ ... $\leftarrow$ Emma $\leftarrow$ Juan)
*   Juan is Philip's descendant. (Jose $\leftarrow$ ... $\leftarrow$ Juan $\leftarrow$ Philip)
*   Philip is Paul's descendant. (Jose $\leftarrow$ ... $\leftarrow$ Philip $\leftarrow$ Paul)
*   Jacqueline is Paul's ancestor. (Jose $\leftarrow$ ... $\leftarrow$ Paul $\leftarrow$ Jacqueline)
*   James is Jacqueline's ancestor. (Jose $\leftarrow$ ... $\leftarrow$ Jacqueline $\leftarrow$ James)
*   Judith is James's ancestor. (Jose $\leftarrow$ ... $\leftarrow$ James $\leftarrow$ Judith)
*   Judith is Sara's descendant. (Jose $\leftarrow$ ... $\leftarrow$ Judith $\leftarrow$ Sara)
*   Joan is Sara's ancestor. (Jose $\leftarrow$ ... $\leftarrow$ Sara $\leftarrow$ Joan)
*   Ralph is Joan's ancestor. (Jose $\leftarrow$ ... $\leftarrow$ Joan $\leftarrow$ Ralph)
*   Ralph is Jack's descendant. (Jose $\leftarrow$ ... $\leftarrow$ Ralph $\leftarrow$ Jack)
*   Jack is Linda's descendant. (Jose $\leftarrow$ ... $\leftarrow$ Jack $\leftarrow$ Linda)
*   Linda is Stephen's descendant. (Jose $\leftarrow$ ... $\leftarrow$ Linda $\leftarrow$ Stephen)
*   Donna is Stephen's ancestor. (Jose $\leftarrow$ ... $\leftarrow$ Stephen $\leftarrow$ Donna)
*   Donna is Kimberly's descendant. (Jose $\leftarrow$ ... $\leftarrow$ Donna $\leftarrow$ Kimberly)
*   Kimberly is Richard's descendant. (Jose $\leftarrow$ ... $\leftarrow$ Kimberly $\leftarrow$ Richard)
*   Richard is Heather's descendant. (Jose $\leftarrow$ ... $\leftarrow$ Richard $\leftarrow$ Heather)
*   Janet is Heather's ancestor. (Jose $\leftarrow$ ... $\leftarrow$ Heather $\leftarrow$ Janet)
*   Emily is Janet's ancestor. (Jose $\leftarrow$ ... $\leftarrow$ Janet $\leftarrow$ Emily)
*   Emily is Samuel's descendant. (Jose $\leftarrow$ ... $\leftarrow$ Emily $\leftarrow$ Samuel)
*   Samuel is Bryan's descendant. (Jose $\leftarrow$ ... $\leftarrow$ Samuel $\leftarrow$ Bryan)
*   Gloria is Bryan's ancestor. (Jose $\leftarrow$ ... $\leftarrow$ Bryan $\leftarrow$ Gloria)
*   Gloria is Melissa's descendant. (Jose $\leftarrow$ ... $\leftarrow$ Gloria $\leftarrow$ Melissa)
*   Melissa is David's descendant. (Jose $\leftarrow$ ... $\leftarrow$ Melissa $\leftarrow$ David)
*   David is George's descendant. (Jose $\leftarrow$ ... $\leftarrow$ David $\leftarrow$ George)
*   Megan is George's ancestor. (Jose $\leftarrow$ ... $\leftarrow$ George $\leftarrow$ Megan)
*   Megan is Alexis's descendant. (Jose $\leftarrow$ ... $\leftarrow$ Megan $\leftarrow$ Alexis)
*   Lawrence is Alexis's ancestor. (Jose $\leftarrow$ ... $\leftarrow$ Alexis $\leftarrow$ Lawrence)
*   Lawrence is Vincent's descendant. (Jose $\leftarrow$ ... $\leftarrow$ Lawrence $\leftarrow$ Vincent)
*   Vincent is Eric's descendant. (Jose $\leftarrow$ ... $\leftarrow$ Vincent $\leftarrow$ Eric)
*   Henry is Eric's ancestor. (Jose $\leftarrow$ ... $\leftarrow$ Eric $\leftarrow$ Henry)
*   Elizabeth is Henry's ancestor. (Jose $\leftarrow$ ... $\leftarrow$ Henry $\leftarrow$ Elizabeth)

**3. Connecting the two lineages:**
From Ashley's lineage, we found that Ashley is an ancestor of **Elizabeth**.
From Jose's lineage, we found that Jose is a descendant of **Elizabeth**.

Combining these findings, we get the chain:
**Ashley $\rightarrow$ ... $\rightarrow$ Elizabeth $\rightarrow$ ... $\rightarrow$ Jose**

This confirms that Ashley is an ancestor of Jose.

**Conclusion:**
Since Ashley is an ancestor of Jose, the correct relationship is described by option 1.

<ANSWER>1</ANSWER>"
64,DESCENDANT,3,"Given the following lineage relationships:
* Mary is Andrea's descendant.
* Samantha is Beverly's ancestor.
* Samantha is Cynthia's descendant.
* Zachary is Margaret's descendant.
* Kevin is William's ancestor.
* Vincent is George's descendant.
* Abigail is Albert's ancestor.
* Teresa is Janet's ancestor.
* Gabriel is Dorothy's ancestor.
* Alice is Lawrence's descendant.
* Christine is Ryan's descendant.
* Richard is Bryan's ancestor.
* Ralph is Philip's descendant.
* Jerry is Heather's descendant.
* Diana is Mason's descendant.
* Robert is Beverly's descendant.
* Sandra is Albert's descendant.
* Tyler is Carl's ancestor.
* Teresa is Justin's descendant.
* Brian is Madison's ancestor.
* Megan is Alice's descendant.
* Ruth is Mark's ancestor.
* Dorothy is Andrea's ancestor.
* Elijah is Harold's ancestor.
* Rachel is Sandra's descendant.
* Abigail is Jeffrey's descendant.
* Logan is George's ancestor.
* Kevin is Pamela's descendant.
* Madison is Pamela's ancestor.
* Stephen is Charles's ancestor.
* Danielle is Carl's descendant.
* Brandon is Robert's descendant.
* Tyler is William's descendant.
* Ryan is Bryan's descendant.
* Alan is Cynthia's ancestor.
* Stephen is Janice's descendant.
* Logan is Mark's descendant.
* Vincent is Margaret's ancestor.
* Harold is Michael's ancestor.
* Karen is Denise's ancestor.
* Arthur is Amanda's ancestor.
* Ralph is Karen's ancestor.
* Brenda is Danielle's descendant.
* Heather is Brenda's descendant.
* Lawrence is Amanda's descendant.
* Amy is Diana's descendant.
* Jennifer is Kelly's descendant.
* Bobby is Philip's ancestor.
* Arthur is Janet's descendant.
* Melissa is Jeffrey's ancestor.
* Patricia is Mason's ancestor.
* Amy is Gabriel's ancestor.
* Richard is Jennifer's descendant.
* Kathleen is Mary's descendant.
* Bobby is Michael's descendant.
* Brian is Kathleen's descendant.
* Justin is Rachel's descendant.
* Megan is Alan's ancestor.
* Jerry is Ruth's ancestor.
* Denise is Patricia's ancestor.
* Zachary is Kelly's ancestor.
* Charles is Melissa's ancestor.
* Christine is Janice's ancestor.
Determine the lineage relationship between Brandon and Elijah.
Select the correct answer:
1. Brandon and Elijah share a common descendant.
2. Brandon and Elijah share a common ancestor.
3. Brandon is Elijah's descendant.
4. Brandon is Elijah's ancestor.
5. None of the above is correct.
Enclose the selected answer number in the <ANSWER> tag, for example: <ANSWER>1</ANSWER>.",z-ai/glm-5,Z.AI,,,"To determine the relationship between Brandon and Elijah, we can trace the lineage step-by-step from the provided statements. We can organize the relationships into a single continuous chain by parsing each statement (where ""X is Y's ancestor"" means X -> Y and ""X is Y's descendant"" means Y -> X).

1.  **Start with Brandon**:
    *   ""Brandon is Robert's descendant"" $\rightarrow$ Robert is Brandon's ancestor. (Robert -> Brandon)

2.  **Trace back from Robert**:
    *   ""Robert is Beverly's descendant"" $\rightarrow$ Beverly -> Robert -> Brandon.
    *   ""Samantha is Beverly's ancestor"" $\rightarrow$ Samantha -> Beverly -> Robert -> Brandon.
    *   ""Samantha is Cynthia's descendant"" $\rightarrow$ Cynthia -> Samantha -> Beverly -> Robert -> Brandon.
    *   ""Alan is Cynthia's ancestor"" $\rightarrow$ Alan -> Cynthia -> Samantha -> Beverly -> Robert -> Brandon.
    *   ""Megan is Alan's ancestor"" $\rightarrow$ Megan -> Alan -> Cynthia -> Samantha -> Beverly -> Robert -> Brandon.
    *   ""Megan is Alice's descendant"" $\rightarrow$ Alice -> Megan -> ... -> Brandon.
    *   ""Alice is Lawrence's descendant"" $\rightarrow$ Lawrence -> Alice -> ... -> Brandon.
    *   ""Lawrence is Amanda's descendant"" $\rightarrow$ Amanda -> Lawrence -> ... -> Brandon.
    *   ""Arthur is Amanda's ancestor"" $\rightarrow$ Arthur -> Amanda -> ... -> Brandon.
    *   ""Arthur is Janet's descendant"" $\rightarrow$ Janet -> Arthur -> ... -> Brandon.
    *   ""Teresa is Janet's ancestor"" $\rightarrow$ Teresa -> Janet -> ... -> Brandon.
    *   ""Teresa is Justin's descendant"" $\rightarrow$ Justin -> Teresa -> ... -> Brandon.
    *   ""Justin is Rachel's descendant"" $\rightarrow$ Rachel -> Justin -> ... -> Brandon.
    *   ""Rachel is Sandra's descendant"" $\rightarrow$ Sandra -> Rachel -> ... -> Brandon.
    *   ""Sandra is Albert's descendant"" $\rightarrow$ Albert -> Sandra -> ... -> Brandon.
    *   ""Abigail is Albert's ancestor"" $\rightarrow$ Abigail -> Albert -> ... -> Brandon.
    *   ""Abigail is Jeffrey's descendant"" $\rightarrow$ Jeffrey -> Abigail -> ... -> Brandon.
    *   ""Melissa is Jeffrey's ancestor"" $\rightarrow$ Melissa -> Jeffrey -> ... -> Brandon.
    *   ""Charles is Melissa's ancestor"" $\rightarrow$ Charles -> Melissa -> ... -> Brandon.
    *   ""Stephen is Charles's ancestor"" $\rightarrow$ Stephen -> Charles -> ... -> Brandon.
    *   ""Stephen is Janice's descendant"" $\rightarrow$ Janice -> Stephen -> ... -> Brandon.
    *   ""Christine is Janice's ancestor"" $\rightarrow$ Christine -> Janice -> ... -> Brandon.
    *   ""Christine is Ryan's descendant"" $\rightarrow$ Ryan -> Christine -> ... -> Brandon.
    *   ""Ryan is Bryan's descendant"" $\rightarrow$ Bryan -> Ryan -> ... -> Brandon.
    *   ""Richard is Bryan's ancestor"" $\rightarrow$ Richard -> Bryan -> ... -> Brandon.
    *   ""Richard is Jennifer's descendant"" $\rightarrow$ Jennifer -> Richard -> ... -> Brandon.
    *   ""Jennifer is Kelly's descendant"" $\rightarrow$ Kelly -> Jennifer -> ... -> Brandon.
    *   ""Zachary is Kelly's ancestor"" $\rightarrow$ Zachary -> Kelly -> ... -> Brandon.
    *   ""Zachary is Margaret's descendant"" $\rightarrow$ Margaret -> Zachary -> ... -> Brandon.
    *   ""Vincent is Margaret's ancestor"" $\rightarrow$ Vincent -> Margaret -> ... -> Brandon.
    *   ""Vincent is George's descendant"" $\rightarrow$ George -> Vincent -> ... -> Brandon.
    *   ""Logan is George's ancestor"" $\rightarrow$ Logan -> George -> ... -> Brandon.
    *   ""Logan is Mark's descendant"" $\rightarrow$ Mark -> Logan -> ... -> Brandon.
    *   ""Ruth is Mark's ancestor"" $\rightarrow$ Ruth -> Mark -> ... -> Brandon.
    *   ""Jerry is Ruth's ancestor"" $\rightarrow$ Jerry -> Ruth -> ... -> Brandon.
    *   ""Jerry is Heather's descendant"" $\rightarrow$ Heather -> Jerry -> ... -> Brandon.
    *   ""Heather is Brenda's descendant"" $\rightarrow$ Brenda -> Heather -> ... -> Brandon.
    *   ""Brenda is Danielle's descendant"" $\rightarrow$ Danielle -> Brenda -> ... -> Brandon.
    *   ""Danielle is Carl's descendant"" $\rightarrow$ Carl -> Danielle -> ... -> Brandon.
    *   ""Tyler is Carl's ancestor"" $\rightarrow$ Tyler -> Carl -> ... -> Brandon.
    *   ""Tyler is William's descendant"" $\rightarrow$ William -> Tyler -> ... -> Brandon.
    *   ""Kevin is William's ancestor"" $\rightarrow$ Kevin -> William -> ... -> Brandon.
    *   ""Kevin is Pamela's descendant"" $\rightarrow$ Pamela -> Kevin -> ... -> Brandon.
    *   ""Madison is Pamela's ancestor"" $\rightarrow$ Madison -> Pamela -> ... -> Brandon.
    *   ""Brian is Madison's ancestor"" $\rightarrow$ Brian -> Madison -> ... -> Brandon.
    *   ""Brian is Kathleen's descendant"" $\rightarrow$ Kathleen -> Brian -> ... -> Brandon.
    *   ""Kathleen is Mary's descendant"" $\rightarrow$ Mary -> Kathleen -> ... -> Brandon.
    *   ""Mary is Andrea's descendant"" $\rightarrow$ Andrea -> Mary -> ... -> Brandon.
    *   ""Dorothy is Andrea's ancestor"" $\rightarrow$ Dorothy -> Andrea -> ... -> Brandon.
    *   ""Gabriel is Dorothy's ancestor"" $\rightarrow$ Gabriel -> Dorothy -> ... -> Brandon.
    *   ""Amy is Gabriel's ancestor"" $\rightarrow$ Amy -> Gabriel -> ... -> Brandon.
    *   ""Amy is Diana's descendant"" $\rightarrow$ Diana -> Amy -> ... -> Brandon.
    *   ""Diana is Mason's descendant"" $\rightarrow$ Mason -> Diana -> ... -> Brandon.
    *   ""Patricia is Mason's ancestor"" $\rightarrow$ Patricia -> Mason -> ... -> Brandon.
    *   ""Denise is Patricia's ancestor"" $\rightarrow$ Denise -> Patricia -> ... -> Brandon.
    *   ""Karen is Denise's ancestor"" $\rightarrow$ Karen -> Denise -> ... -> Brandon.
    *   ""Ralph is Karen's ancestor"" $\rightarrow$ Ralph -> Karen -> ... -> Brandon.
    *   ""Ralph is Philip's descendant"" $\rightarrow$ Philip -> Ralph -> ... -> Brandon.
    *   ""Bobby is Philip's ancestor"" $\rightarrow$ Bobby -> Philip -> ... -> Brandon.
    *   ""Bobby is Michael's descendant"" $\rightarrow$ Michael -> Bobby -> ... -> Brandon.
    *   ""Harold is Michael's ancestor"" $\rightarrow$ Harold -> Michael -> ... -> Brandon.
    *   ""Elijah is Harold's ancestor"" $\rightarrow$ **Elijah -> Harold -> ... -> Brandon**.

By following this chain, we establish that Elijah is the direct ancestor of Harold, and consequently the ancestor of Brandon. Conversely, Brandon is the descendant of Elijah.

Therefore, the correct relationship is that Brandon is Elijah's descendant.

<ANSWER>3</ANSWER>"
64,COMMON_ANCESTOR,4,"Given the following lineage relationships:
* Christian is Grace's ancestor.
* David is Eric's ancestor.
* Mason is Stephen's descendant.
* Bryan is Jean's descendant.
* Jacob is Joseph's ancestor.
* Larry is Sophia's ancestor.
* Jeffrey is Marie's descendant.
* Sophia is Nicholas's ancestor.
* Jack is Aaron's descendant.
* Zachary is Nicholas's descendant.
* Olivia is Kathleen's ancestor.
* Gary is Jose's ancestor.
* Justin is Carl's ancestor.
* Wayne is Billy's descendant.
* Steven is Julia's descendant.
* Eric is Ryan's ancestor.
* Sandra is Stephen's ancestor.
* Timothy is John's ancestor.
* Randy is Rachel's descendant.
* George is Justin's ancestor.
* Kenneth is Sarah's descendant.
* Randy is Samuel's ancestor.
* Patrick is Judy's descendant.
* Adam is Jean's ancestor.
* Samuel is Laura's ancestor.
* Olivia is Donald's descendant.
* David is Melissa's descendant.
* Donald is Carol's descendant.
* Abigail is Mason's descendant.
* Jesse is Joseph's descendant.
* Lisa is Charles's descendant.
* Adam is Alexis's descendant.
* Peter is Bryan's descendant.
* Larry is Theresa's descendant.
* Edward is Thomas's descendant.
* Grace is Carol's ancestor.
* Alexis is Kenneth's descendant.
* Shirley is Julie's ancestor.
* Jack is Brittany's ancestor.
* Theresa is Peter's descendant.
* Sarah is Jeffrey's descendant.
* Rachel is Carl's descendant.
* Timothy is Gary's ancestor.
* Isabella is George's ancestor.
* Brittany is Isabella's ancestor.
* Lisa is Deborah's ancestor.
* Julie is Sandra's ancestor.
* Zachary is Jacob's ancestor.
* Shirley is Willie's descendant.
* Daniel is Christian's ancestor.
* Patrick is Willie's ancestor.
* Kayla is Deborah's descendant.
* Joshua is Ryan's descendant.
* John is Julia's ancestor.
* Tyler is Edward's descendant.
* Jose is Aaron's ancestor.
* Abigail is Billy's ancestor.
* Melissa is Wayne's descendant.
* Charles is Tyler's descendant.
* Kayla is Marie's ancestor.
* Judy is Jesse's descendant.
* Thomas is Kathleen's descendant.
* Daniel is Steven's descendant.
Determine the lineage relationship between Joshua and Laura.
Select the correct answer:
1. Joshua is Laura's ancestor.
2. Joshua is Laura's descendant.
3. Joshua and Laura share a common descendant.
4. Joshua and Laura share a common ancestor.
5. None of the above is correct.
Enclose the selected answer number in the <ANSWER> tag, for example: <ANSWER>1</ANSWER>.",z-ai/glm-5,Z.AI,,,<ANSWER>4</ANSWER>
64,COMMON_DESCENDANT,1,"Given the following lineage relationships:
* Mark is Mary's ancestor.
* Wayne is Richard's descendant.
* Billy is Jonathan's descendant.
* Jesse is Alice's ancestor.
* Frank is Kayla's descendant.
* Harold is Joe's descendant.
* Nicole is Samantha's ancestor.
* Olivia is Beverly's descendant.
* Willie is Richard's ancestor.
* Frances is Carolyn's descendant.
* Bruce is Ashley's descendant.
* Willie is Bradley's descendant.
* Christopher is Emily's descendant.
* Vincent is Elijah's ancestor.
* Roy is Wayne's descendant.
* Timothy is Karen's descendant.
* Kayla is Christopher's descendant.
* Emily is Sandra's descendant.
* Bruce is Russell's ancestor.
* Timothy is Bradley's ancestor.
* Janet is Carol's ancestor.
* Terry is Mary's descendant.
* Helen is Martha's ancestor.
* Randy is Harold's descendant.
* Daniel is Nicholas's descendant.
* Marie is Christine's descendant.
* Roy is Nicholas's ancestor.
* Brittany is Jonathan's ancestor.
* Thomas is Doris's descendant.
* Vincent is Barbara's descendant.
* Eugene is Stephanie's ancestor.
* Jacob is Philip's ancestor.
* Amanda is Debra's ancestor.
* Donald is Joseph's descendant.
* Eugene is Billy's descendant.
* Joe is Donald's descendant.
* Mark is Cynthia's descendant.
* Isabella is Christine's ancestor.
* Daniel is Joseph's ancestor.
* Jesse is Martha's descendant.
* Jeffrey is Stephanie's descendant.
* Janet is Marie's descendant.
* Debra is Benjamin's ancestor.
* Carolyn is Jeffrey's descendant.
* Rebecca is Olivia's ancestor.
* Isabella is Frances's descendant.
* David is Doris's ancestor.
* Gregory is Dorothy's ancestor.
* Carol is Amanda's ancestor.
* Samantha is David's ancestor.
* Russell is Sandra's ancestor.
* Dorothy is Brittany's ancestor.
* Ashley is Philip's descendant.
* Karen is Elijah's descendant.
* Lisa is Thomas's descendant.
* Beverly is Randy's descendant.
* Jacob is Lisa's descendant.
* Benjamin is Cynthia's ancestor.
* Alice is Gregory's ancestor.
* Terry is Rebecca's ancestor.
* Barbara is Cheryl's descendant.
* Joan is Cheryl's ancestor.
* Frank is Helen's ancestor.
Determine the lineage relationship between Nicole and Joan.
Select the correct answer:
1. Nicole and Joan share a common descendant.
2. Nicole is Joan's ancestor.
3. Nicole is Joan's descendant.
4. Nicole and Joan share a common ancestor.
5. None of the above is correct.
Enclose the selected answer number in the <ANSWER> tag, for example: <ANSWER>1</ANSWER>.",z-ai/glm-5,Z.AI,,,"To determine the relationship between Nicole and Joan, we need to trace the lineage paths starting from both individuals.

**Tracing the lineage from Nicole:**
1.  **Nicole** is Samantha's ancestor.
2.  **Samantha** is David's ancestor.
3.  **David** is Doris's ancestor.
4.  **Thomas** is Doris's descendant (so Doris is Thomas's ancestor).
5.  **Lisa** is Thomas's descendant (so Thomas is Lisa's ancestor).
6.  **Jacob** is Lisa's descendant (so Lisa is Jacob's ancestor).
7.  **Jacob** is Philip's ancestor.
8.  **Ashley** is Philip's descendant (so Philip is Ashley's ancestor).
9.  **Bruce** is Ashley's descendant (so Ashley is Bruce's ancestor).
10. **Bruce** is Russell's ancestor.
11. **Russell** is Sandra's ancestor.
12. **Emily** is Sandra's descendant (so Sandra is Emily's ancestor).
13. **Christopher** is Emily's descendant (so Emily is Christopher's ancestor).
14. **Kayla** is Christopher's descendant (so Christopher is Kayla's ancestor).
15. **Frank** is Kayla's descendant (so Kayla is Frank's ancestor).
16. **Frank** is Helen's ancestor.
17. **Helen** is Martha's ancestor.
18. **Jesse** is Martha's descendant (so Martha is Jesse's ancestor).
19. **Jesse** is Alice's ancestor.
20. **Alice** is Gregory's ancestor.
21. **Gregory** is Dorothy's ancestor.
22. **Dorothy** is Brittany's ancestor.
23. **Brittany** is Jonathan's ancestor.
24. **Billy** is Jonathan's descendant (so Jonathan is Billy's ancestor).
25. **Eugene** is Billy's descendant (so Billy is Eugene's ancestor).
26. **Eugene** is Stephanie's ancestor.
27. **Jeffrey** is Stephanie's descendant (so Stephanie is Jeffrey's ancestor).
28. **Carolyn** is Jeffrey's descendant (so Jeffrey is Carolyn's ancestor).
29. **Frances** is Carolyn's descendant (so Carolyn is Frances's ancestor).
30. **Isabella** is Frances's descendant (so Frances is Isabella's ancestor).
31. **Isabella** is Christine's ancestor.
32. **Marie** is Christine's descendant (so Christine is Marie's ancestor).
33. **Janet** is Marie's descendant (so Marie is Janet's ancestor).
34. **Janet** is Carol's ancestor.
35. **Carol** is Amanda's ancestor.
36. **Amanda** is Debra's ancestor.
37. **Debra** is Benjamin's ancestor.
38. **Benjamin** is Cynthia's ancestor.
39. **Mark** is Cynthia's descendant (so Cynthia is Mark's ancestor).
40. **Mark** is Mary's ancestor.
41. **Terry** is Mary's descendant (so Mary is Terry's ancestor).
42. **Terry** is Rebecca's ancestor.
43. **Rebecca** is Olivia's ancestor.

From this chain, we establish that **Nicole is an ancestor of Olivia**.

**Tracing the lineage from Joan:**
1.  **Joan** is Cheryl's ancestor.
2.  **Barbara** is Cheryl's descendant (so Cheryl is Barbara's ancestor).
3.  **Vincent** is Barbara's descendant (so Barbara is Vincent's ancestor).
4.  **Vincent** is Elijah's ancestor.
5.  **Karen** is Elijah's descendant (so Elijah is Karen's ancestor).
6.  **Timothy** is Karen's descendant (so Karen is Timothy's ancestor).
7.  **Timothy** is Bradley's ancestor.
8.  **Willie** is Bradley's descendant (so Bradley is Willie's ancestor).
9.  **Willie** is Richard's ancestor.
10. **Wayne** is Richard's descendant (so Richard is Wayne's ancestor).
11. **Roy** is Wayne's descendant (so Wayne is Roy's ancestor).
12. **Roy** is Nicholas's ancestor.
13. **Daniel** is Nicholas's descendant (so Nicholas is Daniel's ancestor).
14. **Daniel** is Joseph's ancestor.
15. **Donald** is Joseph's descendant (so Joseph is Donald's ancestor).
16. **Joe** is Donald's descendant (so Donald is Joe's ancestor).
17. **Harold** is Joe's descendant (so Joe is Harold's ancestor).
18. **Randy** is Harold's descendant (so Harold is Randy's ancestor).
19. **Beverly** is Randy's descendant (so Randy is Beverly's ancestor).
20. **Olivia** is Beverly's descendant (so Beverly is Olivia's ancestor).

From this chain, we establish that **Joan is an ancestor of Olivia**.

**Conclusion:**
Since Nicole is an ancestor of Olivia and Joan is an ancestor of Olivia, Olivia is a descendant of both Nicole and Joan. Therefore, Nicole and Joan share a common descendant (Olivia).

<ANSWER>1</ANSWER>"
