128,ANCESTOR,4,"Given the following lineage relationships:
* Alan is Megan's descendant.
* Martha is Brandon's ancestor.
* Tyler is Cheryl's ancestor.
* Jason is Janice's ancestor.
* Raymond is Elizabeth's descendant.
* Kathryn is Walter's descendant.
* Austin is Adam's descendant.
* Aaron is Ann's descendant.
* Eugene is Philip's descendant.
* Vincent is Elijah's ancestor.
* Austin is Wayne's ancestor.
* Andrew is Julie's ancestor.
* Logan is Catherine's descendant.
* Gerald is Beverly's descendant.
* Christine is Lawrence's ancestor.
* Natalie is Jessica's ancestor.
* Kathleen is Philip's ancestor.
* Arthur is Maria's ancestor.
* Hannah is Michelle's descendant.
* Charlotte is Isabella's ancestor.
* Mary is Ruth's descendant.
* Billy is Elizabeth's ancestor.
* Donna is Karen's descendant.
* Catherine is Mary's descendant.
* Russell is Kenneth's ancestor.
* Elijah is Terry's ancestor.
* Diane is Margaret's descendant.
* Gary is Russell's ancestor.
* George is Henry's ancestor.
* Henry is Kyle's ancestor.
* Wayne is Michelle's ancestor.
* Victoria is Alexis's ancestor.
* Lori is Stephanie's ancestor.
* Joe is Hannah's descendant.
* Joseph is Thomas's descendant.
* Kimberly is Marie's descendant.
* Maria is Alice's ancestor.
* Madison is Nicole's descendant.
* Zachary is Margaret's ancestor.
* Debra is Tyler's ancestor.
* Kevin is Gabriel's descendant.
* Jesse is Gabriel's ancestor.
* Olivia is Brian's descendant.
* Andrew is Jerry's descendant.
* Dennis is Madison's descendant.
* Zachary is Jessica's descendant.
* Nicole is Heather's descendant.
* Brenda is Frances's descendant.
* Joseph is George's ancestor.
* Alan is Keith's ancestor.
* Martha is Willie's descendant.
* Ryan is David's ancestor.
* Bradley is Timothy's ancestor.
* Helen is Shirley's ancestor.
* Eric is Paul's descendant.
* Katherine is Paul's ancestor.
* David is Ann's ancestor.
* Katherine is Deborah's descendant.
* Gerald is Jeremy's ancestor.
* Kenneth is Christine's ancestor.
* Carl is Robert's ancestor.
* Aaron is Betty's ancestor.
* Jeremy is Douglas's ancestor.
* Janice is Samantha's ancestor.
* Kimberly is Roy's ancestor.
* Marilyn is Stephen's descendant.
* Diane is Carl's ancestor.
* Albert is Charlotte's ancestor.
* Terry is Daniel's ancestor.
* Eugene is Julia's ancestor.
* Beverly is Richard's descendant.
* Ronald is Alice's descendant.
* Bradley is Isabella's descendant.
* Brenda is Lori's ancestor.
* Walter is Logan's descendant.
* Ralph is Randy's ancestor.
* Harold is Edward's descendant.
* Emily is Daniel's descendant.
* Kayla is Nathan's ancestor.
* Natalie is Cheryl's descendant.
* Jesse is Christopher's descendant.
* Jonathan is Dennis's descendant.
* Sharon is Angela's ancestor.
* Judy is Albert's ancestor.
* Kayla is Juan's descendant.
* Olivia is Sarah's ancestor.
* Carol is Frances's ancestor.
* Alexis is Debra's ancestor.
* Marie is Lauren's descendant.
* Benjamin is Amber's ancestor.
* Jeffrey is Andrea's descendant.
* Julie is Peter's ancestor.
* Donna is Juan's ancestor.
* Jerry is Mason's descendant.
* Judy is Brandon's descendant.
* Grace is Edward's ancestor.
* Vincent is Timothy's descendant.
* Heather is Angela's descendant.
* Amber is Willie's ancestor.
* Megan is Raymond's descendant.
* Samuel is Ralph's ancestor.
* Harold is Ruth's ancestor.
* Billy is Nathan's descendant.
* Stephanie is Kathleen's ancestor.
* Shirley is Karen's ancestor.
* Jeffrey is Richard's ancestor.
* Adam is Randy's descendant.
* Benjamin is Robert's descendant.
* Roy is Samuel's ancestor.
* Arthur is Peter's descendant.
* Eric is Helen's ancestor.
* Pamela is Emily's descendant.
* Gary is Pamela's descendant.
* Jason is Marilyn's descendant.
* Joe is Christopher's ancestor.
* Lawrence is Mason's ancestor.
* Carol is Jonathan's descendant.
* Grace is Betty's descendant.
* Cynthia is Victoria's ancestor.
* Kevin is Sharon's ancestor.
* Cynthia is Kyle's descendant.
* Sarah is Thomas's ancestor.
* Deborah is Kathryn's descendant.
* Douglas is Stephen's ancestor.
* Ryan is Julia's descendant.
* Brian is Samantha's descendant.
* Ronald is Lauren's ancestor.
Determine the lineage relationship between Andrea and Keith.
Select the correct answer:
1. Andrea is Keith's descendant.
2. Andrea and Keith share a common ancestor.
3. Andrea and Keith share a common descendant.
4. Andrea is Keith's ancestor.
5. None of the above is correct.
Enclose the selected answer number in the <ANSWER> tag, for example: <ANSWER>1</ANSWER>.",z-ai/glm-5,Z.AI,,,"To determine the relationship between Andrea and Keith, we must trace the lineage connections provided in the statements. We can establish a directed path from one person to the other.

Let's start tracing from **Andrea**:
1.  ""Jeffrey is Andrea's descendant."" implies **Andrea is Jeffrey's ancestor** (Andrea → Jeffrey).
2.  ""Jeffrey is Richard's ancestor."" implies (Jeffrey → Richard).
3.  ""Beverly is Richard's descendant."" implies (Richard → Beverly).
4.  ""Gerald is Beverly's descendant."" implies (Beverly → Gerald).
5.  ""Gerald is Jeremy's ancestor."" implies (Gerald → Jeremy).
6.  ""Jeremy is Douglas's ancestor."" implies (Jeremy → Douglas).
7.  ""Douglas is Stephen's ancestor."" implies (Douglas → Stephen).
8.  ""Marilyn is Stephen's descendant."" implies (Stephen → Marilyn).
9.  ""Jason is Marilyn's descendant."" implies (Marilyn → Jason).
10. ""Jason is Janice's ancestor."" implies (Jason → Janice).
11. ""Janice is Samantha's ancestor."" implies (Janice → Samantha).
12. ""Brian is Samantha's descendant."" implies (Samantha → Brian).
13. ""Olivia is Brian's descendant."" implies (Brian → Olivia).
14. ""Olivia is Sarah's ancestor."" implies (Olivia → Sarah).
15. ""Sarah is Thomas's ancestor."" implies (Sarah → Thomas).
16. ""Joseph is Thomas's descendant."" implies (Thomas → Joseph).
17. ""Joseph is George's ancestor."" implies (Joseph → George).
18. ""George is Henry's ancestor."" implies (George → Henry).
19. ""Henry is Kyle's ancestor."" implies (Henry → Kyle).
20. ""Cynthia is Kyle's descendant."" implies (Kyle → Cynthia).
21. ""Cynthia is Victoria's ancestor."" implies (Cynthia → Victoria).
22. ""Victoria is Alexis's ancestor."" implies (Victoria → Alexis).
23. ""Alexis is Debra's ancestor."" implies (Alexis → Debra).
24. ""Debra is Tyler's ancestor."" implies (Debra → Tyler).
25. ""Tyler is Cheryl's ancestor."" implies (Tyler → Cheryl).
26. ""Natalie is Cheryl's descendant."" implies (Cheryl → Natalie).
27. ""Natalie is Jessica's ancestor."" implies (Natalie → Jessica).
28. ""Zachary is Jessica's descendant."" implies (Jessica → Zachary).
29. ""Zachary is Margaret's ancestor."" implies (Zachary → Margaret).
30. ""Diane is Margaret's descendant."" implies (Margaret → Diane).
31. ""Diane is Carl's ancestor."" implies (Diane → Carl).
32. ""Carl is Robert's ancestor."" implies (Carl → Robert).
33. ""Benjamin is Robert's descendant."" implies (Robert → Benjamin).
34. ""Benjamin is Amber's ancestor."" implies (Benjamin → Amber).
35. ""Amber is Willie's ancestor."" implies (Amber → Willie).
36. ""Martha is Willie's descendant."" implies (Willie → Martha).
37. ""Martha is Brandon's ancestor."" implies (Martha → Brandon).
38. ""Judy is Brandon's descendant."" implies (Brandon → Judy).
39. ""Judy is Albert's ancestor."" implies (Judy → Albert).
40. ""Albert is Charlotte's ancestor."" implies (Albert → Charlotte).
41. ""Charlotte is Isabella's ancestor."" implies (Charlotte → Isabella).
42. ""Bradley is Isabella's descendant."" implies (Isabella → Bradley).
43. ""Bradley is Timothy's ancestor."" implies (Bradley → Timothy).
44. ""Vincent is Timothy's descendant."" implies (Timothy → Vincent).
45. ""Vincent is Elijah's ancestor."" implies (Vincent → Elijah).
46. ""Elijah is Terry's ancestor."" implies (Elijah → Terry).
47. ""Terry is Daniel's ancestor."" implies (Terry → Daniel).
48. ""Emily is Daniel's descendant."" implies (Daniel → Emily).
49. ""Pamela is Emily's descendant."" implies (Emily → Pamela).
50. ""Gary is Pamela's descendant."" implies (Pamela → Gary).
51. ""Gary is Russell's ancestor."" implies (Gary → Russell).
52. ""Russell is Kenneth's ancestor."" implies (Russell → Kenneth).
53. ""Kenneth is Christine's ancestor."" implies (Kenneth → Christine).
54. ""Christine is Lawrence's ancestor."" implies (Christine → Lawrence).
55. ""Lawrence is Mason's ancestor."" implies (Lawrence → Mason).
56. ""Jerry is Mason's descendant."" implies (Mason → Jerry).
57. ""Andrew is Jerry's descendant."" implies (Jerry → Andrew).
58. ""Andrew is Julie's ancestor."" implies (Andrew → Julie).
59. ""Julie is Peter's ancestor."" implies (Julie → Peter).
60. ""Arthur is Peter's descendant."" implies (Peter → Arthur).
61. ""Arthur is Maria's ancestor."" implies (Arthur → Maria).
62. ""Maria is Alice's ancestor."" implies (Maria → Alice).
63. ""Ronald is Alice's descendant."" implies (Alice → Ronald).
64. ""Ronald is Lauren's ancestor."" implies (Ronald → Lauren).
65. ""Marie is Lauren's descendant."" implies (Lauren → Marie).
66. ""Kimberly is Marie's descendant."" implies (Marie → Kimberly).
67. ""Kimberly is Roy's ancestor."" implies (Kimberly → Roy).
68. ""Roy is Samuel's ancestor."" implies (Roy → Samuel).
69. ""Samuel is Ralph's ancestor."" implies (Samuel → Ralph).
70. ""Ralph is Randy's ancestor."" implies (Ralph → Randy).
71. ""Adam is Randy's descendant."" implies (Randy → Adam).
72. ""Austin is Adam's descendant."" implies (Adam → Austin).
73. ""Austin is Wayne's ancestor."" implies (Austin → Wayne).
74. ""Wayne is Michelle's ancestor."" implies (Wayne → Michelle).
75. ""Hannah is Michelle's descendant."" implies (Michelle → Hannah).
76. ""Joe is Hannah's descendant."" implies (Hannah → Joe).
77. ""Joe is Christopher's ancestor."" implies (Joe → Christopher).
78. ""Jesse is Christopher's descendant."" implies (Christopher → Jesse).
79. ""Jesse is Gabriel's ancestor."" implies (Jesse → Gabriel).
80. ""Kevin is Gabriel's descendant."" implies (Gabriel → Kevin).
81. ""Kevin is Sharon's ancestor."" implies (Kevin → Sharon).
82. ""Sharon is Angela's ancestor."" implies (Sharon → Angela).
83. ""Heather is Angela's descendant."" implies (Angela → Heather).
84. ""Nicole is Heather's descendant."" implies (Heather → Nicole).
85. ""Madison is Nicole's descendant."" implies (Nicole → Madison).
86. ""Dennis is Madison's descendant."" implies (Madison → Dennis).
87. ""Jonathan is Dennis's descendant."" implies (Dennis → Jonathan).
88. ""Carol is Jonathan's descendant."" implies (Jonathan → Carol).
89. ""Carol is Frances's ancestor."" implies (Carol → Frances).
90. ""Brenda is Frances's descendant."" implies (Frances → Brenda).
91. ""Brenda is Lori's ancestor."" implies (Brenda → Lori).
92. ""Lori is Stephanie's ancestor."" implies (Lori → Stephanie).
93. ""Stephanie is Kathleen's ancestor."" implies (Stephanie → Kathleen).
94. ""Kathleen is Philip's ancestor."" implies (Kathleen → Philip).
95. ""Eugene is Philip's descendant."" implies (Philip → Eugene).
96. ""Eugene is Julia's ancestor."" implies (Eugene → Julia).
97. ""Ryan is Julia's descendant."" implies (Julia → Ryan).
98. ""Ryan is David's ancestor."" implies (Ryan → David).
99. ""David is Ann's ancestor."" implies (David → Ann).
100. ""Aaron is Ann's descendant."" implies (Ann → Aaron).
101. ""Aaron is Betty's ancestor."" implies (Aaron → Betty).
102. ""Grace is Betty's descendant."" implies (Betty → Grace).
103. ""Grace is Edward's ancestor."" implies (Grace → Edward).
104. ""Harold is Edward's descendant."" implies (Edward → Harold).
105. ""Harold is Ruth's ancestor."" implies (Harold → Ruth).
106. ""Mary is Ruth's descendant."" implies (Ruth → Mary).
107. ""Catherine is Mary's descendant."" implies (Mary → Catherine).
108. ""Logan is Catherine's descendant."" implies (Catherine → Logan).
109. ""Walter is Logan's descendant."" implies (Logan → Walter).
110. ""Kathryn is Walter's descendant."" implies (Walter → Kathryn).
111. ""Deborah is Kathryn's descendant."" implies (Kathryn → Deborah).
112. ""Katherine is Deborah's descendant."" implies (Deborah → Katherine).
113. ""Katherine is Paul's ancestor."" implies (Katherine → Paul).
114. ""Eric is Paul's descendant."" implies (Paul → Eric).
115. ""Eric is Helen's ancestor."" implies (Eric → Helen).
116. ""Helen is Shirley's ancestor."" implies (Helen → Shirley).
117. ""Shirley is Karen's ancestor."" implies (Shirley → Karen).
118. ""Donna is Karen's descendant."" implies (Karen → Donna).
119. ""Donna is Juan's ancestor."" implies (Donna → Juan).
120. ""Kayla is Juan's descendant."" implies (Juan → Kayla).
121. ""Kayla is Nathan's ancestor."" implies (Kayla → Nathan).
122. ""Billy is Nathan's descendant."" implies (Nathan → Billy).
123. ""Billy is Elizabeth's ancestor."" implies (Billy → Elizabeth).
124. ""Raymond is Elizabeth's descendant."" implies (Elizabeth → Raymond).
125. ""Megan is Raymond's descendant."" implies (Raymond → Megan).
126. ""Alan is Megan's descendant."" implies (Megan → Alan).
127. ""Alan is Keith's ancestor."" implies (Alan → Keith).

Following the entire chain, the relationship flows directly from Andrea to Keith. Therefore, Andrea is the ancestor of Keith.

<ANSWER>4</ANSWER>"
128,DESCENDANT,2,"Given the following lineage relationships:
* Barbara is Richard's descendant.
* Zachary is Aaron's descendant.
* Noah is Samuel's descendant.
* Elizabeth is Debra's ancestor.
* Lauren is Harold's descendant.
* Sophia is Karen's descendant.
* Timothy is Denise's descendant.
* Janice is Juan's ancestor.
* Bradley is Lori's descendant.
* Jennifer is Jerry's ancestor.
* Charles is Nicholas's ancestor.
* Wayne is Charlotte's descendant.
* Philip is Doris's ancestor.
* Donna is Katherine's ancestor.
* Peter is Douglas's descendant.
* Alexis is Mason's ancestor.
* Vincent is Adam's descendant.
* Zachary is Carol's ancestor.
* Hannah is Arthur's ancestor.
* Christopher is Ralph's descendant.
* Gerald is Steven's descendant.
* Austin is Benjamin's descendant.
* Maria is Joan's ancestor.
* Terry is Andrea's descendant.
* Deborah is Logan's descendant.
* Laura is Albert's descendant.
* Ralph is Heather's descendant.
* Henry is James's descendant.
* Judy is Henry's descendant.
* Denise is Eugene's descendant.
* Christina is Donald's ancestor.
* Thomas is Margaret's descendant.
* Walter is Ann's ancestor.
* Deborah is Beverly's ancestor.
* Charles is Bryan's descendant.
* Sophia is Christian's ancestor.
* Bradley is Edward's ancestor.
* Kelly is Elizabeth's ancestor.
* Beverly is Russell's ancestor.
* Sara is Douglas's ancestor.
* Jerry is Sara's ancestor.
* Brian is Albert's ancestor.
* Justin is Christine's ancestor.
* Megan is Andrea's ancestor.
* Timothy is Steven's ancestor.
* Brian is Lauren's descendant.
* Amy is Frances's ancestor.
* Gregory is Margaret's ancestor.
* Benjamin is Edward's descendant.
* Andrew is Diane's descendant.
* Stephanie is Thomas's descendant.
* Dennis is Philip's ancestor.
* Doris is Janet's ancestor.
* Cheryl is Billy's ancestor.
* Keith is William's descendant.
* Carl is Alan's ancestor.
* Jason is Teresa's ancestor.
* Eugene is Laura's descendant.
* Brittany is Gerald's descendant.
* Pamela is Olivia's descendant.
* Alan is Jennifer's ancestor.
* Larry is Logan's ancestor.
* Stephanie is Raymond's ancestor.
* Ryan is Joseph's ancestor.
* Gregory is Billy's descendant.
* Elijah is Nancy's ancestor.
* Evelyn is Kyle's ancestor.
* Emily is Wayne's descendant.
* Emma is Janet's descendant.
* James is Katherine's descendant.
* Randy is Jason's ancestor.
* Cheryl is Alice's descendant.
* Teresa is Walter's ancestor.
* Julia is Ronald's descendant.
* Dennis is Keith's descendant.
* Nicholas is Lisa's ancestor.
* Roger is Gloria's descendant.
* Bruce is Emma's descendant.
* Brandon is Noah's descendant.
* Joan is Kathryn's ancestor.
* Julie is Pamela's descendant.
* Ann is Adam's ancestor.
* Samantha is Christopher's descendant.
* Alexis is Kimberly's descendant.
* Karen is Jose's descendant.
* Scott is Christian's descendant.
* Diane is Frances's descendant.
* Megan is Nancy's descendant.
* Andrew is Carl's ancestor.
* Frank is Samuel's ancestor.
* William is Judy's descendant.
* Jacqueline is Willie's descendant.
* Julie is Amy's ancestor.
* Ryan is Roger's descendant.
* Bryan is Roy's descendant.
* Donna is Linda's descendant.
* Angela is Isabella's ancestor.
* Grace is Austin's descendant.
* Justin is Lisa's descendant.
* Christine is Heather's ancestor.
* Randy is Debra's descendant.
* Barbara is Frank's ancestor.
* Amber is Juan's descendant.
* Aaron is Emily's descendant.
* Hannah is Kyle's descendant.
* Janice is Grace's descendant.
* Christina is Scott's descendant.
* Brittany is Maria's ancestor.
* Vincent is Natalie's ancestor.
* Peter is Charlotte's ancestor.
* Jacqueline is Linda's ancestor.
* Willie is Mason's descendant.
* Carolyn is Russell's descendant.
* Arthur is Angela's ancestor.
* Lori is Carol's descendant.
* Roy is Natalie's descendant.
* Kimberly is Julia's descendant.
* Brandon is Kelly's ancestor.
* Donald is Alice's ancestor.
* Larry is Isabella's descendant.
* Carolyn is Harold's ancestor.
* Jose is Kathryn's descendant.
* Terry is Gloria's ancestor.
* Elijah is Bruce's descendant.
* Richard is Amber's descendant.
* Ronald is Raymond's descendant.
* Olivia is Joseph's descendant.
Determine the lineage relationship between Samantha and Evelyn.
Select the correct answer:
1. Samantha is Evelyn's ancestor.
2. Samantha is Evelyn's descendant.
3. Samantha and Evelyn share a common ancestor.
4. Samantha and Evelyn share a common descendant.
5. None of the above is correct.
Enclose the selected answer number in the <ANSWER> tag, for example: <ANSWER>1</ANSWER>.",z-ai/glm-5,Z.AI,,,"To determine the lineage relationship between Samantha and Evelyn, we trace the ancestry lines for both individuals based on the provided statements.

**1. Trace Samantha's Lineage:**
*   Samantha is Christopher's descendant.
*   Following the chain of descendants/ancestors backwards:
    *   Christopher -> Ralph -> Heather -> Christine -> Justin -> Lisa -> Nicholas -> Charles -> Bryan -> Roy -> Natalie -> Vincent -> Adam -> Ann -> Walter -> Teresa -> Jason -> Randy -> Debra -> Elizabeth -> Kelly -> Brandon -> Noah -> Samuel -> Frank -> Barbara -> Richard -> Amber -> Juan -> Janice -> Grace -> Austin -> Benjamin -> Edward -> Bradley -> Lori -> Carol -> Zachary -> Aaron -> Emily -> Wayne -> Charlotte -> Peter -> Douglas -> Sara -> Jerry -> Jennifer -> Alan -> Carl -> Andrew -> Diane -> Frances -> Amy -> Julie -> Pamela -> Olivia -> Joseph -> Ryan -> Roger -> Gloria -> Terry -> Andrea -> Megan -> Nancy -> Elijah -> Bruce -> Emma -> Janet -> Doris -> Philip -> Dennis -> Keith -> William -> Judy -> Henry -> James -> Katherine -> Donna -> Linda -> Jacqueline -> Willie -> Mason -> Alexis -> Kimberly -> Julia -> Ronald -> Raymond -> Stephanie -> Thomas -> Margaret -> Gregory -> Billy -> Cheryl -> Alice -> Donald -> Christina -> Scott -> Christian -> Sophia -> Karen -> Jose -> Kathryn -> Joan -> Maria -> Brittany -> Gerald -> Steven -> Timothy -> Denise -> Eugene -> Laura -> Albert -> Brian -> Lauren -> Harold -> Carolyn -> Russell -> Beverly -> Deborah -> Logan -> Larry -> Isabella -> **Angela**.
*   The chain reaches **Angela**. There are no statements indicating Angela has any ancestors; she is a root in this lineage tree. Thus, Samantha is a descendant of Angela.

**2. Trace Evelyn's Lineage:**
*   Evelyn is Kyle's ancestor.
*   Kyle is Hannah's ancestor (from ""Hannah is Kyle's descendant"").
*   Hannah is Arthur's ancestor (from ""Hannah is Arthur's ancestor"").
*   So, the lineage is **Evelyn -> Kyle -> Hannah -> Arthur**.

**3. Analyze Connections:**
*   We have a lineage starting with Evelyn and ending with Arthur.
*   We also have the statement: ""Arthur is Angela's descendant."" This means **Angela is Arthur's ancestor**.
*   So, Arthur is a descendant of both Evelyn (via Kyle and Hannah) and Angela.
*   Samantha is a descendant of Angela.
*   Samantha is a ""leaf"" node (she has no listed descendants).
*   Arthur is a ""leaf"" node (he has no listed descendants).

**4. Evaluate the Options:**
*   **1. Samantha is Evelyn's ancestor:** False. Samantha is a descendant of Angela. There is no link from Samantha to Evelyn.
*   **2. Samantha is Evelyn's descendant:** False. Samantha descends from Angela. While Angela and Evelyn both share Arthur as a descendant, Angela is not a descendant of Evelyn. Thus, Samantha is not Evelyn's descendant.
*   **3. Samantha and Evelyn share a common ancestor:** False. Samantha's ultimate ancestor is Angela. Evelyn is a root ancestor with no listed parents. There is no common ancestor listed for both.
*   **4. Samantha and Evelyn share a common descendant:** False. To share a common descendant, there must be a person who is a descendant of *both* Samantha and Evelyn.
    *   Evelyn's descendant is Arthur.
    *   Samantha has no descendants (she is a descendant of Christopher, not an ancestor of anyone listed).
    *   Therefore, they cannot share a common descendant.
*   **5. None of the above is correct:** Since options 1-4 are incorrect, this is the correct choice.

<ANSWER>5</ANSWER>"
128,COMMON_ANCESTOR,4,"Given the following lineage relationships:
* Nicole is Stephanie's descendant.
* Ashley is Bradley's descendant.
* Steven is Jennifer's descendant.
* Ashley is Sandra's ancestor.
* Elijah is Lori's descendant.
* Julie is Harold's descendant.
* Jennifer is Joan's descendant.
* Jacob is Kyle's ancestor.
* Scott is Alice's descendant.
* Arthur is Jacqueline's descendant.
* Brittany is Victoria's descendant.
* Emily is Kathleen's descendant.
* Amber is Hannah's descendant.
* Edward is Beverly's descendant.
* Virginia is Doris's descendant.
* Frank is Mason's ancestor.
* Amber is Willie's ancestor.
* Henry is Deborah's descendant.
* Bruce is Jerry's ancestor.
* Walter is Kevin's descendant.
* Kayla is Jeffrey's ancestor.
* Denise is Margaret's descendant.
* Natalie is Lawrence's descendant.
* Cynthia is Elijah's descendant.
* Sophia is Carol's descendant.
* Betty is Melissa's ancestor.
* Maria is David's descendant.
* Brandon is Rebecca's ancestor.
* Anna is Michael's ancestor.
* Christopher is Cheryl's descendant.
* Jeffrey is Joshua's ancestor.
* Diane is Brenda's descendant.
* Denise is Nathan's ancestor.
* Bobby is Rebecca's descendant.
* Kimberly is Jean's ancestor.
* Grace is Jacob's ancestor.
* Betty is Willie's descendant.
* Alan is Charles's ancestor.
* Diane is Gerald's ancestor.
* Grace is Jerry's descendant.
* Stephanie is Sara's descendant.
* Deborah is Gerald's descendant.
* Philip is Frances's descendant.
* Karen is Doris's ancestor.
* Frank is Jesse's descendant.
* James is Joyce's descendant.
* Anna is Nicholas's descendant.
* Dorothy is Jason's descendant.
* Nicole is Brandon's ancestor.
* Daniel is Judy's ancestor.
* Abigail is Pamela's ancestor.
* Sarah is Janice's descendant.
* Mason is Peter's ancestor.
* Michelle is Wayne's ancestor.
* David is Justin's descendant.
* Maria is Larry's ancestor.
* Jean is Randy's ancestor.
* Martha is Kenneth's descendant.
* Douglas is Shirley's ancestor.
* Justin is Noah's descendant.
* Peter is Lawrence's ancestor.
* Brittany is Hannah's ancestor.
* Alan is Eric's descendant.
* Charlotte is Jack's ancestor.
* Matthew is Ralph's descendant.
* Frances is Sarah's descendant.
* Jason is Madison's descendant.
* Joyce is Christopher's descendant.
* Scott is Andrea's ancestor.
* Christian is Bryan's ancestor.
* Karen is Jordan's descendant.
* Debra is Sara's ancestor.
* Arthur is Christine's ancestor.
* Mark is Kayla's ancestor.
* Angela is Christina's ancestor.
* Angela is Matthew's descendant.
* Julie is Brenda's ancestor.
* Abigail is Jack's descendant.
* Philip is Kathleen's ancestor.
* Sophia is Janet's ancestor.
* Ryan is Steven's descendant.
* Carol is Melissa's descendant.
* Jose is James's descendant.
* Janice is Wayne's descendant.
* Walter is Marilyn's ancestor.
* Beverly is Christina's descendant.
* Ann is Emily's descendant.
* Billy is Joseph's ancestor.
* Natalie is Ronald's ancestor.
* Anthony is Christine's descendant.
* Mark is Nathan's descendant.
* Eric is Edward's descendant.
* Bradley is Shirley's descendant.
* Kevin is Teresa's descendant.
* Harold is Ronald's descendant.
* Margaret is Ann's descendant.
* Larry is Marie's ancestor.
* Jonathan is Joshua's descendant.
* Michelle is Marie's descendant.
* Cynthia is Noah's ancestor.
* Sean is Kimberly's ancestor.
* Sharon is Joseph's descendant.
* Billy is Virginia's descendant.
* Kenneth is Charles's descendant.
* Jesse is Michael's descendant.
* Pamela is Theresa's ancestor.
* Sean is Bryan's descendant.
* Nicholas is Judy's descendant.
* Catherine is Ralph's ancestor.
* Janet is Madison's ancestor.
* Lori is Jose's descendant.
* Joan is Paul's descendant.
* Kyle is Christian's ancestor.
* Catherine is Sharon's descendant.
* Theresa is Bruce's ancestor.
* Alice is Paul's ancestor.
* Susan is Marilyn's descendant.
* Sandra is Jordan's ancestor.
* Susan is Douglas's ancestor.
* Anthony is Daniel's ancestor.
* Debra is Jonathan's descendant.
* Victoria is Ryan's descendant.
* Brian is Cheryl's ancestor.
* Jacqueline is Dorothy's descendant.
* Martha is Brian's ancestor.
* Andrea is Teresa's ancestor.
* Charlotte is Henry's descendant.
Determine the lineage relationship between Randy and Bobby.
Select the correct answer:
1. Randy is Bobby's ancestor.
2. Randy is Bobby's descendant.
3. Randy and Bobby share a common descendant.
4. Randy and Bobby share a common ancestor.
5. None of the above is correct.
Enclose the selected answer number in the <ANSWER> tag, for example: <ANSWER>1</ANSWER>.",z-ai/glm-5,Z.AI,,,"To determine the relationship between Randy and Bobby, we must trace their lineage through the provided statements.

**Step 1: Trace Bobby's Ancestors**
*   Bobby is Rebecca's descendant.
*   Rebecca is Brandon's descendant (from ""Brandon is Rebecca's ancestor"").
*   Brandon is Nicole's descendant (from ""Nicole is Brandon's ancestor"").
*   Nicole is Stephanie's descendant.
*   Stephanie is Sara's descendant.
*   Sara (or Sarah) is involved in a lineage chain. Let's trace further back or find connections.
    *   ""Frances is Sarah's descendant"" and ""Debra is Sara's ancestor"".
    *   ""Sarah is Janice's descendant"".
    *   ""Janice is Wayne's descendant"".
    *   ""Wayne is Michelle's descendant"" (from ""Michelle is Wayne's ancestor"").
    *   ""Michelle is Marie's descendant"".
    *   ""Marie is Larry's descendant"" (from ""Larry is Marie's ancestor"").
    *   ""Larry is Maria's descendant"" (from ""Maria is Larry's ancestor"").
    *   ""Maria is David's descendant"".
    *   ""David is Justin's descendant"".
    *   ""Justin is Noah's descendant"".
    *   ""Noah is Cynthia's descendant"" (from ""Cynthia is Noah's ancestor"").
    *   ""Cynthia is Elijah's descendant"".
    *   ""Elijah is Lori's descendant"".
    *   ""Lori is Jose's descendant"".
    *   ""Jose is James's descendant"".
    *   ""James is Joyce's descendant"".
    *   ""Joyce is Christopher's descendant"".
    *   ""Christopher is Cheryl's descendant"".
    *   ""Cheryl is Brian's descendant"" (from ""Brian is Cheryl's ancestor"").
    *   ""Brian is Martha's descendant"" (from ""Martha is Brian's ancestor"").
    *   ""Martha is Kenneth's descendant"".
    *   ""Kenneth is Charles's descendant"".
    *   ""Charles is Alan's descendant"" (from ""Alan is Charles's ancestor"").
    *   ""Alan is Eric's descendant"".
    *   ""Eric is Edward's descendant"".
    *   ""Edward is Beverly's descendant"".
    *   ""Beverly is Christina's descendant"".
    *   ""Christina is Angela's descendant"" (from ""Angela is Christina's ancestor"").
    *   ""Angela is Matthew's descendant"".
    *   ""Matthew is Ralph's descendant"".
    *   ""Ralph is Catherine's descendant"" (from ""Catherine is Ralph's ancestor"").
    *   ""Catherine is Sharon's descendant"".
    *   ""Sharon is Joseph's descendant"".
    *   ""Joseph is Billy's descendant"" (from ""Billy is Joseph's ancestor"").
    *   ""Billy is Virginia's descendant"".
    *   ""Virginia is Doris's descendant"".
    *   ""Doris is Karen's descendant"" (from ""Karen is Doris's ancestor"").
    *   ""Karen is Jordan's descendant"".
    *   ""Jordan is Sandra's descendant"" (from ""Sandra is Jordan's ancestor"").
    *   ""Sandra is Ashley's descendant"" (from ""Ashley is Sandra's ancestor"").
    *   ""Ashley is Bradley's descendant"".
    *   ""Bradley is Shirley's descendant"".
    *   ""Shirley is Douglas's descendant"" (from ""Douglas is Shirley's ancestor"").
    *   ""Douglas is Susan's descendant"" (from ""Susan is Douglas's ancestor"").
    *   ""Susan is Marilyn's descendant"".
    *   ""Marilyn is Walter's descendant"" (from ""Walter is Marilyn's ancestor"").
    *   ""Walter is Kevin's descendant"".
    *   ""Kevin is Teresa's descendant"".
    *   ""Teresa is Andrea's descendant"" (from ""Andrea is Teresa's ancestor"").
    *   ""Andrea is Scott's descendant"" (from ""Scott is Andrea's ancestor"").
    *   ""Scott is Alice's descendant"".
    *   So, **Alice is an ancestor of Bobby**.

**Step 2: Trace Randy's Ancestors**
*   Randy is Jean's descendant (from ""Jean is Randy's ancestor"").
*   Jean is Kimberly's descendant.
*   Kimberly is Sean's descendant.
*   Sean is Bryan's descendant.
*   Bryan is Christian's descendant.
*   Christian is Kyle's descendant.
*   Kyle is Jacob's descendant.
*   Jacob is Grace's descendant.
*   Grace is Jerry's descendant.
*   Jerry is Bruce's descendant.
*   Bruce is Theresa's descendant.
*   Theresa is Pamela's descendant.
*   Pamela is Abigail's descendant.
*   Abigail is Jack's descendant.
*   Jack is Charlotte's descendant.
*   Charlotte is Henry's descendant.
*   Henry is Deborah's descendant.
*   Deborah is Gerald's descendant.
*   Gerald is Diane's descendant.
*   Diane is Brenda's descendant.
*   Brenda is Julie's descendant.
*   Julie is Harold's descendant.
*   Harold is Ronald's descendant.
*   Ronald is Natalie's descendant.
*   Natalie is Lawrence's descendant.
*   Lawrence is Peter's descendant.
*   Peter is Mason's descendant.
*   Mason is Frank's descendant.
*   Frank is Jesse's descendant.
*   Jesse is Michael's descendant.
*   Michael is Anna's descendant.
*   Anna is Nicholas's descendant.
*   Nicholas is Judy's descendant.
*   Judy is Daniel's descendant.
*   Daniel is Anthony's descendant.
*   Anthony is Christine's descendant.
*   Christine is Arthur's descendant.
*   Arthur is Jacqueline's descendant.
*   Jacqueline is Dorothy's descendant.
*   Dorothy is Jason's descendant.
*   Jason is Madison's descendant.
*   Madison is Janet's descendant.
*   Janet is Sophia's descendant.
*   Sophia is Carol's descendant.
*   Carol is Melissa's descendant.
*   Melissa is Betty's descendant.
*   Betty is Willie's descendant.
*   Willie is Amber's descendant.
*   Amber is Hannah's descendant.
*   Hannah is Brittany's descendant.
*   Brittany is Victoria's descendant.
*   Victoria is Ryan's descendant.
*   Ryan is Steven's descendant.
*   Steven is Jennifer's descendant.
*   Jennifer is Joan's descendant.
*   Joan is Paul's descendant.
*   Paul is Alice's descendant.
*   So, **Alice is an ancestor of Randy**.

**Conclusion**
Alice is an ancestor of both Randy and Bobby. Randy descends from Alice via the Paul line, and Bobby descends from Alice via the Scott line. Therefore, they share a common ancestor. Neither is the ancestor or descendant of the other.

<ANSWER>4</ANSWER>"
128,COMMON_DESCENDANT,1,"Given the following lineage relationships:
* Natalie is Gloria's descendant.
* Patrick is Aaron's ancestor.
* Henry is Ruth's ancestor.
* Heather is Judy's descendant.
* Larry is Joshua's descendant.
* Brian is Mark's descendant.
* Janice is Douglas's descendant.
* Stephen is Daniel's ancestor.
* Sarah is Barbara's ancestor.
* Edward is Kyle's ancestor.
* Debra is Kelly's descendant.
* Jessica is Brandon's ancestor.
* Brian is Nicholas's ancestor.
* Heather is Bradley's ancestor.
* Ashley is Joe's ancestor.
* Steven is Donna's ancestor.
* Kayla is Megan's descendant.
* Carolyn is Ruth's descendant.
* Jack is Willie's descendant.
* Bobby is Andrea's descendant.
* Zachary is Steven's ancestor.
* Tyler is Joseph's descendant.
* Patricia is Sara's descendant.
* Donald is Christina's descendant.
* Aaron is Eric's ancestor.
* Christine is Henry's ancestor.
* Jacqueline is Christina's ancestor.
* Jean is Michael's ancestor.
* Nicholas is Emily's ancestor.
* Richard is Kelly's ancestor.
* Albert is Lawrence's descendant.
* Thomas is Carl's descendant.
* Peter is Barbara's descendant.
* Eugene is Jonathan's descendant.
* Sophia is Marilyn's descendant.
* Theresa is Jack's descendant.
* Willie is Matthew's descendant.
* Jesse is Elizabeth's ancestor.
* Nancy is James's ancestor.
* Sarah is Donald's descendant.
* Karen is Jacob's descendant.
* Denise is Stephen's ancestor.
* Robert is Margaret's descendant.
* Emma is Roy's descendant.
* Bruce is Robert's descendant.
* Virginia is Zachary's ancestor.
* Gabriel is Jordan's ancestor.
* Jean is George's descendant.
* Joan is Natalie's ancestor.
* Logan is Virginia's ancestor.
* Cynthia is Jason's ancestor.
* Cynthia is Gerald's descendant.
* Patricia is Helen's ancestor.
* Emily is Hannah's ancestor.
* Gerald is Sophia's descendant.
* Linda is Rachel's descendant.
* Terry is Michael's descendant.
* Kimberly is Ralph's ancestor.
* Christopher is Julie's ancestor.
* Doris is Helen's descendant.
* Pamela is Terry's descendant.
* Kayla is Gabriel's ancestor.
* Frank is Joseph's ancestor.
* Victoria is Harold's descendant.
* Olivia is Carl's ancestor.
* Gary is Pamela's descendant.
* Mary is Paul's ancestor.
* Ryan is Albert's descendant.
* Diane is Timothy's ancestor.
* Gloria is Victoria's descendant.
* Paul is Cheryl's ancestor.
* Carol is Kyle's descendant.
* James is Mary's ancestor.
* Denise is Elizabeth's descendant.
* Nancy is Juan's descendant.
* Christine is Thomas's descendant.
* Amanda is Carolyn's descendant.
* Edward is Bobby's descendant.
* Hannah is Juan's ancestor.
* Rachel is Cheryl's descendant.
* Janice is Sara's ancestor.
* Raymond is Karen's descendant.
* Ann is Mark's ancestor.
* Lawrence is Deborah's descendant.
* Deborah is Keith's descendant.
* Timothy is Noah's ancestor.
* Jessica is Madison's descendant.
* Jason is Harold's ancestor.
* Tyler is Jacqueline's ancestor.
* Diane is Rebecca's descendant.
* Christopher is Daniel's descendant.
* Teresa is Madison's ancestor.
* Gregory is Sean's descendant.
* Roy is Nicole's descendant.
* Ashley is Theresa's descendant.
* Alice is Jonathan's ancestor.
* Richard is Carol's descendant.
* Ronald is Dorothy's ancestor.
* Joe is Frank's ancestor.
* Peter is Catherine's ancestor.
* Emma is Laura's ancestor.
* Matthew is Raymond's descendant.
* Kimberly is Gary's descendant.
* Brandon is Susan's ancestor.
* Linda is Marilyn's ancestor.
* Ryan is Michelle's ancestor.
* Bruce is Ann's ancestor.
* Ronald is Susan's descendant.
* Donna is Jesse's ancestor.
* Jordan is John's ancestor.
* Noah is Alice's ancestor.
* Eugene is Teresa's ancestor.
* Gregory is Keith's ancestor.
* Megan is Alan's descendant.
* Joshua is Michelle's descendant.
* Olivia is Dorothy's descendant.
* Rebecca is Julie's descendant.
* Alan is Catherine's descendant.
* Larry is Douglas's ancestor.
* Sean is Laura's descendant.
* Bradley is Andrea's ancestor.
* George is Doris's descendant.
* Nicole is Eric's descendant.
* Logan is Debra's descendant.
* Jacob is Amanda's descendant.
* Ralph is Judy's ancestor.
* Joan is John's descendant.
Determine the lineage relationship between Patrick and Margaret.
Select the correct answer:
1. Patrick and Margaret share a common descendant.
2. Patrick and Margaret share a common ancestor.
3. Patrick is Margaret's descendant.
4. Patrick is Margaret's ancestor.
5. None of the above is correct.
Enclose the selected answer number in the <ANSWER> tag, for example: <ANSWER>1</ANSWER>.",z-ai/glm-5,Z.AI,,,<ANSWER>1</ANSWER>
128,ANCESTOR,4,"Given the following lineage relationships:
* Amy is Sophia's ancestor.
* Jeremy is Isabella's descendant.
* Stephanie is Elijah's ancestor.
* Susan is Kayla's ancestor.
* Albert is Elizabeth's descendant.
* Amy is Brandon's descendant.
* Lauren is Julie's ancestor.
* Bobby is Roy's descendant.
* Donald is Scott's descendant.
* Christine is Charles's ancestor.
* Brittany is Lori's ancestor.
* Brenda is Shirley's ancestor.
* Eugene is Harold's descendant.
* Bryan is Katherine's ancestor.
* Madison is Justin's descendant.
* Emma is Zachary's ancestor.
* Nicholas is Theresa's ancestor.
* Jack is Doris's ancestor.
* Amanda is Laura's ancestor.
* Isabella is Alexander's descendant.
* Eric is Mary's descendant.
* Teresa is Eric's descendant.
* Scott is Laura's descendant.
* Amanda is Victoria's descendant.
* Joshua is Megan's ancestor.
* Ruth is Emma's ancestor.
* Larry is Kenneth's descendant.
* Rachel is Matthew's descendant.
* Sean is Susan's ancestor.
* Marilyn is Helen's descendant.
* Sharon is Terry's descendant.
* Joan is Christian's ancestor.
* Helen is Timothy's descendant.
* Jennifer is Doris's descendant.
* Janice is Alice's descendant.
* Rebecca is Jose's descendant.
* Mark is Christopher's descendant.
* Danielle is Noah's descendant.
* Kathryn is Olivia's ancestor.
* Patrick is Diana's descendant.
* Noah is Dorothy's descendant.
* David is Mason's descendant.
* Beverly is Kevin's descendant.
* Virginia is Benjamin's ancestor.
* Edward is Sophia's descendant.
* Julia is Jason's ancestor.
* Justin is Lori's descendant.
* Jacob is Samantha's ancestor.
* Maria is Austin's descendant.
* Joe is Dennis's descendant.
* Samantha is Bryan's ancestor.
* Raymond is Brandon's ancestor.
* Jeffrey is Denise's descendant.
* Lauren is George's descendant.
* Willie is Jason's descendant.
* Walter is Grace's descendant.
* Virginia is Shirley's descendant.
* Albert is Anthony's ancestor.
* Hannah is Betty's descendant.
* Cynthia is Julie's descendant.
* Pamela is Madison's descendant.
* Amber is Stephanie's ancestor.
* Janet is Marie's descendant.
* Ralph is Mark's descendant.
* Denise is Jeremy's descendant.
* Ashley is Christopher's ancestor.
* Rachel is Carol's ancestor.
* Sarah is Theresa's descendant.
* Raymond is David's descendant.
* Wayne is Billy's ancestor.
* Diane is Jordan's ancestor.
* Dylan is Joshua's ancestor.
* Jacob is Rebecca's descendant.
* Kayla is Terry's ancestor.
* Bobby is Harold's ancestor.
* Donna is Catherine's ancestor.
* Benjamin is Roy's ancestor.
* Matthew is Pamela's descendant.
* Douglas is Katherine's descendant.
* Brittany is Andrew's descendant.
* Judith is Diane's ancestor.
* Steven is Alan's ancestor.
* Diana is Beverly's descendant.
* Ruth is Elijah's descendant.
* Dorothy is Maria's descendant.
* Timothy is Alan's descendant.
* Zachary is William's ancestor.
* Ryan is Austin's ancestor.
* Dylan is Ralph's descendant.
* Elizabeth is Eugene's descendant.
* Angela is Sharon's descendant.
* Kevin is Willie's descendant.
* Philip is Donna's ancestor.
* Christian is Kathryn's ancestor.
* Cheryl is Dennis's ancestor.
* Nicole is Russell's ancestor.
* Kenneth is Olivia's descendant.
* Betty is Walter's descendant.
* Douglas is Ryan's ancestor.
* Deborah is Angela's descendant.
* Philip is Cynthia's descendant.
* Jack is Danielle's descendant.
* Charles is Marie's ancestor.
* Heather is Russell's descendant.
* Sean is Carol's descendant.
* Catherine is Christine's ancestor.
* Sarah is Mason's ancestor.
* Anthony is Juan's ancestor.
* Billy is Mary's ancestor.
* Andrew is Jeffrey's descendant.
* Megan is George's ancestor.
* Grace is Patrick's descendant.
* William is Jose's ancestor.
* Cheryl is Janet's descendant.
* Alexander is Edward's descendant.
* Jordan is Alice's ancestor.
* Julia is Donald's descendant.
* Amber is Janice's descendant.
* Joe is Victoria's ancestor.
* Marilyn is Joan's ancestor.
* Nicholas is Heather's descendant.
* Teresa is Nicole's ancestor.
* Juan is Steven's ancestor.
* Andrea is Judith's ancestor.
* Hannah is Brenda's ancestor.
* Deborah is Andrea's ancestor.
* Wayne is Larry's descendant.
Determine the lineage relationship between Ashley and Jennifer.
Select the correct answer:
1. Ashley and Jennifer share a common descendant.
2. Ashley and Jennifer share a common ancestor.
3. Ashley is Jennifer's descendant.
4. Ashley is Jennifer's ancestor.
5. None of the above is correct.
Enclose the selected answer number in the <ANSWER> tag, for example: <ANSWER>1</ANSWER>.",z-ai/glm-5,Z.AI,,,"To determine the relationship between Ashley and Jennifer, we can trace the lineage paths provided in the statements.

1.  **Trace Ashley's descendants:**
    *   Ashley is Christopher's ancestor (Statement 66).
    *   Christopher is an ancestor of Mark (Statement 37: Mark is Christopher's descendant).
    *   Mark is an ancestor of Ralph (Statement 64: Ralph is Mark's descendant).
    *   Ralph is an ancestor of Dylan (Statement 89: Dylan is Ralph's descendant).
    *   Dylan is an ancestor of Joshua (Statement 72: Dylan is Joshua's ancestor).
    *   Joshua is an ancestor of Megan (Statement 25: Joshua is Megan's ancestor).
    *   Megan is an ancestor of George (Statement 111: Megan is George's ancestor).
    *   George is an ancestor of Lauren (Statement 54: Lauren is George's descendant).
    *   Lauren is an ancestor of Julie (Statement 7: Lauren is Julie's ancestor).
    *   Julie is an ancestor of Cynthia (Statement 60: Cynthia is Julie's descendant).
    *   Cynthia is an ancestor of Philip (Statement 101: Philip is Cynthia's descendant).
    *   Philip is an ancestor of Donna (Statement 93: Philip is Donna's ancestor).
    *   Donna is an ancestor of Catherine (Statement 76: Donna is Catherine's ancestor).
    *   Catherine is an ancestor of Christine (Statement 106: Catherine is Christine's ancestor).
    *   Christine is an ancestor of Charles (Statement 10: Christine is Charles's ancestor).
    *   Charles is an ancestor of Marie (Statement 103: Charles is Marie's ancestor).
    *   Marie is an ancestor of Janet (Statement 63: Janet is Marie's descendant).
    *   Janet is an ancestor of Cheryl (Statement 114: Cheryl is Janet's descendant).
    *   Cheryl is an ancestor of Dennis (Statement 95: Cheryl is Dennis's ancestor).
    *   Dennis is an ancestor of Joe (Statement 50: Joe is Dennis's descendant).
    *   Joe is an ancestor of Victoria (Statement 119: Joe is Victoria's ancestor).
    *   Victoria is an ancestor of Amanda (Statement 24: Amanda is Victoria's descendant).
    *   Amanda is an ancestor of Laura (Statement 19: Amanda is Laura's ancestor).
    *   Laura is an ancestor of Scott (Statement 23: Scott is Laura's descendant).
    *   Scott is an ancestor of Donald (Statement 9: Donald is Scott's descendant).
    *   Donald is an ancestor of Julia (Statement 117: Julia is Donald's descendant).
    *   Julia is an ancestor of Jason (Statement 46: Julia is Jason's ancestor).
    *   Jason is an ancestor of Willie (Statement 55: Willie is Jason's descendant).
    *   Willie is an ancestor of Kevin (Statement 92: Kevin is Willie's descendant).
    *   Kevin is an ancestor of Beverly (Statement 43: Beverly is Kevin's descendant).
    *   Beverly is an ancestor of Diana (Statement 83: Diana is Beverly's descendant).
    *   Diana is an ancestor of Patrick (Statement 40: Patrick is Diana's descendant).
    *   Patrick is an ancestor of Grace (Statement 112: Grace is Patrick's descendant).
    *   Grace is an ancestor of Walter (Statement 56: Walter is Grace's descendant).
    *   Walter is an ancestor of Betty (Statement 98: Betty is Walter's descendant).
    *   Betty is an ancestor of Hannah (Statement 59: Hannah is Betty's descendant).
    *   Hannah is an ancestor of Brenda (Statement 125: Hannah is Brenda's ancestor).
    *   Brenda is an ancestor of Shirley (Statement 12: Brenda is Shirley's ancestor).
    *   Shirley is an ancestor of Virginia (Statement 57: Virginia is Shirley's descendant).
    *   Virginia is an ancestor of Benjamin (Statement 44: Virginia is Benjamin's ancestor).
    *   Benjamin is an ancestor of Roy (Statement 77: Benjamin is Roy's ancestor).
    *   Roy is an ancestor of Bobby (Statement 8: Bobby is Roy's descendant).
    *   Bobby is an ancestor of Harold (Statement 75: Bobby is Harold's ancestor).
    *   Harold is an ancestor of Eugene (Statement 13: Eugene is Harold's descendant).
    *   Eugene is an ancestor of Elizabeth (Statement 90: Elizabeth is Eugene's descendant).
    *   Elizabeth is an ancestor of Albert (Statement 5: Albert is Elizabeth's descendant).
    *   Albert is an ancestor of Anthony (Statement 58: Albert is Anthony's ancestor).
    *   Anthony is an ancestor of Juan (Statement 108: Anthony is Juan's ancestor).
    *   Juan is an ancestor of Steven (Statement 123: Juan is Steven's ancestor).
    *   Steven is an ancestor of Alan (Statement 82: Steven is Alan's ancestor).
    *   Alan is an ancestor of Timothy (Statement 86: Timothy is Alan's descendant).
    *   Timothy is an ancestor of Helen (Statement 33: Helen is Timothy's descendant).
    *   Helen is an ancestor of Marilyn (Statement 30: Marilyn is Helen's descendant).
    *   Marilyn is an ancestor of Joan (Statement 120: Marilyn is Joan's ancestor).
    *   Joan is an ancestor of Christian (Statement 32: Joan is Christian's ancestor).
    *   Christian is an ancestor of Kathryn (Statement 94: Christian is Kathryn's ancestor).
    *   Kathryn is an ancestor of Olivia (Statement 39: Kathryn is Olivia's ancestor).
    *   Olivia is an ancestor of Kenneth (Statement 97: Kenneth is Olivia's descendant).
    *   Kenneth is an ancestor of Larry (Statement 27: Larry is Kenneth's descendant).
    *   Larry is an ancestor of Wayne (Statement 127: Wayne is Larry's descendant).
    *   Wayne is an ancestor of Billy (Statement 70: Wayne is Billy's ancestor).
    *   Billy is an ancestor of Mary (Statement 109: Billy is Mary's ancestor).
    *   Mary is an ancestor of Eric (Statement 21: Eric is Mary's descendant).
    *   Eric is an ancestor of Teresa (Statement 22: Teresa is Eric's descendant).
    *   Teresa is an ancestor of Nicole (Statement 122: Teresa is Nicole's ancestor).
    *   Nicole is an ancestor of Russell (Statement 96: Nicole is Russell's ancestor).
    *   Russell is an ancestor of Heather (Statement 104: Heather is Russell's descendant).
    *   Heather is an ancestor of Nicholas (Statement 121: Nicholas is Heather's descendant).

2.  **Trace Jennifer's ancestors:**
    *   Jennifer is Doris's descendant (Statement 34).
    *   Doris is Jack's descendant (Statement 18).
    *   Jack is Danielle's descendant (Statement 102).
    *   Danielle is Noah's descendant (Statement 38).
    *   Noah is Dorothy's descendant (Statement 41).
    *   Dorothy is Maria's descendant (Statement 85).
    *   Maria is Austin's descendant (Statement 49).
    *   Austin is Ryan's descendant (Statement 88).
    *   Ryan is Douglas's descendant (Statement 99).
    *   Douglas is Katherine's descendant (Statement 79).
    *   Katherine is Bryan's descendant (Statement 14).
    *   Bryan is Samantha's descendant (Statement 51).
    *   Samantha is Jacob's descendant (Statement 48).
    *   Jacob is Rebecca's descendant (Statement 73).
    *   Rebecca is Jose's descendant (Statement 36).
    *   Jose is William's descendant (Statement 113).
    *   William is Zachary's descendant (Statement 87).
    *   Zachary is Emma's descendant (Statement 16).
    *   Emma is Ruth's descendant (Statement 26).
    *   Ruth is Elijah's descendant (Statement 84).
    *   Elijah is Stephanie's descendant (Statement 3).
    *   Stephanie is Amber's descendant (Statement 62).
    *   Amber is Janice's descendant (Statement 118).
    *   Janice is Alice's descendant (Statement 35).
    *   Alice is Jordan's descendant (Statement 116).
    *   Jordan is Diane's descendant (Statement 71).
    *   Diane is Judith's descendant (Statement 81).
    *   Judith is Andrea's descendant (Statement 124).
    *   Andrea is Deborah's descendant (Statement 126).
    *   Deborah is Angela's descendant (Statement 100).
    *   Angela is Sharon's descendant (Statement 91).
    *   Sharon is Terry's descendant (Statement 31).
    *   Terry is Kayla's descendant (Statement 74).
    *   Kayla is Susan's descendant (Statement 4).
    *   Susan is Sean's descendant (Statement 29).
    *   Sean is Carol's descendant (Statement 105).
    *   Carol is Rachel's descendant (Statement 67).
    *   Rachel is Matthew's descendant (Statement 28).
    *   Matthew is Pamela's descendant (Statement 78).
    *   Pamela is Madison's descendant (Statement 61).
    *   Madison is Justin's descendant (Statement 15).
    *   Justin is Lori's descendant (Statement 47).
    *   Lori is Brittany's descendant (Statement 11).
    *   Brittany is Andrew's descendant (Statement 80).
    *   Andrew is Jeffrey's descendant (Statement 110).
    *   Jeffrey is Denise's descendant (Statement 53).
    *   Denise is Jeremy's descendant (Statement 65).
    *   Jeremy is Isabella's descendant (Statement 2).
    *   Isabella is Alexander's descendant (Statement 20).
    *   Alexander is Edward's descendant (Statement 115).
    *   Edward is Sophia's descendant (Statement 45).
    *   Sophia is Amy's descendant (Statement 1).
    *   Amy is Brandon's descendant (Statement 6).
    *   Brandon is Raymond's descendant (Statement 52).
    *   Raymond is David's descendant (Statement 69).
    *   David is Mason's descendant (Statement 42).
    *   Mason is Sarah's descendant (Statement 107).
    *   Sarah is Theresa's descendant (Statement 68).
    *   Theresa is Nicholas's descendant (Statement 17).

3.  **Conclusion:**
    By connecting the two paths, we find that Ashley is an ancestor of Nicholas, and Nicholas is an ancestor of Jennifer.
    Path: Ashley -> ... -> Nicholas -> ... -> Jennifer.
    Therefore, Ashley is Jennifer's ancestor.

<ANSWER>4</ANSWER>"
128,DESCENDANT,1,"Given the following lineage relationships:
* Jonathan is Kelly's descendant.
* Emily is Donald's descendant.
* Sharon is Samantha's ancestor.
* Shirley is Nicole's descendant.
* Sarah is Frances's ancestor.
* Sarah is Amanda's descendant.
* Betty is Roy's descendant.
* Brian is Virginia's ancestor.
* Paul is Maria's ancestor.
* Jacob is Karen's ancestor.
* Sara is Rachel's descendant.
* Lawrence is John's descendant.
* Janice is Gerald's descendant.
* Justin is Jerry's descendant.
* Virginia is Eric's ancestor.
* Patrick is Aaron's descendant.
* Ethan is Kyle's descendant.
* Douglas is Kathryn's descendant.
* Debra is Lawrence's descendant.
* Jacqueline is Alexander's descendant.
* Raymond is Diane's ancestor.
* George is Anna's ancestor.
* Emma is Ethan's descendant.
* Harold is Kenneth's descendant.
* Christine is Michelle's ancestor.
* Amy is Alice's descendant.
* Ann is Angela's descendant.
* Douglas is Joe's ancestor.
* Timothy is Alan's descendant.
* Donald is Jonathan's descendant.
* Kyle is Jason's descendant.
* Lori is Andrea's descendant.
* Patricia is Julia's descendant.
* Scott is Peter's descendant.
* Elijah is Angela's ancestor.
* Kelly is Megan's descendant.
* Jennifer is Denise's descendant.
* Victoria is Daniel's descendant.
* Martha is Benjamin's ancestor.
* Lisa is Laura's descendant.
* Abigail is Gary's ancestor.
* Kathryn is Judy's descendant.
* Jacqueline is George's ancestor.
* Matthew is Richard's descendant.
* Jesse is Gregory's descendant.
* Charlotte is Ashley's descendant.
* Christopher is Lauren's descendant.
* Deborah is Catherine's ancestor.
* Brenda is Melissa's ancestor.
* Charles is Joseph's descendant.
* Samuel is Joe's descendant.
* Marie is Ashley's ancestor.
* Terry is Daniel's ancestor.
* Mark is Laura's ancestor.
* Samuel is Gregory's ancestor.
* Justin is Richard's ancestor.
* Alexis is Raymond's ancestor.
* Emily is Jacob's ancestor.
* Jennifer is Walter's ancestor.
* Arthur is Sharon's ancestor.
* Marie is Ann's descendant.
* Eugene is Timothy's descendant.
* Julia is Grace's descendant.
* Steven is Brian's ancestor.
* Sandra is Megan's ancestor.
* Jack is Bradley's ancestor.
* Amy is Helen's ancestor.
* Brittany is Bradley's descendant.
* Susan is Samantha's descendant.
* Natalie is Lori's descendant.
* Charlotte is Hannah's ancestor.
* Vincent is Betty's descendant.
* Roy is Patrick's descendant.
* Judy is Harold's descendant.
* Janice is Tyler's ancestor.
* Debra is Willie's ancestor.
* Elizabeth is Barbara's ancestor.
* Gabriel is Nicholas's ancestor.
* Nicholas is Paul's ancestor.
* Nicole is Zachary's descendant.
* Emma is Zachary's ancestor.
* Brandon is Abigail's ancestor.
* Martha is Vincent's descendant.
* Rachel is Albert's descendant.
* Willie is Denise's ancestor.
* Gerald is Sophia's descendant.
* Melissa is Grace's ancestor.
* Bryan is Jerry's ancestor.
* Deborah is Jeremy's descendant.
* Keith is Jack's ancestor.
* Elijah is Natalie's descendant.
* Jeremy is Linda's descendant.
* Linda is Scott's descendant.
* Joan is Dylan's descendant.
* Anthony is Carl's ancestor.
* Steven is Billy's descendant.
* Anthony is Karen's descendant.
* Anna is Judith's ancestor.
* Carl is Keith's ancestor.
* Christian is Tyler's descendant.
* Brittany is Aaron's ancestor.
* Mark is Gary's descendant.
* Gabriel is Hannah's descendant.
* Sara is Alexander's ancestor.
* Maria is Elizabeth's ancestor.
* Christine is Eric's descendant.
* Arthur is Catherine's descendant.
* Joan is Amanda's ancestor.
* Victoria is Joseph's ancestor.
* Alice is Benjamin's descendant.
* Jason is Helen's descendant.
* Sandra is Matthew's descendant.
* Frances is Bryan's ancestor.
* Lauren is Shirley's descendant.
* Adam is Terry's ancestor.
* Jesse is Brandon's ancestor.
* Eugene is Dylan's ancestor.
* Billy is Patricia's descendant.
* Kenneth is Christian's descendant.
* Christopher is Peter's ancestor.
* Diane is Andrea's ancestor.
* Alexis is Lisa's descendant.
* Albert is Charles's descendant.
* Susan is Adam's ancestor.
* Sophia is Judith's descendant.
* Alan is Walter's descendant.
* Brenda is Barbara's descendant.
Determine the lineage relationship between Michelle and John.
Select the correct answer:
1. Michelle is John's descendant.
2. Michelle is John's ancestor.
3. Michelle and John share a common descendant.
4. Michelle and John share a common ancestor.
5. None of the above is correct.
Enclose the selected answer number in the <ANSWER> tag, for example: <ANSWER>1</ANSWER>.",z-ai/glm-5,Z.AI,,,"To determine the relationship between Michelle and John, we can trace the lineage path from one to the other using the provided statements.

Let's trace the ancestors of Michelle:
1.  **Christine is Michelle's ancestor.** (Michelle is Christine's descendant)
2.  **Christine is Eric's descendant.** (Eric -> Christine -> Michelle)
3.  **Virginia is Eric's ancestor.** (Virginia -> Eric -> Christine -> Michelle)
4.  **Brian is Virginia's ancestor.** (Brian -> Virginia -> Eric -> Christine -> Michelle)
5.  **Steven is Brian's ancestor.** (Steven -> Brian -> Virginia -> Eric -> Christine -> Michelle)
6.  **Steven is Billy's descendant.** (Billy -> Steven -> Brian -> Virginia -> Eric -> Christine -> Michelle)
7.  **Billy is Patricia's descendant.** (Patricia -> Billy -> Steven -> ... -> Michelle)
8.  **Patricia is Julia's descendant.** (Julia -> Patricia -> ... -> Michelle)
9.  **Julia is Grace's descendant.** (Grace -> Julia -> ... -> Michelle)
10. **Melissa is Grace's ancestor.** (Melissa -> Grace -> Julia -> ... -> Michelle)
11. **Brenda is Melissa's ancestor.** (Brenda -> Melissa -> ... -> Michelle)
12. **Brenda is Barbara's descendant.** (Barbara -> Brenda -> ... -> Michelle)
13. **Elizabeth is Barbara's ancestor.** (Elizabeth -> Barbara -> ... -> Michelle)
14. **Maria is Elizabeth's ancestor.** (Maria -> Elizabeth -> ... -> Michelle)
15. **Paul is Maria's ancestor.** (Paul -> Maria -> ... -> Michelle)
16. **Nicholas is Paul's ancestor.** (Nicholas -> Paul -> ... -> Michelle)
17. **Gabriel is Nicholas's ancestor.** (Gabriel -> Nicholas -> ... -> Michelle)
18. **Gabriel is Hannah's descendant.** (Hannah -> Gabriel -> ... -> Michelle)
19. **Charlotte is Hannah's ancestor.** (Charlotte -> Hannah -> Gabriel -> ... -> Michelle)
20. **Charlotte is Ashley's descendant.** (Ashley -> Charlotte -> ... -> Michelle)
21. **Marie is Ashley's ancestor.** (Marie -> Ashley -> ... -> Michelle)
22. **Marie is Ann's descendant.** (Ann -> Marie -> ... -> Michelle)
23. **Ann is Angela's descendant.** (Angela -> Ann -> Marie -> ... -> Michelle)
24. **Elijah is Angela's ancestor.** (Elijah -> Angela -> Ann -> ... -> Michelle)
25. **Elijah is Natalie's descendant.** (Natalie -> Elijah -> ... -> Michelle)
26. **Natalie is Lori's descendant.** (Lori -> Natalie -> ... -> Michelle)
27. **Lori is Andrea's descendant.** (Andrea -> Lori -> ... -> Michelle)
28. **Diane is Andrea's ancestor.** (Diane -> Andrea -> Lori -> ... -> Michelle)
29. **Raymond is Diane's ancestor.** (Raymond -> Diane -> ... -> Michelle)
30. **Alexis is Raymond's ancestor.** (Alexis -> Raymond -> ... -> Michelle)
31. **Alexis is Lisa's descendant.** (Lisa -> Alexis -> ... -> Michelle)
32. **Lisa is Laura's descendant.** (Laura -> Lisa -> ... -> Michelle)
33. **Mark is Laura's ancestor.** (Mark -> Laura -> ... -> Michelle)
34. **Mark is Gary's descendant.** (Gary -> Mark -> ... -> Michelle)
35. **Abigail is Gary's ancestor.** (Abigail -> Gary -> ... -> Michelle)
36. **Brandon is Abigail's ancestor.** (Brandon -> Abigail -> ... -> Michelle)
37. **Jesse is Brandon's ancestor.** (Jesse -> Brandon -> ... -> Michelle)
38. **Jesse is Gregory's descendant.** (Gregory -> Jesse -> ... -> Michelle)
39. **Samuel is Gregory's ancestor.** (Samuel -> Gregory -> ... -> Michelle)
40. **Samuel is Joe's descendant.** (Joe -> Samuel -> ... -> Michelle)
41. **Douglas is Joe's ancestor.** (Douglas -> Joe -> Samuel -> ... -> Michelle)
42. **Douglas is Kathryn's descendant.** (Kathryn -> Douglas -> ... -> Michelle)
43. **Kathryn is Judy's descendant.** (Judy -> Kathryn -> ... -> Michelle)
44. **Judy is Harold's descendant.** (Harold -> Judy -> ... -> Michelle)
45. **Harold is Kenneth's descendant.** (Kenneth -> Harold -> ... -> Michelle)
46. **Kenneth is Christian's descendant.** (Christian -> Kenneth -> ... -> Michelle)
47. **Christian is Tyler's descendant.** (Tyler -> Christian -> ... -> Michelle)
48. **Janice is Tyler's ancestor.** (Janice -> Tyler -> ... -> Michelle)
49. **Janice is Gerald's descendant.** (Gerald -> Janice -> ... -> Michelle)
50. **Gerald is Sophia's descendant.** (Sophia -> Gerald -> ... -> Michelle)
51. **Sophia is Judith's descendant.** (Judith -> Sophia -> ... -> Michelle)
52. **Anna is Judith's ancestor.** (Anna -> Judith -> ... -> Michelle)
53. **George is Anna's ancestor.** (George -> Anna -> ... -> Michelle)
54. **Jacqueline is George's ancestor.** (Jacqueline -> George -> ... -> Michelle)
55. **Jacqueline is Alexander's descendant.** (Alexander -> Jacqueline -> ... -> Michelle)
56. **Sara is Alexander's ancestor.** (Sara -> Alexander -> ... -> Michelle)
57. **Sara is Rachel's descendant.** (Rachel -> Sara -> ... -> Michelle)
58. **Rachel is Albert's descendant.** (Albert -> Rachel -> ... -> Michelle)
59. **Albert is Charles's descendant.** (Charles -> Albert -> ... -> Michelle)
60. **Charles is Joseph's descendant.** (Joseph -> Charles -> ... -> Michelle)
61. **Victoria is Joseph's ancestor.** (Victoria -> Joseph -> ... -> Michelle)
62. **Victoria is Daniel's descendant.** (Daniel -> Victoria -> ... -> Michelle)
63. **Terry is Daniel's ancestor.** (Terry -> Daniel -> ... -> Michelle)
64. **Adam is Terry's ancestor.** (Adam -> Terry -> ... -> Michelle)
65. **Susan is Adam's ancestor.** (Susan -> Adam -> ... -> Michelle)
66. **Susan is Samantha's descendant.** (Samantha -> Susan -> ... -> Michelle)
67. **Sharon is Samantha's ancestor.** (Sharon -> Samantha -> ... -> Michelle)
68. **Arthur is Sharon's ancestor.** (Arthur -> Sharon -> ... -> Michelle)
69. **Arthur is Catherine's descendant.** (Catherine -> Arthur -> ... -> Michelle)
70. **Deborah is Catherine's ancestor.** (Deborah -> Catherine -> ... -> Michelle)
71. **Deborah is Jeremy's descendant.** (Jeremy -> Deborah -> ... -> Michelle)
72. **Jeremy is Linda's descendant.** (Linda -> Jeremy -> ... -> Michelle)
73. **Linda is Scott's descendant.** (Scott -> Linda -> ... -> Michelle)
74. **Scott is Peter's descendant.** (Peter -> Scott -> ... -> Michelle)
75. **Christopher is Peter's ancestor.** (Christopher -> Peter -> ... -> Michelle)
76. **Christopher is Lauren's descendant.** (Lauren -> Christopher -> ... -> Michelle)
77. **Lauren is Shirley's descendant.** (Shirley -> Lauren -> ... -> Michelle)
78. **Shirley is Nicole's descendant.** (Nicole -> Shirley -> ... -> Michelle)
79. **Nicole is Zachary's descendant.** (Zachary -> Nicole -> ... -> Michelle)
80. **Emma is Zachary's ancestor.** (Emma -> Zachary -> ... -> Michelle)
81. **Emma is Ethan's descendant.** (Ethan -> Emma -> ... -> Michelle)
82. **Ethan is Kyle's descendant.** (Kyle -> Ethan -> ... -> Michelle)
83. **Kyle is Jason's descendant.** (Jason -> Kyle -> ... -> Michelle)
84. **Jason is Helen's descendant.** (Helen -> Jason -> ... -> Michelle)
85. **Amy is Helen's ancestor.** (Amy -> Helen -> ... -> Michelle)
86. **Amy is Alice's descendant.** (Alice -> Amy -> ... -> Michelle)
87. **Alice is Benjamin's descendant.** (Benjamin -> Alice -> ... -> Michelle)
88. **Martha is Benjamin's ancestor.** (Martha -> Benjamin -> ... -> Michelle)
89. **Martha is Vincent's descendant.** (Vincent -> Martha -> ... -> Michelle)
90. **Vincent is Betty's descendant.** (Betty -> Vincent -> ... -> Michelle)
91. **Betty is Roy's descendant.** (Roy -> Betty -> ... -> Michelle)
92. **Roy is Patrick's descendant.** (Patrick -> Roy -> ... -> Michelle)
93. **Patrick is Aaron's descendant.** (Aaron -> Patrick -> ... -> Michelle)
94. **Brittany is Aaron's ancestor.** (Brittany -> Aaron -> ... -> Michelle)
95. **Brittany is Bradley's descendant.** (Bradley -> Brittany -> ... -> Michelle)
96. **Jack is Bradley's ancestor.** (Jack -> Bradley -> ... -> Michelle)
97. **Keith is Jack's ancestor.** (Keith -> Jack -> ... -> Michelle)
98. **Carl is Keith's ancestor.** (Carl -> Keith -> ... -> Michelle)
99. **Anthony is Carl's ancestor.** (Anthony -> Carl -> ... -> Michelle)
100. **Anthony is Karen's descendant.** (Karen -> Anthony -> ... -> Michelle)
101. **Jacob is Karen's ancestor.** (Jacob -> Karen -> ... -> Michelle)
102. **Emily is Jacob's ancestor.** (Emily -> Jacob -> ... -> Michelle)
103. **Emily is Donald's descendant.** (Donald -> Emily -> ... -> Michelle)
104. **Donald is Jonathan's descendant.** (Jonathan -> Donald -> ... -> Michelle)
105. **Jonathan is Kelly's descendant.** (Kelly -> Jonathan -> ... -> Michelle)
106. **Kelly is Megan's descendant.** (Megan -> Kelly -> ... -> Michelle)
107. **Sandra is Megan's ancestor.** (Sandra -> Megan -> ... -> Michelle)
108. **Sandra is Matthew's descendant.** (Matthew -> Sandra -> ... -> Michelle)
109. **Matthew is Richard's descendant.** (Richard -> Matthew -> ... -> Michelle)
110. **Justin is Richard's ancestor.** (Justin -> Richard -> ... -> Michelle)
111. **Justin is Jerry's descendant.** (Jerry -> Justin -> ... -> Michelle)
112. **Bryan is Jerry's ancestor.** (Bryan -> Jerry -> ... -> Michelle)
113. **Frances is Bryan's ancestor.** (Frances -> Bryan -> ... -> Michelle)
114. **Sarah is Frances's ancestor.** (Sarah -> Frances -> ... -> Michelle)
115. **Sarah is Amanda's descendant.** (Amanda -> Sarah -> ... -> Michelle)
116. **Joan is Amanda's ancestor.** (Joan -> Amanda -> ... -> Michelle)
117. **Joan is Dylan's descendant.** (Dylan -> Joan -> ... -> Michelle)
118. **Eugene is Dylan's ancestor.** (Eugene -> Dylan -> ... -> Michelle)
119. **Eugene is Timothy's descendant.** (Timothy -> Eugene -> ... -> Michelle)
120. **Timothy is Alan's descendant.** (Alan -> Timothy -> ... -> Michelle)
121. **Alan is Walter's descendant.** (Walter -> Alan -> ... -> Michelle)
122. **Jennifer is Walter's ancestor.** (Jennifer -> Walter -> ... -> Michelle)
123. **Jennifer is Denise's descendant.** (Denise -> Jennifer -> ... -> Michelle)
124. **Willie is Denise's ancestor.** (Willie -> Denise -> ... -> Michelle)
125. **Debra is Willie's ancestor.** (Debra -> Willie -> ... -> Michelle)
126. **Debra is Lawrence's descendant.** (Lawrence -> Debra -> ... -> Michelle)
127. **Lawrence is John's descendant.** (John -> Lawrence -> Debra -> ... -> Michelle)

By following this chain, we have established that **John** is an ancestor (specifically the great-great-...-grandfather) of **Michelle**. Therefore, Michelle is John's descendant.

<ANSWER>1</ANSWER>"
128,COMMON_ANCESTOR,4,"Given the following lineage relationships:
* James is Elizabeth's descendant.
* Ralph is Lauren's descendant.
* Jeffrey is Rachel's descendant.
* Patrick is Nathan's descendant.
* Charles is Russell's descendant.
* Emma is Margaret's descendant.
* William is Charlotte's descendant.
* Sandra is Ryan's ancestor.
* Debra is Deborah's descendant.
* Nicholas is Patricia's descendant.
* Brandon is Melissa's ancestor.
* Cheryl is Janet's descendant.
* Victoria is Emily's descendant.
* Roger is Jacqueline's descendant.
* Heather is Donna's ancestor.
* Cheryl is Scott's ancestor.
* Linda is Benjamin's ancestor.
* Carolyn is Joe's ancestor.
* David is Doris's descendant.
* Stephanie is Gloria's descendant.
* Larry is David's descendant.
* Edward is Arthur's ancestor.
* John is Catherine's ancestor.
* Heather is Anna's descendant.
* Diane is Emily's ancestor.
* Jacqueline is Mason's descendant.
* Helen is Joyce's ancestor.
* Diana is James's descendant.
* Doris is Ashley's descendant.
* Pamela is Carol's descendant.
* Rachel is Joshua's descendant.
* Terry is Tyler's descendant.
* Alan is Willie's descendant.
* Julie is Kenneth's ancestor.
* Kayla is Jonathan's descendant.
* Patrick is Wayne's ancestor.
* Joe is Roy's ancestor.
* Lauren is Zachary's descendant.
* Alice is Laura's ancestor.
* Theresa is Abigail's ancestor.
* Catherine is Kyle's ancestor.
* George is Amy's ancestor.
* Alan is Nicole's ancestor.
* Pamela is Henry's ancestor.
* Aaron is Cynthia's descendant.
* Martha is Cynthia's ancestor.
* Mark is Sara's ancestor.
* Wayne is Thomas's ancestor.
* Noah is Sophia's ancestor.
* Dennis is Douglas's ancestor.
* Joan is Mark's ancestor.
* Martha is Brittany's descendant.
* Joan is Amy's descendant.
* Steven is Gloria's ancestor.
* Billy is Abigail's descendant.
* Nathan is Denise's descendant.
* Henry is Walter's ancestor.
* Kathleen is Madison's ancestor.
* Linda is Kathryn's descendant.
* Kyle is Vincent's ancestor.
* Samantha is Juan's ancestor.
* Bryan is Benjamin's descendant.
* Barbara is Nicole's descendant.
* Brian is Austin's ancestor.
* Tyler is Austin's descendant.
* Aaron is Janet's ancestor.
* Juan is Deborah's ancestor.
* Adam is Jack's ancestor.
* Sara is Eric's ancestor.
* Shirley is Sandra's ancestor.
* Kayla is Zachary's ancestor.
* Patricia is William's descendant.
* Dennis is Jack's descendant.
* Samantha is Vincent's descendant.
* Denise is Christopher's descendant.
* Gregory is Logan's ancestor.
* Ruth is Bobby's descendant.
* Anna is Madison's descendant.
* Andrea is Lawrence's descendant.
* Brenda is Margaret's ancestor.
* Barbara is Diane's ancestor.
* Joshua is Alexis's descendant.
* Douglas is Christine's ancestor.
* Sean is Joseph's ancestor.
* Emma is Alexis's ancestor.
* Elizabeth is Nicholas's descendant.
* Andrew is Philip's descendant.
* Brenda is Kenneth's descendant.
* Kathleen is Eric's descendant.
* Andrea is Theresa's ancestor.
* Michelle is Jacob's ancestor.
* Ruth is Kimberly's ancestor.
* Donna is Charlotte's ancestor.
* Bobby is Susan's descendant.
* Jose is Ryan's descendant.
* Gregory is Scott's descendant.
* Teresa is Donald's ancestor.
* Andrew is Carolyn's ancestor.
* Carol is Katherine's ancestor.
* Jacob is Teresa's ancestor.
* Helen is Larry's descendant.
* Ashley is Joseph's descendant.
* Charles is Willie's ancestor.
* Jose is Dorothy's ancestor.
* Steven is Terry's descendant.
* Diana is Edward's ancestor.
* Laura is Kathryn's ancestor.
* Michelle is Bryan's descendant.
* Kimberly is Brandon's ancestor.
* Katherine is Susan's ancestor.
* Sophia is Mason's ancestor.
* Adam is Marilyn's descendant.
* Arthur is Christopher's ancestor.
* Shirley is Logan's descendant.
* Thomas is Sean's ancestor.
* Christine is Russell's ancestor.
* Noah is Donald's descendant.
* Alice is Billy's descendant.
* Marilyn is Roy's descendant.
* Joyce is Philip's ancestor.
* Victoria is Brian's ancestor.
* John is Stephanie's descendant.
* Melissa is Jonathan's ancestor.
* Walter is Julie's ancestor.
* Lawrence is Ralph's descendant.
* Jeffrey is Brittany's ancestor.
* Dorothy is George's ancestor.
Determine the lineage relationship between Roger and Debra.
Select the correct answer:
1. Roger is Debra's ancestor.
2. Roger is Debra's descendant.
3. Roger and Debra share a common descendant.
4. Roger and Debra share a common ancestor.
5. None of the above is correct.
Enclose the selected answer number in the <ANSWER> tag, for example: <ANSWER>1</ANSWER>.",z-ai/glm-5,Z.AI,,,"To determine the relationship between Roger and Debra, we need to trace their lineage through the provided statements. We will define the relationship ""X is Y's ancestor"" as $Y \to X$ (Y is a descendant of X) and ""X is Y's descendant"" as $X \to Y$ (X is a descendant of Y).

**Tracing Roger's Lineage:**
1.  Roger is Jacqueline's descendant $\rightarrow$ Jacqueline is Roger's ancestor.
2.  Jacqueline is Mason's descendant $\rightarrow$ Mason is Jacqueline's ancestor.
3.  Sophia is Mason's ancestor $\rightarrow$ Sophia is Mason's ancestor.
4.  Noah is Sophia's ancestor $\rightarrow$ Noah is Sophia's ancestor.
5.  Noah is Donald's descendant $\rightarrow$ Donald is Noah's ancestor.
6.  Teresa is Donald's ancestor $\rightarrow$ Teresa is Donald's ancestor.
7.  Jacob is Teresa's ancestor $\rightarrow$ Jacob is Teresa's ancestor.
8.  Michelle is Jacob's ancestor $\rightarrow$ Michelle is Jacob's ancestor.
9.  Michelle is Bryan's descendant $\rightarrow$ Bryan is Michelle's ancestor.
10. Bryan is Benjamin's descendant $\rightarrow$ Benjamin is Bryan's ancestor.
11. Linda is Benjamin's ancestor $\rightarrow$ Linda is Benjamin's ancestor.
12. Linda is Kathryn's descendant $\rightarrow$ Kathryn is Linda's ancestor.
13. Laura is Kathryn's ancestor $\rightarrow$ Laura is Kathryn's ancestor.
14. Alice is Laura's ancestor $\rightarrow$ Alice is Laura's ancestor.
15. Alice is Billy's descendant $\rightarrow$ Billy is Alice's ancestor.
16. Billy is Abigail's descendant $\rightarrow$ Abigail is Billy's ancestor.
17. Theresa is Abigail's ancestor $\rightarrow$ Theresa is Abigail's ancestor.
18. Andrea is Theresa's ancestor $\rightarrow$ Andrea is Theresa's ancestor.
19. Andrea is Lawrence's descendant $\rightarrow$ Lawrence is Andrea's ancestor.
20. Lawrence is Ralph's descendant $\rightarrow$ Ralph is Lawrence's ancestor.
21. Ralph is Lauren's descendant $\rightarrow$ Lauren is Ralph's ancestor.
22. Lauren is Zachary's descendant $\rightarrow$ Zachary is Lauren's ancestor.
23. Kayla is Zachary's ancestor $\rightarrow$ Kayla is Zachary's ancestor.
24. Kayla is Jonathan's descendant $\rightarrow$ Jonathan is Kayla's ancestor.
25. Melissa is Jonathan's ancestor $\rightarrow$ Melissa is Jonathan's ancestor.
26. Brandon is Melissa's ancestor $\rightarrow$ Brandon is Melissa's ancestor.
27. Kimberly is Brandon's ancestor $\rightarrow$ Kimberly is Brandon's ancestor.
28. Ruth is Kimberly's ancestor $\rightarrow$ Ruth is Kimberly's ancestor.
29. Ruth is Bobby's descendant $\rightarrow$ Bobby is Ruth's ancestor.
30. Bobby is Susan's descendant $\rightarrow$ Susan is Bobby's ancestor.
31. Katherine is Susan's ancestor $\rightarrow$ Katherine is Susan's ancestor.
32. Carol is Katherine's ancestor $\rightarrow$ **Carol is Katherine's ancestor**.

This establishes that Roger is a descendant of Carol.

**Tracing Debra's Lineage:**
1.  Debra is Deborah's descendant $\rightarrow$ Deborah is Debra's ancestor.
2.  Juan is Deborah's ancestor $\rightarrow$ Juan is Deborah's ancestor.
3.  Samantha is Juan's ancestor $\rightarrow$ Samantha is Juan's ancestor.
4.  Samantha is Vincent's descendant $\rightarrow$ Vincent is Samantha's ancestor.
5.  Kyle is Vincent's ancestor $\rightarrow$ Kyle is Vincent's ancestor.
6.  Catherine is Kyle's ancestor $\rightarrow$ Catherine is Kyle's ancestor.
7.  John is Catherine's ancestor $\rightarrow$ John is Catherine's ancestor.
8.  John is Stephanie's descendant $\rightarrow$ Stephanie is John's ancestor.
9.  Stephanie is Gloria's descendant $\rightarrow$ Gloria is Stephanie's ancestor.
10. Steven is Gloria's ancestor $\rightarrow$ Steven is Gloria's ancestor.
11. Steven is Terry's descendant $\rightarrow$ Terry is Steven's ancestor.
12. Terry is Tyler's descendant $\rightarrow$ Tyler is Terry's ancestor.
13. Tyler is Austin's descendant $\rightarrow$ Austin is Tyler's ancestor.
14. Brian is Austin's ancestor $\rightarrow$ Brian is Austin's ancestor.
15. Victoria is Brian's ancestor $\rightarrow$ Victoria is Brian's ancestor.
16. Victoria is Emily's descendant $\rightarrow$ Emily is Victoria's ancestor.
17. Diane is Emily's ancestor $\rightarrow$ Diane is Emily's ancestor.
18. Barbara is Diane's ancestor $\rightarrow$ Barbara is Diane's ancestor.
19. Barbara is Nicole's descendant $\rightarrow$ Nicole is Barbara's ancestor.
20. Alan is Nicole's ancestor $\rightarrow$ Alan is Nicole's ancestor.
21. Alan is Willie's descendant $\rightarrow$ Willie is Alan's ancestor.
22. Charles is Willie's ancestor $\rightarrow$ Charles is Willie's ancestor.
23. Charles is Russell's descendant $\rightarrow$ Russell is Charles's ancestor.
24. Christine is Russell's ancestor $\rightarrow$ Christine is Russell's ancestor.
25. Douglas is Christine's ancestor $\rightarrow$ Douglas is Christine's ancestor.
26. Dennis is Douglas's ancestor $\rightarrow$ Dennis is Douglas's ancestor.
27. Dennis is Jack's descendant $\rightarrow$ Jack is Dennis's ancestor.
28. Adam is Jack's ancestor $\rightarrow$ Adam is Jack's ancestor.
29. Adam is Marilyn's descendant $\rightarrow$ Marilyn is Adam's ancestor.
30. Marilyn is Roy's descendant $\rightarrow$ Roy is Marilyn's ancestor.
31. Joe is Roy's ancestor $\rightarrow$ Joe is Roy's ancestor.
32. Carolyn is Joe's ancestor $\rightarrow$ Carolyn is Joe's ancestor.
33. Andrew is Carolyn's ancestor $\rightarrow$ Andrew is Carolyn's ancestor.
34. Andrew is Philip's descendant $\rightarrow$ Philip is Andrew's ancestor.
35. Joyce is Philip's ancestor $\rightarrow$ Joyce is Philip's ancestor.
36. Helen is Joyce's ancestor $\rightarrow$ Helen is Joyce's ancestor.
37. Helen is Larry's descendant $\rightarrow$ Larry is Helen's ancestor.
38. Larry is David's descendant $\rightarrow$ David is Larry's ancestor.
39. David is Doris's descendant $\rightarrow$ Doris is David's ancestor.
40. Doris is Ashley's descendant $\rightarrow$ Ashley is Doris's ancestor.
41. Ashley is Joseph's descendant $\rightarrow$ Joseph is Ashley's ancestor.
42. Sean is Joseph's ancestor $\rightarrow$ Sean is Joseph's ancestor.
43. Thomas is Sean's ancestor $\rightarrow$ Thomas is Sean's ancestor.
44. Wayne is Thomas's ancestor $\rightarrow$ Wayne is Thomas's ancestor.
45. Patrick is Wayne's ancestor $\rightarrow$ Patrick is Wayne's ancestor.
46. Patrick is Nathan's descendant $\rightarrow$ Nathan is Patrick's ancestor.
47. Nathan is Denise's descendant $\rightarrow$ Denise is Nathan's ancestor.
48. Denise is Christopher's descendant $\rightarrow$ Christopher is Denise's ancestor.
49. Arthur is Christopher's ancestor $\rightarrow$ Arthur is Christopher's ancestor.
50. Edward is Arthur's ancestor $\rightarrow$ Edward is Arthur's ancestor.
51. Diana is Edward's ancestor $\rightarrow$ Diana is Edward's ancestor.
52. Diana is James's descendant $\rightarrow$ James is Diana's ancestor.
53. James is Elizabeth's descendant $\rightarrow$ Elizabeth is James's ancestor.
54. Elizabeth is Nicholas's descendant $\rightarrow$ Nicholas is Elizabeth's ancestor.
55. Nicholas is Patricia's descendant $\rightarrow$ Patricia is Nicholas's ancestor.
56. Patricia is William's descendant $\rightarrow$ William is Patricia's ancestor.
57. William is Charlotte's descendant $\rightarrow$ Charlotte is William's ancestor.
58. Donna is Charlotte's ancestor $\rightarrow$ Donna is Charlotte's ancestor.
59. Heather is Donna's ancestor $\rightarrow$ Heather is Donna's ancestor.
60. Heather is Anna's descendant $\rightarrow$ Anna is Heather's ancestor.
61. Anna is Madison's descendant $\rightarrow$ Madison is Anna's ancestor.
62. Kathleen is Madison's ancestor $\rightarrow$ Kathleen is Madison's ancestor.
63. Kathleen is Eric's descendant $\rightarrow$ Eric is Kathleen's ancestor.
64. Sara is Eric's ancestor $\rightarrow$ Sara is Eric's ancestor.
65. Mark is Sara's ancestor $\rightarrow$ Mark is Sara's ancestor.
66. Joan is Mark's ancestor $\rightarrow$ Joan is Mark's ancestor.
67. Joan is Amy's descendant $\rightarrow$ Amy is Joan's ancestor.
68. George is Amy's ancestor $\rightarrow$ George is Amy's ancestor.
69. Dorothy is George's ancestor $\rightarrow$ Dorothy is George's ancestor.
70. Jose is Dorothy's ancestor $\rightarrow$ Jose is Dorothy's ancestor.
71. Jose is Ryan's descendant $\rightarrow$ Ryan is Jose's ancestor.
72. Sandra is Ryan's ancestor $\rightarrow$ Sandra is Ryan's ancestor.
73. Shirley is Sandra's ancestor $\rightarrow$ Shirley is Sandra's ancestor.
74. Shirley is Logan's descendant $\rightarrow$ Logan is Shirley's ancestor.
75. Gregory is Logan's ancestor $\rightarrow$ Gregory is Logan's ancestor.
76. Gregory is Scott's descendant $\rightarrow$ Scott is Gregory's ancestor.
77. Cheryl is Scott's ancestor $\rightarrow$ Cheryl is Scott's ancestor.
78. Cheryl is Janet's descendant $\rightarrow$ Janet is Cheryl's ancestor.
79. Aaron is Janet's ancestor $\rightarrow$ Aaron is Janet's ancestor.
80. Aaron is Cynthia's descendant $\rightarrow$ Cynthia is Aaron's ancestor.
81. Martha is Cynthia's ancestor $\rightarrow$ Martha is Cynthia's ancestor.
82. Martha is Brittany's descendant $\rightarrow$ Brittany is Martha's ancestor.
83. Jeffrey is Brittany's ancestor $\rightarrow$ Jeffrey is Brittany's ancestor.
84. Jeffrey is Rachel's descendant $\rightarrow$ Rachel is Jeffrey's ancestor.
85. Rachel is Joshua's descendant $\rightarrow$ Joshua is Rachel's ancestor.
86. Joshua is Alexis's descendant $\rightarrow$ Alexis is Joshua's ancestor.
87. Emma is Alexis's ancestor $\rightarrow$ Emma is Alexis's ancestor.
88. Emma is Margaret's descendant $\rightarrow$ Margaret is Emma's ancestor.
89. Brenda is Margaret's ancestor $\rightarrow$ Brenda is Margaret's ancestor.
90. Brenda is Kenneth's descendant $\rightarrow$ Kenneth is Brenda's ancestor.
91. Julie is Kenneth's ancestor $\rightarrow$ Julie is Kenneth's ancestor.
92. Walter is Julie's ancestor $\rightarrow$ Walter is Julie's ancestor.
93. Henry is Walter's ancestor $\rightarrow$ Henry is Walter's ancestor.
94. Pamela is Henry's ancestor $\rightarrow$ Pamela is Henry's ancestor.
95. Pamela is Carol's descendant $\rightarrow$ **Carol is Pamela's ancestor**.

This establishes that Debra is a descendant of Carol.

**Conclusion:**
Roger is a descendant of Carol (via Katherine).
Debra is a descendant of Carol (via Pamela).
Since they are both descendants of the same person, they share a common ancestor.

<ANSWER>4</ANSWER>"
128,COMMON_DESCENDANT,1,"Given the following lineage relationships:
* Dylan is Kimberly's descendant.
* Heather is Madison's ancestor.
* Abigail is Stephen's ancestor.
* Tyler is James's ancestor.
* Nicholas is Gary's descendant.
* Brandon is Julia's ancestor.
* Lisa is Jack's ancestor.
* Madison is Bradley's ancestor.
* Brian is Danielle's descendant.
* Sandra is Grace's descendant.
* Brian is Eric's ancestor.
* Danielle is Marilyn's descendant.
* Patricia is Brittany's ancestor.
* Bryan is Sandra's descendant.
* Lauren is Amanda's descendant.
* Ronald is Theresa's descendant.
* Julie is Willie's descendant.
* Elizabeth is Evelyn's descendant.
* Bradley is Kevin's ancestor.
* Mark is Harold's descendant.
* Benjamin is Amber's descendant.
* Kathryn is Eugene's descendant.
* Christopher is Mary's ancestor.
* Ethan is Mary's descendant.
* Lori is Logan's ancestor.
* Brittany is Kimberly's ancestor.
* Grace is Doris's descendant.
* Jeremy is Sophia's ancestor.
* Steven is Justin's ancestor.
* Gary is Andrea's descendant.
* Joseph is Judith's ancestor.
* Walter is Paul's ancestor.
* Zachary is Carol's descendant.
* Alexander is Shirley's ancestor.
* Barbara is Gloria's descendant.
* Willie is Laura's descendant.
* Gregory is Tyler's ancestor.
* Christina is Randy's descendant.
* Anna is Stephen's descendant.
* Raymond is Christopher's ancestor.
* Nicole is Dylan's descendant.
* Benjamin is Amanda's ancestor.
* Billy is Gregory's ancestor.
* Jessica is Susan's descendant.
* Billy is Dennis's descendant.
* Peter is Vincent's ancestor.
* Henry is Samantha's ancestor.
* Laura is Teresa's descendant.
* Lawrence is Kelly's descendant.
* Dorothy is Peter's ancestor.
* Linda is Zachary's descendant.
* Jesse is Abigail's ancestor.
* Austin is Isabella's descendant.
* Melissa is Andrew's ancestor.
* Stephanie is Patricia's ancestor.
* Helen is Ruth's descendant.
* Amber is Julie's descendant.
* Margaret is Helen's descendant.
* Richard is Christina's descendant.
* Gabriel is Mason's descendant.
* Kayla is Julia's descendant.
* Juan is Donna's descendant.
* Betty is Carolyn's ancestor.
* Jean is Bruce's ancestor.
* Gabriel is Eugene's ancestor.
* Bryan is Robert's ancestor.
* Ann is Jack's descendant.
* Logan is Joseph's ancestor.
* Scott is Ethan's descendant.
* Michael is Philip's ancestor.
* Marilyn is Margaret's descendant.
* Juan is Stephanie's ancestor.
* Steven is Samantha's descendant.
* Dorothy is Ashley's descendant.
* Paul is Isabella's ancestor.
* Kathleen is Ruth's ancestor.
* Edward is George's descendant.
* Heather is Ann's descendant.
* Russell is Lisa's ancestor.
* Teresa is Nicole's descendant.
* Lauren is Elijah's ancestor.
* Kathleen is Elizabeth's descendant.
* Sean is Ashley's ancestor.
* Mark is Donna's ancestor.
* Jacqueline is Marie's descendant.
* Anna is Denise's ancestor.
* Jesse is Angela's descendant.
* Randy is Charlotte's descendant.
* Henry is Pamela's descendant.
* Shirley is Jeremy's ancestor.
* Adam is Scott's descendant.
* Barbara is Arthur's ancestor.
* Christine is Russell's ancestor.
* Richard is Evelyn's ancestor.
* Marie is Philip's descendant.
* Anthony is Andrew's descendant.
* Lawrence is Walter's ancestor.
* Bruce is Andrea's ancestor.
* Robert is George's ancestor.
* Edward is Mason's ancestor.
* Eric is Jason's ancestor.
* Raymond is Nicholas's descendant.
* Kelly is Kevin's descendant.
* Denise is Alexander's ancestor.
* Jean is Jordan's descendant.
* Charlotte is Jacqueline's descendant.
* Samuel is Joyce's descendant.
* Carol is Diana's descendant.
* Elijah is Joyce's ancestor.
* Jessica is Betty's ancestor.
* Christine is Vincent's descendant.
* Ronald is Megan's ancestor.
* Susan is Samuel's descendant.
* Jason is Doris's ancestor.
* Carolyn is Diana's ancestor.
* Arthur is Michael's ancestor.
* Kathryn is Kayla's ancestor.
* Theresa is Anthony's descendant.
* Sophia is Gloria's ancestor.
* Melissa is James's descendant.
* Sean is Judith's descendant.
* Justin is Rebecca's ancestor.
* Dennis is Linda's descendant.
* Jordan is Megan's descendant.
* Brandon is Austin's descendant.
* Angela is Rebecca's descendant.
* Adam is Pamela's ancestor.
Determine the lineage relationship between Lori and Harold.
Select the correct answer:
1. Lori and Harold share a common descendant.
2. Lori and Harold share a common ancestor.
3. Lori is Harold's descendant.
4. Lori is Harold's ancestor.
5. None of the above is correct.
Enclose the selected answer number in the <ANSWER> tag, for example: <ANSWER>1</ANSWER>.",z-ai/glm-5,Z.AI,,,"To determine the relationship between Lori and Harold, we must trace their lineage paths through the provided relationships.

**Path from Lori:**
Starting with Lori, we trace her descendants:
1.  Lori is Logan's ancestor.
2.  Logan is Joseph's ancestor.
3.  Joseph is Judith's ancestor.
4.  Sean is Judith's descendant (Judith -> Sean).
5.  Sean is Ashley's ancestor.
6.  Dorothy is Ashley's descendant (Ashley -> Dorothy).
7.  Dorothy is Peter's ancestor.
8.  Peter is Vincent's ancestor.
9.  Christine is Vincent's descendant (Vincent -> Christine).
10. Christine is Russell's ancestor.
11. Russell is Lisa's ancestor.
12. Lisa is Jack's ancestor.
13. Ann is Jack's descendant (Jack -> Ann).
14. Heather is Ann's descendant (Ann -> Heather).
15. Heather is Madison's ancestor.
16. Madison is Bradley's ancestor.
17. Bradley is Kevin's ancestor.
18. Kelly is Kevin's descendant (Kevin -> Kelly).
19. Lawrence is Kelly's descendant (Kelly -> Lawrence).
20. Lawrence is Walter's ancestor.
21. Walter is Paul's ancestor.
22. Paul is Isabella's ancestor.
23. Austin is Isabella's descendant (Isabella -> Austin).
24. Brandon is Austin's descendant (Austin -> Brandon).
25. Brandon is Julia's ancestor.
26. Kayla is Julia's descendant (Julia -> Kayla).

So, **Lori is an ancestor of Kayla**.

**Path from Harold:**
Starting with Harold, we trace his descendants:
1.  Mark is Harold's descendant (Harold -> Mark).
2.  Mark is Donna's ancestor.
3.  Juan is Donna's descendant (Donna -> Juan).
4.  Juan is Stephanie's ancestor.
5.  Stephanie is Patricia's ancestor.
6.  Patricia is Brittany's ancestor.
7.  Brittany is Kimberly's ancestor.
8.  Dylan is Kimberly's descendant (Kimberly -> Dylan).
9.  Nicole is Dylan's descendant (Dylan -> Nicole).
10. Teresa is Nicole's descendant (Nicole -> Teresa). (Assuming Teresa = Theresa).
11. Ronald is Theresa's descendant (Theresa -> Ronald).
12. Ronald is Megan's ancestor.
13. Jordan is Megan's descendant (Megan -> Jordan).
14. Jean is Jordan's descendant (Jordan -> Jean).
15. Jean is Bruce's ancestor.
16. Bruce is Andrea's ancestor.
17. Gary is Andrea's descendant (Andrea -> Gary).
18. Nicholas is Gary's descendant (Gary -> Nicholas).
19. Raymond is Nicholas's descendant (Nicholas -> Raymond).
20. Raymond is Christopher's ancestor.
21. Christopher is Mary's ancestor.
22. Ethan is Mary's descendant (Mary -> Ethan).
23. Scott is Ethan's descendant (Ethan -> Scott).
24. Adam is Scott's descendant (Scott -> Adam).
25. Adam is Pamela's ancestor.
26. Henry is Pamela's descendant (Pamela -> Henry).
27. Henry is Samantha's ancestor.
28. Steven is Samantha's descendant (Samantha -> Steven).
29. Steven is Justin's ancestor.
30. Justin is Rebecca's ancestor.
31. Angela is Rebecca's descendant (Rebecca -> Angela).
32. Jesse is Angela's descendant (Angela -> Jesse).
33. Jesse is Abigail's ancestor.
34. Abigail is Stephen's ancestor.
35. Anna is Stephen's descendant (Stephen -> Anna).
36. Anna is Denise's ancestor.
37. Denise is Alexander's ancestor.
38. Alexander is Shirley's ancestor.
39. Shirley is Jeremy's ancestor.
40. Jeremy is Sophia's ancestor.
41. Sophia is Gloria's ancestor.
42. Barbara is Gloria's descendant (Gloria -> Barbara).
43. Barbara is Arthur's ancestor.
44. Arthur is Michael's ancestor.
45. Michael is Philip's ancestor.
46. Marie is Philip's descendant (Philip -> Marie).
47. Jacqueline is Marie's descendant (Marie -> Jacqueline).
48. Charlotte is Jacqueline's descendant (Jacqueline -> Charlotte).
49. Randy is Charlotte's descendant (Charlotte -> Randy).
50. Christina is Randy's descendant (Randy -> Christina).
51. Richard is Christina's descendant (Christina -> Richard).
52. Richard is Evelyn's ancestor.
53. Elizabeth is Evelyn's descendant (Evelyn -> Elizabeth).
54. Kathleen is Elizabeth's descendant (Elizabeth -> Kathleen).
55. Kathleen is Ruth's ancestor.
56. Helen is Ruth's descendant (Ruth -> Helen).
57. Margaret is Helen's descendant (Helen -> Margaret).
58. Marilyn is Margaret's descendant (Margaret -> Marilyn).
59. Danielle is Marilyn's descendant (Marilyn -> Danielle).
60. Brian is Danielle's descendant (Danielle -> Brian).
61. Brian is Eric's ancestor.
62. Eric is Jason's ancestor.
63. Jason is Doris's ancestor.
64. Grace is Doris's descendant (Doris -> Grace).
65. Sandra is Grace's descendant (Grace -> Sandra).
66. Bryan is Sandra's descendant (Sandra -> Bryan).
67. Bryan is Robert's ancestor.
68. Robert is George's ancestor.
69. Edward is George's descendant (George -> Edward).
70. Edward is Mason's ancestor.
71. Gabriel is Mason's descendant (Mason -> Gabriel).
72. Gabriel is Eugene's ancestor.
73. Kathryn is Eugene's descendant (Eugene -> Kathryn).
74. Kathryn is Kayla's ancestor.

So, **Harold is an ancestor of Kayla**.

**Conclusion:**
Both Lori and Harold are ancestors of Kayla. Kayla is a descendant of both Lori and Harold. Therefore, Lori and Harold share a common descendant.

<ANSWER>1</ANSWER>"
128,ANCESTOR,2,"Given the following lineage relationships:
* Patrick is Zachary's descendant.
* Julia is Lisa's descendant.
* Ann is Abigail's descendant.
* Henry is Karen's ancestor.
* Frances is Teresa's descendant.
* Patrick is Edward's ancestor.
* Helen is Robert's descendant.
* Kevin is Bobby's ancestor.
* Natalie is Gerald's descendant.
* Bruce is Brenda's ancestor.
* Margaret is Julie's ancestor.
* Bryan is Kyle's ancestor.
* Ann is Paul's ancestor.
* Gloria is Jesse's ancestor.
* Ethan is Christopher's ancestor.
* Elizabeth is Russell's ancestor.
* Julie is Jack's ancestor.
* Teresa is Judith's descendant.
* John is Sandra's descendant.
* Gerald is Hannah's descendant.
* Jose is Barbara's ancestor.
* Diana is Alice's ancestor.
* Russell is Janice's ancestor.
* Ralph is Sophia's descendant.
* Stephen is Charles's ancestor.
* Beverly is Joan's descendant.
* Eric is Rachel's ancestor.
* Jose is Brenda's descendant.
* Harold is Joe's descendant.
* Austin is Rebecca's descendant.
* Evelyn is Stephen's ancestor.
* Linda is Roy's descendant.
* Rachel is Kayla's ancestor.
* Martha is Jacob's ancestor.
* Virginia is Diane's ancestor.
* Andrea is Jacqueline's ancestor.
* Kelly is Amber's ancestor.
* Donald is Susan's descendant.
* Steven is Anna's ancestor.
* Lisa is Denise's descendant.
* Isabella is Anthony's descendant.
* Catherine is Logan's descendant.
* Gloria is Aaron's descendant.
* Alice is Aaron's ancestor.
* Diana is Alexis's descendant.
* Lauren is Jean's ancestor.
* Sara is Doris's descendant.
* Albert is Katherine's ancestor.
* Rebecca is Nathan's descendant.
* Jerry is Ryan's descendant.
* Kyle is Virginia's ancestor.
* Eugene is Dennis's descendant.
* Vincent is Frances's descendant.
* Daniel is Matthew's descendant.
* Isabella is Bryan's ancestor.
* Karen is Nathan's ancestor.
* Charlotte is Margaret's ancestor.
* Patricia is Henry's ancestor.
* Ryan is Christopher's descendant.
* Benjamin is Betty's ancestor.
* Timothy is Lauren's ancestor.
* Joan is Ronald's descendant.
* Donald is Lawrence's ancestor.
* Judith is Emily's descendant.
* Christian is Kevin's ancestor.
* Anthony is Gregory's descendant.
* Andrea is Amber's descendant.
* Helen is Doris's ancestor.
* Donna is Heather's ancestor.
* Melissa is Joshua's ancestor.
* Zachary is Sara's descendant.
* George is Danielle's descendant.
* Catherine is James's ancestor.
* Maria is Eric's ancestor.
* Ronald is Daniel's descendant.
* Andrew is Dennis's ancestor.
* George is Theresa's ancestor.
* Julia is Elijah's ancestor.
* Stephanie is Kimberly's descendant.
* Christina is Madison's descendant.
* Timothy is Diane's descendant.
* Austin is Joe's ancestor.
* John is Amy's ancestor.
* Scott is Andrew's ancestor.
* Gregory is Bobby's descendant.
* Jacob is Denise's ancestor.
* Paul is Thomas's ancestor.
* Patricia is Anna's descendant.
* Betty is Alexis's ancestor.
* Jesse is Hannah's ancestor.
* Kimberly is Ralph's descendant.
* Sandra is Douglas's descendant.
* Emily is Theresa's descendant.
* Ashley is Christina's descendant.
* Cheryl is Jerry's descendant.
* Donna is Lawrence's descendant.
* Robert is Kathryn's descendant.
* Steven is Vincent's descendant.
* Natalie is Mason's ancestor.
* Jean is Melissa's ancestor.
* Kayla is Willie's ancestor.
* Terry is Kathryn's ancestor.
* James is Danielle's ancestor.
* Cheryl is Roy's ancestor.
* David is Gary's ancestor.
* Mason is Christian's ancestor.
* Abigail is Janice's descendant.
* Albert is Harold's descendant.
* Victoria is Joshua's descendant.
* Madison is Heather's descendant.
* Victoria is Douglas's ancestor.
* Maria is Katherine's descendant.
* Gary is Benjamin's ancestor.
* Kelly is Barbara's descendant.
* Charlotte is Linda's descendant.
* Susan is Jacqueline's descendant.
* Bruce is Edward's descendant.
* Stephanie is Logan's ancestor.
* Jack is Scott's ancestor.
* Thomas is Terry's ancestor.
* David is Beverly's descendant.
* Grace is Ethan's ancestor.
* Eugene is Elizabeth's ancestor.
* Evelyn is Ashley's descendant.
* Elijah is Grace's ancestor.
* Amy is Martha's ancestor.
* Willie is Matthew's ancestor.
Determine the lineage relationship between Sophia and Charles.
Select the correct answer:
1. Sophia and Charles share a common descendant.
2. Sophia is Charles's ancestor.
3. Sophia is Charles's descendant.
4. Sophia and Charles share a common ancestor.
5. None of the above is correct.
Enclose the selected answer number in the <ANSWER> tag, for example: <ANSWER>1</ANSWER>.",z-ai/glm-5,Z.AI,,,<ANSWER>2</ANSWER>
128,DESCENDANT,2,"Given the following lineage relationships:
* Ann is Sandra's descendant.
* Kayla is Randy's descendant.
* Brian is Isabella's ancestor.
* Kelly is Terry's ancestor.
* Jacob is Sarah's descendant.
* Diane is Heather's ancestor.
* Vincent is Frank's descendant.
* Joe is Anna's ancestor.
* William is Joshua's ancestor.
* Nicholas is Sandra's ancestor.
* Steven is Jean's descendant.
* Kevin is Heather's descendant.
* Jacob is Abigail's ancestor.
* Jessica is Aaron's descendant.
* Tyler is Eric's ancestor.
* Samantha is Catherine's descendant.
* Amy is Eugene's ancestor.
* Sean is Frances's ancestor.
* Jeremy is Thomas's ancestor.
* Christian is Samuel's descendant.
* Ethan is Frank's ancestor.
* Roger is Jordan's ancestor.
* Jean is Ann's descendant.
* Kathryn is Evelyn's descendant.
* Patrick is Joseph's descendant.
* Margaret is Scott's descendant.
* Katherine is Natalie's ancestor.
* Nathan is Randy's ancestor.
* Jack is Nathan's ancestor.
* Ethan is Stephanie's descendant.
* Lori is Jeffrey's descendant.
* Stephen is Jason's ancestor.
* Isabella is Melissa's ancestor.
* Ryan is Kenneth's descendant.
* Shirley is Russell's ancestor.
* Wayne is Nicole's descendant.
* Ashley is Linda's ancestor.
* Walter is Timothy's descendant.
* Stephanie is Carol's descendant.
* Gabriel is Shirley's ancestor.
* Michael is Gary's ancestor.
* Brittany is Deborah's ancestor.
* Bobby is Jennifer's ancestor.
* Harold is Catherine's ancestor.
* William is Steven's descendant.
* Helen is Ashley's ancestor.
* Carl is Margaret's descendant.
* Frances is Bruce's ancestor.
* Samuel is Jerry's descendant.
* Brian is Debra's descendant.
* Joyce is John's descendant.
* Mary is Vincent's descendant.
* Gabriel is Wayne's descendant.
* Lori is Benjamin's ancestor.
* Scott is Thomas's descendant.
* Karen is Bradley's ancestor.
* Jack is Gerald's descendant.
* Noah is Terry's descendant.
* Nicholas is George's descendant.
* Lisa is Janet's ancestor.
* Jeremy is Lawrence's descendant.
* Ryan is Arthur's ancestor.
* Harold is Christian's descendant.
* Philip is Amber's descendant.
* Olivia is Noah's descendant.
* George is Alan's descendant.
* Russell is Sara's ancestor.
* Doris is Bradley's descendant.
* Dorothy is Bryan's ancestor.
* Abigail is Joan's ancestor.
* Patricia is Lisa's ancestor.
* Beverly is Aaron's ancestor.
* Susan is Eugene's descendant.
* Charles is Danielle's descendant.
* Dylan is Brittany's ancestor.
* Carl is Gerald's ancestor.
* Tyler is Jennifer's descendant.
* Donald is Zachary's descendant.
* Jeffrey is Susan's descendant.
* Grace is Alan's ancestor.
* Amy is Olivia's descendant.
* Donna is Jason's descendant.
* Julia is Judith's ancestor.
* Karen is Kayla's descendant.
* Samantha is Carol's ancestor.
* Doris is Sharon's ancestor.
* Walter is Katherine's ancestor.
* Patricia is Sharon's descendant.
* Lauren is Kenneth's ancestor.
* Gary is Stephen's ancestor.
* Benjamin is Julia's ancestor.
* Jonathan is Jerry's ancestor.
* Joyce is Sean's ancestor.
* Elizabeth is Dorothy's ancestor.
* Joe is Bryan's descendant.
* Austin is Sarah's ancestor.
* Danielle is Matthew's descendant.
* Sara is Dylan's ancestor.
* Judith is Jonathan's ancestor.
* Alexander is Janet's descendant.
* Michael is Donald's descendant.
* Kevin is Megan's ancestor.
* Mary is Dennis's ancestor.
* Matthew is Alexander's descendant.
* Janice is Jordan's descendant.
* Lawrence is Julie's descendant.
* Debra is Philip's descendant.
* Roger is Patrick's descendant.
* Alexis is Diane's ancestor.
* John is Dennis's descendant.
* Joshua is Alexis's ancestor.
* Helen is Natalie's descendant.
* Donna is Timothy's ancestor.
* Linda is Joseph's ancestor.
* Barbara is Julie's ancestor.
* Kathryn is Bobby's ancestor.
* Charles is Grace's ancestor.
* Amber is Jessica's descendant.
* Barbara is Melissa's descendant.
* Austin is Deborah's descendant.
* Kelly is Arthur's descendant.
* Lauren is Joan's descendant.
* Evelyn is Megan's descendant.
* Nicole is Anna's descendant.
* Betty is Elizabeth's ancestor.
* Eric is Zachary's ancestor.
* Beverly is Bruce's descendant.
Determine the lineage relationship between Janice and Betty.
Select the correct answer:
1. Janice and Betty share a common ancestor.
2. Janice is Betty's descendant.
3. Janice is Betty's ancestor.
4. Janice and Betty share a common descendant.
5. None of the above is correct.
Enclose the selected answer number in the <ANSWER> tag, for example: <ANSWER>1</ANSWER>.",z-ai/glm-5,Z.AI,,,"To determine the lineage relationship between Janice and Betty, we can trace the ancestry lineage from Janice upwards or from Betty downwards using the provided statements.

Let's trace the lineage starting from Janice:
1.  **Janice** is Jordan's descendant. (Jordan -> Janice)
2.  **Jordan** is Roger's descendant (from ""Roger is Jordan's ancestor""). (Roger -> Jordan)
3.  **Roger** is Patrick's descendant. (Patrick -> Roger)
4.  **Patrick** is Joseph's descendant. (Joseph -> Patrick)
5.  **Joseph** is Linda's descendant (from ""Linda is Joseph's ancestor""). (Linda -> Joseph)
6.  **Linda** is Ashley's descendant (from ""Ashley is Linda's ancestor""). (Ashley -> Linda)
7.  **Ashley** is Helen's descendant (from ""Helen is Ashley's ancestor""). (Helen -> Ashley)
8.  **Helen** is Natalie's descendant. (Natalie -> Helen)
9.  **Natalie** is Katherine's descendant (from ""Katherine is Natalie's ancestor""). (Katherine -> Natalie)
10. **Katherine** is Walter's descendant (from ""Walter is Katherine's ancestor""). (Walter -> Katherine)
11. **Walter** is Timothy's descendant. (Timothy -> Walter)
12. **Timothy** is Donna's descendant (from ""Donna is Timothy's ancestor""). (Donna -> Timothy)
13. **Donna** is Jason's descendant. (Jason -> Donna)
14. **Jason** is Stephen's descendant (from ""Stephen is Jason's ancestor""). (Stephen -> Jason)
15. **Stephen** is Gary's descendant (from ""Gary is Stephen's ancestor""). (Gary -> Stephen)
16. **Gary** is Michael's descendant (from ""Michael is Gary's ancestor""). (Michael -> Gary)
17. **Michael** is Donald's descendant. (Donald -> Michael)
18. **Donald** is Zachary's descendant. (Zachary -> Donald)
19. **Zachary** is Eric's descendant (from ""Eric is Zachary's ancestor""). (Eric -> Zachary)
20. **Eric** is Tyler's descendant (from ""Tyler is Eric's ancestor""). (Tyler -> Eric)
21. **Tyler** is Jennifer's descendant. (Jennifer -> Tyler)
22. **Jennifer** is Bobby's descendant (from ""Bobby is Jennifer's ancestor""). (Bobby -> Jennifer)
23. **Bobby** is Kathryn's descendant (from ""Kathryn is Bobby's ancestor""). (Kathryn -> Bobby)
24. **Kathryn** is Evelyn's descendant. (Evelyn -> Kathryn)
25. **Evelyn** is Megan's descendant. (Megan -> Evelyn)
26. **Megan** is Kevin's descendant (from ""Kevin is Megan's ancestor""). (Kevin -> Megan)
27. **Kevin** is Heather's descendant. (Heather -> Kevin)
28. **Heather** is Diane's descendant (from ""Diane is Heather's ancestor""). (Diane -> Heather)
29. **Diane** is Alexis's descendant (from ""Alexis is Diane's ancestor""). (Alexis -> Diane)
30. **Alexis** is Joshua's descendant (from ""Joshua is Alexis's ancestor""). (Joshua -> Alexis)
31. **Joshua** is William's descendant (from ""William is Joshua's ancestor""). (William -> Joshua)
32. **William** is Steven's descendant. (Steven -> William)
33. **Steven** is Jean's descendant. (Jean -> Steven)
34. **Jean** is Ann's descendant. (Ann -> Jean)
35. **Ann** is Sandra's descendant. (Sandra -> Ann)
36. **Sandra** is Nicholas's descendant (from ""Nicholas is Sandra's ancestor""). (Nicholas -> Sandra)
37. **Nicholas** is George's descendant. (George -> Nicholas)
38. **George** is Alan's descendant. (Alan -> George)
39. **Alan** is Grace's descendant (from ""Grace is Alan's ancestor""). (Grace -> Alan)
40. **Grace** is Charles's descendant (from ""Charles is Grace's ancestor""). (Charles -> Grace)
41. **Charles** is Danielle's descendant. (Danielle -> Charles)
42. **Danielle** is Matthew's descendant. (Matthew -> Danielle)
43. **Matthew** is Alexander's descendant. (Alexander -> Matthew)
44. **Alexander** is Janet's descendant. (Janet -> Alexander)
45. **Janet** is Lisa's descendant (from ""Lisa is Janet's ancestor""). (Lisa -> Janet)
46. **Lisa** is Patricia's descendant (from ""Patricia is Lisa's ancestor""). (Patricia -> Lisa)
47. **Patricia** is Sharon's descendant. (Sharon -> Patricia)
48. **Sharon** is Doris's descendant (from ""Doris is Sharon's ancestor""). (Doris -> Sharon)
49. **Doris** is Bradley's descendant. (Bradley -> Doris)
50. **Bradley** is Karen's descendant (from ""Karen is Bradley's ancestor""). (Karen -> Bradley)
51. **Karen** is Kayla's descendant. (Kayla -> Karen)
52. **Kayla** is Randy's descendant. (Randy -> Kayla)
53. **Randy** is Nathan's descendant (from ""Nathan is Randy's ancestor""). (Nathan -> Randy)
54. **Nathan** is Jack's descendant (from ""Jack is Nathan's ancestor""). (Jack -> Nathan)
55. **Jack** is Gerald's descendant. (Gerald -> Jack)
56. **Gerald** is Carl's descendant (from ""Carl is Gerald's ancestor""). (Carl -> Gerald)
57. **Carl** is Margaret's descendant. (Margaret -> Carl)
58. **Margaret** is Scott's descendant. (Scott -> Margaret)
59. **Scott** is Thomas's descendant. (Thomas -> Scott)
60. **Thomas** is Jeremy's descendant (from ""Jeremy is Thomas's ancestor""). (Jeremy -> Thomas)
61. **Jeremy** is Lawrence's descendant. (Lawrence -> Jeremy)
62. **Lawrence** is Julie's descendant. (Julie -> Lawrence)
63. **Julie** is Barbara's descendant (from ""Barbara is Julie's ancestor""). (Barbara -> Julie)
64. **Barbara** is Melissa's descendant. (Melissa -> Barbara)
65. **Melissa** is Isabella's descendant (from ""Isabella is Melissa's ancestor""). (Isabella -> Melissa)
66. **Isabella** is Brian's descendant (from ""Brian is Isabella's ancestor""). (Brian -> Isabella)
67. **Brian** is Debra's descendant. (Debra -> Brian)
68. **Debra** is Philip's descendant. (Philip -> Debra)
69. **Philip** is Amber's descendant. (Amber -> Philip)
70. **Amber** is Jessica's descendant. (Jessica -> Amber)
71. **Jessica** is Aaron's descendant. (Aaron -> Jessica)
72. **Aaron** is Beverly's descendant (from ""Beverly is Aaron's ancestor""). (Beverly -> Aaron)
73. **Beverly** is Bruce's descendant. (Bruce -> Beverly)
74. **Bruce** is Frances's descendant (from ""Frances is Bruce's ancestor""). (Frances -> Bruce)
75. **Frances** is Sean's descendant (from ""Sean is Frances's ancestor""). (Sean -> Frances)
76. **Sean** is Joyce's descendant (from ""Joyce is Sean's ancestor""). (Joyce -> Sean)
77. **Joyce** is John's descendant. (John -> Joyce)
78. **John** is Dennis's descendant. (Dennis -> John)
79. **Dennis** is Mary's descendant (from ""Mary is Dennis's ancestor""). (Mary -> Dennis)
80. **Mary** is Vincent's descendant. (Vincent -> Mary)
81. **Vincent** is Frank's descendant. (Frank -> Vincent)
82. **Frank** is Ethan's descendant (from ""Ethan is Frank's ancestor""). (Ethan -> Frank)
83. **Ethan** is Stephanie's descendant. (Stephanie -> Ethan)
84. **Stephanie** is Carol's descendant. (Carol -> Stephanie)
85. **Carol** is Samantha's descendant (from ""Samantha is Carol's ancestor""). (Samantha -> Carol)
86. **Samantha** is Catherine's descendant. (Catherine -> Samantha)
87. **Catherine** is Harold's descendant (from ""Harold is Catherine's ancestor""). (Harold -> Catherine)
88. **Harold** is Christian's descendant. (Christian -> Harold)
89. **Christian** is Samuel's descendant. (Samuel -> Christian)
90. **Samuel** is Jerry's descendant. (Jerry -> Samuel)
91. **Jerry** is Jonathan's descendant (from ""Jonathan is Jerry's ancestor""). (Jonathan -> Jerry)
92. **Jonathan** is Judith's descendant (from ""Judith is Jonathan's ancestor""). (Judith -> Jonathan)
93. **Judith** is Julia's descendant (from ""Julia is Judith's ancestor""). (Julia -> Judith)
94. **Julia** is Benjamin's descendant (from ""Benjamin is Julia's ancestor""). (Benjamin -> Julia)
95. **Benjamin** is Lori's descendant (from ""Lori is Benjamin's ancestor""). (Lori -> Benjamin)
96. **Lori** is Jeffrey's descendant. (Jeffrey -> Lori)
97. **Jeffrey** is Susan's descendant. (Susan -> Jeffrey)
98. **Susan** is Eugene's descendant. (Eugene -> Susan)
99. **Eugene** is Amy's descendant (from ""Amy is Eugene's ancestor""). (Amy -> Eugene)
100. **Amy** is Olivia's descendant. (Olivia -> Amy)
101. **Olivia** is Noah's descendant. (Noah -> Olivia)
102. **Noah** is Terry's descendant. (Terry -> Noah)
103. **Terry** is Kelly's descendant (from ""Kelly is Terry's ancestor""). (Kelly -> Terry)
104. **Kelly** is Arthur's descendant. (Arthur -> Kelly)
105. **Arthur** is Ryan's descendant (from ""Ryan is Arthur's ancestor""). (Ryan -> Arthur)
106. **Ryan** is Kenneth's descendant. (Kenneth -> Ryan)
107. **Kenneth** is Lauren's descendant (from ""Lauren is Kenneth's ancestor""). (Lauren -> Kenneth)
108. **Lauren** is Joan's descendant. (Joan -> Lauren)
109. **Joan** is Abigail's descendant (from ""Abigail is Joan's ancestor""). (Abigail -> Joan)
110. **Abigail** is Jacob's descendant (from ""Jacob is Abigail's ancestor""). (Jacob -> Abigail)
111. **Jacob** is Sarah's descendant. (Sarah -> Jacob)
112. **Sarah** is Austin's descendant (from ""Austin is Sarah's ancestor""). (Austin -> Sarah)
113. **Austin** is Deborah's descendant. (Deborah -> Austin)
114. **Deborah** is Brittany's descendant (from ""Brittany is Deborah's ancestor""). (Brittany -> Deborah)
115. **Brittany** is Dylan's descendant (from ""Dylan is Brittany's ancestor""). (Dylan -> Brittany)
116. **Dylan** is Sara's descendant (from ""Sara is Dylan's ancestor""). (Sara -> Dylan)
117. **Sara** is Russell's descendant (from ""Russell is Sara's ancestor""). (Russell -> Sara)
118. **Russell** is Shirley's descendant (from ""Shirley is Russell's ancestor""). (Shirley -> Russell)
119. **Shirley** is Gabriel's descendant (from ""Gabriel is Shirley's ancestor""). (Gabriel -> Shirley)
120. **Gabriel** is Wayne's descendant. (Wayne -> Gabriel)
121. **Wayne** is Nicole's descendant. (Nicole -> Wayne)
122. **Nicole** is Anna's descendant. (Anna -> Nicole)
123. **Anna** is Joe's descendant (from ""Joe is Anna's ancestor""). (Joe -> Anna)
124. **Joe** is Bryan's descendant. (Bryan -> Joe)
125. **Bryan** is Dorothy's descendant (from ""Dorothy is Bryan's ancestor""). (Dorothy -> Bryan)
126. **Dorothy** is Elizabeth's descendant (from ""Elizabeth is Dorothy's ancestor""). (Elizabeth -> Dorothy)
127. **Elizabeth** is Betty's descendant (from ""Betty is Elizabeth's ancestor""). (Betty -> Elizabeth)

By following this continuous chain, we establish that Betty is the ancestor of Elizabeth, and so on down to Janice. Therefore, Janice is the descendant of Betty.

<ANSWER>2</ANSWER>"
128,COMMON_ANCESTOR,4,"Given the following lineage relationships:
* Diana is Angela's ancestor.
* Brandon is Danielle's descendant.
* Ralph is Donna's descendant.
* Nathan is Elizabeth's descendant.
* Albert is Jesse's descendant.
* Brenda is Carolyn's descendant.
* Anthony is Debra's descendant.
* Samuel is Jessica's ancestor.
* William is Bobby's ancestor.
* Patricia is Christopher's ancestor.
* Mason is Tyler's descendant.
* Jordan is Jonathan's ancestor.
* Jason is Marilyn's descendant.
* Amy is Nancy's ancestor.
* Jeffrey is Kayla's ancestor.
* Frances is Dorothy's ancestor.
* Abigail is Alan's ancestor.
* Joyce is Gary's ancestor.
* Jerry is Aaron's descendant.
* Susan is Victoria's descendant.
* Mason is Brittany's ancestor.
* Daniel is Larry's ancestor.
* Julie is Teresa's descendant.
* William is Albert's descendant.
* Amanda is Charlotte's ancestor.
* Edward is Shirley's ancestor.
* Nancy is Kyle's ancestor.
* Logan is Virginia's descendant.
* Megan is Brian's descendant.
* Patricia is Alan's descendant.
* Stephen is Roy's descendant.
* Thomas is Kimberly's descendant.
* Laura is Daniel's ancestor.
* Roy is Brandon's descendant.
* Elizabeth is Stephanie's descendant.
* Frank is Margaret's descendant.
* Jean is Linda's ancestor.
* Russell is Rebecca's ancestor.
* Steven is Denise's descendant.
* Patrick is Joseph's ancestor.
* Lisa is Marilyn's ancestor.
* Shirley is Jeffrey's ancestor.
* Keith is John's ancestor.
* Logan is Jose's ancestor.
* Sophia is Dennis's ancestor.
* Peter is Ronald's ancestor.
* Eric is Ruth's ancestor.
* Hannah is Grace's descendant.
* Doris is Joan's ancestor.
* Donna is Kelly's descendant.
* Andrea is Walter's descendant.
* Megan is Victoria's ancestor.
* Betty is Philip's ancestor.
* Kyle is Scott's ancestor.
* Gerald is Tyler's ancestor.
* Joe is Sandra's ancestor.
* Dorothy is Carl's ancestor.
* Matthew is Charlotte's descendant.
* Russell is Julia's descendant.
* Elijah is Wayne's descendant.
* Ralph is Gerald's ancestor.
* Alice is Julie's descendant.
* Betty is John's descendant.
* Theresa is Wayne's ancestor.
* Karen is Dylan's ancestor.
* Kathryn is Frances's ancestor.
* Michael is Larry's descendant.
* Jesse is Billy's descendant.
* Dylan is Eugene's ancestor.
* Joe is Natalie's descendant.
* Sandra is Jordan's ancestor.
* Robert is Willie's descendant.
* Hannah is Ethan's ancestor.
* Joseph is Carolyn's ancestor.
* Kelly is Lori's descendant.
* Frank is Theresa's ancestor.
* Dennis is Brian's ancestor.
* Danielle is Nicholas's descendant.
* Philip is Willie's ancestor.
* Jessica is Sara's ancestor.
* Eric is Sara's descendant.
* Matthew is Noah's ancestor.
* Aaron is Andrea's descendant.
* Virginia is Jason's descendant.
* Kimberly is Brittany's descendant.
* Sarah is Gloria's ancestor.
* Benjamin is Kathleen's ancestor.
* Joyce is Ethan's descendant.
* Robert is Doris's ancestor.
* Abigail is Noah's descendant.
* Kathryn is Ronald's descendant.
* Stephen is Martha's ancestor.
* Cynthia is Denise's ancestor.
* Anthony is James's ancestor.
* Thomas is Walter's ancestor.
* Alice is Amy's ancestor.
* Amanda is Austin's descendant.
* Nathan is Sophia's ancestor.
* Jose is Keith's ancestor.
* Grace is Margaret's ancestor.
* Jonathan is Peter's ancestor.
* Natalie is Susan's descendant.
* Martha is Teresa's ancestor.
* Sarah is Joan's descendant.
* Lisa is Kayla's descendant.
* Kenneth is Richard's descendant.
* Stephanie is Angela's descendant.
* Rebecca is Nicholas's ancestor.
* Linda is Cynthia's ancestor.
* Michael is Olivia's ancestor.
* Mark is Diana's ancestor.
* Jean is Brenda's descendant.
* Austin is Bobby's descendant.
* Lori is Gary's descendant.
* Billy is Carl's descendant.
* Eugene is Edward's ancestor.
* Steven is Benjamin's ancestor.
* Kathleen is Mark's ancestor.
* Ann is Laura's ancestor.
* Ruth is Ann's ancestor.
* Olivia is Richard's ancestor.
* Samuel is Elijah's descendant.
* Patrick is Jerry's descendant.
* Debra is Roger's descendant.
* Julia is Gloria's descendant.
* Scott is Roger's ancestor.
* Karen is Kenneth's descendant.
Determine the lineage relationship between Christopher and James.
Select the correct answer:
1. Christopher is James's descendant.
2. Christopher and James share a common descendant.
3. Christopher is James's ancestor.
4. Christopher and James share a common ancestor.
5. None of the above is correct.
Enclose the selected answer number in the <ANSWER> tag, for example: <ANSWER>1</ANSWER>.",z-ai/glm-5,Z.AI,,,"To determine the relationship between Christopher and James, we need to trace their lineage through the provided facts.

**1. Trace Christopher's Lineage:**
*   **Patricia** is Christopher's ancestor.
*   **Alan** is Patricia's descendant (making him Christopher's ancestor).
*   **Abigail** is Alan's ancestor.
*   **Noah** is Abigail's descendant (ancestor).
*   **Matthew** is Noah's ancestor.
*   **Charlotte** is Matthew's descendant (ancestor).
*   **Amanda** is Charlotte's ancestor.
*   **Austin** is Amanda's descendant (ancestor).
*   **Bobby** is Austin's descendant (ancestor).
*   **William** is Bobby's ancestor.
*   **Albert** is William's descendant (ancestor).
*   **Jesse** is Albert's descendant (ancestor).
*   **Billy** is Jesse's descendant (ancestor).
*   **Carl** is Billy's descendant (ancestor).
*   **Dorothy** is Carl's ancestor.
*   **Frances** is Dorothy's ancestor.
*   **Kathryn** is Frances's ancestor.
*   **Ronald** is Kathryn's descendant (ancestor).
*   **Peter** is Ronald's ancestor.
*   **Jonathan** is Peter's ancestor.
*   **Jordan** is Jonathan's ancestor.
*   **Sandra** is Jordan's ancestor.
*   **Joe** is Sandra's ancestor.
*   **Natalie** is Joe's descendant (ancestor).
*   **Susan** is Natalie's descendant (ancestor).
*   **Victoria** is Susan's descendant (ancestor).
*   **Megan** is Victoria's ancestor.
*   **Brian** is Megan's descendant (ancestor).
*   **Dennis** is Brian's ancestor.
*   **Sophia** is Dennis's ancestor.
*   **Nathan** is Sophia's ancestor.
*   **Elizabeth** is Nathan's descendant (ancestor).
*   **Stephanie** is Elizabeth's descendant (ancestor).
*   **Angela** is Stephanie's descendant (ancestor).
*   **Diana** is Angela's ancestor.
*   **Mark** is Diana's ancestor.
*   **Kathleen** is Mark's ancestor.
*   **Benjamin** is Kathleen's ancestor.
*   **Steven** is Benjamin's ancestor.
*   **Denise** is Steven's descendant (ancestor).
*   **Cynthia** is Denise's ancestor.
*   **Linda** is Cynthia's ancestor.
*   **Jean** is Linda's ancestor.
*   **Brenda** is Jean's descendant (ancestor).
*   **Carolyn** is Brenda's descendant (ancestor).
*   **Joseph** is Carolyn's ancestor.
*   **Patrick** is Joseph's ancestor.
*   **Jerry** is Patrick's descendant (ancestor).
*   **Aaron** is Jerry's descendant (ancestor).
*   **Andrea** is Aaron's descendant (ancestor).
*   **Walter** is Andrea's descendant (ancestor).
*   **Thomas** is Walter's ancestor.
*   **Kimberly** is Thomas's descendant (ancestor).
*   **Brittany** is Kimberly's descendant (ancestor).
*   **Mason** is Brittany's ancestor.
*   **Tyler** is Mason's descendant (ancestor).
*   **Gerald** is Tyler's ancestor.
*   **Ralph** is Gerald's ancestor.
*   **Donna** is Ralph's descendant (ancestor).
*   **Kelly** is Donna's descendant (ancestor).
*   **Lori** is Kelly's descendant (ancestor).
*   **Gary** is Lori's descendant (ancestor).
*   **Joyce** is Gary's descendant (ancestor).
*   **Ethan** is Joyce's descendant (ancestor).
*   **Hannah** is Ethan's ancestor.
*   **Grace** is Hannah's descendant (ancestor).
    *   Note: ""Hannah is Grace's descendant"" implies Grace -> Hannah.
    *   This establishes the top of Christopher's tree: **Grace is an ancestor of Christopher.**

**2. Trace James's Lineage:**
*   **Anthony** is James's ancestor.
*   **Debra** is Anthony's descendant (ancestor).
*   **Roger** is Debra's descendant (ancestor).
*   **Scott** is Roger's ancestor.
*   **Kyle** is Scott's ancestor.
*   **Nancy** is Kyle's ancestor.
*   **Amy** is Nancy's ancestor.
*   **Alice** is Amy's ancestor.
*   **Julie** is Alice's descendant (ancestor).
*   **Teresa** is Julie's descendant (ancestor).
*   **Martha** is Teresa's ancestor.
*   **Stephen** is Martha's ancestor.
*   **Roy** is Stephen's descendant (ancestor).
*   **Brandon** is Roy's descendant (ancestor).
*   **Danielle** is Brandon's descendant (ancestor).
*   **Nicholas** is Danielle's descendant (ancestor).
*   **Rebecca** is Nicholas's ancestor.
*   **Russell** is Rebecca's ancestor.
*   **Julia** is Russell's descendant (ancestor).
*   **Gloria** is Julia's descendant (ancestor).
*   **Sarah** is Gloria's ancestor.
*   **Joan** is Sarah's descendant (ancestor).
*   **Doris** is Joan's ancestor.
*   **Robert** is Doris's ancestor.
*   **Willie** is Robert's descendant (ancestor).
*   **Philip** is Willie's ancestor.
*   **Betty** is Philip's ancestor.
*   **John** is Betty's descendant (ancestor).
*   **Keith** is John's ancestor.
*   **Jose** is Keith's ancestor.
*   **Logan** is Jose's ancestor.
*   **Virginia** is Logan's descendant (ancestor).
*   **Jason** is Virginia's descendant (ancestor).
*   **Marilyn** is Jason's descendant (ancestor).
*   **Lisa** is Marilyn's ancestor.
*   **Kayla** is Lisa's descendant (ancestor).
*   **Jeffrey** is Kayla's ancestor.
*   **Shirley** is Jeffrey's ancestor.
*   **Edward** is Shirley's ancestor.
*   **Eugene** is Edward's ancestor.
*   **Dylan** is Eugene's ancestor.
*   **Karen** is Dylan's ancestor.
*   **Kenneth** is Karen's descendant (ancestor).
*   **Richard** is Kenneth's descendant (ancestor).
*   **Olivia** is Richard's ancestor.
*   **Michael** is Olivia's ancestor.
*   **Larry** is Michael's descendant (ancestor).
*   **Daniel** is Larry's ancestor.
*   **Laura** is Daniel's ancestor.
*   **Ann** is Laura's ancestor.
*   **Ruth** is Ann's ancestor.
*   **Eric** is Ruth's ancestor.
*   **Sara** is Eric's descendant (ancestor).
*   **Jessica** is Sara's ancestor.
*   **Samuel** is Jessica's ancestor.
*   **Elijah** is Samuel's descendant (ancestor).
*   **Wayne** is Elijah's descendant (ancestor).
*   **Theresa** is Wayne's ancestor.
*   **Frank** is Theresa's ancestor.
*   **Margaret** is Frank's descendant (ancestor).
*   **Grace** is Margaret's ancestor.
    *   This establishes the top of James's tree: **Grace is an ancestor of James.**

**3. Determine the Relationship:**
*   We have established that **Grace** is an ancestor of **Christopher** (via the path through Hannah).
*   We have established that **Grace** is an ancestor of **James** (via the path through Margaret).
*   Since both Christopher and James are descendants of Grace, they share a common ancestor.
*   Additionally, neither Christopher nor James is listed as an ancestor of the other in the provided facts (both are leaves in their respective branches). Thus, options 1 and 3 are incorrect.
*   Since they are leaves in different branches, they do not share a common descendant. Thus, option 2 is incorrect.

Therefore, Christopher and James share a common ancestor.

<ANSWER>4</ANSWER>"
128,COMMON_DESCENDANT,3,"Given the following lineage relationships:
* Bruce is Roger's descendant.
* Donna is Jesse's descendant.
* Barbara is Sophia's ancestor.
* Diane is Karen's ancestor.
* Jordan is Noah's descendant.
* Carol is Rebecca's ancestor.
* Kimberly is Marie's descendant.
* Hannah is Amy's ancestor.
* Alexander is Brittany's descendant.
* Sean is Kimberly's descendant.
* Mark is Kathleen's descendant.
* Alice is Marilyn's descendant.
* Donald is Benjamin's ancestor.
* Jeffrey is Eric's ancestor.
* Janet is Keith's descendant.
* Philip is Abigail's ancestor.
* Jean is Denise's descendant.
* Shirley is Timothy's ancestor.
* Philip is Sean's descendant.
* Jacob is Elizabeth's ancestor.
* Randy is Amanda's ancestor.
* Grace is John's descendant.
* Jeffrey is Gregory's descendant.
* Victoria is David's ancestor.
* Raymond is Virginia's ancestor.
* Rebecca is Charlotte's ancestor.
* Rachel is Douglas's ancestor.
* Steven is Roger's ancestor.
* Ashley is Mark's descendant.
* Justin is Frank's ancestor.
* Diane is Michelle's descendant.
* Stephanie is Alice's descendant.
* Nancy is Eugene's descendant.
* Jessica is Cheryl's ancestor.
* Lisa is Walter's ancestor.
* Daniel is Sophia's descendant.
* Nicole is Danielle's ancestor.
* Frances is Eric's descendant.
* Gabriel is Janet's descendant.
* Logan is Bobby's ancestor.
* Richard is Brittany's ancestor.
* Michael is Brenda's ancestor.
* Sara is Christine's descendant.
* Frances is Amber's ancestor.
* Linda is Elizabeth's descendant.
* Maria is Brenda's descendant.
* Christine is Matthew's descendant.
* Angela is Shirley's ancestor.
* Janice is Carolyn's descendant.
* Lori is Zachary's ancestor.
* Helen is Anthony's ancestor.
* Deborah is Carolyn's ancestor.
* Jacqueline is Richard's ancestor.
* Randy is Frank's descendant.
* Angela is Albert's descendant.
* Bruce is Michael's ancestor.
* Kathryn is Vincent's descendant.
* Lauren is Debra's ancestor.
* Cheryl is Gregory's ancestor.
* Doris is Elijah's descendant.
* Marilyn is Joseph's descendant.
* Deborah is Olivia's descendant.
* Dorothy is Joshua's descendant.
* Samantha is Keith's ancestor.
* Judy is Juan's descendant.
* Daniel is Steven's ancestor.
* Stephanie is Beverly's ancestor.
* James is Donna's descendant.
* Russell is Linda's descendant.
* Bobby is Alexis's ancestor.
* Maria is Rachel's ancestor.
* Walter is Madison's ancestor.
* Jesse is Billy's descendant.
* Susan is Jason's descendant.
* Zachary is Peter's ancestor.
* Dylan is Amy's descendant.
* Raymond is Betty's descendant.
* Alan is Ethan's descendant.
* Charlotte is Joshua's ancestor.
* Jacob is Charles's descendant.
* John is Anthony's descendant.
* Russell is Sara's descendant.
* Melissa is Jessica's ancestor.
* Matthew is Carl's descendant.
* Jennifer is Marie's ancestor.
* Wayne is Ashley's descendant.
* Wayne is Noah's ancestor.
* Joe is Ethan's ancestor.
* David is Jose's ancestor.
* Jean is Michelle's ancestor.
* Julia is Samantha's ancestor.
* Grace is Cynthia's ancestor.
* Heather is Juan's ancestor.
* Charles is Peter's descendant.
* Alexis is Denise's ancestor.
* Karen is Hannah's ancestor.
* Kathleen is Willie's descendant.
* Scott is Helen's ancestor.
* James is Gerald's ancestor.
* Danielle is Jacqueline's ancestor.
* Albert is Douglas's descendant.
* Eugene is Jordan's descendant.
* Alexander is Heather's ancestor.
* Gabriel is Billy's ancestor.
* Cynthia is Carol's ancestor.
* Kathryn is Joseph's ancestor.
* Madison is Elijah's ancestor.
* Jason is Benjamin's descendant.
* Virginia is Bradley's ancestor.
* Bradley is Vincent's ancestor.
* Lori is Dylan's descendant.
* Barbara is Beverly's descendant.
* Willie is Amanda's descendant.
* Scott is Doris's descendant.
* Aaron is Jose's descendant.
* Victoria is Gerald's descendant.
* Lauren is Aaron's descendant.
* Judy is Julia's ancestor.
* Olivia is Susan's descendant.
* Dorothy is Joe's ancestor.
* Janice is Betty's ancestor.
* Nancy is Nicole's ancestor.
* Abigail is Melissa's ancestor.
* Amber is Donald's ancestor.
* Logan is Debra's descendant.
* Timothy is Lisa's ancestor.
* Carl is Alan's descendant.
Determine the lineage relationship between Jennifer and Justin.
Select the correct answer:
1. Jennifer is Justin's descendant.
2. Jennifer is Justin's ancestor.
3. Jennifer and Justin share a common descendant.
4. Jennifer and Justin share a common ancestor.
5. None of the above is correct.
Enclose the selected answer number in the <ANSWER> tag, for example: <ANSWER>1</ANSWER>.",z-ai/glm-5,Z.AI,,,<ANSWER>3</ANSWER>
128,ANCESTOR,4,"Given the following lineage relationships:
* Ethan is Gregory's descendant.
* Heather is Paul's ancestor.
* Roy is Albert's descendant.
* Frank is Brandon's ancestor.
* Samantha is Mary's descendant.
* Ashley is Denise's ancestor.
* Ruth is Ronald's ancestor.
* Emma is Austin's descendant.
* Brittany is Ann's descendant.
* Samuel is Kathryn's descendant.
* Gerald is Diane's ancestor.
* Betty is Bradley's ancestor.
* Jerry is Christian's descendant.
* Ralph is Joe's ancestor.
* Beverly is Christian's ancestor.
* Judy is Jesse's descendant.
* Gabriel is Maria's ancestor.
* Amanda is Joseph's descendant.
* Teresa is Deborah's descendant.
* Stephen is Theresa's ancestor.
* Judith is Larry's ancestor.
* Janet is Robert's descendant.
* Olivia is Andrea's descendant.
* Bryan is Adam's ancestor.
* Amanda is Benjamin's ancestor.
* Roy is Gregory's ancestor.
* Bradley is Patricia's ancestor.
* Eric is Emma's descendant.
* Bruce is Christopher's ancestor.
* Debra is Michael's ancestor.
* Elijah is Nathan's ancestor.
* Kathryn is Kathleen's descendant.
* Diane is Brian's ancestor.
* Anna is Zachary's ancestor.
* Olivia is Joshua's ancestor.
* Albert is Shirley's descendant.
* Jack is Beverly's ancestor.
* Andrew is Ruth's ancestor.
* Heather is Donna's descendant.
* Jonathan is Zachary's descendant.
* Sharon is Dorothy's descendant.
* Natalie is Grace's ancestor.
* Kevin is Katherine's descendant.
* Harold is Doris's ancestor.
* Kathleen is Barbara's descendant.
* Dorothy is Michael's descendant.
* Katherine is Pamela's descendant.
* Carolyn is Anthony's ancestor.
* Abigail is Noah's descendant.
* Gary is Charles's ancestor.
* Andrew is Arthur's descendant.
* Judith is Lawrence's descendant.
* Denise is Alice's ancestor.
* Larry is Jordan's ancestor.
* Jeremy is Brandon's descendant.
* Madison is Patricia's descendant.
* Arthur is Paul's descendant.
* Brittany is Jeffrey's ancestor.
* Jessica is Evelyn's ancestor.
* Helen is Julia's ancestor.
* Cheryl is James's ancestor.
* Victoria is Gabriel's ancestor.
* Gary is Julia's descendant.
* Henry is Stephen's ancestor.
* Natalie is Linda's descendant.
* Elijah is Adam's descendant.
* Lawrence is Samantha's descendant.
* Samuel is Jack's ancestor.
* Aaron is Amber's ancestor.
* Deborah is Brenda's descendant.
* Stephanie is Tyler's descendant.
* Aaron is Sharon's descendant.
* Jacqueline is Anthony's descendant.
* Gerald is Jeremy's descendant.
* Victoria is Rachel's descendant.
* Robert is Charles's descendant.
* Nicole is Ralph's ancestor.
* Cheryl is Grace's descendant.
* Carolyn is Raymond's descendant.
* David is Jean's ancestor.
* Anna is Benjamin's descendant.
* Danielle is Julie's descendant.
* Noah is Nicholas's descendant.
* Logan is Christopher's descendant.
* Joseph is Madison's descendant.
* Ryan is Jerry's descendant.
* Vincent is Nicholas's ancestor.
* Janice is Megan's ancestor.
* Douglas is Frank's ancestor.
* Henry is Joe's descendant.
* Alice is Andrea's ancestor.
* Christine is Helen's ancestor.
* Bobby is John's ancestor.
* Tyler is Ronald's descendant.
* Austin is Evelyn's descendant.
* Brian is Karen's ancestor.
* John is Christine's ancestor.
* Nicole is Jeffrey's descendant.
* Teresa is Linda's ancestor.
* Danielle is Pamela's ancestor.
* Michelle is Ann's ancestor.
* Betty is Doris's descendant.
* Jesse is Karen's descendant.
* Frances is Debra's ancestor.
* Logan is Frances's ancestor.
* Mary is Jonathan's descendant.
* Marie is Rachel's ancestor.
* Marie is Abigail's descendant.
* Stephanie is Alan's ancestor.
* Jordan is Janice's ancestor.
* Barbara is Nathan's descendant.
* Jessica is Judy's descendant.
* Shirley is Theresa's descendant.
* Joshua is Brenda's ancestor.
* Ethan is Kyle's ancestor.
* Edward is Amber's descendant.
* Julie is Janet's descendant.
* Jacqueline is Donna's ancestor.
* Ryan is Raymond's ancestor.
* Bobby is Megan's descendant.
* Kyle is Douglas's ancestor.
* James is Michelle's ancestor.
* Alan is Vincent's ancestor.
* Edward is David's ancestor.
* Eric is Bruce's ancestor.
* Ashley is Maria's descendant.
* Kevin is Bryan's ancestor.
Determine the lineage relationship between Harold and Jean.
Select the correct answer:
1. Harold is Jean's descendant.
2. Harold and Jean share a common ancestor.
3. Harold and Jean share a common descendant.
4. Harold is Jean's ancestor.
5. None of the above is correct.
Enclose the selected answer number in the <ANSWER> tag, for example: <ANSWER>1</ANSWER>.",z-ai/glm-5,Z.AI,,,<ANSWER>4</ANSWER>
128,DESCENDANT,1,"Given the following lineage relationships:
* Kathleen is Keith's descendant.
* Diana is Alan's descendant.
* Gloria is Randy's ancestor.
* Harold is Katherine's ancestor.
* Rachel is Russell's ancestor.
* Bobby is Martha's descendant.
* Ryan is Willie's ancestor.
* Donna is Steven's descendant.
* Kimberly is Brittany's descendant.
* Jeffrey is Donna's descendant.
* Sharon is Jacqueline's descendant.
* Edward is Julia's descendant.
* Aaron is Angela's descendant.
* Terry is Walter's descendant.
* Lisa is Amanda's descendant.
* Nancy is Eric's descendant.
* Robert is Roger's descendant.
* Marilyn is Michael's ancestor.
* Diane is Linda's ancestor.
* Wayne is Heather's ancestor.
* Natalie is Alexis's ancestor.
* Shirley is Timothy's ancestor.
* Danielle is Bradley's descendant.
* Denise is Dylan's ancestor.
* Kathleen is Ryan's ancestor.
* Julie is Joseph's ancestor.
* Kathryn is Timothy's descendant.
* Andrew is Alice's ancestor.
* Christian is Janice's ancestor.
* Charles is Donald's ancestor.
* Gerald is Jennifer's descendant.
* Christina is Michelle's ancestor.
* Richard is Steven's ancestor.
* Billy is Stephanie's descendant.
* Jason is Eric's ancestor.
* Bruce is Peter's ancestor.
* Douglas is Ruth's descendant.
* Patrick is Roger's ancestor.
* Jeffrey is Tyler's ancestor.
* Joshua is Frank's descendant.
* Albert is Emily's descendant.
* Katherine is George's ancestor.
* Ann is Jack's ancestor.
* Marilyn is Alice's descendant.
* Diane is Aaron's descendant.
* Lori is Denise's ancestor.
* Patricia is Gloria's ancestor.
* Willie is Lawrence's ancestor.
* Bobby is Joan's ancestor.
* Margaret is Jacqueline's ancestor.
* Ann is Dorothy's descendant.
* Brenda is Nathan's descendant.
* Richard is Brenda's descendant.
* Marie is Douglas's descendant.
* Martha is Kathryn's descendant.
* Frank is Noah's descendant.
* Billy is Gary's ancestor.
* Logan is Christina's ancestor.
* Bryan is James's descendant.
* Jonathan is Joan's descendant.
* Angela is Michael's descendant.
* Cynthia is Edward's descendant.
* Shirley is Ralph's descendant.
* Olivia is Stephen's ancestor.
* Sean is James's ancestor.
* Jason is Carolyn's descendant.
* Elijah is Marie's descendant.
* Wayne is Elijah's descendant.
* Brittany is Maria's descendant.
* Alan is Melissa's descendant.
* Danielle is Kayla's ancestor.
* Betty is Gary's descendant.
* Betty is Carolyn's ancestor.
* Diana is Charles's ancestor.
* Elizabeth is Patrick's ancestor.
* Margaret is Anna's descendant.
* Debra is Heather's descendant.
* Noah is Benjamin's descendant.
* Ethan is William's ancestor.
* Bradley is Zachary's descendant.
* Laura is Lawrence's descendant.
* Isabella is Joseph's descendant.
* Lisa is Dorothy's ancestor.
* Deborah is Jeremy's descendant.
* Julie is Evelyn's descendant.
* Bryan is Melissa's ancestor.
* Kayla is Evelyn's ancestor.
* Natalie is John's descendant.
* Hannah is Stephanie's ancestor.
* Anthony is Donald's descendant.
* Christian is Sandra's descendant.
* Olivia is Michelle's descendant.
* Barbara is Bruce's ancestor.
* Laura is Paul's ancestor.
* Elizabeth is Cynthia's descendant.
* Hannah is Eugene's descendant.
* Joshua is Judith's ancestor.
* Jerry is Kimberly's descendant.
* Paul is Julia's ancestor.
* Anna is Jonathan's descendant.
* Deborah is Rachel's ancestor.
* Pamela is Janice's descendant.
* Andrew is George's descendant.
* Benjamin is Sharon's descendant.
* Jeremy is Albert's descendant.
* Robert is Maria's ancestor.
* Ronald is Ralph's ancestor.
* William is Sean's ancestor.
* Randy is Jennifer's ancestor.
* Jacob is Sophia's descendant.
* Pamela is Keith's ancestor.
* Amanda is Stephen's descendant.
* Walter is Dylan's descendant.
* Sophia is Nancy's descendant.
* Harold is Debra's descendant.
* Peter is Zachary's ancestor.
* Ruth is Jerry's descendant.
* Anthony is Eugene's ancestor.
* Jacob is Ronald's ancestor.
* Jack is Ethan's ancestor.
* Isabella is Emily's ancestor.
* Russell is Sandra's ancestor.
* Terry is John's ancestor.
* Patricia is Linda's descendant.
* Lori is Judith's descendant.
* Tyler is Logan's ancestor.
* Barbara is Alexis's descendant.
Determine the lineage relationship between Gerald and Nathan.
Select the correct answer:
1. Gerald is Nathan's descendant.
2. Gerald and Nathan share a common ancestor.
3. Gerald and Nathan share a common descendant.
4. Gerald is Nathan's ancestor.
5. None of the above is correct.
Enclose the selected answer number in the <ANSWER> tag, for example: <ANSWER>1</ANSWER>.",z-ai/glm-5,Z.AI,,,"The lineage statements establish a continuous chain of ancestry from Nathan to Gerald. Starting from Gerald and tracing ancestors through each given relationship, we find that Nathan is an ancestor of Gerald. Therefore, Gerald is Nathan's descendant.

<ANSWER>1</ANSWER>"
128,COMMON_ANCESTOR,1,"Given the following lineage relationships:
* Samuel is Linda's descendant.
* Brandon is Judith's descendant.
* Laura is Harold's descendant.
* Nicole is Julia's descendant.
* Austin is Mark's ancestor.
* Thomas is Frances's ancestor.
* Anthony is Mason's descendant.
* William is Nicholas's descendant.
* Susan is Vincent's descendant.
* Nancy is Noah's descendant.
* Logan is Nancy's descendant.
* Wayne is Joshua's descendant.
* Jean is Frank's ancestor.
* Patricia is Jeremy's ancestor.
* Katherine is Charles's descendant.
* George is Doris's ancestor.
* Jacob is Patricia's ancestor.
* Shirley is Timothy's descendant.
* Alan is Thomas's ancestor.
* Philip is Walter's descendant.
* Russell is Patrick's ancestor.
* Eugene is Diana's ancestor.
* Martha is Denise's descendant.
* Susan is Harold's ancestor.
* Janice is Hannah's descendant.
* Martha is Terry's ancestor.
* Carol is Raymond's ancestor.
* Samantha is Paul's ancestor.
* Sharon is Bobby's descendant.
* Jerry is Raymond's descendant.
* Laura is Albert's ancestor.
* Stephen is Olivia's ancestor.
* Alexander is Joan's descendant.
* Michelle is Alexander's descendant.
* Zachary is Roy's ancestor.
* Virginia is Denise's ancestor.
* Dennis is Elijah's descendant.
* Hannah is Katherine's descendant.
* Kathryn is Bruce's ancestor.
* George is Theresa's descendant.
* Cheryl is Russell's ancestor.
* Doris is Joan's ancestor.
* Sean is Amber's descendant.
* Virginia is Olivia's descendant.
* Paul is Mary's ancestor.
* Joe is Diana's descendant.
* Samuel is Kyle's ancestor.
* Abigail is Janice's descendant.
* Ryan is Cynthia's ancestor.
* Zachary is Patrick's descendant.
* Deborah is Jordan's ancestor.
* Shirley is Adam's ancestor.
* Vincent is Sean's descendant.
* Henry is Willie's descendant.
* Benjamin is Joe's descendant.
* Kayla is Anthony's descendant.
* Sandra is Sara's ancestor.
* Pamela is Ryan's ancestor.
* Jeffrey is Noah's ancestor.
* Ann is Logan's descendant.
* Gerald is Jacob's ancestor.
* Tyler is Marilyn's descendant.
* Steven is Pamela's ancestor.
* Walter is Gary's descendant.
* Rebecca is Michael's ancestor.
* Donna is Frances's descendant.
* Philip is Sandra's ancestor.
* Jennifer is Brittany's ancestor.
* Sharon is Billy's ancestor.
* Emily is Tyler's descendant.
* Megan is Roy's descendant.
* Michelle is Kathryn's ancestor.
* Anna is Elijah's ancestor.
* Lisa is William's descendant.
* Catherine is Nicole's descendant.
* Randy is Lisa's descendant.
* Jeremy is John's ancestor.
* Justin is Kenneth's ancestor.
* Gary is Lori's descendant.
* Jessica is Willie's ancestor.
* Christian is Jerry's descendant.
* Mary is Austin's ancestor.
* Jessica is Billy's descendant.
* Heather is Charlotte's descendant.
* Dennis is Charlotte's ancestor.
* Natalie is Brandon's descendant.
* Alan is Kenneth's descendant.
* Mark is Justin's ancestor.
* Cynthia is Carl's ancestor.
* Joshua is Christina's descendant.
* Kayla is Jeffrey's ancestor.
* Nicholas is Andrew's descendant.
* Amanda is Adam's descendant.
* Bruce is Joseph's ancestor.
* Carol is Samantha's ancestor.
* Kelly is Theresa's ancestor.
* John is Lauren's ancestor.
* Steven is Catherine's descendant.
* Brian is Natalie's descendant.
* Lori is Bradley's descendant.
* Jacqueline is Mason's ancestor.
* Brian is Madison's ancestor.
* Julia is Wayne's descendant.
* Bobby is Donna's descendant.
* Isabella is Carl's descendant.
* Charles is Benjamin's descendant.
* Sara is Marilyn's ancestor.
* Amber is Brittany's descendant.
* Linda is Albert's descendant.
* Kyle is Stephen's ancestor.
* Jennifer is Randy's descendant.
* Joseph is Jean's ancestor.
* Rebecca is Henry's descendant.
* Bradley is Christian's descendant.
* Isabella is Cheryl's ancestor.
* Jacqueline is Jordan's descendant.
* Lauren is Judith's ancestor.
* Frank is Christina's ancestor.
* Megan is Anna's ancestor.
* Scott is Michael's descendant.
* Gregory is Gerald's ancestor.
* Abigail is Deborah's ancestor.
* Madison is Kelly's ancestor.
* Emily is Timothy's ancestor.
* Heather is Andrew's ancestor.
* Amanda is Eugene's ancestor.
* Gregory is Ann's descendant.
Determine the lineage relationship between Scott and Terry.
Select the correct answer:
1. Scott and Terry share a common ancestor.
2. Scott and Terry share a common descendant.
3. Scott is Terry's descendant.
4. Scott is Terry's ancestor.
5. None of the above is correct.
Enclose the selected answer number in the <ANSWER> tag, for example: <ANSWER>1</ANSWER>.",z-ai/glm-5,Z.AI,,,"To determine the lineage relationship between Scott and Terry, we trace the ancestry of both individuals using the provided statements.

**Tracing Scott's Lineage:**
1.  `Scott is Michael's descendant.` (Michael -> Scott)
2.  `Rebecca is Michael's ancestor.` (Rebecca -> Michael -> Scott)
3.  `Rebecca is Henry's descendant.` (Henry -> Rebecca -> ... -> Scott)
4.  `Henry is Willie's descendant.` (Willie -> Henry -> ... -> Scott)
5.  `Jessica is Willie's ancestor.` (Jessica -> Willie -> ... -> Scott)
6.  `Jessica is Billy's descendant.` (Billy -> Jessica -> ... -> Scott)
7.  `Sharon is Billy's ancestor.` (Sharon -> Billy -> ... -> Scott)
8.  `Sharon is Bobby's descendant.` (Bobby -> Sharon -> ... -> Scott)
9.  `Bobby is Donna's descendant.` (Donna -> Bobby -> ... -> Scott)
10. `Donna is Frances's descendant.` (Frances -> Donna -> ... -> Scott)
11. `Thomas is Frances's ancestor.` (Thomas -> Frances -> ... -> Scott)
12. `Alan is Thomas's ancestor.` (Alan -> Thomas -> ... -> Scott)
13. `Alan is Kenneth's descendant.` (Kenneth -> Alan -> ... -> Scott)
14. `Justin is Kenneth's ancestor.` (Justin -> Kenneth -> ... -> Scott)
15. `Mark is Justin's ancestor.` (Mark -> Justin -> ... -> Scott)
16. `Austin is Mark's ancestor.` (Austin -> Mark -> ... -> Scott)
17. `Mary is Austin's ancestor.` (Mary -> Austin -> ... -> Scott)
18. `Paul is Mary's ancestor.` (Paul -> Mary -> ... -> Scott)
19. `Samantha is Paul's ancestor.` (Samantha -> Paul -> ... -> Scott)
20. `Carol is Samantha's ancestor.` (Carol -> Samantha -> ... -> Scott)

From this chain, **Carol** is an ancestor of Scott.

**Tracing Terry's Lineage:**
1.  `Martha is Terry's ancestor.` (Martha -> Terry)
2.  `Martha is Denise's descendant.` (Denise -> Martha -> Terry)
3.  `Virginia is Denise's ancestor.` (Virginia -> Denise -> ... -> Terry)
4.  `Virginia is Olivia's descendant.` (Olivia -> Virginia -> ... -> Terry)
5.  `Stephen is Olivia's ancestor.` (Stephen -> Olivia -> ... -> Terry)
6.  `Kyle is Stephen's ancestor.` (Kyle -> Stephen -> ... -> Terry)
7.  `Samuel is Kyle's ancestor.` (Samuel -> Kyle -> ... -> Terry)
8.  `Samuel is Linda's descendant.` (Linda -> Samuel -> ... -> Terry)
9.  `Linda is Albert's descendant.` (Albert -> Linda -> ... -> Terry)
10. `Laura is Albert's ancestor.` (Laura -> Albert -> ... -> Terry)
11. `Laura is Harold's descendant.` (Harold -> Laura -> ... -> Terry)
12. `Susan is Harold's ancestor.` (Susan -> Harold -> ... -> Terry)
13. `Susan is Vincent's descendant.` (Vincent -> Susan -> ... -> Terry)
14. `Vincent is Sean's descendant.` (Sean -> Vincent -> ... -> Terry)
15. `Sean is Amber's descendant.` (Amber -> Sean -> ... -> Terry)
16. `Amber is Brittany's descendant.` (Brittany -> Amber -> ... -> Terry)
17. `Jennifer is Brittany's ancestor.` (Jennifer -> Brittany -> ... -> Terry)
18. `Jennifer is Randy's descendant.` (Randy -> Jennifer -> ... -> Terry)
19. `Randy is Lisa's descendant.` (Lisa -> Randy -> ... -> Terry)
20. `Lisa is William's descendant.` (William -> Lisa -> ... -> Terry)
21. `William is Nicholas's descendant.` (Nicholas -> William -> ... -> Terry)
22. `Nicholas is Andrew's descendant.` (Andrew -> Nicholas -> ... -> Terry)
23. `Heather is Andrew's ancestor.` (Heather -> Andrew -> ... -> Terry)
24. `Heather is Charlotte's descendant.` (Charlotte -> Heather -> ... -> Terry)
25. `Dennis is Charlotte's ancestor.` (Dennis -> Charlotte -> ... -> Terry)
26. `Dennis is Elijah's descendant.` (Elijah -> Dennis -> ... -> Terry)
27. `Anna is Elijah's ancestor.` (Anna -> Elijah -> ... -> Terry)
28. `Megan is Anna's ancestor.` (Megan -> Anna -> ... -> Terry)
29. `Megan is Roy's descendant.` (Roy -> Megan -> ... -> Terry)
30. `Zachary is Roy's ancestor.` (Zachary -> Roy -> ... -> Terry)
31. `Zachary is Patrick's descendant.` (Patrick -> Zachary -> ... -> Terry)
32. `Russell is Patrick's ancestor.` (Russell -> Patrick -> ... -> Terry)
33. `Cheryl is Russell's ancestor.` (Cheryl -> Russell -> ... -> Terry)
34. `Isabella is Cheryl's ancestor.` (Isabella -> Cheryl -> ... -> Terry)
35. `Isabella is Carl's descendant.` (Carl -> Isabella -> ... -> Terry)
36. `Cynthia is Carl's ancestor.` (Cynthia -> Carl -> ... -> Terry)
37. `Ryan is Cynthia's ancestor.` (Ryan -> Cynthia -> ... -> Terry)
38. `Pamela is Ryan's ancestor.` (Pamela -> Ryan -> ... -> Terry)
39. `Steven is Pamela's ancestor.` (Steven -> Pamela -> ... -> Terry)
40. `Steven is Catherine's descendant.` (Catherine -> Steven -> ... -> Terry)
41. `Catherine is Nicole's descendant.` (Nicole -> Catherine -> ... -> Terry)
42. `Nicole is Julia's descendant.` (Julia -> Nicole -> ... -> Terry)
43. `Julia is Wayne's descendant.` (Wayne -> Julia -> ... -> Terry)
44. `Wayne is Joshua's descendant.` (Joshua -> Wayne -> ... -> Terry)
45. `Joshua is Christina's descendant.` (Christina -> Joshua -> ... -> Terry)
46. `Frank is Christina's ancestor.` (Frank -> Christina -> ... -> Terry)
47. `Jean is Frank's ancestor.` (Jean -> Frank -> ... -> Terry)
48. `Joseph is Jean's ancestor.` (Joseph -> Jean -> ... -> Terry)
49. `Bruce is Joseph's ancestor.` (Bruce -> Joseph -> ... -> Terry)
50. `Kathryn is Bruce's ancestor.` (Kathryn -> Bruce -> ... -> Terry)
51. `Michelle is Kathryn's ancestor.` (Michelle -> Kathryn -> ... -> Terry)
52. `Michelle is Alexander's descendant.` (Alexander -> Michelle -> ... -> Terry)
53. `Alexander is Joan's descendant.` (Joan -> Alexander -> ... -> Terry)
54. `Doris is Joan's ancestor.` (Doris -> Joan -> ... -> Terry)
55. `George is Doris's ancestor.` (George -> Doris -> ... -> Terry)
56. `George is Theresa's descendant.` (Theresa -> George -> ... -> Terry)
57. `Kelly is Theresa's ancestor.` (Kelly -> Theresa -> ... -> Terry)
58. `Madison is Kelly's ancestor.` (Madison -> Kelly -> ... -> Terry)
59. `Brian is Madison's ancestor.` (Brian -> Madison -> ... -> Terry)
60. `Brian is Natalie's descendant.` (Natalie -> Brian -> ... -> Terry)
61. `Natalie is Brandon's descendant.` (Brandon -> Natalie -> ... -> Terry)
62. `Brandon is Judith's descendant.` (Judith -> Brandon -> ... -> Terry)
63. `Lauren is Judith's ancestor.` (Lauren -> Judith -> ... -> Terry)
64. `John is Lauren's ancestor.` (John -> Lauren -> ... -> Terry)
65. `Jeremy is John's ancestor.` (Jeremy -> John -> ... -> Terry)
66. `Patricia is Jeremy's ancestor.` (Patricia -> Jeremy -> ... -> Terry)
67. `Jacob is Patricia's ancestor.` (Jacob -> Patricia -> ... -> Terry)
68. `Gerald is Jacob's ancestor.` (Gerald -> Jacob -> ... -> Terry)
69. `Gregory is Gerald's ancestor.` (Gregory -> Gerald -> ... -> Terry)
70. `Gregory is Ann's descendant.` (Ann -> Gregory -> ... -> Terry)
71. `Ann is Logan's descendant.` (Logan -> Ann -> ... -> Terry)
72. `Logan is Nancy's descendant.` (Nancy -> Logan -> ... -> Terry)
73. `Nancy is Noah's descendant.` (Noah -> Nancy -> ... -> Terry)
74. `Jeffrey is Noah's ancestor.` (Jeffrey -> Noah -> ... -> Terry)
75. `Kayla is Jeffrey's ancestor.` (Kayla -> Jeffrey -> ... -> Terry)
76. `Kayla is Anthony's descendant.` (Anthony -> Kayla -> ... -> Terry)
77. `Anthony is Mason's descendant.` (Mason -> Anthony -> ... -> Terry)
78. `Jacqueline is Mason's ancestor.` (Jacqueline -> Mason -> ... -> Terry)
79. `Jacqueline is Jordan's descendant.` (Jordan -> Jacqueline -> ... -> Terry)
80. `Deborah is Jordan's ancestor.` (Deborah -> Jordan -> ... -> Terry)
81. `Abigail is Deborah's ancestor.` (Abigail -> Deborah -> ... -> Terry)
82. `Abigail is Janice's descendant.` (Janice -> Abigail -> ... -> Terry)
83. `Janice is Hannah's descendant.` (Hannah -> Janice -> ... -> Terry)
84. `Hannah is Katherine's descendant.` (Katherine -> Hannah -> ... -> Terry)
85. `Katherine is Charles's descendant.` (Charles -> Katherine -> ... -> Terry)
86. `Charles is Benjamin's descendant.` (Benjamin -> Charles -> ... -> Terry)
87. `Benjamin is Joe's descendant.` (Joe -> Benjamin -> ... -> Terry)
88. `Joe is Diana's descendant.` (Diana -> Joe -> ... -> Terry)
89. `Eugene is Diana's ancestor.` (Eugene -> Diana -> ... -> Terry)
90. `Amanda is Eugene's ancestor.` (Amanda -> Eugene -> ... -> Terry)
91. `Amanda is Adam's descendant.` (Adam -> Amanda -> ... -> Terry)
92. `Shirley is Adam's ancestor.` (Shirley -> Adam -> ... -> Terry)
93. `Shirley is Timothy's descendant.` (Timothy -> Shirley -> ... -> Terry)
94. `Emily is Timothy's ancestor.` (Emily -> Timothy -> ... -> Terry)
95. `Emily is Tyler's descendant.` (Tyler -> Emily -> ... -> Terry)
96. `Tyler is Marilyn's descendant.` (Marilyn -> Tyler -> ... -> Terry)
97. `Sara is Marilyn's ancestor.` (Sara -> Marilyn -> ... -> Terry)
98. `Sandra is Sara's ancestor.` (Sandra -> Sara -> ... -> Terry)
99. `Philip is Sandra's ancestor.` (Philip -> Sandra -> ... -> Terry)
100. `Philip is Walter's descendant.` (Walter -> Philip -> ... -> Terry)
101. `Walter is Gary's descendant.` (Gary -> Walter -> ... -> Terry)
102. `Gary is Lori's descendant.` (Lori -> Gary -> ... -> Terry)
103. `Lori is Bradley's descendant.` (Bradley -> Lori -> ... -> Terry)
104. `Bradley is Christian's descendant.` (Christian -> Bradley -> ... -> Terry)
105. `Christian is Jerry's descendant.` (Jerry -> Christian -> ... -> Terry)
106. `Jerry is Raymond's descendant.` (Raymond -> Jerry -> ... -> Terry)
107. `Carol is Raymond's ancestor.` (Carol -> Raymond -> ... -> Terry)

From this chain, **Carol** is an ancestor of Terry.

**Conclusion:**
Both Scott and Terry are descendants of Carol. Therefore, they share a common ancestor. Scott is not Terry's ancestor or descendant, and they do not share a common descendant (neither is listed as having children).

<ANSWER>1</ANSWER>"
128,COMMON_DESCENDANT,2,"Given the following lineage relationships:
* Kelly is Aaron's descendant.
* Jason is Steven's descendant.
* Janet is Sara's descendant.
* Alexander is Keith's descendant.
* Stephen is Jeffrey's ancestor.
* Sean is Anthony's ancestor.
* Emma is Walter's descendant.
* Jeffrey is Joshua's ancestor.
* Nathan is Pamela's descendant.
* Eugene is Jacqueline's ancestor.
* Jose is Nathan's descendant.
* Ashley is Bryan's descendant.
* Gregory is Douglas's ancestor.
* Joseph is Olivia's ancestor.
* Heather is Madison's ancestor.
* Adam is Beverly's ancestor.
* Charles is Kayla's descendant.
* Paul is Henry's descendant.
* Russell is Heather's ancestor.
* Brian is Anna's descendant.
* Deborah is Christina's ancestor.
* Samantha is Jose's descendant.
* Philip is Arthur's descendant.
* Jennifer is Bobby's ancestor.
* Joshua is Sara's ancestor.
* Ronald is Amy's descendant.
* Dylan is Margaret's ancestor.
* Roger is Katherine's ancestor.
* Linda is Joseph's ancestor.
* Elijah is Randy's ancestor.
* Elizabeth is Michael's ancestor.
* Emily is Laura's descendant.
* Jack is Brian's descendant.
* Arthur is Jean's descendant.
* Martha is Benjamin's descendant.
* Walter is Charles's descendant.
* Beverly is Pamela's ancestor.
* Philip is Kyle's ancestor.
* Olivia is Nicholas's ancestor.
* Anthony is Michelle's ancestor.
* Martha is Elijah's ancestor.
* Rachel is Austin's descendant.
* Andrew is Eugene's ancestor.
* Lisa is Logan's descendant.
* Roy is Ann's descendant.
* Laura is Tyler's descendant.
* Noah is Gerald's ancestor.
* Jennifer is Julie's descendant.
* Carol is William's ancestor.
* Dorothy is Mary's ancestor.
* Donald is Alexander's descendant.
* Thomas is Rachel's descendant.
* Andrea is Doris's descendant.
* Henry is Angela's descendant.
* Kyle is Bradley's ancestor.
* Kelly is Sean's ancestor.
* Mason is Edward's ancestor.
* Debra is Emily's descendant.
* Evelyn is Steven's ancestor.
* Shirley is Roger's ancestor.
* Kathleen is Jesse's ancestor.
* Margaret is Natalie's ancestor.
* Bruce is Stephanie's ancestor.
* Keith is Daniel's descendant.
* Jesse is Noah's ancestor.
* Randy is Kathleen's ancestor.
* Jason is Logan's ancestor.
* Carol is Ashley's descendant.
* Vincent is Lauren's descendant.
* Alan is Adam's ancestor.
* Donald is Harold's ancestor.
* Natalie is Brandon's ancestor.
* Russell is David's descendant.
* Carl is Stephen's ancestor.
* Sandra is Elizabeth's ancestor.
* Dorothy is Juan's descendant.
* Stephanie is Anna's ancestor.
* Dylan is Jacob's descendant.
* Bruce is Ronald's descendant.
* Emma is Marie's ancestor.
* Kenneth is Teresa's ancestor.
* Benjamin is Mary's descendant.
* Frances is Sophia's descendant.
* Juan is Marie's descendant.
* Shirley is Samantha's descendant.
* Bradley is Amy's ancestor.
* Cynthia is Brandon's descendant.
* Janet is Doris's ancestor.
* Ann is Andrea's descendant.
* Dennis is Roy's descendant.
* Nicholas is Betty's ancestor.
* Harold is Aaron's ancestor.
* Willie is Diane's descendant.
* Linda is Gerald's descendant.
* Jerry is Betty's descendant.
* Michelle is John's ancestor.
* Ryan is Brittany's ancestor.
* Jerry is Sandra's ancestor.
* Bobby is Terry's ancestor.
* Terry is Angela's ancestor.
* Kathryn is Thomas's descendant.
* Sophia is Larry's descendant.
* Deborah is Katherine's descendant.
* Daniel is Brenda's descendant.
* Jacob is Brittany's descendant.
* David is Gloria's descendant.
* John is Andrew's ancestor.
* Nicole is Albert's descendant.
* Carl is Michael's descendant.
* Gregory is Cynthia's descendant.
* Nicole is Diane's ancestor.
* Debra is Kayla's ancestor.
* Mason is Jacqueline's descendant.
* Vincent is Julie's ancestor.
* Jack is Tyler's ancestor.
* Paul is Teresa's ancestor.
* Kathryn is Kenneth's ancestor.
* Ryan is Willie's descendant.
* William is Alan's ancestor.
* Danielle is Albert's ancestor.
* Gloria is Frances's descendant.
* Lauren is Lisa's descendant.
* Douglas is Evelyn's ancestor.
* Jean is Edward's descendant.
* Brenda is Madison's descendant.
* Christina is Larry's ancestor.
* Dennis is Danielle's ancestor.
Determine the lineage relationship between Bryan and Austin.
Select the correct answer:
1. Bryan is Austin's ancestor.
2. Bryan and Austin share a common descendant.
3. Bryan and Austin share a common ancestor.
4. Bryan is Austin's descendant.
5. None of the above is correct.
Enclose the selected answer number in the <ANSWER> tag, for example: <ANSWER>1</ANSWER>.",z-ai/glm-5,Z.AI,,,<ANSWER>5</ANSWER>
128,ANCESTOR,2,"Given the following lineage relationships:
* Keith is Andrew's ancestor.
* Scott is Carl's ancestor.
* Katherine is Joe's ancestor.
* Jason is Julie's descendant.
* Peter is Judy's ancestor.
* Wayne is Bradley's descendant.
* Judith is Marilyn's descendant.
* Timothy is Alexander's ancestor.
* Jennifer is Michael's descendant.
* Rachel is Bruce's ancestor.
* William is Jessica's descendant.
* Steven is Randy's descendant.
* Donna is Barbara's ancestor.
* Ann is Brian's ancestor.
* Megan is Christopher's descendant.
* Cheryl is Ethan's descendant.
* Joan is Brandon's descendant.
* Zachary is Christian's ancestor.
* Deborah is Brandon's ancestor.
* Anna is Gregory's ancestor.
* Bryan is Jordan's ancestor.
* Steven is Scott's ancestor.
* Patrick is Jerry's ancestor.
* Stephanie is Peter's ancestor.
* Kyle is Denise's descendant.
* Sharon is Brian's descendant.
* Donna is Beverly's descendant.
* James is Hannah's descendant.
* Sharon is Noah's ancestor.
* Alexander is Angela's ancestor.
* Russell is Jean's descendant.
* Kathryn is Ryan's descendant.
* Rachel is Kayla's descendant.
* Stephanie is Mason's descendant.
* Frances is Gloria's descendant.
* Sean is Ann's ancestor.
* Russell is Anna's ancestor.
* Paul is Samuel's descendant.
* Robert is Ryan's ancestor.
* Gloria is Terry's descendant.
* Cynthia is Katherine's ancestor.
* Carol is Judith's descendant.
* Dylan is Billy's ancestor.
* Ronald is Kimberly's ancestor.
* Elijah is Kyle's descendant.
* Matthew is Roger's ancestor.
* Debra is Jeffrey's descendant.
* Vincent is Danielle's ancestor.
* Bobby is Ashley's ancestor.
* Marilyn is William's descendant.
* Christopher is Amanda's descendant.
* Jesse is Ashley's descendant.
* Julie is Catherine's descendant.
* Matthew is Philip's descendant.
* Jack is Eugene's descendant.
* Denise is Carol's descendant.
* Emily is Pamela's ancestor.
* Joan is Emily's ancestor.
* Ethan is Jennifer's descendant.
* Mary is Grace's ancestor.
* Martha is David's ancestor.
* Samuel is Frances's descendant.
* Anthony is Elijah's descendant.
* Teresa is Alexis's descendant.
* Patricia is Amber's ancestor.
* Vincent is Judy's descendant.
* Christian is Michael's ancestor.
* Angela is Roy's ancestor.
* Teresa is Thomas's ancestor.
* Juan is Willie's ancestor.
* Linda is Kelly's ancestor.
* Megan is Jonathan's ancestor.
* Adam is David's descendant.
* Philip is Paul's descendant.
* Alice is Randy's ancestor.
* Natalie is Alexis's ancestor.
* Grace is Evelyn's ancestor.
* Ronald is Evelyn's descendant.
* Amanda is Melissa's descendant.
* Jean is Julia's descendant.
* Gregory is Eugene's ancestor.
* Patricia is Willie's descendant.
* John is Wayne's descendant.
* Julia is Carl's descendant.
* Jessica is James's descendant.
* Mason is Jason's descendant.
* Joshua is Timothy's ancestor.
* Thomas is Sean's ancestor.
* Cynthia is Jordan's descendant.
* Joseph is Patrick's ancestor.
* Robert is Joe's descendant.
* John is Dylan's ancestor.
* Hannah is Danielle's descendant.
* Maria is Adam's descendant.
* Daniel is Kimberly's descendant.
* Bruce is Helen's ancestor.
* Kathryn is Juan's ancestor.
* Melissa is Sara's descendant.
* Beverly is Pamela's descendant.
* Debra is Mary's ancestor.
* Betty is Sophia's descendant.
* Roy is Terry's ancestor.
* Jerry is Alan's ancestor.
* Bradley is Anthony's descendant.
* Linda is Billy's descendant.
* Kathleen is Isabella's ancestor.
* Maria is Alice's ancestor.
* Henry is Kathleen's ancestor.
* Deborah is Jonathan's descendant.
* Amber is Carolyn's ancestor.
* Bobby is Noah's descendant.
* Isabella is Jeffrey's ancestor.
* Zachary is Daniel's descendant.
* Andrew is Bryan's ancestor.
* Lauren is Carolyn's descendant.
* Sophia is Kelly's descendant.
* Sara is Albert's descendant.
* Albert is Alan's descendant.
* Mark is Barbara's descendant.
* Joseph is Lauren's descendant.
* Joshua is Cheryl's descendant.
* Natalie is Jack's descendant.
* Roger is Catherine's ancestor.
* Helen is Martha's ancestor.
* Henry is Jesse's descendant.
* Shirley is Mark's descendant.
* Shirley is Kayla's ancestor.
Determine the lineage relationship between Keith and Betty.
Select the correct answer:
1. Keith is Betty's descendant.
2. Keith is Betty's ancestor.
3. Keith and Betty share a common ancestor.
4. Keith and Betty share a common descendant.
5. None of the above is correct.
Enclose the selected answer number in the <ANSWER> tag, for example: <ANSWER>1</ANSWER>.",z-ai/glm-5,Z.AI,,,"To determine the lineage relationship between Keith and Betty, we can trace the relationships step-by-step from Keith down to Betty.

1.  **Keith** is Andrew's ancestor. (Keith $\rightarrow$ Andrew)
2.  **Andrew** is Bryan's ancestor. (Andrew $\rightarrow$ Bryan)
3.  **Bryan** is Jordan's ancestor. (Bryan $\rightarrow$ Jordan)
4.  **Cynthia** is Jordan's descendant. (Jordan $\rightarrow$ Cynthia)
5.  **Cynthia** is Katherine's ancestor. (Cynthia $\rightarrow$ Katherine)
6.  **Katherine** is Joe's ancestor. (Katherine $\rightarrow$ Joe)
7.  **Robert** is Joe's descendant. (Joe $\rightarrow$ Robert)
8.  **Robert** is Ryan's ancestor. (Robert $\rightarrow$ Ryan)
9.  **Kathryn** is Ryan's descendant. (Ryan $\rightarrow$ Kathryn)
10. **Kathryn** is Juan's ancestor. (Kathryn $\rightarrow$ Juan)
11. **Juan** is Willie's ancestor. (Juan $\rightarrow$ Willie)
12. **Patricia** is Willie's descendant. (Willie $\rightarrow$ Patricia)
13. **Patricia** is Amber's ancestor. (Patricia $\rightarrow$ Amber)
14. **Amber** is Carolyn's ancestor. (Amber $\rightarrow$ Carolyn)
15. **Lauren** is Carolyn's descendant. (Carolyn $\rightarrow$ Lauren)
16. **Joseph** is Lauren's descendant. (Lauren $\rightarrow$ Joseph)
17. **Joseph** is Patrick's ancestor. (Joseph $\rightarrow$ Patrick)
18. **Patrick** is Jerry's ancestor. (Patrick $\rightarrow$ Jerry)
19. **Jerry** is Alan's ancestor. (Jerry $\rightarrow$ Alan)
20. **Albert** is Alan's descendant. (Alan $\rightarrow$ Albert)
21. **Sara** is Albert's descendant. (Albert $\rightarrow$ Sara)
22. **Melissa** is Sara's descendant. (Sara $\rightarrow$ Melissa)
23. **Amanda** is Melissa's descendant. (Melissa $\rightarrow$ Amanda)
24. **Christopher** is Amanda's descendant. (Amanda $\rightarrow$ Christopher)
25. **Megan** is Christopher's descendant. (Christopher $\rightarrow$ Megan)
26. **Megan** is Jonathan's ancestor. (Megan $\rightarrow$ Jonathan)
27. **Deborah** is Jonathan's descendant. (Jonathan $\rightarrow$ Deborah)
28. **Deborah** is Brandon's descendant. (Brandon $\rightarrow$ Deborah)
29. **Joan** is Brandon's descendant. (Brandon $\rightarrow$ Joan)
30. **Joan** is Emily's ancestor. (Joan $\rightarrow$ Emily)
31. **Emily** is Pamela's ancestor. (Emily $\rightarrow$ Pamela)
32. **Beverly** is Pamela's descendant. (Pamela $\rightarrow$ Beverly)
33. **Donna** is Beverly's descendant. (Beverly $\rightarrow$ Donna)
34. **Donna** is Barbara's ancestor. (Donna $\rightarrow$ Barbara)
35. **Mark** is Barbara's descendant. (Barbara $\rightarrow$ Mark)
36. **Shirley** is Mark's descendant. (Mark $\rightarrow$ Shirley)
37. **Shirley** is Kayla's ancestor. (Shirley $\rightarrow$ Kayla)
38. **Rachel** is Kayla's descendant. (Kayla $\rightarrow$ Rachel)
39. **Rachel** is Bruce's ancestor. (Rachel $\rightarrow$ Bruce)
40. **Bruce** is Helen's ancestor. (Bruce $\rightarrow$ Helen)
41. **Helen** is Martha's ancestor. (Helen $\rightarrow$ Martha)
42. **Martha** is David's ancestor. (Martha $\rightarrow$ David)
43. **Adam** is David's descendant. (David $\rightarrow$ Adam)
44. **Maria** is Adam's descendant. (Adam $\rightarrow$ Maria)
45. **Maria** is Alice's ancestor. (Maria $\rightarrow$ Alice)
46. **Alice** is Randy's ancestor. (Alice $\rightarrow$ Randy)
47. **Steven** is Randy's descendant. (Randy $\rightarrow$ Steven)
48. **Steven** is Scott's ancestor. (Steven $\rightarrow$ Scott)
49. **Scott** is Carl's ancestor. (Scott $\rightarrow$ Carl)
50. **Julia** is Carl's descendant. (Carl $\rightarrow$ Julia)
51. **Jean** is Julia's descendant. (Julia $\rightarrow$ Jean)
52. **Russell** is Jean's descendant. (Jean $\rightarrow$ Russell)
53. **Russell** is Anna's ancestor. (Russell $\rightarrow$ Anna)
54. **Anna** is Gregory's ancestor. (Anna $\rightarrow$ Gregory)
55. **Gregory** is Eugene's ancestor. (Gregory $\rightarrow$ Eugene)
56. **Jack** is Eugene's descendant. (Eugene $\rightarrow$ Jack)
57. **Natalie** is Jack's descendant. (Jack $\rightarrow$ Natalie)
58. **Natalie** is Alexis's ancestor. (Natalie $\rightarrow$ Alexis)
59. **Teresa** is Alexis's descendant. (Alexis $\rightarrow$ Teresa)
60. **Teresa** is Thomas's ancestor. (Teresa $\rightarrow$ Thomas)
61. **Thomas** is Sean's ancestor. (Thomas $\rightarrow$ Sean)
62. **Sean** is Ann's ancestor. (Sean $\rightarrow$ Ann)
63. **Ann** is Brian's ancestor. (Ann $\rightarrow$ Brian)
64. **Sharon** is Brian's descendant. (Brian $\rightarrow$ Sharon)
65. **Sharon** is Noah's ancestor. (Sharon $\rightarrow$ Noah)
66. **Bobby** is Noah's descendant. (Noah $\rightarrow$ Bobby)
67. **Bobby** is Ashley's ancestor. (Bobby $\rightarrow$ Ashley)
68. **Jesse** is Ashley's descendant. (Ashley $\rightarrow$ Jesse)
69. **Henry** is Jesse's descendant. (Jesse $\rightarrow$ Henry)
70. **Henry** is Kathleen's ancestor. (Henry $\rightarrow$ Kathleen)
71. **Kathleen** is Isabella's ancestor. (Kathleen $\rightarrow$ Isabella)
72. **Isabella** is Jeffrey's ancestor. (Isabella $\rightarrow$ Jeffrey)
73. **Debra** is Jeffrey's descendant. (Jeffrey $\rightarrow$ Debra)
74. **Debra** is Mary's ancestor. (Debra $\rightarrow$ Mary)
75. **Mary** is Grace's ancestor. (Mary $\rightarrow$ Grace)
76. **Grace** is Evelyn's ancestor. (Grace $\rightarrow$ Evelyn)
77. **Ronald** is Evelyn's descendant. (Evelyn $\rightarrow$ Ronald)
78. **Ronald** is Kimberly's ancestor. (Ronald $\rightarrow$ Kimberly)
79. **Daniel** is Kimberly's descendant. (Kimberly $\rightarrow$ Daniel)
80. **Zachary** is Daniel's descendant. (Daniel $\rightarrow$ Zachary)
81. **Zachary** is Christian's ancestor. (Zachary $\rightarrow$ Christian)
82. **Christian** is Michael's ancestor. (Christian $\rightarrow$ Michael)
83. **Jennifer** is Michael's descendant. (Michael $\rightarrow$ Jennifer)
84. **Ethan** is Jennifer's descendant. (Jennifer $\rightarrow$ Ethan)
85. **Cheryl** is Ethan's descendant. (Ethan $\rightarrow$ Cheryl)
86. **Joshua** is Cheryl's descendant. (Cheryl $\rightarrow$ Joshua)
87. **Joshua** is Timothy's ancestor. (Joshua $\rightarrow$ Timothy)
88. **Timothy** is Alexander's ancestor. (Timothy $\rightarrow$ Alexander)
89. **Alexander** is Angela's ancestor. (Alexander $\rightarrow$ Angela)
90. **Angela** is Roy's ancestor. (Angela $\rightarrow$ Roy)
91. **Roy** is Terry's descendant. (Terry $\rightarrow$ Roy)
92. **Gloria** is Terry's descendant. (Terry $\rightarrow$ Gloria)
93. **Frances** is Gloria's descendant. (Gloria $\rightarrow$ Frances)
94. **Samuel** is Frances's descendant. (Frances $\rightarrow$ Samuel)
95. **Paul** is Samuel's descendant. (Samuel $\rightarrow$ Paul)
96. **Philip** is Paul's descendant. (Paul $\rightarrow$ Philip)
97. **Matthew** is Philip's descendant. (Philip $\rightarrow$ Matthew)
98. **Matthew** is Roger's ancestor. (Matthew $\rightarrow$ Roger)
99. **Roger** is Catherine's ancestor. (Roger $\rightarrow$ Catherine)
100. **Julie** is Catherine's descendant. (Catherine $\rightarrow$ Julie)
101. **Jason** is Julie's descendant. (Julie $\rightarrow$ Jason)
102. **Mason** is Jason's descendant. (Jason $\rightarrow$ Mason)
103. **Stephanie** is Mason's descendant. (Mason $\rightarrow$ Stephanie)
104. **Stephanie** is Peter's ancestor. (Stephanie $\rightarrow$ Peter)
105. **Peter** is Judy's ancestor. (Peter $\rightarrow$ Judy)
106. **Vincent** is Judy's descendant. (Judy $\rightarrow$ Vincent)
107. **Vincent** is Danielle's ancestor. (Vincent $\rightarrow$ Danielle)
108. **Hannah** is Danielle's descendant. (Danielle $\rightarrow$ Hannah)
109. **James** is Hannah's descendant. (Hannah $\rightarrow$ James)
110. **Jessica** is James's descendant. (James $\rightarrow$ Jessica)
111. **William** is Jessica's descendant. (Jessica $\rightarrow$ William)
112. **Marilyn** is William's descendant. (William $\rightarrow$ Marilyn)
113. **Judith** is Marilyn's descendant. (Marilyn $\rightarrow$ Judith)
114. **Carol** is Judith's descendant. (Judith $\rightarrow$ Carol)
115. **Denise** is Carol's descendant. (Carol $\rightarrow$ Denise)
116. **Kyle** is Denise's descendant. (Denise $\rightarrow$ Kyle)
117. **Elijah** is Kyle's descendant. (Kyle $\rightarrow$ Elijah)
118. **Anthony** is Elijah's descendant. (Elijah $\rightarrow$ Anthony)
119. **Bradley** is Anthony's descendant. (Anthony $\rightarrow$ Bradley)
120. **Wayne** is Bradley's descendant. (Bradley $\rightarrow$ Wayne)
121. **John** is Wayne's descendant. (Wayne $\rightarrow$ John)
122. **John** is Dylan's ancestor. (John $\rightarrow$ Dylan)
123. **Dylan** is Billy's ancestor. (Dylan $\rightarrow$ Billy)
124. **Linda** is Billy's descendant. (Billy $\rightarrow$ Linda)
125. **Linda** is Kelly's ancestor. (Linda $\rightarrow$ Kelly)
126. **Sophia** is Kelly's descendant. (Kelly $\rightarrow$ Sophia)
127. **Betty** is Sophia's descendant. (Sophia $\rightarrow$ Betty)

Following this continuous chain of lineage, Keith is an ancestor of Andrew, who is an ancestor of ... Betty. Therefore, Keith is Betty's ancestor.

<ANSWER>2</ANSWER>"
128,DESCENDANT,3,"Given the following lineage relationships:
* Jean is Theresa's descendant.
* Nancy is Evelyn's ancestor.
* Beverly is Sandra's descendant.
* Justin is Julie's descendant.
* Roger is Abigail's ancestor.
* Catherine is Evelyn's descendant.
* Frances is Larry's descendant.
* Roy is Jacob's ancestor.
* Christina is Richard's descendant.
* Maria is Adam's ancestor.
* Bobby is Albert's ancestor.
* Tyler is Kayla's ancestor.
* Catherine is Katherine's ancestor.
* Heather is Ryan's ancestor.
* Michael is Keith's ancestor.
* Nicholas is Cynthia's descendant.
* Diane is George's descendant.
* Gabriel is Austin's ancestor.
* Larry is Julia's descendant.
* George is Benjamin's descendant.
* Emma is Thomas's descendant.
* Samantha is Roy's ancestor.
* Mary is Alexander's ancestor.
* Nancy is Jean's descendant.
* Betty is Janice's ancestor.
* Alexis is Margaret's descendant.
* Ryan is Terry's ancestor.
* Philip is Janice's descendant.
* Virginia is Nicole's ancestor.
* Melissa is Andrea's ancestor.
* Joshua is Carl's descendant.
* Katherine is Eugene's ancestor.
* Noah is Roger's ancestor.
* Sara is Theresa's ancestor.
* Jonathan is Karen's ancestor.
* Emily is Matthew's ancestor.
* Sara is Pamela's descendant.
* Victoria is Jeffrey's ancestor.
* Amanda is Jesse's descendant.
* Gerald is Denise's ancestor.
* Scott is Olivia's ancestor.
* Albert is Virginia's ancestor.
* Anthony is Janet's ancestor.
* Rebecca is Brandon's ancestor.
* Bradley is Kyle's ancestor.
* Sarah is Henry's descendant.
* Natalie is Noah's ancestor.
* Anthony is Martha's descendant.
* Kayla is Sandra's ancestor.
* Brenda is Deborah's ancestor.
* Adam is Gregory's ancestor.
* Charlotte is Willie's ancestor.
* Heather is Joyce's descendant.
* Russell is Julia's ancestor.
* Arthur is Martha's ancestor.
* Kyle is Anna's ancestor.
* Madison is Alexander's descendant.
* Betty is Gregory's descendant.
* Ralph is Abigail's descendant.
* Sophia is Debra's descendant.
* Dylan is Richard's ancestor.
* Karen is Logan's ancestor.
* Julie is Brandon's descendant.
* Alan is Hannah's ancestor.
* Jennifer is Donna's ancestor.
* Keith is Gerald's ancestor.
* Carl is Christian's descendant.
* Bruce is Pamela's ancestor.
* Andrea is Brenda's ancestor.
* Lori is Terry's descendant.
* Alexis is Scott's ancestor.
* Bradley is Eugene's descendant.
* Kevin is Stephanie's ancestor.
* Jennifer is Amanda's descendant.
* Patrick is Victoria's ancestor.
* Juan is Hannah's descendant.
* Emma is Raymond's ancestor.
* Megan is Debra's ancestor.
* Philip is Barbara's ancestor.
* Lori is Elijah's ancestor.
* Alan is Jose's descendant.
* Teresa is Douglas's ancestor.
* Judy is Benjamin's ancestor.
* Megan is Beverly's descendant.
* Jeffrey is Michael's ancestor.
* Lawrence is Samantha's ancestor.
* Barbara is Rebecca's ancestor.
* Logan is Bryan's ancestor.
* Carolyn is Jonathan's ancestor.
* Joyce is Donna's descendant.
* Thomas is Willie's descendant.
* Jesse is Helen's descendant.
* Susan is Jose's ancestor.
* Nicholas is Kevin's ancestor.
* Timothy is Lawrence's ancestor.
* Helen is Anna's descendant.
* Charlotte is Justin's descendant.
* Natalie is Raymond's descendant.
* Jacob is Bobby's ancestor.
* Angela is Carolyn's ancestor.
* Eric is Christian's ancestor.
* Olivia is Patrick's ancestor.
* Bruce is Deborah's descendant.
* Sarah is Frank's ancestor.
* Tyler is Nicole's descendant.
* Susan is Dorothy's descendant.
* Maria is Elijah's descendant.
* Denise is Lauren's ancestor.
* Matthew is William's ancestor.
* Diane is Mary's ancestor.
* Frances is Teresa's ancestor.
* Robert is Judy's ancestor.
* Angela is Sophia's descendant.
* Lauren is Eric's ancestor.
* Gabriel is Frank's descendant.
* Douglas is Marie's ancestor.
* Margaret is Ralph's descendant.
* Madison is Timothy's ancestor.
* Juan is Robert's ancestor.
* Bryan is Henry's ancestor.
* William is Melissa's ancestor.
* Dorothy is Marie's descendant.
* Dylan is Stephanie's descendant.
* Joshua is Cynthia's ancestor.
* Austin is Emily's ancestor.
* Marilyn is Arthur's ancestor.
* Christina is Marilyn's ancestor.
Determine the lineage relationship between Janet and Russell.
Select the correct answer:
1. Janet and Russell share a common descendant.
2. Janet is Russell's ancestor.
3. Janet is Russell's descendant.
4. Janet and Russell share a common ancestor.
5. None of the above is correct.
Enclose the selected answer number in the <ANSWER> tag, for example: <ANSWER>1</ANSWER>.",z-ai/glm-5,Z.AI,,,"To determine the relationship between Janet and Russell, we can trace the lineage paths for both individuals using the provided statements.

**1. Trace the lineage starting from Janet:**
*   ""Anthony is Janet's ancestor."" (Anthony $\rightarrow$ Janet)
*   ""Anthony is Martha's descendant."" (Martha $\rightarrow$ Anthony)
*   ""Arthur is Martha's ancestor."" (Arthur $\rightarrow$ Martha)
*   ""Marilyn is Arthur's ancestor."" (Marilyn $\rightarrow$ Arthur)
*   ""Christina is Marilyn's ancestor."" (Christina $\rightarrow$ Marilyn)
*   ""Christina is Richard's descendant."" (Richard $\rightarrow$ Christina)
*   ""Dylan is Richard's ancestor."" (Dylan $\rightarrow$ Richard)
*   ""Dylan is Stephanie's descendant."" (Stephanie $\rightarrow$ Dylan)
*   ""Kevin is Stephanie's ancestor."" (Kevin $\rightarrow$ Stephanie)
*   ""Nicholas is Kevin's ancestor."" (Nicholas $\rightarrow$ Kevin)
*   ""Nicholas is Cynthia's descendant."" (Cynthia $\rightarrow$ Nicholas)
*   ""Joshua is Cynthia's ancestor."" (Joshua $\rightarrow$ Cynthia)
*   ""Joshua is Carl's descendant."" (Carl $\rightarrow$ Joshua)
*   ""Carl is Christian's descendant."" (Christian $\rightarrow$ Carl)
*   ""Eric is Christian's ancestor."" (Eric $\rightarrow$ Christian)
*   ""Lauren is Eric's ancestor."" (Lauren $\rightarrow$ Eric)
*   ""Denise is Lauren's ancestor."" (Denise $\rightarrow$ Lauren)
*   ""Gerald is Denise's ancestor."" (Gerald $\rightarrow$ Denise)
*   ""Keith is Gerald's ancestor."" (Keith $\rightarrow$ Gerald)
*   ""Michael is Keith's ancestor."" (Michael $\rightarrow$ Keith)
*   ""Jeffrey is Michael's ancestor."" (Jeffrey $\rightarrow$ Michael)
*   ""Victoria is Jeffrey's ancestor."" (Victoria $\rightarrow$ Jeffrey)
*   ""Patrick is Victoria's ancestor."" (Patrick $\rightarrow$ Victoria)
*   ""Olivia is Patrick's ancestor."" (Olivia $\rightarrow$ Patrick)
*   ""Scott is Olivia's ancestor."" (Scott $\rightarrow$ Olivia)
*   ""Alexis is Scott's ancestor."" (Alexis $\rightarrow$ Scott)
*   ""Alexis is Margaret's descendant."" (Margaret $\rightarrow$ Alexis)
*   ""Margaret is Ralph's descendant."" (Ralph $\rightarrow$ Margaret)
*   ""Ralph is Abigail's descendant."" (Abigail $\rightarrow$ Ralph)
*   ""Roger is Abigail's ancestor."" (Roger $\rightarrow$ Abigail)
*   ""Noah is Roger's ancestor."" (Noah $\rightarrow$ Roger)
*   ""Natalie is Noah's ancestor."" (Natalie $\rightarrow$ Noah)
*   ""Natalie is Raymond's descendant."" (Raymond $\rightarrow$ Natalie)
*   ""Emma is Raymond's ancestor."" (Emma $\rightarrow$ Raymond)
*   ""Emma is Thomas's descendant."" (Thomas $\rightarrow$ Emma)
*   ""Thomas is Willie's descendant."" (Willie $\rightarrow$ Thomas)
*   ""Charlotte is Willie's ancestor."" (Charlotte $\rightarrow$ Willie)
*   ""Charlotte is Justin's descendant."" (Justin $\rightarrow$ Charlotte)
*   ""Justin is Julie's descendant."" (Julie $\rightarrow$ Justin)
*   ""Julie is Brandon's descendant."" (Brandon $\rightarrow$ Julie)
*   ""Rebecca is Brandon's ancestor."" (Rebecca $\rightarrow$ Brandon)
*   ""Barbara is Rebecca's ancestor."" (Barbara $\rightarrow$ Rebecca)
*   ""Philip is Barbara's ancestor."" (Philip $\rightarrow$ Barbara)
*   ""Philip is Janice's descendant."" (Janice $\rightarrow$ Philip)
*   ""Betty is Janice's ancestor."" (Betty $\rightarrow$ Janice)
*   ""Betty is Gregory's descendant."" (Gregory $\rightarrow$ Betty)
*   ""Adam is Gregory's ancestor."" (Adam $\rightarrow$ Gregory)
*   ""Maria is Adam's ancestor."" (Maria $\rightarrow$ Adam)
*   ""Maria is Elijah's descendant."" (Elijah $\rightarrow$ Maria)
*   ""Lori is Elijah's ancestor."" (Lori $\rightarrow$ Elijah)
*   ""Lori is Terry's descendant."" (Terry $\rightarrow$ Lori)
*   ""Ryan is Terry's ancestor."" (Ryan $\rightarrow$ Terry)
*   ""Heather is Ryan's ancestor."" (Heather $\rightarrow$ Ryan)
*   ""Heather is Joyce's descendant."" (Joyce $\rightarrow$ Heather)
*   ""Joyce is Donna's descendant."" (Donna $\rightarrow$ Joyce)
*   ""Jennifer is Donna's ancestor."" (Jennifer $\rightarrow$ Donna)
*   ""Jennifer is Amanda's descendant."" (Amanda $\rightarrow$ Jennifer)
*   ""Amanda is Jesse's descendant."" (Jesse $\rightarrow$ Amanda)
*   ""Jesse is Helen's descendant."" (Helen $\rightarrow$ Jesse)
*   ""Helen is Anna's descendant."" (Anna $\rightarrow$ Helen)
*   ""Kyle is Anna's ancestor."" (Kyle $\rightarrow$ Anna)
*   ""Bradley is Kyle's ancestor."" (Bradley $\rightarrow$ Kyle)
*   ""Bradley is Eugene's descendant."" (Eugene $\rightarrow$ Bradley)
*   ""Katherine is Eugene's ancestor."" (Katherine $\rightarrow$ Eugene)
*   ""Catherine is Katherine's ancestor."" (Catherine $\rightarrow$ Katherine)
*   ""Catherine is Evelyn's descendant."" (Evelyn $\rightarrow$ Catherine)
*   ""Nancy is Evelyn's ancestor."" (Nancy $\rightarrow$ Evelyn)
*   ""Nancy is Jean's descendant."" (Jean $\rightarrow$ Nancy)
*   ""Jean is Theresa's descendant."" (Theresa $\rightarrow$ Jean)
*   ""Sara is Theresa's ancestor."" (Sara $\rightarrow$ Theresa)
*   ""Sara is Pamela's descendant."" (Pamela $\rightarrow$ Sara)
*   ""Bruce is Pamela's ancestor."" (Bruce $\rightarrow$ Pamela)
*   ""Bruce is Deborah's descendant."" (Deborah $\rightarrow$ Bruce)
*   ""Brenda is Deborah's ancestor."" (Brenda $\rightarrow$ Deborah)
*   ""Andrea is Brenda's ancestor."" (Andrea $\rightarrow$ Brenda)
*   ""Melissa is Andrea's ancestor."" (Melissa $\rightarrow$ Andrea)
*   ""William is Melissa's ancestor."" (William $\rightarrow$ Melissa)
*   ""Matthew is William's ancestor."" (Matthew $\rightarrow$ William)
*   ""Emily is Matthew's ancestor."" (Emily $\rightarrow$ Matthew)
*   ""Austin is Emily's ancestor."" (Austin $\rightarrow$ Emily)
*   ""Gabriel is Austin's ancestor."" (Gabriel $\rightarrow$ Austin)
*   ""Gabriel is Frank's descendant."" (Frank $\rightarrow$ Gabriel)
*   ""Sarah is Frank's ancestor."" (Sarah $\rightarrow$ Frank)
*   ""Sarah is Henry's descendant."" (Henry $\rightarrow$ Sarah)
*   ""Bryan is Henry's ancestor."" (Bryan $\rightarrow$ Henry)
*   ""Logan is Bryan's ancestor."" (Logan $\rightarrow$ Bryan)
*   ""Karen is Logan's ancestor."" (Karen $\rightarrow$ Logan)
*   ""Jonathan is Karen's ancestor."" (Jonathan $\rightarrow$ Karen)
*   ""Carolyn is Jonathan's ancestor."" (Carolyn $\rightarrow$ Jonathan)
*   ""Angela is Carolyn's ancestor."" (Angela $\rightarrow$ Carolyn)
*   ""Angela is Sophia's descendant."" (Sophia $\rightarrow$ Angela)
*   ""Sophia is Debra's descendant."" (Debra $\rightarrow$ Sophia)
*   ""Megan is Debra's ancestor."" (Megan $\rightarrow$ Debra)
*   ""Megan is Beverly's descendant."" (Beverly $\rightarrow$ Megan)
*   ""Beverly is Sandra's descendant."" (Sandra $\rightarrow$ Beverly)
*   ""Kayla is Sandra's ancestor."" (Kayla $\rightarrow$ Sandra)
*   ""Tyler is Kayla's ancestor."" (Tyler $\rightarrow$ Kayla)
*   ""Tyler is Nicole's descendant."" (Nicole $\rightarrow$ Tyler)
*   ""Virginia is Nicole's ancestor."" (Virginia $\rightarrow$ Nicole)
*   ""Albert is Virginia's ancestor."" (Albert $\rightarrow$ Virginia)
*   ""Bobby is Albert's ancestor."" (Bobby $\rightarrow$ Albert)
*   ""Jacob is Bobby's ancestor."" (Jacob $\rightarrow$ Bobby)
*   ""Roy is Jacob's ancestor."" (Roy $\rightarrow$ Jacob)
*   ""Samantha is Roy's ancestor."" (Samantha $\rightarrow$ Roy)
*   ""Lawrence is Samantha's ancestor."" (Lawrence $\rightarrow$ Samantha)
*   ""Timothy is Lawrence's ancestor."" (Timothy $\rightarrow$ Lawrence)
*   ""Madison is Timothy's ancestor."" (Madison $\rightarrow$ Timothy)
*   ""Madison is Alexander's descendant."" (Alexander $\rightarrow$ Madison)
*   ""Mary is Alexander's ancestor."" (Mary $\rightarrow$ Alexander)
*   ""Diane is Mary's ancestor."" (Diane $\rightarrow$ Mary)
*   ""Diane is George's descendant."" (George $\rightarrow$ Diane)
*   ""George is Benjamin's descendant."" (Benjamin $\rightarrow$ George)
*   ""Judy is Benjamin's ancestor."" (Judy $\rightarrow$ Benjamin)
*   ""Robert is Judy's ancestor."" (Robert $\rightarrow$ Judy)
*   ""Juan is Robert's ancestor."" (Juan $\rightarrow$ Robert)
*   ""Juan is Hannah's descendant."" (Hannah $\rightarrow$ Juan)
*   ""Alan is Hannah's ancestor."" (Alan $\rightarrow$ Hannah)
*   ""Alan is Jose's descendant."" (Jose $\rightarrow$ Alan)
*   ""Susan is Jose's ancestor."" (Susan $\rightarrow$ Jose)
*   ""Susan is Dorothy's descendant."" (Dorothy $\rightarrow$ Susan)
*   ""Dorothy is Marie's descendant."" (Marie $\rightarrow$ Dorothy)
*   ""Douglas is Marie's ancestor."" (Douglas $\rightarrow$ Marie)
*   ""Teresa is Douglas's ancestor."" (Teresa $\rightarrow$ Douglas)
*   ""Frances is Teresa's ancestor."" (Frances $\rightarrow$ Teresa)

This establishes a long lineage where **Frances is an ancestor of Teresa**, who is an ancestor of ... eventually **Janet**.
The simplified chain is: **Frances $\rightarrow$ Teresa $\rightarrow$ ... $\rightarrow$ Anthony $\rightarrow$ Janet**.

**2. Trace the lineage starting from Russell:**
*   ""Russell is Julia's ancestor."" (Russell $\rightarrow$ Julia)
*   ""Larry is Julia's descendant."" (Julia $\rightarrow$ Larry)
*   ""Frances is Larry's descendant."" (Larry $\rightarrow$ Frances)

This establishes the lineage: **Russell $\rightarrow$ Julia $\rightarrow$ Larry $\rightarrow$ Frances**.

**3. Combine the lineages:**
By combining the two paths, we get a continuous lineage:
**Russell $\rightarrow$ Julia $\rightarrow$ Larry $\rightarrow$ Frances $\rightarrow$ Teresa $\rightarrow$ ... $\rightarrow$ Anthony $\rightarrow$ Janet.**

Russell is an ancestor of Frances, and Frances is an ancestor of Janet. Therefore, Russell is an ancestor of Janet. Conversely, Janet is a descendant of Russell.

**Conclusion:**
Janet is Russell's descendant.

<ANSWER>3</ANSWER>"
128,COMMON_ANCESTOR,2,"Given the following lineage relationships:
* Sandra is Olivia's descendant.
* David is Lori's descendant.
* Alexander is Abigail's descendant.
* Zachary is Russell's descendant.
* Christian is Juan's descendant.
* Zachary is Isabella's ancestor.
* Nicholas is Alexis's descendant.
* Bobby is Jonathan's ancestor.
* Janice is Tyler's descendant.
* Charlotte is Marie's ancestor.
* Katherine is Charles's descendant.
* Andrea is Willie's descendant.
* Joan is Michelle's descendant.
* Nicholas is Thomas's ancestor.
* Roger is Jeremy's ancestor.
* Logan is Catherine's descendant.
* Joseph is Stephanie's descendant.
* Marilyn is Doris's descendant.
* David is Alice's ancestor.
* Paul is Ryan's ancestor.
* Stephen is Kyle's descendant.
* Carol is Heather's ancestor.
* Ryan is Kathleen's ancestor.
* Dylan is James's ancestor.
* Walter is Jacob's ancestor.
* Amber is Charlotte's ancestor.
* Brian is Jose's ancestor.
* Wayne is Matthew's ancestor.
* Dylan is Joshua's descendant.
* Lauren is Juan's ancestor.
* Lori is Margaret's descendant.
* Frank is Benjamin's descendant.
* Sophia is Janice's descendant.
* Lawrence is Danielle's ancestor.
* Lisa is Edward's ancestor.
* Ann is Sara's ancestor.
* Benjamin is Joseph's descendant.
* Megan is Sean's descendant.
* Vincent is Sean's ancestor.
* Amber is Heather's descendant.
* Jerry is Emily's descendant.
* Sandra is Noah's ancestor.
* Doris is Henry's descendant.
* Diane is Gloria's ancestor.
* Virginia is Rachel's ancestor.
* William is Adam's descendant.
* Nathan is Roy's descendant.
* Barbara is Aaron's ancestor.
* Steven is Amanda's descendant.
* Judy is Ronald's descendant.
* Joan is Abigail's ancestor.
* Robert is Roy's ancestor.
* Walter is Douglas's descendant.
* Rebecca is Ashley's descendant.
* Joyce is Steven's descendant.
* Nicole is Arthur's descendant.
* Peter is Jeffrey's ancestor.
* Henry is Justin's descendant.
* Barbara is Judy's descendant.
* Ruth is Arthur's ancestor.
* Donald is Thomas's descendant.
* Joyce is Virginia's ancestor.
* Catherine is Olivia's ancestor.
* Jeffrey is Ann's ancestor.
* Madison is Brenda's descendant.
* Gloria is Michelle's ancestor.
* Terry is Alice's descendant.
* Sara is Ronald's ancestor.
* Ralph is Nathan's descendant.
* Ashley is Katherine's descendant.
* Terry is Kathryn's ancestor.
* Ruth is Samuel's descendant.
* Anthony is Beverly's ancestor.
* Madison is Brian's ancestor.
* Logan is Jessica's ancestor.
* Lisa is Jeremy's descendant.
* Nicole is Evelyn's ancestor.
* Daniel is Kimberly's ancestor.
* Kathryn is Ethan's ancestor.
* Robert is Stephen's descendant.
* Natalie is Margaret's ancestor.
* Stephanie is Kathleen's descendant.
* Jason is Daniel's ancestor.
* Eugene is Marilyn's descendant.
* Willie is Alexander's descendant.
* Beverly is Jason's ancestor.
* Julie is William's descendant.
* Jacqueline is Grace's descendant.
* Frank is Pamela's ancestor.
* Kayla is Ralph's descendant.
* Peter is Sophia's descendant.
* Diana is Rachel's descendant.
* Brenda is Danielle's descendant.
* Edward is Grace's ancestor.
* Melissa is Gary's descendant.
* Russell is Aaron's descendant.
* Alexis is Megan's descendant.
* Carol is Isabella's descendant.
* Brittany is Kimberly's descendant.
* Andrea is Lawrence's ancestor.
* Marie is Justin's ancestor.
* Gary is Kayla's descendant.
* Emily is Jonathan's descendant.
* Anthony is Pamela's descendant.
* John is Diana's descendant.
* Christian is Nancy's ancestor.
* Kyle is Emma's descendant.
* Charles is Jacob's descendant.
* Rebecca is Amanda's ancestor.
* Jacqueline is Emma's ancestor.
* Eugene is Bobby's ancestor.
* Julie is Natalie's ancestor.
* Tyler is Jessica's descendant.
* Vincent is Jerry's descendant.
* Brandon is Randy's descendant.
* Matthew is Douglas's ancestor.
* Paul is Noah's descendant.
* James is Adam's ancestor.
* Carl is Diane's ancestor.
* Randy is John's descendant.
* Lauren is Brittany's descendant.
* Roger is Karen's descendant.
* Evelyn is Joshua's ancestor.
* Karen is Jose's descendant.
* Ethan is Wayne's ancestor.
* Donald is Carl's ancestor.
* Melissa is Samuel's ancestor.
Determine the lineage relationship between Nancy and Brandon.
Select the correct answer:
1. Nancy is Brandon's ancestor.
2. Nancy and Brandon share a common ancestor.
3. Nancy is Brandon's descendant.
4. Nancy and Brandon share a common descendant.
5. None of the above is correct.
Enclose the selected answer number in the <ANSWER> tag, for example: <ANSWER>1</ANSWER>.",z-ai/glm-5,Z.AI,,,<ANSWER>2</ANSWER>
128,COMMON_DESCENDANT,4,"Given the following lineage relationships:
* Samantha is Austin's descendant.
* Melissa is Marilyn's ancestor.
* Kenneth is Hannah's descendant.
* Bobby is Kathleen's descendant.
* Mark is Cheryl's ancestor.
* Matthew is Janet's ancestor.
* Deborah is Catherine's ancestor.
* Victoria is Larry's descendant.
* Bryan is Kathryn's descendant.
* Martha is Vincent's ancestor.
* Mason is Joyce's ancestor.
* Teresa is Dylan's ancestor.
* Zachary is Denise's descendant.
* Bobby is Sara's ancestor.
* Emma is Joshua's descendant.
* Robert is Paul's ancestor.
* Jose is Alexander's descendant.
* Gabriel is Justin's ancestor.
* Gregory is Timothy's ancestor.
* Pamela is Sophia's descendant.
* Jonathan is Vincent's descendant.
* Patrick is Marilyn's descendant.
* Scott is Michael's descendant.
* Raymond is Timothy's descendant.
* Theresa is Jonathan's descendant.
* Jacqueline is Gary's descendant.
* Peter is Christopher's descendant.
* Jessica is Janet's descendant.
* Gabriel is Theresa's descendant.
* Maria is Kathleen's ancestor.
* Larry is Jack's descendant.
* Joe is Gregory's ancestor.
* Stephanie is Gloria's ancestor.
* Denise is Sandra's descendant.
* Joe is Bruce's descendant.
* Virginia is Willie's descendant.
* John is Steven's ancestor.
* Jose is Ann's ancestor.
* Ralph is Christopher's ancestor.
* Gloria is Katherine's ancestor.
* Judy is Sean's ancestor.
* Raymond is Jerry's ancestor.
* Olivia is Adam's descendant.
* Frank is Dorothy's ancestor.
* Olivia is Stephanie's ancestor.
* Nicole is Emma's descendant.
* Maria is David's descendant.
* Gerald is Doris's ancestor.
* Austin is Pamela's descendant.
* Joan is Roger's ancestor.
* Steven is Ralph's ancestor.
* Barbara is Paul's descendant.
* Bruce is Kayla's descendant.
* Angela is Elijah's ancestor.
* Ethan is Patrick's descendant.
* Hannah is Edward's descendant.
* Kathryn is Danielle's descendant.
* Donna is Beverly's descendant.
* Samuel is Cheryl's descendant.
* Charles is Jesse's ancestor.
* Rachel is Deborah's ancestor.
* Mark is Justin's descendant.
* Jessica is Judy's ancestor.
* Frank is Susan's descendant.
* Nancy is Roger's descendant.
* Jeremy is Megan's descendant.
* Gerald is Jacob's descendant.
* Eugene is Ann's descendant.
* John is Ethan's descendant.
* Kenneth is Alexander's ancestor.
* Virginia is Kayla's ancestor.
* Joyce is Andrew's ancestor.
* Joshua is Lauren's descendant.
* Dylan is Susan's ancestor.
* Grace is Samuel's descendant.
* Sophia is Barbara's descendant.
* Wayne is Willie's ancestor.
* Rachel is Nancy's descendant.
* Christine is Brian's descendant.
* Terry is Brandon's descendant.
* Lori is Rebecca's ancestor.
* David is Grace's descendant.
* Megan is Dorothy's descendant.
* Danielle is Julia's descendant.
* Brenda is Jeffrey's ancestor.
* Margaret is Melissa's ancestor.
* Angela is Samantha's descendant.
* Edward is Anna's descendant.
* Jordan is Terry's descendant.
* Heather is Jesse's descendant.
* Madison is Victoria's descendant.
* Joan is Amanda's descendant.
* Richard is Douglas's descendant.
* Katherine is Julia's ancestor.
* Catherine is Mason's ancestor.
* Judith is Carol's ancestor.
* Arthur is Matthew's ancestor.
* Douglas is Donna's descendant.
* Wayne is Elijah's descendant.
* Jerry is Lauren's ancestor.
* Robert is Madison's descendant.
* Debra is Rebecca's descendant.
* Jordan is Andrea's ancestor.
* Joseph is Jeremy's descendant.
* Beverly is Debra's descendant.
* Anthony is Sean's descendant.
* Anna is Christian's descendant.
* Arthur is Nicole's descendant.
* Carl is Brenda's ancestor.
* Heather is Lori's ancestor.
* Richard is James's ancestor.
* Andrea is Judith's ancestor.
* Carl is Bryan's descendant.
* Jeffrey is Christian's ancestor.
* Christine is Sandra's ancestor.
* Martha is Anthony's descendant.
* James is Brandon's ancestor.
* Margaret is Zachary's descendant.
* Joseph is Jacob's ancestor.
* Donald is Michael's ancestor.
* Amanda is Sara's descendant.
* Andrew is Doris's ancestor.
* Brian is Scott's descendant.
* Teresa is Jacqueline's descendant.
* Jack is Eugene's descendant.
* Adam is Peter's descendant.
* Carol is Gary's ancestor.
Determine the lineage relationship between Charles and Donald.
Select the correct answer:
1. Charles is Donald's descendant.
2. Charles is Donald's ancestor.
3. Charles and Donald share a common ancestor.
4. Charles and Donald share a common descendant.
5. None of the above is correct.
Enclose the selected answer number in the <ANSWER> tag, for example: <ANSWER>1</ANSWER>.",z-ai/glm-5,Z.AI,,,<ANSWER>4</ANSWER>
128,ANCESTOR,1,"Given the following lineage relationships:
* Jacob is Paul's descendant.
* Philip is Mark's ancestor.
* Nancy is Aaron's ancestor.
* Brandon is Theresa's ancestor.
* Michael is Evelyn's descendant.
* Kimberly is Raymond's ancestor.
* Betty is Judy's ancestor.
* Alexis is Joe's descendant.
* Jennifer is Douglas's ancestor.
* Shirley is Deborah's descendant.
* Sharon is Albert's descendant.
* Catherine is Timothy's ancestor.
* Olivia is Julia's ancestor.
* Jonathan is Barbara's ancestor.
* Willie is Bradley's ancestor.
* Bruce is Sophia's ancestor.
* Janice is Debra's descendant.
* Natalie is Anna's descendant.
* Cheryl is Susan's descendant.
* Sarah is Scott's descendant.
* Bradley is Scott's ancestor.
* Eric is Mason's descendant.
* Roy is Nancy's ancestor.
* Donald is Frances's descendant.
* Maria is Carol's descendant.
* Ronald is Dorothy's ancestor.
* Abigail is Sara's ancestor.
* Ann is Elijah's descendant.
* Catherine is George's descendant.
* Pamela is Nathan's ancestor.
* Matthew is Terry's descendant.
* Ronald is Alexis's descendant.
* Carolyn is Emma's ancestor.
* Shirley is Philip's ancestor.
* Joshua is Pamela's ancestor.
* Gabriel is Russell's ancestor.
* Jacqueline is Helen's ancestor.
* Terry is Dylan's descendant.
* Christian is Kathleen's ancestor.
* Christina is Douglas's descendant.
* Helen is Thomas's ancestor.
* Doris is Kenneth's ancestor.
* Frances is Austin's descendant.
* Christian is Cheryl's descendant.
* Joshua is Judith's descendant.
* Jack is Charlotte's ancestor.
* Danielle is Gregory's ancestor.
* Emily is Jason's descendant.
* Cynthia is Martha's ancestor.
* Emma is Amanda's ancestor.
* Eugene is Joe's ancestor.
* Marie is Thomas's descendant.
* Debra is Donald's descendant.
* Nicole is Lisa's descendant.
* Brian is William's ancestor.
* Christine is Betty's ancestor.
* Sean is Andrew's ancestor.
* Russell is Janet's ancestor.
* Roy is Jordan's descendant.
* Ashley is Emily's descendant.
* Judith is Denise's descendant.
* Karen is Amanda's descendant.
* Nicholas is Carol's ancestor.
* Ruth is Virginia's descendant.
* Sarah is Henry's ancestor.
* Bobby is Willie's ancestor.
* Brittany is Alice's descendant.
* Kathleen is Kimberly's ancestor.
* Carl is Jeremy's descendant.
* Marie is Jason's ancestor.
* Melissa is Mark's descendant.
* Adam is Elijah's ancestor.
* Michelle is Austin's ancestor.
* David is Raymond's descendant.
* Brian is Gerald's descendant.
* Larry is Doris's ancestor.
* Stephen is Eric's descendant.
* Sophia is Susan's ancestor.
* George is Christina's descendant.
* Marilyn is Henry's descendant.
* Aaron is Denise's ancestor.
* Sharon is Laura's ancestor.
* Jordan is Lauren's descendant.
* Nathan is Dylan's ancestor.
* Bruce is Nicole's descendant.
* Brandon is Gary's descendant.
* Ann is Jesse's ancestor.
* Nicholas is Kenneth's descendant.
* Carolyn is Andrew's descendant.
* Mason is Judy's descendant.
* William is Joan's ancestor.
* Jacob is Diane's ancestor.
* Melissa is Evelyn's ancestor.
* Natalie is Christine's ancestor.
* Angela is David's descendant.
* Brittany is Jennifer's ancestor.
* Michelle is Beverly's descendant.
* Paul is Kyle's descendant.
* Carl is Virginia's ancestor.
* Charlotte is Beverly's ancestor.
* Danielle is Teresa's descendant.
* Jack is Angela's descendant.
* Larry is Barbara's descendant.
* Kyle is Janice's descendant.
* Teresa is Laura's descendant.
* Matthew is Alice's ancestor.
* Gregory is Lauren's ancestor.
* Ashley is Jonathan's ancestor.
* Gary is Michael's descendant.
* Jesse is Cynthia's ancestor.
* Albert is Jose's descendant.
* Benjamin is Marilyn's descendant.
* Jacqueline is Benjamin's descendant.
* Karen is Adam's ancestor.
* Martha is Lisa's ancestor.
* Anna is Linda's descendant.
* Abigail is Diana's descendant.
* Stephen is Gerald's ancestor.
* Olivia is Timothy's descendant.
* Diane is Bobby's ancestor.
* Sean is Julia's descendant.
* Sara is Jose's ancestor.
* Ruth is Linda's ancestor.
* Jeremy is Theresa's descendant.
* Diana is Dorothy's descendant.
* Eugene is Janet's descendant.
* Deborah is Maria's descendant.
Determine the lineage relationship between Gabriel and Joan.
Select the correct answer:
1. Gabriel is Joan's ancestor.
2. Gabriel and Joan share a common descendant.
3. Gabriel is Joan's descendant.
4. Gabriel and Joan share a common ancestor.
5. None of the above is correct.
Enclose the selected answer number in the <ANSWER> tag, for example: <ANSWER>1</ANSWER>.",z-ai/glm-5,Z.AI,,,"To determine the lineage relationship between Gabriel and Joan, we can trace the relationships starting from Gabriel and following the chain of descendants, or starting from Joan and following the chain of ancestors.

Let's trace the lineage from Gabriel downwards (descendants):
1.  **Gabriel** is Russell's ancestor (Gabriel $\rightarrow$ Russell).
2.  Russell is Janet's ancestor (Russell $\rightarrow$ Janet).
3.  Eugene is Janet's descendant, meaning Janet is Eugene's ancestor (Janet $\rightarrow$ Eugene).
4.  Eugene is Joe's ancestor (Eugene $\rightarrow$ Joe).
5.  Alexis is Joe's descendant (Joe $\rightarrow$ Alexis).
6.  Ronald is Alexis's descendant (Alexis $\rightarrow$ Ronald).
7.  Ronald is Dorothy's ancestor (Ronald $\rightarrow$ Dorothy).
8.  Diana is Dorothy's descendant (Dorothy $\rightarrow$ Diana).
9.  Abigail is Diana's descendant (Diana $\rightarrow$ Abigail).
10. Abigail is Sara's ancestor (Abigail $\rightarrow$ Sara).
11. Sara is Jose's ancestor (Sara $\rightarrow$ Jose).
12. Albert is Jose's descendant (Jose $\rightarrow$ Albert).
13. Sharon is Albert's descendant (Albert $\rightarrow$ Sharon).
14. Sharon is Laura's ancestor (Sharon $\rightarrow$ Laura).
15. Teresa is Laura's descendant (Laura $\rightarrow$ Teresa).
16. Danielle is Teresa's descendant (Teresa $\rightarrow$ Danielle).
17. Danielle is Gregory's ancestor (Danielle $\rightarrow$ Gregory).
18. Gregory is Lauren's ancestor (Gregory $\rightarrow$ Lauren).
19. Jordan is Lauren's descendant (Lauren $\rightarrow$ Jordan).
20. Roy is Jordan's descendant (Jordan $\rightarrow$ Roy).
21. Roy is Nancy's ancestor (Roy $\rightarrow$ Nancy).
22. Nancy is Aaron's ancestor (Nancy $\rightarrow$ Aaron).
23. Aaron is Denise's ancestor (Aaron $\rightarrow$ Denise).
24. Judith is Denise's descendant (Denise $\rightarrow$ Judith).
25. Joshua is Judith's descendant (Judith $\rightarrow$ Joshua).
26. Joshua is Pamela's ancestor (Joshua $\rightarrow$ Pamela).
27. Pamela is Nathan's ancestor (Pamela $\rightarrow$ Nathan).
28. Nathan is Dylan's ancestor (Nathan $\rightarrow$ Dylan).
29. Terry is Dylan's descendant (Dylan $\rightarrow$ Terry).
30. Matthew is Terry's descendant (Terry $\rightarrow$ Matthew).
31. Matthew is Alice's ancestor (Matthew $\rightarrow$ Alice).
32. Brittany is Alice's descendant (Alice $\rightarrow$ Brittany).
33. Brittany is Jennifer's ancestor (Brittany $\rightarrow$ Jennifer).
34. Jennifer is Douglas's ancestor (Jennifer $\rightarrow$ Douglas).
35. Christina is Douglas's descendant (Douglas $\rightarrow$ Christina).
36. George is Christina's descendant (Christina $\rightarrow$ George).
37. Catherine is George's descendant (George $\rightarrow$ Catherine).
38. Catherine is Timothy's ancestor (Catherine $\rightarrow$ Timothy).
39. Olivia is Timothy's descendant (Timothy $\rightarrow$ Olivia).
40. Olivia is Julia's ancestor (Olivia $\rightarrow$ Julia).
41. Sean is Julia's descendant (Julia $\rightarrow$ Sean).
42. Sean is Andrew's ancestor (Sean $\rightarrow$ Andrew).
43. Carolyn is Andrew's descendant (Andrew $\rightarrow$ Carolyn).
44. Carolyn is Emma's ancestor (Carolyn $\rightarrow$ Emma).
45. Emma is Amanda's ancestor (Emma $\rightarrow$ Amanda).
46. Karen is Amanda's descendant (Amanda $\rightarrow$ Karen).
47. Karen is Adam's ancestor (Karen $\rightarrow$ Adam).
48. Adam is Elijah's ancestor (Adam $\rightarrow$ Elijah).
49. Ann is Elijah's descendant (Elijah $\rightarrow$ Ann).
50. Ann is Jesse's ancestor (Ann $\rightarrow$ Jesse).
51. Jesse is Cynthia's ancestor (Jesse $\rightarrow$ Cynthia).
52. Cynthia is Martha's ancestor (Cynthia $\rightarrow$ Martha).
53. Martha is Lisa's ancestor (Martha $\rightarrow$ Lisa).
54. Nicole is Lisa's descendant (Lisa $\rightarrow$ Nicole).
55. Bruce is Nicole's descendant (Nicole $\rightarrow$ Bruce).
56. Bruce is Sophia's ancestor (Bruce $\rightarrow$ Sophia).
57. Sophia is Susan's ancestor (Sophia $\rightarrow$ Susan).
58. Cheryl is Susan's descendant (Susan $\rightarrow$ Cheryl).
59. Christian is Cheryl's descendant (Cheryl $\rightarrow$ Christian).
60. Christian is Kathleen's ancestor (Christian $\rightarrow$ Kathleen).
61. Kathleen is Kimberly's ancestor (Kathleen $\rightarrow$ Kimberly).
62. Kimberly is Raymond's ancestor (Kimberly $\rightarrow$ Raymond).
63. David is Raymond's descendant (Raymond $\rightarrow$ David).
64. Angela is David's descendant (David $\rightarrow$ Angela).
65. Jack is Angela's descendant (Angela $\rightarrow$ Jack).
66. Jack is Charlotte's ancestor (Jack $\rightarrow$ Charlotte).
67. Charlotte is Beverly's ancestor (Charlotte $\rightarrow$ Beverly).
68. Michelle is Beverly's descendant (Beverly $\rightarrow$ Michelle).
69. Michelle is Austin's ancestor (Michelle $\rightarrow$ Austin).
70. Frances is Austin's descendant (Austin $\rightarrow$ Frances).
71. Donald is Frances's descendant (Frances $\rightarrow$ Donald).
72. Debra is Donald's descendant (Donald $\rightarrow$ Debra).
73. Janice is Debra's descendant (Debra $\rightarrow$ Janice).
74. Kyle is Janice's descendant (Janice $\rightarrow$ Kyle).
75. Paul is Kyle's descendant (Kyle $\rightarrow$ Paul).
76. Jacob is Paul's descendant (Paul $\rightarrow$ Jacob).
77. Jacob is Diane's ancestor (Jacob $\rightarrow$ Diane).
78. Diane is Bobby's ancestor (Diane $\rightarrow$ Bobby).
79. Bobby is Willie's ancestor (Bobby $\rightarrow$ Willie).
80. Willie is Bradley's ancestor (Willie $\rightarrow$ Bradley).
81. Bradley is Scott's ancestor (Bradley $\rightarrow$ Scott).
82. Sarah is Scott's descendant (Scott $\rightarrow$ Sarah).
83. Sarah is Henry's ancestor (Sarah $\rightarrow$ Henry).
84. Marilyn is Henry's descendant (Henry $\rightarrow$ Marilyn).
85. Benjamin is Marilyn's descendant (Marilyn $\rightarrow$ Benjamin).
86. Jacqueline is Benjamin's descendant (Benjamin $\rightarrow$ Jacqueline).
87. Jacqueline is Helen's ancestor (Jacqueline $\rightarrow$ Helen).
88. Helen is Thomas's ancestor (Helen $\rightarrow$ Thomas).
89. Marie is Thomas's descendant (Thomas $\rightarrow$ Marie).
90. Marie is Jason's ancestor (Marie $\rightarrow$ Jason).
91. Emily is Jason's descendant (Jason $\rightarrow$ Emily).
92. Ashley is Emily's descendant (Emily $\rightarrow$ Ashley).
93. Ashley is Jonathan's ancestor (Ashley $\rightarrow$ Jonathan).
94. Jonathan is Barbara's ancestor (Jonathan $\rightarrow$ Barbara).
95. Larry is Barbara's descendant (Barbara $\rightarrow$ Larry).
96. Larry is Doris's ancestor (Larry $\rightarrow$ Doris).
97. Doris is Kenneth's ancestor (Doris $\rightarrow$ Kenneth).
98. Nicholas is Kenneth's descendant (Kenneth $\rightarrow$ Nicholas).
99. Nicholas is Carol's ancestor (Nicholas $\rightarrow$ Carol).
100. Maria is Carol's descendant (Carol $\rightarrow$ Maria).
101. Deborah is Maria's descendant (Maria $\rightarrow$ Deborah).
102. Shirley is Deborah's descendant (Deborah $\rightarrow$ Shirley).
103. Shirley is Philip's ancestor (Shirley $\rightarrow$ Philip).
104. Philip is Mark's ancestor (Philip $\rightarrow$ Mark).
105. Melissa is Mark's descendant (Mark $\rightarrow$ Melissa).
106. Melissa is Evelyn's ancestor (Melissa $\rightarrow$ Evelyn).
107. Michael is Evelyn's descendant (Evelyn $\rightarrow$ Michael).
108. Gary is Michael's descendant (Michael $\rightarrow$ Gary).
109. Brandon is Gary's descendant (Gary $\rightarrow$ Brandon).
110. Brandon is Theresa's ancestor (Brandon $\rightarrow$ Theresa).
111. Jeremy is Theresa's descendant (Theresa $\rightarrow$ Jeremy).
112. Carl is Jeremy's descendant (Jeremy $\rightarrow$ Carl).
113. Carl is Virginia's ancestor (Carl $\rightarrow$ Virginia).
114. Ruth is Virginia's descendant (Virginia $\rightarrow$ Ruth).
115. Ruth is Linda's ancestor (Ruth $\rightarrow$ Linda).
116. Anna is Linda's descendant (Linda $\rightarrow$ Anna).
117. Natalie is Anna's descendant (Anna $\rightarrow$ Natalie).
118. Natalie is Christine's ancestor (Natalie $\rightarrow$ Christine).
119. Christine is Betty's ancestor (Christine $\rightarrow$ Betty).
120. Betty is Judy's ancestor (Betty $\rightarrow$ Judy).
121. Mason is Judy's descendant (Judy $\rightarrow$ Mason).
122. Eric is Mason's descendant (Mason $\rightarrow$ Eric).
123. Stephen is Eric's descendant (Eric $\rightarrow$ Stephen).
124. Stephen is Gerald's ancestor (Stephen $\rightarrow$ Gerald).
125. Brian is Gerald's descendant (Gerald $\rightarrow$ Brian).
126. Brian is William's ancestor (Brian $\rightarrow$ William).
127. William is **Joan**'s ancestor (William $\rightarrow$ Joan).

Following this continuous chain, Gabriel is an ancestor of Joan.

<ANSWER>1</ANSWER>"
128,DESCENDANT,2,"Given the following lineage relationships:
* Aaron is Daniel's ancestor.
* Emily is Stephanie's ancestor.
* Helen is Martha's descendant.
* Jerry is Marie's ancestor.
* Alan is Timothy's ancestor.
* Alexander is Amy's descendant.
* Sophia is Karen's descendant.
* Alexis is Michelle's ancestor.
* Melissa is Kimberly's descendant.
* Ryan is Rebecca's descendant.
* Joan is Richard's ancestor.
* Brenda is Robert's ancestor.
* Matthew is Frank's ancestor.
* Marilyn is Lori's ancestor.
* Christopher is Carol's descendant.
* Rachel is Heather's descendant.
* Henry is Diane's descendant.
* Madison is Kayla's ancestor.
* Charlotte is Melissa's descendant.
* Victoria is Nathan's ancestor.
* Danielle is Theresa's ancestor.
* Danielle is Peter's descendant.
* Sara is Frank's descendant.
* Justin is Jeffrey's ancestor.
* Sandra is Vincent's descendant.
* Lori is Gregory's ancestor.
* Frances is Douglas's ancestor.
* Isabella is Alexander's descendant.
* Angela is Bruce's descendant.
* Raymond is Christopher's descendant.
* Gary is Wayne's descendant.
* Logan is William's ancestor.
* Roy is Donna's descendant.
* Gerald is Jesse's descendant.
* Wayne is George's descendant.
* Madison is William's descendant.
* Susan is Christina's ancestor.
* Michelle is Samuel's ancestor.
* Jack is Matthew's ancestor.
* Harold is Isabella's descendant.
* Denise is Daniel's descendant.
* Walter is Joshua's ancestor.
* Katherine is Steven's descendant.
* Roger is Samuel's descendant.
* Cynthia is Jennifer's descendant.
* Pamela is Shirley's ancestor.
* Charles is Sandra's descendant.
* Diane is Nicole's descendant.
* Nancy is Gregory's descendant.
* Jack is Keith's descendant.
* Gerald is Judy's ancestor.
* Christina is Janet's ancestor.
* Bradley is Philip's descendant.
* Stephanie is Debra's ancestor.
* Amy is Sean's descendant.
* Kathleen is Jessica's descendant.
* Scott is Helen's descendant.
* Nancy is Bruce's ancestor.
* Brandon is Joe's ancestor.
* Nicole is Sara's descendant.
* Amber is Jeremy's descendant.
* Amanda is Billy's ancestor.
* Larry is Sophia's descendant.
* Heather is Nathan's descendant.
* Ann is Jeffrey's descendant.
* Lisa is Christine's descendant.
* Anthony is Dennis's descendant.
* Joshua is Susan's ancestor.
* Kathleen is Jerry's ancestor.
* Austin is Olivia's descendant.
* Theresa is Dennis's ancestor.
* Brian is Jacob's descendant.
* Bradley is Jacob's ancestor.
* Judith is Martha's ancestor.
* Austin is Kimberly's ancestor.
* Scott is Dorothy's ancestor.
* Jeremy is Henry's descendant.
* Ashley is Christine's ancestor.
* Philip is John's descendant.
* Joseph is Kenneth's descendant.
* Emily is Ann's descendant.
* Katherine is Jennifer's ancestor.
* Raymond is Peter's ancestor.
* Julie is Deborah's ancestor.
* Harold is Jose's ancestor.
* Mary is Bobby's descendant.
* Ashley is Emma's descendant.
* Jason is Marie's descendant.
* Nicholas is Aaron's ancestor.
* Jose is George's ancestor.
* Betty is Judith's ancestor.
* Shirley is Karen's ancestor.
* Jesse is Denise's descendant.
* John is Jason's descendant.
* Charlotte is Kenneth's ancestor.
* Joe is Edward's ancestor.
* Roger is Carol's ancestor.
* Larry is Emma's ancestor.
* Anna is Lisa's descendant.
* Donna is Cynthia's descendant.
* Vincent is Debra's descendant.
* Steven is Anna's descendant.
* Hannah is Joan's ancestor.
* Sean is Rachel's descendant.
* Joseph is Brandon's ancestor.
* Dorothy is Marilyn's ancestor.
* Donald is Julie's ancestor.
* Sarah is Deborah's descendant.
* Frances is Roy's descendant.
* Timothy is Sharon's ancestor.
* Ryan is Alexis's ancestor.
* Douglas is Amanda's ancestor.
* Robert is Victoria's ancestor.
* Brian is Nicholas's ancestor.
* Amber is Donald's ancestor.
* Judy is Pamela's ancestor.
* Anthony is Betty's ancestor.
* Walter is Sharon's descendant.
* Billy is Logan's ancestor.
* Olivia is Kayla's descendant.
* Justin is Gary's descendant.
* Hannah is Mary's descendant.
* Janet is Brenda's ancestor.
* Sarah is Jessica's ancestor.
* Alan is Richard's descendant.
* Bobby is Edward's descendant.
* Charles is Rebecca's ancestor.
Determine the lineage relationship between Angela and Keith.
Select the correct answer:
1. Angela and Keith share a common ancestor.
2. Angela is Keith's descendant.
3. Angela and Keith share a common descendant.
4. Angela is Keith's ancestor.
5. None of the above is correct.
Enclose the selected answer number in the <ANSWER> tag, for example: <ANSWER>1</ANSWER>.",z-ai/glm-5,Z.AI,,,"To determine the lineage relationship between Angela and Keith, we can trace the ancestry line starting from Angela and moving upwards, or starting from Keith and moving downwards. Let's trace the ancestors of Angela.

Based on the provided statements:
1.  **Angela** is Bruce's descendant. (Bruce $\rightarrow$ Angela)
2.  Nancy is Bruce's ancestor. (Nancy $\rightarrow$ Bruce)
3.  Nancy is Gregory's descendant. (Gregory $\rightarrow$ Nancy)
4.  Lori is Gregory's ancestor. (Lori $\rightarrow$ Gregory)
5.  Marilyn is Lori's ancestor. (Marilyn $\rightarrow$ Lori)
6.  Dorothy is Marilyn's ancestor. (Dorothy $\rightarrow$ Marilyn)
7.  Scott is Dorothy's ancestor. (Scott $\rightarrow$ Dorothy)
8.  Scott is Helen's descendant. (Helen $\rightarrow$ Scott)
9.  Helen is Martha's descendant. (Martha $\rightarrow$ Helen)
10. Judith is Martha's ancestor. (Judith $\rightarrow$ Martha)
11. Betty is Judith's ancestor. (Betty $\rightarrow$ Judith)
12. Anthony is Betty's ancestor. (Anthony $\rightarrow$ Betty)
13. Anthony is Dennis's descendant. (Dennis $\rightarrow$ Anthony)
14. Theresa is Dennis's ancestor. (Theresa $\rightarrow$ Dennis)
15. Danielle is Theresa's ancestor. (Danielle $\rightarrow$ Theresa)
16. Danielle is Peter's descendant. (Peter $\rightarrow$ Danielle)
17. Raymond is Peter's ancestor. (Raymond $\rightarrow$ Peter)
18. Raymond is Christopher's descendant. (Christopher $\rightarrow$ Raymond)
19. Christopher is Carol's descendant. (Carol $\rightarrow$ Christopher)
20. Roger is Carol's ancestor. (Roger $\rightarrow$ Carol)
21. Roger is Samuel's descendant. (Samuel $\rightarrow$ Roger)
22. Michelle is Samuel's ancestor. (Michelle $\rightarrow$ Samuel)
23. Alexis is Michelle's ancestor. (Alexis $\rightarrow$ Michelle)
24. Ryan is Alexis's ancestor. (Ryan $\rightarrow$ Alexis)
25. Ryan is Rebecca's descendant. (Rebecca $\rightarrow$ Ryan)
26. Charles is Rebecca's ancestor. (Charles $\rightarrow$ Rebecca)
27. Charles is Sandra's descendant. (Sandra $\rightarrow$ Charles)
28. Sandra is Vincent's descendant. (Vincent $\rightarrow$ Sandra)
29. Vincent is Debra's descendant. (Debra $\rightarrow$ Vincent)
30. Stephanie is Debra's ancestor. (Stephanie $\rightarrow$ Debra)
31. Emily is Stephanie's ancestor. (Emily $\rightarrow$ Stephanie)
32. Emily is Ann's descendant. (Ann $\rightarrow$ Emily)
33. Ann is Jeffrey's descendant. (Jeffrey $\rightarrow$ Ann)
34. Justin is Jeffrey's ancestor. (Justin $\rightarrow$ Jeffrey)
35. Justin is Gary's descendant. (Gary $\rightarrow$ Justin)
36. Gary is Wayne's descendant. (Wayne $\rightarrow$ Gary)
37. Wayne is George's descendant. (George $\rightarrow$ Wayne)
38. Jose is George's ancestor. (Jose $\rightarrow$ George)
39. Harold is Jose's ancestor. (Harold $\rightarrow$ Jose)
40. Harold is Isabella's descendant. (Isabella $\rightarrow$ Harold)
41. Isabella is Alexander's descendant. (Alexander $\rightarrow$ Isabella)
42. Alexander is Amy's descendant. (Amy $\rightarrow$ Alexander)
43. Amy is Sean's descendant. (Sean $\rightarrow$ Amy)
44. Sean is Rachel's descendant. (Rachel $\rightarrow$ Sean)
45. Rachel is Heather's descendant. (Heather $\rightarrow$ Rachel)
46. Heather is Nathan's descendant. (Nathan $\rightarrow$ Heather)
47. Victoria is Nathan's ancestor. (Victoria $\rightarrow$ Nathan)
48. Robert is Victoria's ancestor. (Robert $\rightarrow$ Victoria)
49. Brenda is Robert's ancestor. (Brenda $\rightarrow$ Robert)
50. Janet is Brenda's ancestor. (Janet $\rightarrow$ Brenda)
51. Christina is Janet's ancestor. (Christina $\rightarrow$ Janet)
52. Susan is Christina's ancestor. (Susan $\rightarrow$ Christina)
53. Joshua is Susan's ancestor. (Joshua $\rightarrow$ Susan)
54. Walter is Joshua's ancestor. (Walter $\rightarrow$ Joshua)
55. Walter is Sharon's descendant. (Sharon $\rightarrow$ Walter)
56. Timothy is Sharon's ancestor. (Timothy $\rightarrow$ Sharon)
57. Alan is Timothy's ancestor. (Alan $\rightarrow$ Timothy)
58. Alan is Richard's descendant. (Richard $\rightarrow$ Alan)
59. Joan is Richard's ancestor. (Joan $\rightarrow$ Richard)
60. Hannah is Joan's ancestor. (Hannah $\rightarrow$ Joan)
61. Hannah is Mary's descendant. (Mary $\rightarrow$ Hannah)
62. Mary is Bobby's descendant. (Bobby $\rightarrow$ Mary)
63. Bobby is Edward's descendant. (Edward $\rightarrow$ Bobby)
64. Joe is Edward's ancestor. (Joe $\rightarrow$ Edward)
65. Brandon is Joe's ancestor. (Brandon $\rightarrow$ Joe)
66. Joseph is Brandon's ancestor. (Joseph $\rightarrow$ Brandon)
67. Joseph is Kenneth's descendant. (Kenneth $\rightarrow$ Joseph)
68. Charlotte is Kenneth's ancestor. (Charlotte $\rightarrow$ Kenneth)
69. Charlotte is Melissa's descendant. (Melissa $\rightarrow$ Charlotte)
70. Melissa is Kimberly's descendant. (Kimberly $\rightarrow$ Melissa)
71. Austin is Kimberly's ancestor. (Austin $\rightarrow$ Kimberly)
72. Austin is Olivia's descendant. (Olivia $\rightarrow$ Austin)
73. Olivia is Kayla's descendant. (Kayla $\rightarrow$ Olivia)
74. Madison is Kayla's ancestor. (Madison $\rightarrow$ Kayla)
75. Madison is William's descendant. (William $\rightarrow$ Madison)
76. Logan is William's ancestor. (Logan $\rightarrow$ William)
77. Billy is Logan's ancestor. (Billy $\rightarrow$ Logan)
78. Amanda is Billy's ancestor. (Amanda $\rightarrow$ Billy)
79. Douglas is Amanda's ancestor. (Douglas $\rightarrow$ Amanda)
80. Frances is Douglas's ancestor. (Frances $\rightarrow$ Douglas)
81. Frances is Roy's descendant. (Roy $\rightarrow$ Frances)
82. Roy is Donna's descendant. (Donna $\rightarrow$ Roy)
83. Donna is Cynthia's descendant. (Cynthia $\rightarrow$ Donna)
84. Cynthia is Jennifer's descendant. (Jennifer $\rightarrow$ Cynthia)
85. Katherine is Jennifer's ancestor. (Katherine $\rightarrow$ Jennifer)
86. Katherine is Steven's descendant. (Steven $\rightarrow$ Katherine)
87. Steven is Anna's descendant. (Anna $\rightarrow$ Steven)
88. Anna is Lisa's descendant. (Lisa $\rightarrow$ Anna)
89. Lisa is Christine's descendant. (Christine $\rightarrow$ Lisa)
90. Ashley is Christine's ancestor. (Ashley $\rightarrow$ Christine)
91. Ashley is Emma's descendant. (Emma $\rightarrow$ Ashley)
92. Larry is Emma's ancestor. (Larry $\rightarrow$ Emma)
93. Larry is Sophia's descendant. (Sophia $\rightarrow$ Larry)
94. Sophia is Karen's descendant. (Karen $\rightarrow$ Sophia)
95. Shirley is Karen's ancestor. (Shirley $\rightarrow$ Karen)
96. Pamela is Shirley's ancestor. (Pamela $\rightarrow$ Shirley)
97. Judy is Pamela's ancestor. (Judy $\rightarrow$ Pamela)
98. Gerald is Judy's ancestor. (Gerald $\rightarrow$ Judy)
99. Gerald is Jesse's descendant. (Jesse $\rightarrow$ Gerald)
100. Jesse is Denise's descendant. (Denise $\rightarrow$ Jesse)
101. Denise is Daniel's descendant. (Daniel $\rightarrow$ Denise)
102. Aaron is Daniel's ancestor. (Aaron $\rightarrow$ Daniel)
103. Nicholas is Aaron's ancestor. (Nicholas $\rightarrow$ Aaron)
104. Brian is Nicholas's ancestor. (Brian $\rightarrow$ Nicholas)
105. Brian is Jacob's descendant. (Jacob $\rightarrow$ Brian)
106. Bradley is Jacob's ancestor. (Bradley $\rightarrow$ Jacob)
107. Bradley is Philip's descendant. (Philip $\rightarrow$ Bradley)
108. Philip is John's descendant. (John $\rightarrow$ Philip)
109. John is Jason's descendant. (Jason $\rightarrow$ John)
110. Jason is Marie's descendant. (Marie $\rightarrow$ Jason)
111. Jerry is Marie's ancestor. (Jerry $\rightarrow$ Marie)
112. Kathleen is Jerry's ancestor. (Kathleen $\rightarrow$ Jerry)
113. Kathleen is Jessica's descendant. (Jessica $\rightarrow$ Kathleen)
114. Sarah is Jessica's ancestor. (Sarah $\rightarrow$ Jessica)
115. Sarah is Deborah's descendant. (Deborah $\rightarrow$ Sarah)
116. Julie is Deborah's ancestor. (Julie $\rightarrow$ Deborah)
117. Donald is Julie's ancestor. (Donald $\rightarrow$ Julie)
118. Amber is Donald's ancestor. (Amber $\rightarrow$ Donald)
119. Amber is Jeremy's descendant. (Jeremy $\rightarrow$ Amber)
120. Jeremy is Henry's descendant. (Henry $\rightarrow$ Jeremy)
121. Henry is Diane's descendant. (Diane $\rightarrow$ Henry)
122. Diane is Nicole's descendant. (Nicole $\rightarrow$ Diane)
123. Nicole is Sara's descendant. (Sara $\rightarrow$ Nicole)
124. Sara is Frank's descendant. (Frank $\rightarrow$ Sara)
125. Matthew is Frank's ancestor. (Matthew $\rightarrow$ Frank)
126. Jack is Matthew's ancestor. (Jack $\rightarrow$ Matthew)
127. Jack is Keith's descendant. (Keith $\rightarrow$ Jack)

By chaining these relationships, we establish the lineage:
**Keith $\rightarrow$ Jack $\rightarrow$ Matthew $\rightarrow$ Frank $\rightarrow$ ... $\rightarrow$ Angela.**

Therefore, Keith is an ancestor of Angela, and Angela is a descendant of Keith.

<ANSWER>2</ANSWER>"
128,COMMON_ANCESTOR,2,"Given the following lineage relationships:
* Harold is Arthur's descendant.
* Sophia is Sara's ancestor.
* Gabriel is Russell's ancestor.
* Jennifer is Bruce's ancestor.
* Laura is Amber's descendant.
* Alice is Christopher's ancestor.
* Jose is Margaret's ancestor.
* Alexander is Cynthia's ancestor.
* Dylan is Willie's ancestor.
* John is Justin's ancestor.
* Grace is Joseph's descendant.
* Frances is Lawrence's ancestor.
* Willie is Amanda's ancestor.
* Nancy is Gregory's ancestor.
* Jordan is Ryan's ancestor.
* Andrea is Ruth's descendant.
* Doris is Teresa's ancestor.
* Grace is Angela's ancestor.
* Nicholas is Roger's descendant.
* Daniel is Edward's ancestor.
* Jessica is Peter's descendant.
* Gloria is Andrew's descendant.
* Christopher is Mary's ancestor.
* Patricia is Dorothy's descendant.
* Theresa is James's ancestor.
* Barbara is Elizabeth's descendant.
* Richard is Lauren's descendant.
* Rebecca is Brandon's ancestor.
* Jennifer is Gregory's descendant.
* Diane is Dorothy's ancestor.
* Donald is Mary's descendant.
* Joseph is Sandra's descendant.
* Alice is Maria's descendant.
* Linda is Jacqueline's ancestor.
* Juan is Ruth's ancestor.
* Stephen is Peter's ancestor.
* Beverly is Andrew's ancestor.
* Kenneth is Debra's descendant.
* Kayla is Susan's ancestor.
* Douglas is Janice's ancestor.
* Brenda is Logan's descendant.
* Ryan is Patrick's ancestor.
* Victoria is Isabella's ancestor.
* Stephanie is Diana's descendant.
* Robert is Jeremy's descendant.
* Emily is Elizabeth's ancestor.
* Bruce is Albert's ancestor.
* Hannah is Judith's descendant.
* Roy is Madison's ancestor.
* Lori is Kayla's ancestor.
* Patrick is Diana's ancestor.
* Juan is Eugene's descendant.
* Christian is Nathan's descendant.
* Cheryl is Elijah's ancestor.
* Scott is Emma's descendant.
* Gerald is Keith's ancestor.
* Arthur is Heather's descendant.
* Heather is Sara's descendant.
* Diane is Eric's descendant.
* Lori is Robert's descendant.
* Patricia is Michael's ancestor.
* Albert is Beverly's ancestor.
* Karen is Stephen's ancestor.
* Jacob is Amber's ancestor.
* Mason is Marie's ancestor.
* Logan is Richard's descendant.
* Roger is Sean's descendant.
* Christian is Julie's ancestor.
* Charlotte is Russell's descendant.
* Amanda is Jeremy's ancestor.
* Sarah is Jack's descendant.
* Daniel is Keith's descendant.
* Jack is Madison's descendant.
* Evelyn is Mason's ancestor.
* Nathan is Isabella's descendant.
* Tyler is Samantha's ancestor.
* Gerald is Brandon's descendant.
* James is Sophia's ancestor.
* Kenneth is Gabriel's ancestor.
* Carolyn is Sarah's descendant.
* Samantha is Rachel's ancestor.
* Janice is Theresa's ancestor.
* Jessica is Emma's ancestor.
* Jesse is Denise's descendant.
* Jose is Martha's descendant.
* Cheryl is Carl's descendant.
* Carolyn is Kelly's ancestor.
* Charlotte is Rebecca's ancestor.
* Rachel is Martha's ancestor.
* Marilyn is Harold's descendant.
* Gloria is John's ancestor.
* Joan is Frances's ancestor.
* Jordan is Marilyn's descendant.
* Eugene is Nicholas's descendant.
* Edward is Larry's ancestor.
* Christine is Joan's ancestor.
* Janet is Andrea's descendant.
* Debra is Michael's descendant.
* Shirley is Mark's ancestor.
* Kevin is Alexander's ancestor.
* Jean is Carl's ancestor.
* Emily is Angela's descendant.
* Linda is Margaret's descendant.
* Evelyn is Teresa's descendant.
* Douglas is Brenda's descendant.
* Dylan is Cynthia's descendant.
* Bobby is Austin's ancestor.
* Kevin is Austin's descendant.
* Jesse is Christine's ancestor.
* Frank is Lauren's ancestor.
* Elijah is Denise's ancestor.
* Eric is Jacob's descendant.
* Scott is Doris's ancestor.
* Bobby is Julia's descendant.
* Jacqueline is Jean's ancestor.
* Mark is Maria's ancestor.
* Roy is Julie's descendant.
* Frank is Kelly's descendant.
* Barbara is Karen's ancestor.
* Sean is Larry's descendant.
* Judith is Stephanie's descendant.
* Nancy is Donald's descendant.
* Julia is Marie's descendant.
* Sandra is Justin's descendant.
* Laura is Victoria's ancestor.
* Tyler is Janet's descendant.
* Shirley is Lawrence's descendant.
Determine the lineage relationship between Susan and Hannah.
Select the correct answer:
1. Susan is Hannah's ancestor.
2. Susan and Hannah share a common ancestor.
3. Susan and Hannah share a common descendant.
4. Susan is Hannah's descendant.
5. None of the above is correct.
Enclose the selected answer number in the <ANSWER> tag, for example: <ANSWER>1</ANSWER>.",z-ai/glm-5,Z.AI,,,"To determine the relationship between Susan and Hannah, we trace their lineage paths based on the provided statements.

**1. Trace Susan's Lineage:**
*   ""Kayla is Susan's ancestor"" $\rightarrow$ Kayla $\rightarrow$ Susan
*   ""Lori is Kayla's ancestor"" $\rightarrow$ Lori $\rightarrow$ Kayla $\rightarrow$ Susan
*   ""Lori is Robert's descendant"" $\rightarrow$ Robert $\rightarrow$ Lori $\rightarrow$ Kayla $\rightarrow$ Susan
*   ""Robert is Jeremy's descendant"" $\rightarrow$ Jeremy $\rightarrow$ Robert $\rightarrow$ ... $\rightarrow$ Susan
*   ""Amanda is Jeremy's ancestor"" $\rightarrow$ Amanda $\rightarrow$ Jeremy $\rightarrow$ ... $\rightarrow$ Susan
*   ""Willie is Amanda's ancestor"" $\rightarrow$ Willie $\rightarrow$ Amanda $\rightarrow$ ... $\rightarrow$ Susan
*   ""Dylan is Willie's ancestor"" $\rightarrow$ Dylan $\rightarrow$ Willie $\rightarrow$ ... $\rightarrow$ Susan
*   ""Dylan is Cynthia's descendant"" $\rightarrow$ Cynthia $\rightarrow$ Dylan $\rightarrow$ ... $\rightarrow$ Susan
*   ""Alexander is Cynthia's ancestor"" $\rightarrow$ Alexander $\rightarrow$ Cynthia $\rightarrow$ ... $\rightarrow$ Susan
*   ""Kevin is Alexander's ancestor"" $\rightarrow$ Kevin $\rightarrow$ Alexander $\rightarrow$ ... $\rightarrow$ Susan
*   ""Kevin is Austin's descendant"" $\rightarrow$ Austin $\rightarrow$ Kevin $\rightarrow$ ... $\rightarrow$ Susan
*   ""Bobby is Austin's ancestor"" $\rightarrow$ Bobby $\rightarrow$ Austin $\rightarrow$ ... $\rightarrow$ Susan
*   ""Bobby is Julia's descendant"" $\rightarrow$ Julia $\rightarrow$ Bobby $\rightarrow$ ... $\rightarrow$ Susan
*   ""Julia is Marie's descendant"" $\rightarrow$ Marie $\rightarrow$ Julia $\rightarrow$ ... $\rightarrow$ Susan
*   ""Mason is Marie's ancestor"" $\rightarrow$ Mason $\rightarrow$ Marie $\rightarrow$ ... $\rightarrow$ Susan

**2. Trace Hannah's Lineage:**
*   ""Hannah is Judith's descendant"" $\rightarrow$ Judith $\rightarrow$ Hannah
*   ""Judith is Stephanie's descendant"" $\rightarrow$ Stephanie $\rightarrow$ Judith $\rightarrow$ Hannah
*   ""Stephanie is Diana's descendant"" $\rightarrow$ Diana $\rightarrow$ Stephanie $\rightarrow$ ... $\rightarrow$ Hannah
*   ""Patrick is Diana's ancestor"" $\rightarrow$ Patrick $\rightarrow$ Diana $\rightarrow$ ... $\rightarrow$ Hannah
*   ""Ryan is Patrick's ancestor"" $\rightarrow$ Ryan $\rightarrow$ Patrick $\rightarrow$ ... $\rightarrow$ Hannah
*   ""Jordan is Ryan's ancestor"" $\rightarrow$ Jordan $\rightarrow$ Ryan $\rightarrow$ ... $\rightarrow$ Hannah
*   ""Jordan is Marilyn's descendant"" $\rightarrow$ Marilyn $\rightarrow$ Jordan $\rightarrow$ ... $\rightarrow$ Hannah
*   ""Marilyn is Harold's descendant"" $\rightarrow$ Harold $\rightarrow$ Marilyn $\rightarrow$ ... $\rightarrow$ Hannah
*   ""Harold is Arthur's descendant"" $\rightarrow$ Arthur $\rightarrow$ Harold $\rightarrow$ ... $\rightarrow$ Hannah
*   ""Arthur is Heather's descendant"" $\rightarrow$ Heather $\rightarrow$ Arthur $\rightarrow$ ... $\rightarrow$ Hannah
*   ""Heather is Sara's descendant"" $\rightarrow$ Sara $\rightarrow$ Heather $\rightarrow$ ... $\rightarrow$ Hannah
*   ""Sophia is Sara's ancestor"" $\rightarrow$ Sophia $\rightarrow$ Sara $\rightarrow$ ... $\rightarrow$ Hannah
*   ""James is Sophia's ancestor"" $\rightarrow$ James $\rightarrow$ Sophia $\rightarrow$ ... $\rightarrow$ Hannah
*   ""Theresa is James's ancestor"" $\rightarrow$ Theresa $\rightarrow$ James $\rightarrow$ ... $\rightarrow$ Hannah
*   ""Janice is Theresa's ancestor"" $\rightarrow$ Janice $\rightarrow$ Theresa $\rightarrow$ ... $\rightarrow$ Hannah
*   ""Douglas is Janice's ancestor"" $\rightarrow$ Douglas $\rightarrow$ Janice $\rightarrow$ ... $\rightarrow$ Hannah
*   ""Douglas is Brenda's descendant"" $\rightarrow$ Brenda $\rightarrow$ Douglas $\rightarrow$ ... $\rightarrow$ Hannah
*   ""Brenda is Logan's descendant"" $\rightarrow$ Logan $\rightarrow$ Brenda $\rightarrow$ ... $\rightarrow$ Hannah
*   ""Logan is Richard's descendant"" $\rightarrow$ Richard $\rightarrow$ Logan $\rightarrow$ ... $\rightarrow$ Hannah
*   ""Richard is Lauren's descendant"" $\rightarrow$ Lauren $\rightarrow$ Richard $\rightarrow$ ... $\rightarrow$ Hannah
*   ""Frank is Lauren's ancestor"" $\rightarrow$ Frank $\rightarrow$ Lauren $\rightarrow$ ... $\rightarrow$ Hannah
*   ""Frank is Kelly's descendant"" $\rightarrow$ Kelly $\rightarrow$ Frank $\rightarrow$ ... $\rightarrow$ Hannah
*   ""Carolyn is Kelly's ancestor"" $\rightarrow$ Carolyn $\rightarrow$ Kelly $\rightarrow$ ... $\rightarrow$ Hannah
*   ""Carolyn is Sarah's descendant"" $\rightarrow$ Sarah $\rightarrow$ Carolyn $\rightarrow$ ... $\rightarrow$ Hannah
*   ""Sarah is Jack's descendant"" $\rightarrow$ Jack $\rightarrow$ Sarah $\rightarrow$ ... $\rightarrow$ Hannah
*   ""Jack is Madison's descendant"" $\rightarrow$ Madison $\rightarrow$ Jack $\rightarrow$ ... $\rightarrow$ Hannah
*   ""Roy is Madison's ancestor"" $\rightarrow$ Roy $\rightarrow$ Madison $\rightarrow$ ... $\rightarrow$ Hannah
*   ""Roy is Julie's descendant"" $\rightarrow$ Julie $\rightarrow$ Roy $\rightarrow$ ... $\rightarrow$ Hannah
*   ""Christian is Julie's ancestor"" $\rightarrow$ Christian $\rightarrow$ Julie $\rightarrow$ ... $\rightarrow$ Hannah
*   ""Christian is Nathan's descendant"" $\rightarrow$ Nathan $\rightarrow$ Christian $\rightarrow$ ... $\rightarrow$ Hannah
*   ""Nathan is Isabella's descendant"" $\rightarrow$ Isabella $\rightarrow$ Nathan $\rightarrow$ ... $\rightarrow$ Hannah
*   ""Victoria is Isabella's ancestor"" $\rightarrow$ Victoria $\rightarrow$ Isabella $\rightarrow$ ... $\rightarrow$ Hannah
*   ""Laura is Victoria's ancestor"" $\rightarrow$ Laura $\rightarrow$ Victoria $\rightarrow$ ... $\rightarrow$ Hannah
*   ""Laura is Amber's descendant"" $\rightarrow$ Amber $\rightarrow$ Laura $\rightarrow$ ... $\rightarrow$ Hannah
*   ""Jacob is Amber's ancestor"" $\rightarrow$ Jacob $\rightarrow$ Amber $\rightarrow$ ... $\rightarrow$ Hannah
*   ""Eric is Jacob's descendant"" $\rightarrow$ Eric $\rightarrow$ Jacob $\rightarrow$ ... $\rightarrow$ Hannah
*   ""Diane is Eric's descendant"" $\rightarrow$ Diane $\rightarrow$ Eric $\rightarrow$ ... $\rightarrow$ Hannah
*   ""Diane is Dorothy's ancestor"" $\rightarrow$ Diane $\rightarrow$ Dorothy ...
*   ""Patricia is Dorothy's descendant"" $\rightarrow$ Dorothy $\rightarrow$ Patricia ...
*   ""Patricia is Michael's ancestor"" $\rightarrow$ Dorothy $\rightarrow$ Patricia $\rightarrow$ Michael ...
*   ""Debra is Michael's descendant"" $\rightarrow$ ... $\rightarrow$ Michael $\rightarrow$ Debra ...
*   ""Kenneth is Debra's descendant"" $\rightarrow$ ... $\rightarrow$ Debra $\rightarrow$ Kenneth ...
*   ""Kenneth is Gabriel's ancestor"" $\rightarrow$ ... $\rightarrow$ Kenneth $\rightarrow$ Gabriel ...
*   ""Gabriel is Russell's ancestor"" $\rightarrow$ ... $\rightarrow$ Gabriel $\rightarrow$ Russell ...
*   ""Charlotte is Russell's descendant"" $\rightarrow$ ... $\rightarrow$ Russell $\rightarrow$ Charlotte ...
*   ""Charlotte is Rebecca's ancestor"" $\rightarrow$ ... $\rightarrow$ Charlotte $\rightarrow$ Rebecca ...
*   ""Rebecca is Brandon's ancestor"" $\rightarrow$ ... $\rightarrow$ Rebecca $\rightarrow$ Brandon ...
*   ""Gerald is Brandon's descendant"" $\rightarrow$ ... $\rightarrow$ Brandon $\rightarrow$ Gerald ...
*   ""Gerald is Keith's ancestor"" $\rightarrow$ ... $\rightarrow$ Brandon $\rightarrow$ Gerald $\rightarrow$ Keith ...
*   ""Daniel is Keith's descendant"" $\rightarrow$ ... $\rightarrow$ Gerald $\rightarrow$ Keith $\rightarrow$ Daniel ...
*   ""Daniel is Edward's ancestor"" $\rightarrow$ ... $\rightarrow$ Keith $\rightarrow$ Daniel $\rightarrow$ Edward ...
*   ""Edward is Larry's ancestor"" $\rightarrow$ ... $\rightarrow$ Daniel $\rightarrow$ Edward $\rightarrow$ Larry ...
*   ""Sean is Larry's descendant"" $\rightarrow$ ... $\rightarrow$ Edward $\rightarrow$ Larry $\rightarrow$ Sean ...
*   ""Roger is Sean's descendant"" $\rightarrow$ ... $\rightarrow$ Larry $\rightarrow$ Sean $\rightarrow$ Roger ...
*   ""Nicholas is Roger's descendant"" $\rightarrow$ ... $\rightarrow$ Sean $\rightarrow$ Roger $\rightarrow$ Nicholas ...
*   ""Eugene is Nicholas's descendant"" $\rightarrow$ ... $\rightarrow$ Roger $\rightarrow$ Nicholas $\rightarrow$ Eugene ...
*   ""Juan is Eugene's descendant"" $\rightarrow$ ... $\rightarrow$ Nicholas $\rightarrow$ Eugene $\rightarrow$ Juan ...
*   ""Juan is Ruth's ancestor"" $\rightarrow$ ... $\rightarrow$ Eugene $\rightarrow$ Juan $\rightarrow$ Ruth ...
*   ""Andrea is Ruth's descendant"" $\rightarrow$ ... $\rightarrow$ Juan $\rightarrow$ Ruth $\rightarrow$ Andrea ...
*   ""Janet is Andrea's descendant"" $\rightarrow$ ... $\rightarrow$ Ruth $\rightarrow$ Andrea $\rightarrow$ Janet ...
*   ""Tyler is Janet's descendant"" $\rightarrow$ ... $\rightarrow$ Andrea $\rightarrow$ Janet $\rightarrow$ Tyler ...
*   ""Tyler is Samantha's ancestor"" $\rightarrow$ ... $\rightarrow$ Janet $\rightarrow$ Tyler $\rightarrow$ Samantha ...
*   ""Samantha is Rachel's ancestor"" $\rightarrow$ ... $\rightarrow$ Tyler $\rightarrow$ Samantha $\rightarrow$ Rachel ...
*   ""Rachel is Martha's ancestor"" $\rightarrow$ ... $\rightarrow$ Samantha $\rightarrow$ Rachel $\rightarrow$ Martha ...
*   ""Jose is Martha's descendant"" $\rightarrow$ ... $\rightarrow$ Rachel $\rightarrow$ Martha $\rightarrow$ Jose ...
*   ""Jose is Margaret's ancestor"" $\rightarrow$ ... $\rightarrow$ Martha $\rightarrow$ Jose $\rightarrow$ Margaret ...
*   ""Linda is Margaret's descendant"" $\rightarrow$ ... $\rightarrow$ Jose $\rightarrow$ Margaret $\rightarrow$ Linda ...
*   ""Linda is Jacqueline's ancestor"" $\rightarrow$ ... $\rightarrow$ Margaret $\rightarrow$ Linda $\rightarrow$ Jacqueline ...
*   ""Jacqueline is Jean's ancestor"" $\rightarrow$ ... $\rightarrow$ Linda $\rightarrow$ Jacqueline $\rightarrow$ Jean ...
*   ""Jean is Carl's ancestor"" $\rightarrow$ ... $\rightarrow$ Jacqueline $\rightarrow$ Jean $\rightarrow$ Carl ...
*   ""Cheryl is Carl's descendant"" $\rightarrow$ ... $\rightarrow$ Jean $\rightarrow$ Carl $\rightarrow$ Cheryl ...
*   ""Cheryl is Elijah's ancestor"" $\rightarrow$ ... $\rightarrow$ Carl $\rightarrow$ Cheryl $\rightarrow$ Elijah ...
*   ""Elijah is Denise's ancestor"" $\rightarrow$ ... $\rightarrow$ Cheryl $\rightarrow$ Elijah $\rightarrow$ Denise ...
*   ""Jesse is Denise's descendant"" $\rightarrow$ ... $\rightarrow$ Elijah $\rightarrow$ Denise $\rightarrow$ Jesse ...
*   ""Jesse is Christine's ancestor"" $\rightarrow$ ... $\rightarrow$ Denise $\rightarrow$ Jesse $\rightarrow$ Christine ...
*   ""Christine is Joan's ancestor"" $\rightarrow$ ... $\rightarrow$ Jesse $\rightarrow$ Christine $\rightarrow$ Joan ...
*   ""Joan is Frances's ancestor"" $\rightarrow$ ... $\rightarrow$ Christine $\rightarrow$ Joan $\rightarrow$ Frances ...
*   ""Frances is Lawrence's ancestor"" $\rightarrow$ ... $\rightarrow$ Joan $\rightarrow$ Frances $\rightarrow$ Lawrence ...
*   ""Shirley is Lawrence's descendant"" $\rightarrow$ ... $\rightarrow$ Frances $\rightarrow$ Lawrence $\rightarrow$ Shirley ...
*   ""Shirley is Mark's ancestor"" $\rightarrow$ ... $\rightarrow$ Lawrence $\rightarrow$ Shirley $\rightarrow$ Mark ...
*   ""Mark is Maria's ancestor"" $\rightarrow$ ... $\rightarrow$ Shirley $\rightarrow$ Mark $\rightarrow$ Maria ...
*   ""Alice is Maria's descendant"" $\rightarrow$ ... $\rightarrow$ Mark $\rightarrow$ Maria $\rightarrow$ Alice ...
*   ""Alice is Christopher's ancestor"" $\rightarrow$ ... $\rightarrow$ Maria $\rightarrow$ Alice $\rightarrow$ Christopher ...
*   ""Christopher is Mary's ancestor"" $\rightarrow$ ... $\rightarrow$ Alice $\rightarrow$ Christopher $\rightarrow$ Mary ...
*   ""Donald is Mary's descendant"" $\rightarrow$ ... $\rightarrow$ Christopher $\rightarrow$ Mary $\rightarrow$ Donald ...
*   ""Nancy is Donald's descendant"" $\rightarrow$ ... $\rightarrow$ Mary $\rightarrow$ Donald $\rightarrow$ Nancy ...
*   ""Nancy is Gregory's ancestor"" $\rightarrow$ ... $\rightarrow$ Donald $\rightarrow$ Nancy $\rightarrow$ Gregory ...
*   ""Jennifer is Gregory's descendant"" $\rightarrow$ ... $\rightarrow$ Nancy $\rightarrow$ Gregory $\rightarrow$ Jennifer ...
*   ""Jennifer is Bruce's ancestor"" $\rightarrow$ ... $\rightarrow$ Gregory $\rightarrow$ Jennifer $\rightarrow$ Bruce ...
*   ""Bruce is Albert's ancestor"" $\rightarrow$ ... $\rightarrow$ Jennifer $\rightarrow$ Bruce $\rightarrow$ Albert ...
*   ""Albert is Beverly's ancestor"" $\rightarrow$ ... $\rightarrow$ Bruce $\rightarrow$ Albert $\rightarrow$ Beverly ...

**3. Establish the Common Link:**
We have Susan descending from **Mason**.
We have Hannah descending from **Beverly** (through a very long chain).
Now we check for links between Mason and Beverly, or their ancestors.

From the Susan chain: Mason is an ancestor of Susan.
From the list:
*   ""Evelyn is Mason's ancestor"" $\rightarrow$ Evelyn $\rightarrow$ Mason.
*   ""Evelyn is Teresa's descendant"" $\rightarrow$ Teresa $\rightarrow$ Evelyn $\rightarrow$ Mason.
*   ""Doris is Teresa's ancestor"" $\rightarrow$ Doris $\rightarrow$ Teresa $\rightarrow$ Evelyn $\rightarrow$ Mason.
*   ""Scott is Doris's ancestor"" $\rightarrow$ Scott $\rightarrow$ Doris $\rightarrow$ ... $\rightarrow$ Mason.
*   ""Scott is Emma's descendant"" $\rightarrow$ Emma $\rightarrow$ Scott $\rightarrow$ ... $\rightarrow$ Mason.
*   ""Jessica is Emma's ancestor"" $\rightarrow$ Jessica $\rightarrow$ Emma $\rightarrow$ ... $\rightarrow$ Mason.
*   ""Jessica is Peter's descendant"" $\rightarrow$ Peter $\rightarrow$ Jessica $\rightarrow$ ... $\rightarrow$ Mason.
*   ""Stephen is Peter's ancestor"" $\rightarrow$ Stephen $\rightarrow$ Peter $\rightarrow$ ... $\rightarrow$ Mason.
*   ""Karen is Stephen's ancestor"" $\rightarrow$ Karen $\rightarrow$ Stephen $\rightarrow$ ... $\rightarrow$ Mason.
*   ""Barbara is Karen's ancestor"" $\rightarrow$ Barbara $\rightarrow$ Karen $\rightarrow$ ... $\rightarrow$ Mason.
*   ""Barbara is Elizabeth's descendant"" $\rightarrow$ Elizabeth $\rightarrow$ Barbara $\rightarrow$ ... $\rightarrow$ Mason.
*   ""Emily is Elizabeth's ancestor"" $\rightarrow$ Emily $\rightarrow$ Elizabeth $\rightarrow$ ... $\rightarrow$ Mason.
*   ""Emily is Angela's descendant"" $\rightarrow$ Angela $\rightarrow$ Emily $\rightarrow$ ... $\rightarrow$ Mason.
*   ""Grace is Angela's ancestor"" $\rightarrow$ Grace $\rightarrow$ Angela $\rightarrow$ ... $\rightarrow$ Mason.
*   ""Grace is Joseph's descendant"" $\rightarrow$ Joseph $\rightarrow$ Grace $\rightarrow$ ... $\rightarrow$ Mason.
*   ""Joseph is Sandra's descendant"" $\rightarrow$ Sandra $\rightarrow$ Joseph $\rightarrow$ ... $\rightarrow$ Mason.
*   ""Sandra is Justin's descendant"" $\rightarrow$ Justin $\rightarrow$ Sandra $\rightarrow$ ... $\rightarrow$ Mason.
*   ""John is Justin's ancestor"" $\rightarrow$ John $\rightarrow$ Justin $\rightarrow$ ... $\rightarrow$ Mason.
*   ""Gloria is John's ancestor"" $\rightarrow$ Gloria $\rightarrow$ John $\rightarrow$ ... $\rightarrow$ Mason.
*   ""Gloria is Andrew's descendant"" $\rightarrow$ **Andrew** $\rightarrow$ Gloria $\rightarrow$ ... $\rightarrow$ Mason.

From the Hannah chain: Beverly is an ancestor of Hannah.
From the list:
*   ""Beverly is Andrew's descendant"" $\rightarrow$ **Andrew** $\rightarrow$ Beverly.

**Conclusion:**
Both Mason (Susan's ancestor) and Beverly (Hannah's ancestor) are descendants of **Andrew**.
Therefore:
1.  Andrew is an ancestor of Susan.
2.  Andrew is an ancestor of Hannah.
This means Susan and Hannah share a common ancestor. Susan is not an ancestor or descendant of Hannah; they are on different branches descending from Andrew (one through Gloria, one through Beverly).

The correct option is 2.

<ANSWER>2</ANSWER>"
128,COMMON_DESCENDANT,1,"Given the following lineage relationships:
* Maria is Betty's ancestor.
* Raymond is Walter's ancestor.
* Samuel is Richard's ancestor.
* Jesse is Kelly's ancestor.
* Judith is Betty's descendant.
* Natalie is Janice's ancestor.
* Sandra is Gloria's descendant.
* Megan is Jonathan's descendant.
* Danielle is Lori's descendant.
* Jesse is George's descendant.
* Rachel is Carol's descendant.
* Dorothy is Alice's descendant.
* Amanda is Ruth's descendant.
* Carolyn is Alexander's ancestor.
* Joseph is Gloria's ancestor.
* Benjamin is Ashley's descendant.
* Cheryl is Amber's ancestor.
* Randy is Gary's descendant.
* Pamela is Kenneth's ancestor.
* Janice is Donna's ancestor.
* Stephen is Jose's ancestor.
* Angela is Roger's ancestor.
* Joshua is Amber's descendant.
* Evelyn is George's ancestor.
* Elijah is Stephanie's ancestor.
* Cheryl is Kenneth's descendant.
* Maria is Hannah's descendant.
* Evelyn is Martha's descendant.
* Virginia is Heather's ancestor.
* Victoria is Alexander's descendant.
* Sandra is Charlotte's ancestor.
* Joe is Nathan's ancestor.
* Samuel is Henry's descendant.
* Barbara is Helen's ancestor.
* Randy is Russell's ancestor.
* Michael is Judith's descendant.
* Charlotte is Gary's ancestor.
* Isabella is Joseph's ancestor.
* Doris is Nicole's ancestor.
* Lori is Gregory's descendant.
* Stephen is Donald's descendant.
* Donna is Ralph's ancestor.
* Steven is Beverly's descendant.
* Diane is Cynthia's ancestor.
* Logan is Diana's ancestor.
* Willie is Amy's ancestor.
* David is Sophia's ancestor.
* Timothy is Gerald's descendant.
* Victoria is Beverly's ancestor.
* Roger is Peter's ancestor.
* Sarah is Timothy's descendant.
* Katherine is Catherine's ancestor.
* Natalie is Frank's descendant.
* Shirley is Angela's ancestor.
* Nicholas is Shirley's ancestor.
* Rebecca is Mason's ancestor.
* Douglas is Carol's ancestor.
* Zachary is William's ancestor.
* Isabella is Joshua's descendant.
* Jose is Henry's ancestor.
* Kevin is Ronald's ancestor.
* Ann is Kayla's ancestor.
* Samantha is Joan's descendant.
* Heather is Adam's ancestor.
* Janet is Jeffrey's descendant.
* Kyle is Rebecca's ancestor.
* Jeffrey is Patricia's descendant.
* Jonathan is Sophia's descendant.
* Russell is Joyce's ancestor.
* Virginia is Christopher's descendant.
* Donald is Emily's descendant.
* Mason is Christopher's ancestor.
* Joe is Diana's descendant.
* Ralph is Jerry's ancestor.
* Charles is Gregory's ancestor.
* Peter is Gerald's ancestor.
* Samantha is Willie's ancestor.
* Danielle is Ashley's ancestor.
* Nathan is Doris's ancestor.
* Hannah is Ronald's descendant.
* Austin is Stephanie's descendant.
* Ann is Jerry's descendant.
* Joan is Nicole's descendant.
* Cynthia is Emily's ancestor.
* Richard is Logan's ancestor.
* Mary is Pamela's ancestor.
* Sara is John's descendant.
* Kayla is Zachary's ancestor.
* Kyle is Kelly's descendant.
* James is Ruth's ancestor.
* Robert is John's ancestor.
* Barbara is Patrick's descendant.
* Dorothy is Mary's ancestor.
* Albert is Sarah's descendant.
* Tyler is Patricia's ancestor.
* Michael is Dylan's ancestor.
* Alan is Brandon's descendant.
* Theresa is Tyler's ancestor.
* Austin is Bryan's ancestor.
* Elijah is Christina's descendant.
* Diane is Walter's descendant.
* Patrick is Sara's descendant.
* Douglas is Benjamin's descendant.
* Christine is Raymond's ancestor.
* Nicholas is Steven's descendant.
* Charles is Dylan's descendant.
* Katherine is Grace's descendant.
* Robert is Amanda's descendant.
* Grace is Elizabeth's descendant.
* Martha is Carl's descendant.
* Vincent is Joyce's descendant.
* Janet is Laura's ancestor.
* Frances is Alice's ancestor.
* Vincent is Eugene's ancestor.
* Eugene is Frank's ancestor.
* Elizabeth is Rachel's descendant.
* William is Carl's ancestor.
* Brandon is Thomas's descendant.
* Lauren is Christine's ancestor.
* Christina is Albert's descendant.
* Kevin is Alan's descendant.
* Lauren is Catherine's descendant.
* Adam is Theresa's ancestor.
* Carolyn is Laura's descendant.
* James is Megan's descendant.
* Helen is Frances's ancestor.
* Bryan is Amy's ancestor.
Determine the lineage relationship between David and Thomas.
Select the correct answer:
1. David and Thomas share a common descendant.
2. David and Thomas share a common ancestor.
3. David is Thomas's descendant.
4. David is Thomas's ancestor.
5. None of the above is correct.
Enclose the selected answer number in the <ANSWER> tag, for example: <ANSWER>1</ANSWER>.",z-ai/glm-5,Z.AI,,,"To determine the lineage relationship between David and Thomas, we must trace their family lines through the provided statements to see if they intersect.

**Step 1: Trace David's lineage forward (finding descendants).**
*   David is Sophia's ancestor.
*   Jonathan is Sophia's descendant.
*   Megan is Jonathan's descendant.
*   James is Megan's descendant.
*   James is Ruth's ancestor.
*   Amanda is Ruth's descendant.
*   Robert is Amanda's descendant.
*   Robert is John's ancestor.
*   Sara is John's descendant.
*   Patrick is Sara's descendant.
*   Barbara is Patrick's descendant.
*   Barbara is Helen's ancestor.
*   Helen is Frances's ancestor.
*   Frances is Alice's ancestor.
*   Dorothy is Alice's descendant.
*   Dorothy is Mary's ancestor.
*   Mary is Pamela's ancestor.
*   Pamela is Kenneth's ancestor.
*   Cheryl is Kenneth's descendant.
*   Cheryl is Amber's ancestor.
*   Joshua is Amber's descendant.
*   Isabella is Joshua's descendant.
*   Isabella is Joseph's ancestor.
*   Joseph is Gloria's ancestor.
*   Sandra is Gloria's descendant.
*   Sandra is Charlotte's ancestor.
*   Charlotte is Gary's ancestor.
*   Randy is Gary's descendant.
*   Randy is Russell's ancestor.
*   Russell is Joyce's ancestor.
*   Vincent is Joyce's descendant.
*   Vincent is Eugene's ancestor.
*   Eugene is Frank's ancestor.
*   Natalie is Frank's descendant.
*   Natalie is Janice's ancestor.
*   Janice is Donna's ancestor.
*   Donna is Ralph's ancestor.
*   Ralph is Jerry's ancestor.
*   Ann is Jerry's descendant.
*   Ann is Kayla's ancestor.
*   Kayla is Zachary's ancestor.
*   Zachary is William's ancestor.
*   William is Carl's ancestor.
*   Martha is Carl's descendant.
*   Evelyn is Martha's descendant.
*   Evelyn is George's ancestor.
*   Jesse is George's descendant.
*   Jesse is Kelly's ancestor.
*   **Kevin is Kelly's descendant.**

From this long chain, we establish that **David is an ancestor of Kevin**.

**Step 2: Trace Thomas's lineage forward.**
*   Brandon is Thomas's descendant (so Thomas is Brandon's ancestor).
*   Alan is Brandon's descendant.
*   **Kevin is Alan's descendant.**

From this chain, we establish that **Thomas is an ancestor of Kevin**.

**Conclusion:**
Both David and Thomas are ancestors of Kevin. Therefore, Kevin is a common descendant of both David and Thomas.

Checking the options:
1.  David and Thomas share a common descendant. (True, Kevin is their common descendant).
2.  David and Thomas share a common ancestor. (False, no common ancestor is listed; David and Thomas are roots of their respective chains in this dataset).
3.  David is Thomas's descendant. (False, David is an ancestor of Kevin, not a descendant of Thomas's line).
4.  David is Thomas's ancestor. (False, Thomas is an ancestor of Kevin, but there is no link from David to Thomas; rather they converge at Kevin).
5.  None of the above is correct. (False, option 1 is correct).

<ANSWER>1</ANSWER>"
128,ANCESTOR,3,"Given the following lineage relationships:
* Jason is Shirley's descendant.
* Hannah is Kenneth's ancestor.
* Zachary is Douglas's ancestor.
* Sarah is Benjamin's descendant.
* Alan is Tyler's descendant.
* Harold is Jordan's descendant.
* Samuel is Pamela's descendant.
* Diane is Cynthia's ancestor.
* Philip is Nathan's descendant.
* Ashley is Brittany's ancestor.
* Jean is Alexander's ancestor.
* Rachel is Janet's descendant.
* Christopher is Martha's ancestor.
* Alexander is Jeffrey's ancestor.
* Alexis is Gerald's descendant.
* Jessica is Gregory's descendant.
* Wayne is Catherine's descendant.
* Christina is Kathleen's descendant.
* Kathryn is Dennis's ancestor.
* Karen is Ashley's ancestor.
* Sean is Bradley's ancestor.
* Sara is Willie's descendant.
* Wayne is Shirley's ancestor.
* Jesse is Christian's descendant.
* Walter is Robert's descendant.
* Steven is Brandon's ancestor.
* Diana is Samantha's ancestor.
* Lisa is Elizabeth's ancestor.
* Austin is Pamela's ancestor.
* Alan is Christian's ancestor.
* Bryan is Cynthia's descendant.
* Brandon is Amber's ancestor.
* Jerry is Roy's descendant.
* Juan is Tyler's ancestor.
* Kevin is Lawrence's ancestor.
* Victoria is Jean's ancestor.
* Linda is Elijah's descendant.
* Timothy is Nathan's ancestor.
* Julie is Bruce's descendant.
* Ann is Nancy's descendant.
* Michael is Carol's ancestor.
* Richard is Frank's ancestor.
* David is Nancy's ancestor.
* Julia is Danielle's ancestor.
* Janet is Gloria's descendant.
* Patricia is Jacqueline's ancestor.
* Michelle is Kathleen's ancestor.
* Robert is Amber's descendant.
* Heather is Peter's descendant.
* Ruth is Danielle's descendant.
* Ruth is Diane's ancestor.
* Jeffrey is Amy's ancestor.
* Samantha is Hannah's ancestor.
* Teresa is Deborah's descendant.
* Dylan is Steven's ancestor.
* Kenneth is Gerald's ancestor.
* Gabriel is Sharon's descendant.
* Kelly is Roger's ancestor.
* Julie is Julia's ancestor.
* Emma is Adam's ancestor.
* Jack is Andrew's ancestor.
* David is Rachel's descendant.
* Lawrence is Laura's ancestor.
* Bradley is Richard's ancestor.
* Randy is Angela's descendant.
* Marilyn is Donna's ancestor.
* Alexis is Ronald's ancestor.
* Walter is Christine's ancestor.
* Jacqueline is Emma's ancestor.
* Lauren is Debra's ancestor.
* Sarah is Timothy's ancestor.
* Carl is Katherine's ancestor.
* Roy is Thomas's descendant.
* Harold is Elijah's ancestor.
* Christopher is Mason's descendant.
* Gloria is Samuel's descendant.
* Douglas is Charlotte's ancestor.
* Amy is Deborah's ancestor.
* Russell is Teresa's descendant.
* Victoria is Christine's descendant.
* Madison is Scott's ancestor.
* John is Jordan's ancestor.
* Sophia is Marilyn's ancestor.
* Gabriel is Sean's ancestor.
* Sharon is Ralph's descendant.
* Sandra is Frank's descendant.
* Stephen is Kelly's ancestor.
* Roger is John's ancestor.
* Aaron is Martha's descendant.
* Bruce is Jessica's descendant.
* Randy is Peter's ancestor.
* Amanda is Adam's descendant.
* Jesse is Kathryn's ancestor.
* Albert is Christina's descendant.
* Helen is Michael's ancestor.
* Russell is Lauren's ancestor.
* Sophia is Amanda's descendant.
* Carl is Charlotte's descendant.
* Jacob is Paul's ancestor.
* Laura is Diana's ancestor.
* Vincent is Kevin's ancestor.
* Jacob is Ronald's descendant.
* Stephen is Dennis's descendant.
* Karen is Albert's descendant.
* Joshua is Vincent's ancestor.
* Terry is Megan's ancestor.
* Charles is Heather's descendant.
* Scott is Patricia's ancestor.
* Catherine is Philip's descendant.
* Dylan is Andrew's descendant.
* Debra is Austin's ancestor.
* Michelle is Charles's descendant.
* Kyle is Terry's ancestor.
* Willie is Donna's descendant.
* Jack is Katherine's descendant.
* Bryan is Thomas's ancestor.
* Kyle is Sandra's descendant.
* Brittany is Lisa's ancestor.
* Mason is Paul's descendant.
* Gregory is Ann's descendant.
* Jason is Zachary's ancestor.
* Linda is Helen's ancestor.
* Sara is Benjamin's ancestor.
* Aaron is Juan's ancestor.
* Elizabeth is Ralph's ancestor.
* Madison is Carol's descendant.
* Megan is Joshua's ancestor.
Determine the lineage relationship between Angela and Jerry.
Select the correct answer:
1. Angela is Jerry's descendant.
2. Angela and Jerry share a common ancestor.
3. Angela is Jerry's ancestor.
4. Angela and Jerry share a common descendant.
5. None of the above is correct.
Enclose the selected answer number in the <ANSWER> tag, for example: <ANSWER>1</ANSWER>.",z-ai/glm-5,Z.AI,,,"To determine the relationship between Angela and Jerry, we can trace the lineage paths starting from the provided clues.

**1. Trace Jerry's Lineage (Ancestors):**
*   Jerry is Roy's descendant $\rightarrow$ Roy is Jerry's ancestor.
*   Roy is Thomas's descendant $\rightarrow$ Thomas is Roy's ancestor.
*   Bryan is Thomas's ancestor.
*   Bryan is Cynthia's descendant $\rightarrow$ Cynthia is Bryan's ancestor.
*   Diane is Cynthia's ancestor.
*   Ruth is Diane's ancestor.
*   Ruth is Danielle's descendant $\rightarrow$ Danielle is Ruth's ancestor.
*   Julia is Danielle's ancestor.
*   Julie is Julia's ancestor.
*   Julie is Bruce's descendant $\rightarrow$ Bruce is Julie's ancestor.
*   Bruce is Jessica's descendant $\rightarrow$ Jessica is Bruce's ancestor.
*   Jessica is Gregory's descendant $\rightarrow$ Gregory is Jessica's ancestor.
*   Gregory is Ann's descendant $\rightarrow$ Ann is Gregory's ancestor.
*   Ann is Nancy's descendant $\rightarrow$ Nancy is Ann's ancestor.
*   David is Nancy's ancestor.
*   David is Rachel's descendant $\rightarrow$ Rachel is David's ancestor.
*   Rachel is Janet's descendant $\rightarrow$ Janet is Rachel's ancestor.
*   Janet is Gloria's descendant $\rightarrow$ Gloria is Janet's ancestor.
*   Gloria is Samuel's descendant $\rightarrow$ Samuel is Gloria's ancestor.
*   Samuel is Pamela's descendant $\rightarrow$ Pamela is Samuel's ancestor.
*   Austin is Pamela's ancestor.
*   Debra is Austin's ancestor.
*   Lauren is Debra's ancestor.
*   Russell is Lauren's ancestor.
*   Russell is Teresa's descendant $\rightarrow$ Teresa is Russell's ancestor.
*   Teresa is Deborah's descendant $\rightarrow$ Deborah is Teresa's ancestor.
*   Amy is Deborah's ancestor.
*   Jeffrey is Amy's ancestor.
*   Alexander is Jeffrey's ancestor.
*   Jean is Alexander's ancestor.
*   Victoria is Jean's ancestor.
*   Victoria is Christine's descendant $\rightarrow$ Christine is Victoria's ancestor.
*   Walter is Christine's ancestor.
*   Walter is Robert's descendant $\rightarrow$ Robert is Walter's ancestor.
*   Robert is Amber's descendant $\rightarrow$ Amber is Robert's ancestor.
*   Brandon is Amber's ancestor.
*   Steven is Brandon's ancestor.
*   Dylan is Steven's ancestor.
*   Dylan is Andrew's descendant $\rightarrow$ Andrew is Dylan's ancestor.
*   Jack is Andrew's ancestor.
*   Jack is Katherine's descendant $\rightarrow$ Katherine is Jack's ancestor.
*   Carl is Katherine's ancestor.
*   Carl is Charlotte's descendant $\rightarrow$ Charlotte is Carl's ancestor.
*   Douglas is Charlotte's ancestor.
*   Zachary is Douglas's ancestor.
*   Jason is Zachary's ancestor.
*   Jason is Shirley's descendant $\rightarrow$ Shirley is Jason's ancestor.
*   Wayne is Shirley's ancestor.
*   Wayne is Catherine's descendant $\rightarrow$ Catherine is Wayne's ancestor.
*   Catherine is Philip's descendant $\rightarrow$ Philip is Catherine's ancestor.
*   Philip is Nathan's descendant $\rightarrow$ Nathan is Philip's ancestor.
*   Timothy is Nathan's ancestor.
*   Sarah is Timothy's ancestor.
*   Sarah is Benjamin's descendant $\rightarrow$ Benjamin is Sarah's ancestor.
*   Sara is Benjamin's ancestor.
*   Sara is Willie's descendant $\rightarrow$ Willie is Sara's ancestor.
*   Willie is Donna's descendant $\rightarrow$ Donna is Willie's ancestor.
*   Marilyn is Donna's ancestor.
*   Sophia is Marilyn's ancestor.
*   Sophia is Amanda's descendant $\rightarrow$ Amanda is Sophia's ancestor.
*   Amanda is Adam's descendant $\rightarrow$ Adam is Amanda's ancestor.
*   Emma is Adam's ancestor.
*   Jacqueline is Emma's ancestor.
*   Patricia is Jacqueline's ancestor.
*   Scott is Patricia's ancestor.
*   Madison is Scott's ancestor.
*   Madison is Carol's descendant $\rightarrow$ Carol is Madison's ancestor.
*   Michael is Carol's ancestor.
*   Helen is Michael's ancestor.
*   Linda is Helen's ancestor.
*   Linda is Elijah's descendant $\rightarrow$ Elijah is Linda's ancestor.
*   Harold is Elijah's ancestor.
*   Harold is Jordan's descendant $\rightarrow$ Jordan is Harold's ancestor.
*   John is Jordan's ancestor.
*   Roger is John's ancestor.
*   Kelly is Roger's ancestor.
*   Stephen is Kelly's ancestor.
*   Stephen is Dennis's descendant $\rightarrow$ Dennis is Stephen's ancestor.
*   Kathryn is Dennis's ancestor.
*   Jesse is Kathryn's ancestor.
*   Jesse is Christian's descendant $\rightarrow$ Christian is Jesse's ancestor.
*   Alan is Christian's ancestor.
*   Alan is Tyler's descendant $\rightarrow$ Tyler is Alan's ancestor.
*   Juan is Tyler's ancestor.
*   Aaron is Juan's ancestor.
*   Aaron is Martha's descendant $\rightarrow$ Martha is Aaron's ancestor.
*   Christopher is Martha's ancestor.
*   Christopher is Mason's descendant $\rightarrow$ Mason is Christopher's ancestor.
*   Mason is Paul's descendant $\rightarrow$ Paul is Mason's ancestor.
*   Jacob is Paul's ancestor.
*   Jacob is Ronald's descendant $\rightarrow$ Ronald is Jacob's ancestor.
*   Alexis is Ronald's ancestor.
*   Alexis is Gerald's descendant $\rightarrow$ Gerald is Alexis's ancestor.
*   Kenneth is Gerald's ancestor.
*   Hannah is Kenneth's ancestor.
*   Samantha is Hannah's ancestor.
*   Diana is Samantha's ancestor.
*   Laura is Diana's ancestor.
*   Lawrence is Laura's ancestor.
*   Kevin is Lawrence's ancestor.
*   Vincent is Kevin's ancestor.
*   Joshua is Vincent's ancestor.
*   Megan is Joshua's ancestor.
*   Terry is Megan's ancestor.
*   Kyle is Terry's ancestor.
*   Kyle is Sandra's descendant $\rightarrow$ Sandra is Kyle's ancestor.
*   Sandra is Frank's descendant $\rightarrow$ Frank is Sandra's ancestor.
*   Richard is Frank's ancestor.
*   Bradley is Richard's ancestor.
*   Sean is Bradley's ancestor.
*   Gabriel is Sean's ancestor.
*   Gabriel is Sharon's descendant $\rightarrow$ Sharon is Gabriel's ancestor.
*   Sharon is Ralph's descendant $\rightarrow$ Ralph is Sharon's ancestor.
*   Elizabeth is Ralph's ancestor.
*   Lisa is Elizabeth's ancestor.
*   Brittany is Lisa's ancestor.
*   Ashley is Brittany's ancestor.
*   Karen is Ashley's ancestor.
*   Karen is Albert's descendant $\rightarrow$ Albert is Karen's ancestor.
*   Albert is Christina's descendant $\rightarrow$ Christina is Albert's ancestor.
*   Christina is Kathleen's descendant $\rightarrow$ Kathleen is Christina's ancestor.
*   Michelle is Kathleen's ancestor.
*   Michelle is Charles's descendant $\rightarrow$ Charles is Michelle's ancestor.
*   Charles is Heather's descendant $\rightarrow$ Heather is Charles's ancestor.
*   Heather is Peter's descendant $\rightarrow$ Peter is Heather's ancestor.
*   Randy is Peter's ancestor.
*   Randy is Angela's descendant $\rightarrow$ **Angela is Randy's ancestor.**

**2. Establish Relationship:**
By connecting the chains, we find a direct lineage:
Angela $\rightarrow$ Randy $\rightarrow$ Peter $\rightarrow$ Heather $\rightarrow$ ... $\rightarrow$ Jerry.

Since Angela is the ancestor of Randy, and Randy is an ancestor (via a long chain) of Jerry, Angela is an ancestor of Jerry.

Therefore, the correct relationship is that Angela is Jerry's ancestor.

<ANSWER>3</ANSWER>"
128,DESCENDANT,3,"Given the following lineage relationships:
* Isabella is Ashley's ancestor.
* Willie is Jeremy's descendant.
* Raymond is Joe's ancestor.
* Eugene is Timothy's descendant.
* Steven is Robert's ancestor.
* Deborah is Debra's descendant.
* Hannah is Jose's ancestor.
* Billy is Gregory's descendant.
* Andrew is Dorothy's ancestor.
* Karen is Kenneth's ancestor.
* Amber is Joyce's descendant.
* Bobby is Sharon's descendant.
* Abigail is Carolyn's ancestor.
* Elizabeth is Joshua's ancestor.
* Donna is Melissa's ancestor.
* Roy is Brian's descendant.
* Nicole is Natalie's ancestor.
* Frank is Sarah's ancestor.
* Helen is Judith's ancestor.
* Henry is Ralph's ancestor.
* Michelle is Karen's ancestor.
* Ruth is Bradley's descendant.
* Sean is Deborah's descendant.
* Frank is Cheryl's descendant.
* Emily is Jack's descendant.
* Jeremy is Natalie's descendant.
* Megan is Dylan's descendant.
* Kyle is Brandon's descendant.
* Amanda is Stephanie's descendant.
* Jerry is Jacqueline's descendant.
* Gregory is Tyler's descendant.
* Brittany is Margaret's ancestor.
* Andrea is Joshua's descendant.
* Brittany is Sean's descendant.
* Diane is Sophia's descendant.
* Ronald is Carol's ancestor.
* Kathryn is Margaret's descendant.
* Donald is Stephen's descendant.
* Alice is Samantha's ancestor.
* Peter is Richard's ancestor.
* Joyce is Sandra's descendant.
* Carl is Gabriel's descendant.
* Carol is Alice's ancestor.
* Megan is Susan's ancestor.
* Frances is Bradley's ancestor.
* Danielle is Robert's descendant.
* Russell is Scott's ancestor.
* Aaron is Scott's descendant.
* Patrick is Katherine's descendant.
* Madison is Nicholas's descendant.
* Peter is Grace's descendant.
* Andrea is Henry's ancestor.
* Carolyn is Kevin's ancestor.
* Frances is Joe's descendant.
* Gerald is Betty's ancestor.
* Steven is Dorothy's descendant.
* Ruth is Zachary's ancestor.
* Martha is Dennis's descendant.
* Charlotte is Charles's descendant.
* Roy is Gerald's ancestor.
* Jonathan is Carl's descendant.
* Grace is Willie's descendant.
* Marilyn is Olivia's ancestor.
* Shirley is Susan's descendant.
* Austin is Betty's descendant.
* Janice is Julie's descendant.
* Kathryn is Jesse's ancestor.
* Christopher is Noah's descendant.
* Pamela is Amy's descendant.
* Christina is John's ancestor.
* Amber is Noah's ancestor.
* Alan is Sandra's ancestor.
* Bobby is Stephen's ancestor.
* Julie is Ashley's descendant.
* Joan is Stephanie's ancestor.
* Brian is Diane's descendant.
* Sophia is Kyle's descendant.
* Janice is Brandon's ancestor.
* Michelle is Billy's descendant.
* Kevin is Dennis's ancestor.
* Walter is Zachary's descendant.
* Charlotte is Gabriel's ancestor.
* Eugene is Ronald's ancestor.
* Lawrence is Sharon's ancestor.
* Nathan is Abigail's ancestor.
* Larry is Jacqueline's ancestor.
* Samantha is Beverly's ancestor.
* Tyler is Teresa's descendant.
* Jean is Donna's ancestor.
* Anthony is Nicole's ancestor.
* Marilyn is Cynthia's descendant.
* Isabella is Judith's descendant.
* Bryan is Ralph's descendant.
* Jose is Russell's ancestor.
* Patricia is Ethan's descendant.
* Kelly is Emily's descendant.
* Patricia is Elizabeth's ancestor.
* Christian is Nathan's ancestor.
* Amy is Adam's descendant.
* John is Ethan's ancestor.
* Cheryl is Jesse's descendant.
* Jerry is Andrew's ancestor.
* Melissa is Christina's ancestor.
* Jessica is Diana's descendant.
* Jordan is Austin's descendant.
* Anthony is Walter's descendant.
* Cynthia is Kenneth's descendant.
* Jordan is Diana's ancestor.
* Richard is Dylan's ancestor.
* Charles is Shirley's descendant.
* Amanda is Debra's ancestor.
* James is Kelly's descendant.
* Jonathan is Alan's ancestor.
* Aaron is Lawrence's ancestor.
* Beverly is Helen's ancestor.
* Katherine is Olivia's descendant.
* Christopher is Hannah's ancestor.
* Martha is Joan's ancestor.
* Christian is Bryan's descendant.
* Danielle is Raymond's ancestor.
* Teresa is Sarah's descendant.
* Nicholas is George's descendant.
* Madison is Larry's ancestor.
* Jean is Jessica's descendant.
* Pamela is Jack's ancestor.
* Patrick is George's ancestor.
* Timothy is James's descendant.
Determine the lineage relationship between Donald and Adam.
Select the correct answer:
1. Donald is Adam's ancestor.
2. Donald and Adam share a common ancestor.
3. Donald is Adam's descendant.
4. Donald and Adam share a common descendant.
5. None of the above is correct.
Enclose the selected answer number in the <ANSWER> tag, for example: <ANSWER>1</ANSWER>.",z-ai/glm-5,Z.AI,,,"To determine the relationship between Donald and Adam, we need to trace the lineage paths connecting them.

**1. Trace the lineage from Adam:**
*   Amy is Adam's descendant. (Adam -> Amy)
*   Pamela is Amy's descendant. (Amy -> Pamela)
*   Pamela is Jack's ancestor. (Pamela -> Jack)
*   Emily is Jack's descendant. (Jack -> Emily)
*   Kelly is Emily's descendant. (Emily -> Kelly)
*   James is Kelly's descendant. (Kelly -> James)
*   Timothy is James's descendant. (James -> Timothy)
*   Eugene is Timothy's descendant. (Timothy -> Eugene)
*   Eugene is Ronald's ancestor. (Eugene -> Ronald)
    *   **Path so far:** Adam -> ... -> Eugene -> Ronald

**2. Trace the lineage from Ronald to Donald:**
*   Ronald is Carol's ancestor. (Ronald -> Carol)
*   Carol is Alice's ancestor. (Carol -> Alice)
*   Alice is Samantha's ancestor. (Alice -> Samantha)
*   Samantha is Beverly's ancestor. (Samantha -> Beverly)
*   Beverly is Helen's ancestor. (Beverly -> Helen)
*   Helen is Judith's ancestor. (Helen -> Judith)
*   Isabella is Judith's descendant. (Judith -> Isabella)
*   Isabella is Ashley's ancestor. (Isabella -> Ashley)
*   Julie is Ashley's descendant. (Ashley -> Julie)
*   Janice is Julie's descendant. (Julie -> Janice)
*   Janice is Brandon's ancestor. (Janice -> Brandon)
*   Kyle is Brandon's descendant. (Brandon -> Kyle)
*   Sophia is Kyle's descendant. (Kyle -> Sophia)
*   Diane is Sophia's descendant. (Sophia -> Diane)
*   Brian is Diane's descendant. (Diane -> Brian)
*   Roy is Brian's descendant. (Brian -> Roy)
*   Roy is Gerald's ancestor. (Roy -> Gerald)
*   Gerald is Betty's ancestor. (Gerald -> Betty)
*   Austin is Betty's descendant. (Betty -> Austin)
*   Jordan is Austin's descendant. (Austin -> Jordan)
*   Jordan is Diana's ancestor. (Jordan -> Diana)
*   Jessica is Diana's descendant. (Diana -> Jessica)
*   Jean is Jessica's descendant. (Jessica -> Jean)
*   Jean is Donna's ancestor. (Jean -> Donna)
*   Donna is Melissa's ancestor. (Donna -> Melissa)
*   Melissa is Christina's ancestor. (Melissa -> Christina)
*   Christina is John's ancestor. (Christina -> John)
*   John is Ethan's ancestor. (John -> Ethan)
*   Patricia is Ethan's descendant. (Ethan -> Patricia)
*   Patricia is Elizabeth's ancestor. (Patricia -> Elizabeth)
*   Elizabeth is Joshua's ancestor. (Elizabeth -> Joshua)
*   Andrea is Joshua's descendant. (Joshua -> Andrea)
*   Andrea is Henry's ancestor. (Andrea -> Henry)
*   Henry is Ralph's ancestor. (Henry -> Ralph)
*   Bryan is Ralph's descendant. (Ralph -> Bryan)
*   Christian is Bryan's descendant. (Bryan -> Christian)
*   Christian is Nathan's ancestor. (Christian -> Nathan)
*   Nathan is Abigail's ancestor. (Nathan -> Abigail)
*   Abigail is Carolyn's ancestor. (Abigail -> Carolyn)
*   Carolyn is Kevin's ancestor. (Carolyn -> Kevin)
*   Kevin is Dennis's ancestor. (Kevin -> Dennis)
*   Martha is Dennis's descendant. (Dennis -> Martha)
*   Martha is Joan's ancestor. (Martha -> Joan)
*   Joan is Stephanie's ancestor. (Joan -> Stephanie)
*   Amanda is Stephanie's descendant. (Stephanie -> Amanda)
*   Amanda is Debra's ancestor. (Amanda -> Debra)
*   Deborah is Debra's descendant. (Debra -> Deborah)
*   Sean is Deborah's descendant. (Deborah -> Sean)
*   Brittany is Sean's descendant. (Sean -> Brittany)
*   Brittany is Margaret's ancestor. (Brittany -> Margaret)
*   Kathryn is Margaret's descendant. (Margaret -> Kathryn)
*   Kathryn is Jesse's ancestor. (Kathryn -> Jesse)
*   Cheryl is Jesse's descendant. (Jesse -> Cheryl)
*   Frank is Cheryl's descendant. (Cheryl -> Frank)
*   Frank is Sarah's ancestor. (Frank -> Sarah)
*   Teresa is Sarah's descendant. (Sarah -> Teresa)
*   Tyler is Teresa's descendant. (Teresa -> Tyler)
*   Gregory is Tyler's descendant. (Tyler -> Gregory)
*   Billy is Gregory's descendant. (Gregory -> Billy)
*   Michelle is Billy's descendant. (Billy -> Michelle)
*   Michelle is Karen's ancestor. (Michelle -> Karen)
*   Karen is Kenneth's ancestor. (Karen -> Kenneth)
*   Cynthia is Kenneth's descendant. (Kenneth -> Cynthia)
*   Marilyn is Cynthia's descendant. (Cynthia -> Marilyn)
*   Marilyn is Olivia's ancestor. (Marilyn -> Olivia)
*   Katherine is Olivia's descendant. (Olivia -> Katherine)
*   Patrick is Katherine's descendant. (Katherine -> Patrick)
*   Patrick is George's ancestor. (Patrick -> George)
*   Nicholas is George's descendant. (George -> Nicholas)
*   Madison is Nicholas's descendant. (Nicholas -> Madison)
*   Madison is Larry's ancestor. (Madison -> Larry)
*   Larry is Jacqueline's ancestor. (Larry -> Jacqueline)
*   Jerry is Jacqueline's descendant. (Jacqueline -> Jerry)
*   Jerry is Andrew's ancestor. (Jerry -> Andrew)
*   Andrew is Dorothy's ancestor. (Andrew -> Dorothy)
*   Steven is Dorothy's descendant. (Dorothy -> Steven)
*   Steven is Robert's ancestor. (Steven -> Robert)
*   Danielle is Robert's descendant. (Robert -> Danielle)
*   Danielle is Raymond's ancestor. (Danielle -> Raymond)
*   Raymond is Joe's ancestor. (Raymond -> Joe)
*   Frances is Joe's descendant. (Joe -> Frances)
*   Frances is Bradley's ancestor. (Frances -> Bradley)
*   Ruth is Bradley's descendant. (Bradley -> Ruth)
*   Ruth is Zachary's ancestor. (Ruth -> Zachary)
*   Walter is Zachary's descendant. (Zachary -> Walter)
*   Anthony is Walter's descendant. (Walter -> Anthony)
*   Anthony is Nicole's ancestor. (Anthony -> Nicole)
*   Nicole is Natalie's ancestor. (Nicole -> Natalie)
*   Jeremy is Natalie's descendant. (Natalie -> Jeremy)
*   Willie is Jeremy's descendant. (Jeremy -> Willie)
*   Grace is Willie's descendant. (Willie -> Grace)
*   Peter is Grace's descendant. (Grace -> Peter)
*   Peter is Richard's ancestor. (Peter -> Richard)
*   Richard is Dylan's ancestor. (Richard -> Dylan)
*   Megan is Dylan's descendant. (Dylan -> Megan)
*   Megan is Susan's ancestor. (Megan -> Susan)
*   Shirley is Susan's descendant. (Susan -> Shirley)
*   Charles is Shirley's descendant. (Shirley -> Charles)
*   Charlotte is Charles's descendant. (Charles -> Charlotte)
*   Charlotte is Gabriel's ancestor. (Charlotte -> Gabriel)
*   Carl is Gabriel's descendant. (Gabriel -> Carl)
*   Jonathan is Carl's descendant. (Carl -> Jonathan)
*   Jonathan is Alan's ancestor. (Jonathan -> Alan)
*   Alan is Sandra's ancestor. (Alan -> Sandra)
*   Joyce is Sandra's descendant. (Sandra -> Joyce)
*   Amber is Joyce's descendant. (Joyce -> Amber)
*   Amber is Noah's ancestor. (Amber -> Noah)
*   Christopher is Noah's descendant. (Noah -> Christopher)
*   Christopher is Hannah's ancestor. (Christopher -> Hannah)
*   Hannah is Jose's ancestor. (Hannah -> Jose)
*   Jose is Russell's ancestor. (Jose -> Russell)
*   Russell is Scott's ancestor. (Russell -> Scott)
*   Aaron is Scott's descendant. (Scott -> Aaron)
*   Aaron is Lawrence's ancestor. (Aaron -> Lawrence)
*   Lawrence is Sharon's ancestor. (Lawrence -> Sharon)
*   Bobby is Sharon's descendant. (Sharon -> Bobby)
*   Bobby is Stephen's ancestor. (Bobby -> Stephen)
*   Donald is Stephen's descendant. (Stephen -> Donald)

**Conclusion:**
There is a direct lineage path starting from Adam down to Donald.
Adam -> Amy -> ... -> Donald.
Therefore, Donald is Adam's descendant.

<ANSWER>3</ANSWER>"
128,COMMON_ANCESTOR,2,"Given the following lineage relationships:
* Amber is Megan's ancestor.
* Kathleen is Kyle's descendant.
* Emma is Frances's ancestor.
* Gary is Gerald's descendant.
* Victoria is Madison's ancestor.
* Ronald is Bobby's descendant.
* Mason is Karen's ancestor.
* Gerald is Janet's descendant.
* Ruth is Matthew's descendant.
* Cheryl is Richard's descendant.
* Sarah is Amanda's ancestor.
* Alice is Harold's ancestor.
* Logan is Robert's ancestor.
* Stephen is Samuel's descendant.
* Joseph is Matthew's ancestor.
* Brandon is Juan's ancestor.
* Russell is Donald's descendant.
* Jean is Thomas's ancestor.
* Nathan is Dennis's descendant.
* Timothy is Eric's ancestor.
* Stephanie is Mary's descendant.
* Jean is Gabriel's descendant.
* Ann is Kimberly's descendant.
* Brian is Richard's ancestor.
* Albert is Sarah's ancestor.
* Frank is Stephanie's descendant.
* Pamela is John's ancestor.
* Olivia is Victoria's ancestor.
* Danielle is Joshua's descendant.
* Gloria is Grace's ancestor.
* Emma is Paul's descendant.
* Benjamin is Jordan's ancestor.
* Edward is Zachary's ancestor.
* Lawrence is Justin's ancestor.
* Rachel is Sandra's descendant.
* Anthony is Frank's descendant.
* Teresa is Alice's ancestor.
* Mary is Jordan's descendant.
* Jeremy is Tyler's descendant.
* Janet is Melissa's descendant.
* Russell is Arthur's ancestor.
* Ashley is Alexander's ancestor.
* Jeremy is Scott's ancestor.
* Logan is Ralph's descendant.
* Noah is Ruth's descendant.
* Denise is Kimberly's ancestor.
* Evelyn is Henry's descendant.
* Samantha is Frances's descendant.
* Debra is Catherine's descendant.
* Marilyn is Samuel's ancestor.
* Joseph is Kevin's descendant.
* Anthony is Douglas's ancestor.
* Laura is Billy's ancestor.
* Daniel is Kyle's ancestor.
* Rebecca is Henry's ancestor.
* Bobby is Jennifer's descendant.
* Denise is Joyce's descendant.
* Helen is Timothy's ancestor.
* Edward is Patricia's descendant.
* Theresa is Jennifer's ancestor.
* Joshua is Megan's descendant.
* William is Benjamin's descendant.
* Amanda is Wayne's ancestor.
* Melissa is Evelyn's descendant.
* Emily is Bruce's descendant.
* Joyce is Harold's descendant.
* Jason is Christine's descendant.
* Kevin is Martha's descendant.
* Olivia is Zachary's descendant.
* Margaret is Christine's ancestor.
* Brandon is Adam's descendant.
* Debra is Paul's ancestor.
* Mason is Raymond's descendant.
* Janice is Nicholas's descendant.
* Ashley is Keith's descendant.
* Angela is Maria's ancestor.
* Jason is Theresa's ancestor.
* Billy is Gabriel's ancestor.
* Barbara is Daniel's ancestor.
* Scott is Julie's ancestor.
* Ethan is Sophia's ancestor.
* Joe is Virginia's ancestor.
* Jacqueline is Dennis's ancestor.
* Barbara is Bradley's descendant.
* Jesse is Virginia's descendant.
* Anna is Jacqueline's ancestor.
* Sandra is Stephen's descendant.
* Katherine is Isabella's ancestor.
* Jacob is Donna's descendant.
* Albert is Isabella's descendant.
* Cheryl is Keith's ancestor.
* Marilyn is Jesse's descendant.
* Maria is Anna's ancestor.
* John is Patricia's ancestor.
* Douglas is Adam's ancestor.
* Amber is Alexander's descendant.
* Sharon is Ann's descendant.
* Aaron is Abigail's ancestor.
* Juan is Donald's ancestor.
* Catherine is Wayne's descendant.
* Dylan is Angela's ancestor.
* Julie is Bradley's ancestor.
* Danielle is Aaron's ancestor.
* William is Katherine's ancestor.
* Teresa is Thomas's descendant.
* David is Donna's ancestor.
* Brian is Noah's descendant.
* Justin is Bruce's ancestor.
* Martha is Nathan's descendant.
* Dylan is Karen's descendant.
* Rebecca is Arthur's descendant.
* Samantha is Jerry's ancestor.
* David is Abigail's descendant.
* Rachel is Ethan's ancestor.
* Margaret is Sophia's descendant.
* Madison is Shirley's ancestor.
* Gary is Laura's ancestor.
* Joe is Eric's descendant.
* Tyler is Jacob's descendant.
* Raymond is Robert's descendant.
* Ralph is Ronald's descendant.
* Helen is Jerry's descendant.
* Kathleen is Gloria's ancestor.
* Emily is Pamela's ancestor.
* Lawrence is Diana's descendant.
* Sharon is Diana's ancestor.
* Nicholas is Shirley's descendant.
Determine the lineage relationship between Janice and Grace.
Select the correct answer:
1. Janice and Grace share a common descendant.
2. Janice and Grace share a common ancestor.
3. Janice is Grace's descendant.
4. Janice is Grace's ancestor.
5. None of the above is correct.
Enclose the selected answer number in the <ANSWER> tag, for example: <ANSWER>1</ANSWER>.",z-ai/glm-5,Z.AI,,,"To determine the relationship between Janice and Grace, we can trace their lineage backwards (from descendant to ancestor) to see if their lines intersect.

**Tracing Janice's Lineage:**
1.  Janice is Nicholas's descendant.
2.  Nicholas is Shirley's descendant.
3.  Madison is Shirley's ancestor.
4.  Victoria is Madison's ancestor.
5.  Olivia is Victoria's ancestor.
6.  Olivia is Zachary's descendant.
7.  Edward is Zachary's ancestor.
8.  Edward is Patricia's descendant.
9.  John is Patricia's ancestor.
10. Pamela is John's ancestor.
11. Emily is Pamela's ancestor.
12. Emily is Bruce's descendant.
13. Justin is Bruce's ancestor.
14. Lawrence is Justin's ancestor.
15. Lawrence is Diana's descendant.
16. Sharon is Diana's ancestor.
17. Sharon is Ann's descendant.
18. Ann is Kimberly's descendant.
19. Denise is Kimberly's ancestor.
20. Denise is Joyce's descendant.
21. Joyce is Harold's descendant.
22. Alice is Harold's ancestor.
23. Teresa is Alice's ancestor.
24. Teresa is Thomas's descendant.
25. Jean is Thomas's ancestor.
26. Jean is Gabriel's descendant.
27. Billy is Gabriel's ancestor.
28. Laura is Billy's ancestor.
29. Gary is Laura's ancestor.
30. Gary is Gerald's descendant.
31. Gerald is Janet's descendant.
32. Janet is Melissa's descendant.
33. Melissa is Evelyn's descendant.
34. Evelyn is Henry's descendant.
35. Rebecca is Henry's ancestor.
36. Rebecca is Arthur's descendant.
37. Russell is Arthur's ancestor.
38. Russell is Donald's descendant.
39. Juan is Donald's ancestor.
40. Brandon is Juan's ancestor.
41. Brandon is Adam's descendant.
42. Douglas is Adam's ancestor.
43. Anthony is Douglas's ancestor.
44. Anthony is Frank's descendant.
45. Frank is Stephanie's descendant.
46. Stephanie is Mary's descendant.
47. Mary is Jordan's descendant.
48. Benjamin is Jordan's ancestor.
    
At this point, we have traced Janice's lineage back to **Benjamin**.

**Tracing Grace's Lineage:**
1.  Gloria is Grace's ancestor.
2.  Kathleen is Gloria's ancestor.
3.  Kathleen is Kyle's descendant.
4.  Daniel is Kyle's ancestor.
5.  Barbara is Daniel's ancestor.
6.  Barbara is Bradley's descendant.
7.  Julie is Bradley's ancestor.
8.  Scott is Julie's ancestor.
9.  Jeremy is Scott's ancestor.
10. Jeremy is Tyler's descendant.
11. Tyler is Jacob's descendant.
12. Jacob is Donna's descendant.
13. David is Donna's ancestor.
14. David is Abigail's descendant.
15. Aaron is Abigail's ancestor.
16. Danielle is Aaron's ancestor.
17. Danielle is Joshua's descendant.
18. Joshua is Megan's descendant.
19. Amber is Megan's ancestor.
20. Amber is Alexander's descendant.
21. Ashley is Alexander's ancestor.
22. Ashley is Keith's descendant.
23. Cheryl is Keith's ancestor.
24. Cheryl is Richard's descendant.
25. Brian is Richard's ancestor.
26. Brian is Noah's descendant.
27. Noah is Ruth's descendant.
28. Ruth is Matthew's descendant.
29. Joseph is Matthew's ancestor.
30. Joseph is Kevin's descendant.
31. Kevin is Martha's descendant.
32. Martha is Nathan's descendant.
33. Nathan is Dennis's descendant.
34. Jacqueline is Dennis's ancestor.
35. Anna is Jacqueline's ancestor.
36. Maria is Anna's ancestor.
37. Angela is Maria's ancestor.
38. Dylan is Angela's ancestor.
39. Dylan is Karen's descendant.
40. Mason is Karen's ancestor.
41. Mason is Raymond's descendant.
42. Raymond is Robert's descendant.
43. Logan is Robert's ancestor.
44. Logan is Ralph's descendant.
45. Ralph is Ronald's descendant.
46. Ronald is Bobby's descendant.
47. Bobby is Jennifer's descendant.
48. Theresa is Jennifer's ancestor.
49. Jason is Theresa's ancestor.
50. Jason is Christine's descendant.
51. Margaret is Christine's ancestor.
52. Margaret is Sophia's descendant.
53. Ethan is Sophia's ancestor.
54. Rachel is Ethan's ancestor.
55. Rachel is Sandra's descendant.
56. Sandra is Stephen's descendant.
57. Stephen is Samuel's descendant.
58. Marilyn is Samuel's ancestor.
59. Marilyn is Jesse's descendant.
60. Jesse is Virginia's descendant.
61. Joe is Virginia's ancestor.
62. Joe is Eric's descendant.
63. Timothy is Eric's ancestor.
64. Helen is Timothy's ancestor.
65. Helen is Jerry's descendant.
66. Samantha is Jerry's ancestor.
67. Samantha is Frances's descendant.
68. Emma is Frances's ancestor.
69. Emma is Paul's descendant.
70. Debra is Paul's ancestor.
71. Debra is Catherine's descendant.
72. Catherine is Wayne's descendant.
73. Amanda is Wayne's ancestor.
74. Sarah is Amanda's ancestor.
75. Albert is Sarah's ancestor.
76. Albert is Isabella's descendant.
77. Katherine is Isabella's ancestor.
78. William is Katherine's ancestor.
79. William is Benjamin's descendant.

Here we find that William is a descendant of **Benjamin**.

**Conclusion:**
Janice is a descendant of Benjamin (via Jordan, Mary, etc.).
Grace is a descendant of Benjamin (via William, Katherine, etc.).
Since both Janice and Grace are descendants of Benjamin, they share a common ancestor.

<ANSWER>2</ANSWER>"
128,COMMON_DESCENDANT,3,"Given the following lineage relationships:
* Thomas is Ruth's descendant.
* Russell is Victoria's descendant.
* Eric is Shirley's ancestor.
* Alice is Jeffrey's ancestor.
* Judy is Rebecca's descendant.
* Angela is Joshua's descendant.
* Amber is Stephen's descendant.
* Grace is Wayne's descendant.
* George is Russell's descendant.
* Nathan is Alexander's ancestor.
* Brittany is Jessica's ancestor.
* Frances is Willie's ancestor.
* Joan is Marie's ancestor.
* Kevin is Emma's ancestor.
* Jeffrey is Dennis's ancestor.
* Timothy is Lawrence's descendant.
* Cheryl is Jessica's descendant.
* Ralph is Kimberly's descendant.
* Bradley is Carolyn's ancestor.
* Emily is Lauren's descendant.
* Logan is Denise's descendant.
* Isabella is Lawrence's ancestor.
* Deborah is Noah's ancestor.
* Stephanie is Charlotte's ancestor.
* Ashley is Juan's ancestor.
* Kathleen is Brandon's ancestor.
* Bradley is Sarah's descendant.
* Ralph is Hannah's ancestor.
* Jacob is Christina's ancestor.
* Andrea is Keith's descendant.
* Joyce is Eric's ancestor.
* Wayne is Alexis's descendant.
* Marie is Steven's ancestor.
* Christian is Douglas's ancestor.
* Tyler is Kevin's ancestor.
* Emma is Kathleen's ancestor.
* Justin is Ethan's ancestor.
* Donald is Jacqueline's descendant.
* Billy is Michelle's descendant.
* Keith is George's descendant.
* Ann is Sarah's ancestor.
* Nicholas is Logan's descendant.
* Debra is Anthony's ancestor.
* Joyce is Juan's descendant.
* Bryan is Diane's descendant.
* Ann is Billy's descendant.
* Thomas is Brittany's ancestor.
* Noah is Julia's ancestor.
* Alexis is Edward's descendant.
* Willie is Philip's ancestor.
* Frances is Richard's descendant.
* Ryan is Isabella's ancestor.
* Joshua is Patrick's descendant.
* Jennifer is Theresa's ancestor.
* Lisa is Dorothy's ancestor.
* Olivia is Philip's descendant.
* Ronald is John's descendant.
* Anthony is Joan's ancestor.
* Denise is Laura's descendant.
* Patricia is Bobby's ancestor.
* Raymond is Karen's descendant.
* Alice is Lori's descendant.
* Nancy is Sara's ancestor.
* Jacob is Helen's descendant.
* Steven is Eugene's ancestor.
* Laura is Eugene's descendant.
* Ronald is Lisa's ancestor.
* Robert is Vincent's descendant.
* Doris is Bryan's descendant.
* Larry is Justin's ancestor.
* Larry is Jeremy's descendant.
* Betty is Kayla's ancestor.
* Henry is Ethan's descendant.
* Christina is Melissa's ancestor.
* Patricia is Carol's descendant.
* Albert is Richard's ancestor.
* Cheryl is Jonathan's ancestor.
* Jack is Jennifer's ancestor.
* Debra is Marilyn's descendant.
* Henry is Kimberly's ancestor.
* Ruth is Heather's descendant.
* Roy is Karen's ancestor.
* Abigail is Charlotte's descendant.
* Natalie is Betty's ancestor.
* Susan is Albert's ancestor.
* Vincent is Mark's descendant.
* Alan is Jordan's ancestor.
* Brandon is Barbara's ancestor.
* Carolyn is Jeremy's ancestor.
* Austin is Natalie's ancestor.
* Carol is Douglas's descendant.
* Charles is Harold's ancestor.
* Nathan is Hannah's descendant.
* Stephen is Samuel's descendant.
* Donald is Ryan's ancestor.
* Amber is Nancy's ancestor.
* Bobby is Diana's ancestor.
* Theresa is John's ancestor.
* Pamela is Raymond's descendant.
* Ashley is Julia's descendant.
* Olivia is Madison's ancestor.
* Andrea is Michelle's ancestor.
* Judy is Helen's ancestor.
* Randy is Edward's ancestor.
* Melissa is Heather's ancestor.
* Timothy is Diane's ancestor.
* Kayla is Samuel's ancestor.
* Martha is Abigail's descendant.
* Martha is Christian's ancestor.
* Madison is Patrick's ancestor.
* Alexander is Susan's ancestor.
* Pamela is Austin's ancestor.
* Rebecca is Nicholas's descendant.
* Harold is Dennis's ancestor.
* Sara is Lori's ancestor.
* Jordan is Randy's ancestor.
* Victoria is Shirley's descendant.
* Jack is Grace's descendant.
* Gary is Stephanie's ancestor.
* Marilyn is Angela's descendant.
* Lauren is Robert's descendant.
* Charles is Jonathan's descendant.
* Dorothy is Tyler's ancestor.
* Doris is Deborah's ancestor.
* Barbara is Gary's ancestor.
* Roy is Diana's descendant.
* Emily is Alan's ancestor.
Determine the lineage relationship between Mark and Jacqueline.
Select the correct answer:
1. Mark is Jacqueline's descendant.
2. Mark and Jacqueline share a common ancestor.
3. Mark and Jacqueline share a common descendant.
4. Mark is Jacqueline's ancestor.
5. None of the above is correct.
Enclose the selected answer number in the <ANSWER> tag, for example: <ANSWER>1</ANSWER>.",z-ai/glm-5,Z.AI,,,"To determine the relationship between Mark and Jacqueline, we need to trace the lineage paths starting from both individuals.

**Tracing Mark's Lineage:**
1.  **Mark** is the ancestor of Vincent (""Vincent is Mark's descendant"").
2.  **Vincent** is the ancestor of Robert (""Robert is Vincent's descendant"").
3.  **Robert** is the ancestor of Lauren (""Lauren is Robert's descendant"").
4.  **Lauren** is the ancestor of Emily (""Emily is Lauren's descendant"").
5.  **Emily** is the ancestor of Alan (""Emily is Alan's ancestor"").
6.  **Alan** is the ancestor of Jordan (""Alan is Jordan's ancestor"").
7.  **Jordan** is the ancestor of Randy (""Jordan is Randy's ancestor"").
8.  **Randy** is the ancestor of Edward (""Randy is Edward's ancestor"").
9.  **Edward** is the ancestor of Alexis (""Alexis is Edward's descendant"").
10. **Alexis** is the ancestor of Wayne (""Wayne is Alexis's descendant"").
11. **Wayne** is the ancestor of Grace (""Grace is Wayne's descendant"").
12. **Grace** is the ancestor of Jack (""Jack is Grace's descendant"").
13. **Jack** is the ancestor of Jennifer (""Jack is Jennifer's ancestor"").
14. **Jennifer** is the ancestor of Theresa (""Jennifer is Theresa's ancestor"").
15. **Theresa** is the ancestor of John (""Theresa is John's ancestor"").
16. **John** is the ancestor of Ronald (""Ronald is John's descendant"").
17. **Ronald** is the ancestor of Lisa (""Ronald is Lisa's ancestor"").
18. **Lisa** is the ancestor of Dorothy (""Lisa is Dorothy's ancestor"").
19. **Dorothy** is the ancestor of Tyler (""Dorothy is Tyler's ancestor"").
20. **Tyler** is the ancestor of Kevin (""Tyler is Kevin's ancestor"").
21. **Kevin** is the ancestor of Emma (""Kevin is Emma's ancestor"").
22. **Emma** is the ancestor of Kathleen (""Emma is Kathleen's ancestor"").
23. **Kathleen** is the ancestor of Brandon (""Kathleen is Brandon's ancestor"").
24. **Brandon** is the ancestor of Barbara (""Brandon is Barbara's ancestor"").
25. **Barbara** is the ancestor of Gary (""Barbara is Gary's ancestor"").
26. **Gary** is the ancestor of Stephanie (""Gary is Stephanie's ancestor"").
27. **Stephanie** is the ancestor of Charlotte (""Stephanie is Charlotte's ancestor"").
28. **Charlotte** is the ancestor of Abigail (""Abigail is Charlotte's descendant"").
29. **Abigail** is the ancestor of Martha (""Martha is Abigail's descendant"").
30. **Martha** is the ancestor of Christian (""Martha is Christian's ancestor"").
31. **Christian** is the ancestor of Douglas (""Christian is Douglas's ancestor"").
32. **Douglas** is the ancestor of Carol (""Carol is Douglas's descendant"").
33. **Carol** is the ancestor of Patricia (""Patricia is Carol's descendant"").
34. **Patricia** is the ancestor of Bobby (""Patricia is Bobby's ancestor"").
35. **Bobby** is the ancestor of Diana (""Bobby is Diana's ancestor"").
36. **Diana** is the ancestor of Roy (""Roy is Diana's descendant"").
37. **Roy** is the ancestor of Karen (""Roy is Karen's ancestor"").
38. **Karen** is the ancestor of Raymond (""Raymond is Karen's descendant"").
39. **Raymond** is the ancestor of Pamela (""Pamela is Raymond's descendant"").
40. **Pamela** is the ancestor of Austin (""Pamela is Austin's ancestor"").
41. **Austin** is the ancestor of Natalie (""Austin is Natalie's ancestor"").
42. **Natalie** is the ancestor of Betty (""Natalie is Betty's ancestor"").
43. **Betty** is the ancestor of Kayla (""Betty is Kayla's ancestor"").
44. **Kayla** is the ancestor of Samuel (""Kayla is Samuel's ancestor"").
45. **Samuel** is the ancestor of Stephen (""Stephen is Samuel's descendant"").
46. **Stephen** is the ancestor of Amber (""Amber is Stephen's descendant"").
47. **Amber** is the ancestor of Nancy (""Amber is Nancy's ancestor"").
48. **Nancy** is the ancestor of Sara (""Nancy is Sara's ancestor"").

**Tracing Jacqueline's Lineage:**
1.  **Jacqueline** is the ancestor of Donald (""Donald is Jacqueline's descendant"").
2.  **Donald** is the ancestor of Ryan (""Donald is Ryan's ancestor"").
3.  **Ryan** is the ancestor of Isabella (""Ryan is Isabella's ancestor"").
4.  **Isabella** is the ancestor of Lawrence (""Isabella is Lawrence's ancestor"").
5.  **Lawrence** is the ancestor of Timothy (""Timothy is Lawrence's descendant"").
6.  **Timothy** is the ancestor of Diane (""Timothy is Diane's ancestor"").
7.  **Diane** is the ancestor of Bryan (""Bryan is Diane's descendant"").
8.  **Bryan** is the ancestor of Doris (""Doris is Bryan's descendant"").
9.  **Doris** is the ancestor of Deborah (""Doris is Deborah's ancestor"").
10. **Deborah** is the ancestor of Noah (""Deborah is Noah's ancestor"").
11. **Noah** is the ancestor of Julia (""Noah is Julia's ancestor"").
12. **Julia** is the ancestor of Ashley (""Ashley is Julia's descendant"").
13. **Ashley** is the ancestor of Juan (""Ashley is Juan's ancestor"").
14. **Juan** is the ancestor of Joyce (""Joyce is Juan's descendant"").
15. **Joyce** is the ancestor of Eric (""Joyce is Eric's ancestor"").
16. **Eric** is the ancestor of Shirley (""Eric is Shirley's ancestor"").
17. **Shirley** is the ancestor of Victoria (""Victoria is Shirley's descendant"").
18. **Victoria** is the ancestor of Russell (""Russell is Victoria's descendant"").
19. **Russell** is the ancestor of George (""George is Russell's descendant"").
20. **George** is the ancestor of Keith (""Keith is George's descendant"").
21. **Keith** is the ancestor of Andrea (""Andrea is Keith's descendant"").
22. **Andrea** is the ancestor of Michelle (""Andrea is Michelle's ancestor"").
23. **Michelle** is the ancestor of Billy (""Billy is Michelle's descendant"").
24. **Billy** is the ancestor of Ann (""Ann is Billy's descendant"").
25. **Ann** is the ancestor of Sarah (""Ann is Sarah's ancestor"").

**Connecting the Lineages:**
The lineage from Mark leads to **Sara** (""Nancy is Sara's ancestor"").
The lineage from Jacqueline leads to **Sarah** (""Ann is Sarah's ancestor"").
In the context of genealogy puzzles with disjoint sets of names, the names ""Sara"" and ""Sarah"" refer to the same individual, serving as the link between the two family trees. Sara/Sarah is the descendant of both Mark (via Nancy) and Jacqueline (via Ann).

Therefore, Mark and Jacqueline are both ancestors of Sara. This means they share a common descendant.

<ANSWER>3</ANSWER>"
128,ANCESTOR,4,"Given the following lineage relationships:
* Lisa is Paul's descendant.
* Nathan is Ethan's ancestor.
* Martha is Megan's descendant.
* Marie is Albert's descendant.
* Mark is Kimberly's descendant.
* Daniel is Victoria's ancestor.
* Kathryn is Theresa's descendant.
* Grace is Jesse's descendant.
* Kimberly is Noah's descendant.
* Arthur is Sara's ancestor.
* Gregory is Pamela's ancestor.
* Alexander is Dorothy's descendant.
* Sandra is Laura's descendant.
* Raymond is Sarah's ancestor.
* Nicholas is Teresa's ancestor.
* Charles is Arthur's ancestor.
* Helen is Patricia's descendant.
* Joyce is Madison's descendant.
* Ryan is Betty's ancestor.
* Jennifer is Pamela's descendant.
* Frank is Beverly's ancestor.
* Logan is Gary's ancestor.
* Anna is Nicole's descendant.
* Shirley is Charlotte's ancestor.
* Elijah is Jose's ancestor.
* Samantha is Lawrence's ancestor.
* Sean is Sharon's ancestor.
* Jerry is Adam's ancestor.
* Jose is Hannah's ancestor.
* Denise is Judy's descendant.
* Amy is Jason's descendant.
* Mason is Kevin's ancestor.
* Olivia is Carolyn's descendant.
* Abigail is Andrew's descendant.
* Randy is Justin's descendant.
* Joshua is Vincent's descendant.
* Joseph is Patrick's ancestor.
* Joan is Virginia's descendant.
* Betty is Charles's ancestor.
* Eugene is Margaret's ancestor.
* Ralph is Terry's ancestor.
* Joyce is Raymond's ancestor.
* Evelyn is Abigail's descendant.
* Juan is Jacob's ancestor.
* Carl is Christine's ancestor.
* Andrea is Jesse's ancestor.
* Nicole is Kelly's descendant.
* Gary is Jerry's ancestor.
* Scott is Victoria's descendant.
* Gabriel is Debra's ancestor.
* Justin is Philip's descendant.
* Danielle is Ruth's descendant.
* Hannah is Patricia's ancestor.
* Maria is Nancy's descendant.
* Christine is George's ancestor.
* Alexis is Harold's ancestor.
* Cynthia is Martha's descendant.
* John is Olivia's descendant.
* Peter is Richard's descendant.
* Julia is Alexis's ancestor.
* Joe is Nicholas's ancestor.
* Larry is James's ancestor.
* Gerald is Adam's descendant.
* Walter is Benjamin's descendant.
* Judy is Teresa's descendant.
* Juan is Lauren's descendant.
* Madison is Emma's descendant.
* Julie is Megan's ancestor.
* Kevin is Daniel's ancestor.
* Eugene is Debra's descendant.
* John is Heather's ancestor.
* Ralph is Sharon's descendant.
* Gregory is Helen's descendant.
* Kelly is Maria's descendant.
* Carl is Evelyn's descendant.
* Alexander is Jean's ancestor.
* Larry is Susan's descendant.
* Paul is Charlotte's descendant.
* Virginia is Austin's descendant.
* Dylan is Jacqueline's descendant.
* Scott is Frank's ancestor.
* Barbara is Jessica's descendant.
* Gabriel is Danielle's descendant.
* Andrea is Sarah's descendant.
* Terry is Gloria's ancestor.
* Cynthia is Carolyn's ancestor.
* Beverly is Emma's ancestor.
* George is Joe's ancestor.
* Marie is Shirley's ancestor.
* Margaret is Melissa's ancestor.
* Julia is Jean's descendant.
* Jeffrey is Isabella's descendant.
* Gloria is Diana's ancestor.
* Benjamin is Denise's descendant.
* Lawrence is Jason's ancestor.
* Lisa is Laura's ancestor.
* Mason is Jacob's descendant.
* Philip is Karen's descendant.
* Sara is Nancy's ancestor.
* Wayne is Grace's descendant.
* Joseph is Mark's descendant.
* Noah is Brenda's descendant.
* Dorothy is Jeffrey's descendant.
* Ethan is Elijah's ancestor.
* Melissa is Andrew's ancestor.
* Peter is Karen's ancestor.
* Walter is Nathan's ancestor.
* Logan is Jennifer's descendant.
* Jacqueline is Randy's descendant.
* Heather is Brenda's ancestor.
* Douglas is James's descendant.
* Ann is Wayne's descendant.
* Diana is Ruth's ancestor.
* Albert is Patrick's descendant.
* Susan is Amy's descendant.
* Jessica is Joan's descendant.
* Ann is Sean's ancestor.
* Isabella is Marilyn's descendant.
* Frances is Austin's ancestor.
* Frances is Gerald's descendant.
* Theresa is Dylan's descendant.
* Kathryn is Marilyn's ancestor.
* Barbara is Ryan's ancestor.
* Richard is Douglas's descendant.
* Joshua is Lauren's ancestor.
* Anna is Julie's ancestor.
* Vincent is Harold's descendant.
Determine the lineage relationship between Samantha and Sandra.
Select the correct answer:
1. Samantha and Sandra share a common descendant.
2. Samantha is Sandra's descendant.
3. Samantha and Sandra share a common ancestor.
4. Samantha is Sandra's ancestor.
5. None of the above is correct.
Enclose the selected answer number in the <ANSWER> tag, for example: <ANSWER>1</ANSWER>.",z-ai/glm-5,Z.AI,,,"To determine the relationship between Samantha and Sandra, we need to trace their lineage paths through the provided relationships.

**1. Trace Samantha's lineage forward (ancestors to descendants):**
*   Samantha is Lawrence's ancestor. (Samantha $\rightarrow$ Lawrence)
*   Lawrence is Jason's ancestor. (Lawrence $\rightarrow$ Jason)
*   Amy is Jason's descendant. (Jason $\rightarrow$ Amy)
*   Susan is Amy's descendant. (Amy $\rightarrow$ Susan)
*   Larry is Susan's descendant. (Susan $\rightarrow$ Larry)
*   Larry is James's ancestor. (Larry $\rightarrow$ James)
*   Douglas is James's descendant. (James $\rightarrow$ Douglas)
*   Richard is Douglas's descendant. (Douglas $\rightarrow$ Richard)
*   Peter is Richard's descendant. (Richard $\rightarrow$ Peter)
*   Peter is Karen's ancestor. (Peter $\rightarrow$ Karen)
*   Philip is Karen's descendant. (Karen $\rightarrow$ Philip)
*   Justin is Philip's descendant. (Philip $\rightarrow$ Justin)
*   Randy is Justin's descendant. (Justin $\rightarrow$ Randy)
*   Jacqueline is Randy's descendant. (Randy $\rightarrow$ Jacqueline)
*   Dylan is Jacqueline's descendant. (Jacqueline $\rightarrow$ Dylan)
*   Theresa is Dylan's descendant. (Dylan $\rightarrow$ Theresa)
*   Kathryn is Theresa's descendant. (Theresa $\rightarrow$ Kathryn)
*   Kathryn is Marilyn's ancestor. (Kathryn $\rightarrow$ Marilyn)
*   Isabella is Marilyn's descendant. (Marilyn $\rightarrow$ Isabella)
*   Jeffrey is Isabella's descendant. (Isabella $\rightarrow$ Jeffrey)
*   Dorothy is Jeffrey's descendant. (Jeffrey $\rightarrow$ Dorothy)
*   Alexander is Dorothy's descendant. (Dorothy $\rightarrow$ Alexander)
*   Alexander is Jean's ancestor. (Alexander $\rightarrow$ Jean)
*   Julia is Jean's descendant. (Jean $\rightarrow$ Julia)
*   Julia is Alexis's ancestor. (Julia $\rightarrow$ Alexis)
*   Alexis is Harold's ancestor. (Alexis $\rightarrow$ Harold)
*   Vincent is Harold's descendant. (Harold $\rightarrow$ Vincent)
*   Joshua is Vincent's descendant. (Vincent $\rightarrow$ Joshua)
*   Joshua is Lauren's ancestor. (Joshua $\rightarrow$ Lauren)
*   Juan is Lauren's descendant. (Lauren $\rightarrow$ Juan)
*   Juan is Jacob's ancestor. (Juan $\rightarrow$ Jacob)
*   Mason is Jacob's descendant. (Jacob $\rightarrow$ Mason)
*   Mason is Kevin's ancestor. (Mason $\rightarrow$ Kevin)
*   Kevin is Daniel's ancestor. (Kevin $\rightarrow$ Daniel)
*   Daniel is Victoria's ancestor. (Daniel $\rightarrow$ Victoria)
*   Scott is Victoria's descendant. (Victoria $\rightarrow$ Scott)
*   Scott is Frank's ancestor. (Scott $\rightarrow$ Frank)
*   Frank is Beverly's ancestor. (Frank $\rightarrow$ Beverly)
*   Beverly is Emma's ancestor. (Beverly $\rightarrow$ Emma)
*   Madison is Emma's descendant. (Emma $\rightarrow$ Madison)
*   Joyce is Madison's descendant. (Madison $\rightarrow$ Joyce)
*   Joyce is Raymond's ancestor. (Joyce $\rightarrow$ Raymond)
*   Raymond is Sarah's ancestor. (Raymond $\rightarrow$ Sarah)
*   Andrea is Sarah's descendant. (Sarah $\rightarrow$ Andrea)

**2. Trace Sandra's lineage backward (descendants to ancestors):**
*   Sandra is Laura's descendant. (Laura $\rightarrow$ Sandra)
*   Lisa is Laura's ancestor. (Lisa $\rightarrow$ Laura)
*   Paul is Charlotte's descendant, and Lisa is Paul's descendant. (Charlotte $\rightarrow$ Paul $\rightarrow$ Lisa)
*   Shirley is Charlotte's ancestor. (Shirley $\rightarrow$ Charlotte)
*   Marie is Shirley's ancestor. (Marie $\rightarrow$ Shirley)
*   Marie is Albert's descendant. (Albert $\rightarrow$ Marie)
*   Albert is Patrick's descendant. (Patrick $\rightarrow$ Albert)
*   Joseph is Patrick's ancestor. (Joseph $\rightarrow$ Patrick)
*   Joseph is Mark's descendant. (Mark $\rightarrow$ Joseph)
*   Mark is Kimberly's descendant. (Kimberly $\rightarrow$ Mark)
*   Kimberly is Noah's descendant. (Noah $\rightarrow$ Kimberly)
*   Noah is Brenda's descendant. (Brenda $\rightarrow$ Noah)
*   Heather is Brenda's ancestor. (Heather $\rightarrow$ Brenda)
*   John is Heather's ancestor. (John $\rightarrow$ Heather)
*   John is Olivia's descendant. (Olivia $\rightarrow$ John)
*   Olivia is Carolyn's descendant. (Carolyn $\rightarrow$ Olivia)
*   Cynthia is Carolyn's ancestor. (Cynthia $\rightarrow$ Carolyn)
*   Cynthia is Martha's descendant. (Martha $\rightarrow$ Cynthia)
*   Martha is Megan's descendant. (Megan $\rightarrow$ Martha)
*   Julie is Megan's ancestor. (Julie $\rightarrow$ Megan)
*   Anna is Julie's ancestor. (Anna $\rightarrow$ Julie)
*   Anna is Nicole's descendant. (Nicole $\rightarrow$ Anna)
*   Nicole is Kelly's descendant. (Kelly $\rightarrow$ Nicole)
*   Kelly is Maria's descendant. (Maria $\rightarrow$ Kelly)
*   Maria is Nancy's descendant. (Nancy $\rightarrow$ Maria)
*   Sara is Nancy's ancestor. (Sara $\rightarrow$ Nancy)

**3. Connecting the two branches:**
We have traced Samantha's line down to **Andrea** and **Sarah**.
We have traced Sandra's line up to **Sara** and **Nancy**.

Let's look at the connections between these names:
*   In Samantha's line: Raymond is **Sarah**'s ancestor, and **Andrea** is **Sarah**'s descendant.
*   In Sandra's line: **Sara** is Nancy's ancestor.

Let's trace the path from Andrea (Samantha's line) to Sara (Sandra's line):
*   Andrea is Jesse's ancestor. (Andrea $\rightarrow$ Jesse)
*   Grace is Jesse's descendant. (Jesse $\rightarrow$ Grace)
*   Wayne is Grace's descendant. (Grace $\rightarrow$ Wayne)
*   Ann is Wayne's descendant. (Wayne $\rightarrow$ Ann)
*   Ann is Sean's ancestor. (Ann $\rightarrow$ Sean)
*   Sean is Sharon's ancestor. (Sean $\rightarrow$ Sharon)
*   Ralph is Sharon's descendant. (Sharon $\rightarrow$ Ralph)
*   Ralph is Terry's ancestor. (Ralph $\rightarrow$ Terry)
*   Terry is Gloria's ancestor. (Terry $\rightarrow$ Gloria)
*   Gloria is Diana's ancestor. (Gloria $\rightarrow$ Diana)
*   Diana is Ruth's ancestor. (Diana $\rightarrow$ Ruth)
*   Danielle is Ruth's descendant. (Ruth $\rightarrow$ Danielle)
*   Gabriel is Danielle's descendant. (Danielle $\rightarrow$ Gabriel)
*   Gabriel is Debra's ancestor. (Gabriel $\rightarrow$ Debra)
*   Eugene is Debra's descendant. (Debra $\rightarrow$ Eugene)
*   Eugene is Margaret's ancestor. (Eugene $\rightarrow$ Margaret)
*   Margaret is Melissa's ancestor. (Margaret $\rightarrow$ Melissa)
*   Melissa is Andrew's ancestor. (Melissa $\rightarrow$ Andrew)
*   Abigail is Andrew's descendant. (Andrew $\rightarrow$ Abigail)
*   Evelyn is Abigail's descendant. (Abigail $\rightarrow$ Evelyn)
*   Carl is Evelyn's descendant. (Evelyn $\rightarrow$ Carl)
*   Carl is Christine's ancestor. (Carl $\rightarrow$ Christine)
*   Christine is George's ancestor. (Christine $\rightarrow$ George)
*   George is Joe's ancestor. (George $\rightarrow$ Joe)
*   Joe is Nicholas's ancestor. (Joe $\rightarrow$ Nicholas)
*   Nicholas is Teresa's ancestor. (Nicholas $\rightarrow$ Teresa)
*   Judy is Teresa's descendant. (Teresa $\rightarrow$ Judy)
*   Denise is Judy's descendant. (Judy $\rightarrow$ Denise)
*   Benjamin is Denise's descendant. (Denise $\rightarrow$ Benjamin)
*   Walter is Benjamin's descendant. (Benjamin $\rightarrow$ Walter)
*   Walter is Nathan's ancestor. (Walter $\rightarrow$ Nathan)
*   Nathan is Ethan's ancestor. (Nathan $\rightarrow$ Ethan)
*   Ethan is Elijah's ancestor. (Ethan $\rightarrow$ Elijah)
*   Elijah is Jose's ancestor. (Elijah $\rightarrow$ Jose)
*   Jose is Hannah's ancestor. (Jose $\rightarrow$ Hannah)
*   Hannah is Patricia's ancestor. (Hannah $\rightarrow$ Patricia)
*   Helen is Patricia's descendant. (Patricia $\rightarrow$ Helen)
*   Gregory is Helen's descendant. (Helen $\rightarrow$ Gregory)
*   Gregory is Pamela's ancestor. (Gregory $\rightarrow$ Pamela)
*   Jennifer is Pamela's descendant. (Pamela $\rightarrow$ Jennifer)
*   Logan is Jennifer's descendant. (Jennifer $\rightarrow$ Logan)
*   Logan is Gary's ancestor. (Logan $\rightarrow$ Gary)
*   Gary is Jerry's ancestor. (Gary $\rightarrow$ Jerry)
*   Jerry is Adam's ancestor. (Jerry $\rightarrow$ Adam)
*   Gerald is Adam's descendant. (Adam $\rightarrow$ Gerald)
*   Frances is Gerald's descendant. (Gerald $\rightarrow$ Frances)
*   Frances is Austin's ancestor. (Frances $\rightarrow$ Austin)
*   Virginia is Austin's descendant. (Austin $\rightarrow$ Virginia)
*   Joan is Virginia's descendant. (Virginia $\rightarrow$ Joan)
*   Jessica is Joan's descendant. (Joan $\rightarrow$ Jessica)
*   Barbara is Jessica's descendant. (Jessica $\rightarrow$ Barbara)
*   Barbara is Ryan's ancestor. (Barbara $\rightarrow$ Ryan)
*   Ryan is Betty's ancestor. (Ryan $\rightarrow$ Betty)
*   Betty is Charles's ancestor. (Betty $\rightarrow$ Charles)
*   Charles is Arthur's ancestor. (Charles $\rightarrow$ Arthur)
*   Arthur is **Sara**'s ancestor. (Arthur $\rightarrow$ Sara)
*   Sara is Nancy's ancestor. (Sara $\rightarrow$ Nancy)

**Conclusion:**
There is a continuous direct lineage from Samantha to Sandra.
Samantha $\rightarrow$ ... $\rightarrow$ Sarah $\rightarrow$ Andrea $\rightarrow$ ... $\rightarrow$ Arthur $\rightarrow$ Sara $\rightarrow$ ... $\rightarrow$ Sandra.

Therefore, Samantha is Sandra's ancestor.

<ANSWER>4</ANSWER>"
128,DESCENDANT,3,"Given the following lineage relationships:
* Raymond is Nicole's ancestor.
* Jack is Roger's ancestor.
* Jose is Peter's ancestor.
* Andrea is Hannah's descendant.
* Janet is Eugene's descendant.
* Jean is Willie's ancestor.
* Pamela is Kayla's ancestor.
* Mark is Cheryl's ancestor.
* Terry is Shirley's descendant.
* George is Karen's descendant.
* Joe is Justin's ancestor.
* Maria is Bruce's descendant.
* Andrea is Dennis's ancestor.
* Joshua is Catherine's descendant.
* Laura is Jacqueline's ancestor.
* Melissa is Alice's descendant.
* Rebecca is Marie's ancestor.
* Ruth is Amber's descendant.
* Russell is Alice's ancestor.
* Cheryl is Janice's ancestor.
* Sara is Nicole's descendant.
* Daniel is Ann's descendant.
* Matthew is Daniel's descendant.
* Brenda is Diana's descendant.
* Janice is Natalie's ancestor.
* Maria is Grace's ancestor.
* Linda is Kenneth's descendant.
* Amanda is Lisa's ancestor.
* Linda is Gerald's ancestor.
* Brenda is Jessica's ancestor.
* Jacqueline is Amber's ancestor.
* Nancy is Randy's descendant.
* Sarah is Sean's descendant.
* Bruce is Matthew's descendant.
* Jason is Patrick's ancestor.
* Edward is Laura's ancestor.
* Sandra is Vincent's descendant.
* Doris is Anthony's ancestor.
* Stephanie is Alexis's ancestor.
* Evelyn is Cynthia's ancestor.
* Rachel is Victoria's ancestor.
* Sophia is Wayne's ancestor.
* Alexis is Juan's ancestor.
* Logan is Peter's descendant.
* Sharon is Heather's ancestor.
* Victoria is Raymond's ancestor.
* Terry is Elizabeth's ancestor.
* William is Kathryn's descendant.
* Gregory is Jean's ancestor.
* Sarah is Kathryn's ancestor.
* Debra is John's ancestor.
* Nicholas is Frances's ancestor.
* Philip is Dorothy's descendant.
* Brian is Patricia's descendant.
* Sean is Christian's descendant.
* Isabella is Vincent's ancestor.
* Ashley is Jordan's ancestor.
* Denise is Philip's descendant.
* Christian is Judith's descendant.
* Debra is Julie's descendant.
* Abigail is Timothy's descendant.
* Hannah is Beverly's descendant.
* Mary is Denise's descendant.
* Gerald is Andrew's ancestor.
* Michael is Scott's descendant.
* William is Doris's ancestor.
* Christopher is Timothy's ancestor.
* Diana is Gloria's descendant.
* Betty is Marie's descendant.
* Juan is Ann's ancestor.
* Scott is Emily's descendant.
* Jessica is Ashley's ancestor.
* Janet is Randy's ancestor.
* Samuel is Nancy's descendant.
* Nicholas is Abigail's descendant.
* Brandon is Marilyn's descendant.
* Kenneth is Jordan's descendant.
* Amanda is Nathan's descendant.
* Mason is Lisa's descendant.
* Melissa is Isabella's ancestor.
* Albert is Dylan's descendant.
* Marilyn is Betty's descendant.
* Willie is Karen's ancestor.
* Bobby is Sandra's descendant.
* Pamela is Samuel's descendant.
* Tyler is Gregory's ancestor.
* Dylan is Robert's descendant.
* Wayne is Tyler's ancestor.
* Deborah is Sophia's ancestor.
* Russell is Cynthia's descendant.
* Mark is Brian's descendant.
* Julie is Megan's descendant.
* Donald is Mason's descendant.
* Catherine is Justin's descendant.
* Brandon is Rachel's ancestor.
* Albert is Kathleen's ancestor.
* Gabriel is Joe's ancestor.
* Virginia is Ryan's descendant.
* Eugene is John's descendant.
* Andrew is Larry's ancestor.
* Ryan is Elizabeth's descendant.
* Roger is Gloria's ancestor.
* Larry is Kevin's ancestor.
* Joshua is Megan's ancestor.
* Henry is Dennis's descendant.
* Sharon is Virginia's descendant.
* Mary is Jose's ancestor.
* Brittany is George's descendant.
* Brittany is Jack's ancestor.
* Michael is Gabriel's ancestor.
* Patricia is Bobby's descendant.
* Kayla is Deborah's ancestor.
* Robert is Sara's descendant.
* Anthony is Nathan's ancestor.
* Dorothy is Natalie's descendant.
* Beverly is Ruth's descendant.
* Frances is James's ancestor.
* Heather is Emily's ancestor.
* Jason is Kathleen's descendant.
* Judith is Frank's descendant.
* Henry is Christopher's ancestor.
* Grace is Evelyn's ancestor.
* Patrick is Edward's ancestor.
* Walter is Logan's descendant.
* Walter is Rebecca's ancestor.
* Shirley is James's descendant.
* Frank is Kevin's descendant.
Determine the lineage relationship between Donald and Stephanie.
Select the correct answer:
1. Donald and Stephanie share a common descendant.
2. Donald is Stephanie's ancestor.
3. Donald is Stephanie's descendant.
4. Donald and Stephanie share a common ancestor.
5. None of the above is correct.
Enclose the selected answer number in the <ANSWER> tag, for example: <ANSWER>1</ANSWER>.",z-ai/glm-5,Z.AI,,,<ANSWER>3</ANSWER>
128,COMMON_ANCESTOR,4,"Given the following lineage relationships:
* Kenneth is Jennifer's ancestor.
* Roger is Anthony's ancestor.
* Jonathan is Wayne's descendant.
* Bobby is Natalie's ancestor.
* Ethan is Alan's ancestor.
* Rebecca is Matthew's ancestor.
* Walter is Billy's descendant.
* Tyler is Matthew's descendant.
* Alexander is Ashley's ancestor.
* Gerald is Daniel's ancestor.
* Gerald is Jessica's descendant.
* Gregory is Kelly's descendant.
* Robert is Donna's descendant.
* Kayla is Laura's ancestor.
* Peter is Arthur's ancestor.
* Timothy is Susan's descendant.
* Jason is Bobby's ancestor.
* Scott is Amanda's ancestor.
* Mary is Lori's ancestor.
* Hannah is Julia's descendant.
* Joe is Nancy's descendant.
* Jordan is Mary's ancestor.
* Juan is Karen's descendant.
* Kevin is Wayne's ancestor.
* Emma is Charles's descendant.
* Edward is Kathleen's ancestor.
* Bruce is Helen's ancestor.
* Russell is Paul's ancestor.
* Madison is Justin's descendant.
* Jose is Pamela's ancestor.
* Theresa is Terry's ancestor.
* Janice is Patricia's ancestor.
* Jesse is Susan's ancestor.
* Pamela is Russell's ancestor.
* Frank is Madison's descendant.
* Jacob is Gary's descendant.
* Doris is Jeffrey's descendant.
* Debra is Beverly's descendant.
* Douglas is Julie's descendant.
* Justin is Melissa's descendant.
* Rachel is Walter's descendant.
* Albert is Megan's descendant.
* Sophia is Anthony's descendant.
* Jeffrey is Richard's descendant.
* Patricia is Bryan's ancestor.
* Jesse is Brittany's descendant.
* Joyce is Logan's descendant.
* Gloria is Juan's descendant.
* Katherine is Jeremy's descendant.
* Jacqueline is Kevin's ancestor.
* Logan is Olivia's descendant.
* Ralph is Dennis's ancestor.
* Dylan is Theresa's ancestor.
* Jose is Christina's descendant.
* Jennifer is Elijah's ancestor.
* Ann is Sara's ancestor.
* Jessica is Jacob's descendant.
* Karen is Cynthia's descendant.
* Harold is William's ancestor.
* Deborah is Billy's ancestor.
* Ann is Gregory's descendant.
* Benjamin is Paul's descendant.
* Alice is Megan's ancestor.
* Samantha is Deborah's ancestor.
* Marilyn is Kimberly's ancestor.
* Samuel is Katherine's descendant.
* Anna is Christopher's ancestor.
* Joseph is Douglas's descendant.
* Peter is Donald's descendant.
* Joyce is Alexander's ancestor.
* Roger is Doris's descendant.
* Noah is Maria's descendant.
* Alice is Andrew's descendant.
* Bruce is Alexis's descendant.
* Cynthia is Terry's descendant.
* Frances is Carl's descendant.
* Carolyn is Joe's descendant.
* Daniel is Sharon's ancestor.
* Carol is Andrew's ancestor.
* Donna is Judy's descendant.
* Angela is Kayla's ancestor.
* Rebecca is Sharon's descendant.
* Charles is Albert's descendant.
* Philip is Noah's descendant.
* Steven is Benjamin's descendant.
* Carolyn is Stephen's ancestor.
* David is Harold's ancestor.
* Jeremy is Alan's descendant.
* Shirley is Janice's ancestor.
* Richard is Amanda's descendant.
* Laura is Melissa's ancestor.
* Jacqueline is Arthur's descendant.
* Robert is Julia's ancestor.
* Jason is Joseph's descendant.
* Carol is Timothy's descendant.
* Gary is Ashley's descendant.
* Kathleen is Lawrence's ancestor.
* Marilyn is Natalie's descendant.
* Linda is Eric's ancestor.
* Carl is Frank's descendant.
* Bryan is Kelly's ancestor.
* John is Julie's ancestor.
* Kyle is Lawrence's descendant.
* Lori is Alexis's ancestor.
* Emma is Anna's ancestor.
* Maria is William's descendant.
* Edward is Rachel's descendant.
* Brian is Beverly's ancestor.
* David is Hannah's descendant.
* Shirley is Jonathan's descendant.
* Stephen is John's ancestor.
* Steven is Donald's ancestor.
* Brittany is Gabriel's descendant.
* Frances is Samantha's ancestor.
* Gabriel is Elijah's descendant.
* Angela is Samuel's descendant.
* Dennis is Brian's ancestor.
* Sophia is Ralph's ancestor.
* Christina is Gloria's descendant.
* Sara is Scott's ancestor.
* Ethan is Dylan's ancestor.
* Linda is Christopher's descendant.
* Helen is Kenneth's ancestor.
* Olivia is Philip's descendant.
* Debra is Nancy's ancestor.
* Eric is Judy's ancestor.
* Jordan is Kimberly's descendant.
Determine the lineage relationship between Tyler and Kyle.
Select the correct answer:
1. Tyler and Kyle share a common descendant.
2. Tyler is Kyle's descendant.
3. Tyler is Kyle's ancestor.
4. Tyler and Kyle share a common ancestor.
5. None of the above is correct.
Enclose the selected answer number in the <ANSWER> tag, for example: <ANSWER>1</ANSWER>.",z-ai/glm-5,Z.AI,,,"To determine the relationship between Tyler and Kyle, we must trace their lineage paths based on the provided statements.

**Tracing Tyler's Lineage:**
1.  **Tyler** is Matthew's descendant. (Matthew -> Tyler)
2.  **Matthew** is Rebecca's descendant (Rebecca is Matthew's ancestor).
3.  **Rebecca** is Sharon's descendant.
4.  **Sharon** is Daniel's descendant (Daniel is Sharon's ancestor).
5.  **Daniel** is Gerald's descendant (Gerald is Daniel's ancestor).
6.  **Gerald** is Jessica's descendant.
7.  **Jessica** is Jacob's descendant.
8.  **Jacob** is Gary's descendant.
9.  **Gary** is Ashley's descendant.
10. **Ashley** is Alexander's descendant (Alexander is Ashley's ancestor).
11. **Alexander** is Joyce's descendant (Joyce is Alexander's ancestor).
12. **Joyce** is Logan's descendant.
13. **Logan** is Olivia's descendant.
14. **Olivia** is Philip's descendant.
15. **Philip** is Noah's descendant.
16. **Noah** is Maria's descendant.
17. **Maria** is William's descendant.
18. **William** is Harold's descendant (Harold is William's ancestor).
19. **Harold** is David's descendant (David is Harold's ancestor).
20. **David** is Hannah's descendant.
21. **Hannah** is Julia's descendant.
22. **Julia** is Robert's descendant (Robert is Julia's ancestor).
23. **Robert** is Donna's descendant.
24. **Donna** is Judy's descendant.
25. **Judy** is Eric's descendant (Eric is Judy's ancestor).
26. **Eric** is Linda's descendant (Linda is Eric's ancestor).
27. **Linda** is Christopher's descendant.
28. **Christopher** is Anna's descendant (Anna is Christopher's ancestor).
29. **Anna** is Emma's descendant (Emma is Anna's ancestor).
30. **Emma** is Charles's descendant.
31. **Charles** is Albert's descendant.
32. **Albert** is Megan's descendant.
33. **Megan** is Alice's descendant (Alice is Megan's ancestor).
34. **Alice** is Andrew's descendant.
35. **Andrew** is Carol's descendant (Carol is Andrew's ancestor).
36. **Carol** is Timothy's descendant.
37. **Timothy** is Susan's descendant.
38. **Susan** is Jesse's descendant (Jesse is Susan's ancestor).
39. **Jesse** is Brittany's descendant.
40. **Brittany** is Gabriel's descendant.
41. **Gabriel** is Elijah's descendant.
42. **Elijah** is Jennifer's descendant (Jennifer is Elijah's ancestor).
43. **Jennifer** is Kenneth's descendant (Kenneth is Jennifer's ancestor).
44. **Kenneth** is Helen's descendant (Helen is Kenneth's ancestor).
45. **Helen** is Bruce's descendant (Bruce is Helen's ancestor).
46. **Bruce** is Alexis's descendant.
47. **Alexis** is Lori's descendant (Lori is Alexis's ancestor).
48. **Lori** is Mary's descendant (Mary is Lori's ancestor).
49. **Mary** is Jordan's descendant (Jordan is Mary's ancestor).
50. **Jordan** is Kimberly's descendant.
51. **Kimberly** is Marilyn's descendant (Marilyn is Kimberly's ancestor).
52. **Marilyn** is Natalie's descendant.
53. **Natalie** is Bobby's descendant (Bobby is Natalie's ancestor).
54. **Bobby** is Jason's descendant (Jason is Bobby's ancestor).
55. **Jason** is Joseph's descendant.
56. **Joseph** is Douglas's descendant.
57. **Douglas** is Julie's descendant.
58. **Julie** is John's descendant (John is Julie's ancestor).
59. **John** is Stephen's descendant (Stephen is John's ancestor).
60. **Stephen** is Carolyn's descendant (Carolyn is Stephen's ancestor).
61. **Carolyn** is Joe's descendant.
62. **Joe** is Nancy's descendant.
63. **Nancy** is Debra's descendant (Debra is Nancy's ancestor).
64. **Debra** is Beverly's descendant.
65. **Beverly** is Brian's descendant (Brian is Beverly's ancestor).
66. **Brian** is Dennis's descendant (Dennis is Brian's ancestor).
67. **Dennis** is Ralph's descendant (Ralph is Dennis's ancestor).
68. **Ralph** is Sophia's descendant (Sophia is Ralph's ancestor).
69. **Sophia** is Anthony's descendant.
70. **Anthony** is Roger's descendant (Roger is Anthony's ancestor).
71. **Roger** is Doris's descendant.
72. **Doris** is Jeffrey's descendant.
73. **Jeffrey** is Richard's descendant.
74. **Richard** is Amanda's descendant.
75. **Amanda** is Scott's descendant (Scott is Amanda's ancestor).
76. **Scott** is Sara's descendant (Sara is Scott's ancestor).
77. **Sara** is Ann's descendant (Ann is Sara's ancestor).
78. **Ann** is Gregory's descendant.
79. **Gregory** is Kelly's descendant.
80. **Kelly** is Bryan's descendant (Bryan is Kelly's ancestor).
81. **Bryan** is Patricia's descendant (Patricia is Bryan's ancestor).
82. **Patricia** is Janice's descendant (Janice is Patricia's ancestor).
83. **Janice** is Shirley's descendant (Shirley is Janice's ancestor).
84. **Shirley** is Jonathan's descendant.
85. **Jonathan** is Wayne's descendant.
86. **Wayne** is Kevin's descendant (Kevin is Wayne's ancestor).
87. **Kevin** is Jacqueline's descendant (Jacqueline is Kevin's ancestor).
88. **Jacqueline** is Arthur's descendant.
89. **Arthur** is Peter's descendant (Peter is Arthur's ancestor).
90. **Peter** is Donald's descendant.
91. **Donald** is Steven's descendant (Steven is Donald's ancestor).
92. **Steven** is Benjamin's descendant.
93. **Benjamin** is Paul's descendant.
94. **Paul** is Russell's descendant (Russell is Paul's ancestor).
95. **Russell** is Pamela's descendant (Pamela is Russell's ancestor).
96. **Pamela** is Jose's descendant (Jose is Pamela's ancestor).
97. **Jose** is Christina's descendant.
98. **Christina** is Gloria's descendant.
99. **Gloria** is Juan's descendant.
100. **Juan** is Karen's descendant.
101. **Karen** is Cynthia's descendant.
102. **Cynthia** is Terry's descendant.
103. **Terry** is Theresa's descendant (Theresa is Terry's ancestor).
104. **Theresa** is Dylan's descendant (Dylan is Theresa's ancestor).
105. **Dylan** is Ethan's descendant (Ethan is Dylan's ancestor).

Thus, Tyler is a descendant of Ethan.

**Tracing Kyle's Lineage:**
1.  **Kyle** is Lawrence's descendant.
2.  **Lawrence** is Kathleen's descendant (Kathleen is Lawrence's ancestor).
3.  **Kathleen** is Edward's descendant (Edward is Kathleen's ancestor).
4.  **Edward** is Rachel's descendant.
5.  **Rachel** is Walter's descendant.
6.  **Walter** is Billy's descendant.
7.  **Billy** is Deborah's descendant (Deborah is Billy's ancestor).
8.  **Deborah** is Samantha's descendant (Samantha is Deborah's ancestor).
9.  **Samantha** is Frances's descendant (Frances is Samantha's ancestor).
10. **Frances** is Carl's descendant.
11. **Carl** is Frank's descendant.
12. **Frank** is Madison's descendant.
13. **Madison** is Justin's descendant.
14. **Justin** is Melissa's descendant.
15. **Melissa** is Laura's descendant (Laura is Melissa's ancestor).
16. **Laura** is Kayla's descendant (Kayla is Laura's ancestor).
17. **Kayla** is Angela's descendant (Angela is Kayla's ancestor).
18. **Angela** is Samuel's descendant.
19. **Samuel** is Katherine's descendant.
20. **Katherine** is Jeremy's descendant.
21. **Jeremy** is Alan's descendant.
22. **Alan** is Ethan's descendant (Ethan is Alan's ancestor).

Thus, Kyle is a descendant of Ethan.

**Conclusion:**
Both Tyler and Kyle are descendants of Ethan. Therefore, they share a common ancestor (Ethan). The paths do not converge further down (no common descendant found).

<ANSWER>4</ANSWER>"
128,COMMON_DESCENDANT,2,"Given the following lineage relationships:
* Billy is Patrick's ancestor.
* Jeremy is Frances's ancestor.
* Samantha is Raymond's descendant.
* Grace is Doris's descendant.
* Timothy is Charlotte's ancestor.
* Sandra is Brenda's ancestor.
* Joan is Donna's descendant.
* Patrick is Rachel's ancestor.
* Barbara is Jessica's ancestor.
* Paul is Kayla's ancestor.
* Matthew is Ruth's descendant.
* Abigail is Mark's descendant.
* Karen is Randy's ancestor.
* Aaron is Ann's ancestor.
* Gloria is Lawrence's descendant.
* Andrea is Scott's ancestor.
* Albert is Keith's descendant.
* Gary is Diane's descendant.
* Wayne is Olivia's ancestor.
* Edward is Sean's ancestor.
* Evelyn is Ashley's ancestor.
* Joshua is Scott's descendant.
* Donna is Samantha's descendant.
* Christian is Jonathan's descendant.
* Beverly is Jessica's descendant.
* Thomas is Amy's ancestor.
* Walter is Martha's ancestor.
* Randy is Michelle's ancestor.
* Joyce is Donald's descendant.
* Juan is Edward's ancestor.
* Ralph is Donald's ancestor.
* Virginia is Richard's ancestor.
* Jeffrey is Andrew's ancestor.
* Jason is Wayne's ancestor.
* Kayla is Jason's ancestor.
* Grace is Christine's ancestor.
* Kathryn is Juan's ancestor.
* Rachel is Nancy's descendant.
* Kimberly is Judy's descendant.
* Andrew is Walter's ancestor.
* Kathryn is Matthew's descendant.
* Sara is Barbara's ancestor.
* Noah is Michael's descendant.
* Janice is Nancy's ancestor.
* Beverly is Karen's ancestor.
* Joe is Catherine's descendant.
* Katherine is Abigail's descendant.
* Harold is Ethan's descendant.
* Carolyn is Jordan's ancestor.
* Maria is Bradley's ancestor.
* Victoria is Angela's descendant.
* Mason is James's descendant.
* Elijah is Gregory's descendant.
* Harold is Justin's ancestor.
* Denise is Timothy's ancestor.
* Kevin is Bryan's ancestor.
* Janice is Joe's descendant.
* Sarah is Jennifer's ancestor.
* Hannah is Jeffrey's ancestor.
* Linda is Robert's descendant.
* Debra is Joseph's ancestor.
* Katherine is Emily's ancestor.
* Raymond is Russell's descendant.
* Susan is Jonathan's ancestor.
* Joseph is Sara's ancestor.
* Billy is Julie's descendant.
* Alexis is Amy's descendant.
* Julie is Jesse's descendant.
* Michael is Julia's descendant.
* Jennifer is Ronald's ancestor.
* Lisa is Gregory's ancestor.
* Zachary is Tyler's descendant.
* Anthony is Lawrence's ancestor.
* Laura is Bruce's ancestor.
* Jesse is Roger's descendant.
* Gabriel is Joshua's descendant.
* Bobby is Kathleen's ancestor.
* Kathleen is Jeremy's ancestor.
* Anthony is Mary's descendant.
* Stephen is Ann's descendant.
* Brian is Virginia's ancestor.
* Cheryl is Brian's ancestor.
* Sandra is Bruce's descendant.
* Debra is Richard's descendant.
* Robert is Victoria's descendant.
* Justin is Ruth's ancestor.
* Catherine is Stephen's descendant.
* Albert is Arthur's ancestor.
* Gabriel is Hannah's ancestor.
* Vincent is Laura's ancestor.
* Megan is Noah's descendant.
* Brittany is Mary's ancestor.
* Joan is Carolyn's ancestor.
* Maria is Kimberly's descendant.
* Olivia is Evelyn's ancestor.
* Carl is Paul's ancestor.
* Angela is Emily's descendant.
* Bryan is Doris's ancestor.
* Dorothy is Gary's descendant.
* Alexis is Carol's ancestor.
* Carl is Martha's descendant.
* Bradley is Roy's ancestor.
* Diane is Megan's descendant.
* Ronald is Roger's ancestor.
* Joyce is Lisa's ancestor.
* Christine is Susan's ancestor.
* Bobby is Nicholas's descendant.
* Zachary is Julia's ancestor.
* Thomas is Roy's descendant.
* Ralph is Arthur's descendant.
* Diana is Carol's descendant.
* Nicholas is Gloria's descendant.
* Ashley is Keith's ancestor.
* Elijah is Ethan's ancestor.
* Mason is Brandon's ancestor.
* Brenda is Denise's ancestor.
* Sean is Mark's ancestor.
* Janet is Diana's descendant.
* Janet is James's ancestor.
* Russell is Charlotte's descendant.
* Brandon is Andrea's ancestor.
* Kevin is Jordan's descendant.
* Brittany is Linda's descendant.
* Frances is Cheryl's ancestor.
* Vincent is Michelle's descendant.
* Aaron is Christian's descendant.
* Dorothy is Judy's ancestor.
Determine the lineage relationship between Sarah and Tyler.
Select the correct answer:
1. Sarah and Tyler share a common ancestor.
2. Sarah and Tyler share a common descendant.
3. Sarah is Tyler's descendant.
4. Sarah is Tyler's ancestor.
5. None of the above is correct.
Enclose the selected answer number in the <ANSWER> tag, for example: <ANSWER>1</ANSWER>.",z-ai/glm-5,Z.AI,,,"To determine the lineage relationship between Sarah and Tyler, we must trace the ancestry lines for both individuals based on the provided statements.

**1. Trace Sarah's lineage:**
*   Statement 58 states: ""Sarah is Jennifer's ancestor.""
    *   This establishes the path: **Sarah → Jennifer**.
*   From Jennifer, we can trace a line of descendants:
    *   Statement 70: ""Jennifer is Ronald's ancestor."" (Jennifer → Ronald)
    *   Statement 102: ""Ronald is Roger's ancestor."" (Ronald → Roger)
    *   Statement 75: ""Jesse is Roger's descendant."" (Roger → Jesse)
    *   Statement 68: ""Julie is Jesse's descendant."" (Jesse → Julie)
    *   Statement 66: ""Billy is Julie's descendant."" (Julie → Billy)
    *   Statement 1: ""Billy is Patrick's ancestor."" (Billy → Patrick)
    *   Statement 8: ""Patrick is Rachel's ancestor."" (Patrick → Rachel)
    *   Path: **Sarah → ... → Rachel**.

**2. Trace Tyler's lineage:**
*   Statement 72 states: ""Zachary is Tyler's descendant.""
    *   This establishes the path: **Tyler → Zachary**.
*   From Zachary, we can trace a long line of descendants:
    *   Statement 106: ""Zachary is Julia's ancestor."" (Zachary → Julia)
    *   Statement 69: ""Michael is Julia's descendant."" (Julia → Michael)
    *   Statement 43: ""Noah is Michael's descendant."" (Michael → Noah)
    *   Statement 91: ""Megan is Noah's descendant."" (Noah → Megan)
    *   Statement 101: ""Diane is Megan's descendant."" (Megan → Diane)
    *   Statement 18: ""Gary is Diane's descendant."" (Diane → Gary)
    *   Statement 124: ""Dorothy is Gary's descendant."" (Gary → Dorothy)
    *   Statement 125: ""Dorothy is Judy's ancestor."" (Dorothy → Judy)
    *   Statement 39: ""Kimberly is Judy's descendant."" (Judy → Kimberly)
    *   Statement 94: ""Maria is Kimberly's descendant."" (Kimberly → Maria)
    *   Statement 50: ""Maria is Bradley's ancestor."" (Maria → Bradley)
    *   Statement 99: ""Bradley is Roy's ancestor."" (Bradley → Roy)
    *   Statement 107: ""Thomas is Roy's descendant."" (Roy → Thomas)
    *   Statement 26: ""Thomas is Amy's ancestor."" (Thomas → Amy)
    *   Statement 67: ""Alexis is Amy's descendant."" (Amy → Alexis)
    *   Statement 97: ""Alexis is Carol's ancestor."" (Alexis → Carol)
    *   Statement 109: ""Diana is Carol's descendant."" (Carol → Diana)
    *   Statement 116: ""Janet is Diana's descendant."" (Diana → Janet)
    *   Statement 117: ""Janet is James's ancestor."" (Janet → James)
    *   Statement 52: ""Mason is James's descendant."" (James → Mason)
    *   Statement 113: ""Mason is Brandon's ancestor."" (Mason → Brandon)
    *   Statement 119: ""Brandon is Andrea's ancestor."" (Brandon → Andrea)
    *   Statement 16: ""Andrea is Scott's ancestor."" (Andrea → Scott)
    *   Statement 22: ""Joshua is Scott's descendant."" (Scott → Joshua)
    *   Statement 76: ""Gabriel is Joshua's descendant."" (Joshua → Gabriel)
    *   Statement 89: ""Gabriel is Hannah's ancestor."" (Gabriel → Hannah)
    *   Statement 59: ""Hannah is Jeffrey's ancestor."" (Hannah → Jeffrey)
    *   Statement 33: ""Jeffrey is Andrew's ancestor."" (Jeffrey → Andrew)
    *   Statement 40: ""Andrew is Walter's ancestor."" (Andrew → Walter)
    *   Statement 27: ""Walter is Martha's ancestor."" (Walter → Martha)
    *   Statement 98: ""Carl is Martha's descendant."" (Martha → Carl)
    *   Statement 96: ""Carl is Paul's ancestor."" (Carl → Paul)
    *   Statement 10: ""Paul is Kayla's ancestor."" (Paul → Kayla)
    *   Statement 35: ""Kayla is Jason's ancestor."" (Kayla → Jason)
    *   Statement 34: ""Jason is Wayne's ancestor."" (Jason → Wayne)
    *   Statement 19: ""Wayne is Olivia's ancestor."" (Wayne → Olivia)
    *   Statement 95: ""Olivia is Evelyn's ancestor."" (Olivia → Evelyn)
    *   Statement 21: ""Evelyn is Ashley's ancestor."" (Evelyn → Ashley)
    *   Statement 111: ""Ashley is Keith's ancestor."" (Ashley → Keith)
    *   Statement 17: ""Albert is Keith's descendant."" (Keith → Albert)
    *   Statement 88: ""Albert is Arthur's ancestor."" (Albert → Arthur)
    *   Statement 108: ""Ralph is Arthur's descendant."" (Arthur → Ralph)
    *   Statement 31: ""Ralph is Donald's ancestor."" (Ralph → Donald)
    *   Statement 29: ""Joyce is Donald's descendant."" (Donald → Joyce)
    *   Statement 103: ""Joyce is Lisa's ancestor."" (Joyce → Lisa)
    *   Statement 71: ""Lisa is Gregory's ancestor."" (Lisa → Gregory)
    *   Statement 53: ""Elijah is Gregory's descendant."" (Gregory → Elijah)
    *   Statement 112: ""Elijah is Ethan's ancestor."" (Elijah → Ethan)
    *   Statement 48: ""Harold is Ethan's descendant."" (Ethan → Harold)
    *   Statement 54: ""Harold is Justin's ancestor."" (Harold → Justin)
    *   Statement 86: ""Justin is Ruth's ancestor."" (Justin → Ruth)
    *   Statement 11: ""Matthew is Ruth's descendant."" (Ruth → Matthew)
    *   Statement 41: ""Kathryn is Matthew's descendant."" (Matthew → Kathryn)
    *   Statement 37: ""Kathryn is Juan's ancestor."" (Kathryn → Juan)
    *   Statement 30: ""Juan is Edward's ancestor."" (Juan → Edward)
    *   Statement 20: ""Edward is Sean's ancestor."" (Edward → Sean)
    *   Statement 115: ""Sean is Mark's ancestor."" (Sean → Mark)
    *   Statement 12: ""Abigail is Mark's descendant."" (Mark → Abigail)
    *   Statement 47: ""Katherine is Abigail's descendant."" (Abigail → Katherine)
    *   Statement 62: ""Katherine is Emily's ancestor."" (Katherine → Emily)
    *   Statement 51: ""Angela is Emily's descendant."" (Emily → Angela)
    *   Statement 51: ""Victoria is Angela's descendant."" (Angela → Victoria)
    *   Statement 85: ""Robert is Victoria's descendant."" (Victoria → Robert)
    *   Statement 60: ""Linda is Robert's descendant."" (Robert → Linda)
    *   Statement 121: ""Brittany is Linda's descendant."" (Linda → Brittany)
    *   Statement 92: ""Brittany is Mary's ancestor."" (Brittany → Mary)
    *   Statement 79: ""Anthony is Mary's descendant."" (Mary → Anthony)
    *   Statement 73: ""Anthony is Lawrence's ancestor."" (Anthony → Lawrence)
    *   Statement 15: ""Gloria is Lawrence's descendant."" (Lawrence → Gloria)
    *   Statement 110: ""Nicholas is Gloria's descendant."" (Gloria → Nicholas)
    *   Statement 105: ""Bobby is Nicholas's descendant."" (Nicholas → Bobby)
    *   Statement 77: ""Bobby is Kathleen's ancestor."" (Bobby → Kathleen)
    *   Statement 78: ""Kathleen is Jeremy's ancestor."" (Kathleen → Jeremy)
    *   Statement 2: ""Jeremy is Frances's ancestor."" (Jeremy → Frances)
    *   Statement 122: ""Frances is Cheryl's ancestor."" (Frances → Cheryl)
    *   Statement 82: ""Cheryl is Brian's ancestor."" (Cheryl → Brian)
    *   Statement 81: ""Brian is Virginia's ancestor."" (Brian → Virginia)
    *   Statement 32: ""Virginia is Richard's ancestor."" (Virginia → Richard)
    *   Statement 84: ""Debra is Richard's descendant."" (Richard → Debra)
    *   Statement 61: ""Debra is Joseph's descendant."" (Joseph → Debra)
    *   Statement 65: ""Joseph is Sara's ancestor."" (Joseph → Sara)
    *   Statement 42: ""Sara is Barbara's ancestor."" (Sara → Barbara)
    *   Statement 9: ""Barbara is Jessica's ancestor."" (Barbara → Jessica)
    *   Statement 25: ""Beverly is Jessica's descendant."" (Jessica → Beverly)
    *   Statement 45: ""Beverly is Karen's ancestor."" (Beverly → Karen)
    *   Statement 13: ""Karen is Randy's ancestor."" (Karen → Randy)
    *   Statement 28: ""Randy is Michelle's ancestor."" (Randy → Michelle)
    *   Statement 123: ""Vincent is Michelle's descendant."" (Michelle → Vincent)
    *   Statement 90: ""Vincent is Laura's ancestor."" (Vincent → Laura)
    *   Statement 74: ""Laura is Bruce's ancestor."" (Laura → Bruce)
    *   Statement 83: ""Sandra is Bruce's descendant."" (Bruce → Sandra)
    *   Statement 6: ""Sandra is Brenda's ancestor."" (Sandra → Brenda)
    *   Statement 114: ""Brenda is Denise's ancestor."" (Brenda → Denise)
    *   Statement 55: ""Denise is Timothy's ancestor."" (Denise → Timothy)
    *   Statement 5: ""Timothy is Charlotte's ancestor."" (Timothy → Charlotte)
    *   Statement 118: ""Russell is Charlotte's descendant."" (Charlotte → Russell)
    *   Statement 63: ""Raymond is Russell's descendant."" (Russell → Raymond)
    *   Statement 3: ""Samantha is Raymond's descendant."" (Raymond → Samantha)
    *   Statement 23: ""Donna is Samantha's descendant."" (Samantha → Donna)
    *   Statement 7: ""Joan is Donna's descendant."" (Donna → Joan)
    *   Statement 93: ""Joan is Carolyn's ancestor."" (Joan → Carolyn)
    *   Statement 49: ""Carolyn is Jordan's ancestor."" (Carolyn → Jordan)
    *   Statement 120: ""Kevin is Jordan's descendant."" (Jordan → Kevin)
    *   Statement 56: ""Kevin is Bryan's ancestor."" (Kevin → Bryan)
    *   Statement 100: ""Bryan is Doris's ancestor."" (Bryan → Doris)
    *   Statement 4: ""Grace is Doris's descendant."" (Doris → Grace)
    *   Statement 36: ""Grace is Christine's ancestor."" (Grace → Christine)
    *   Statement 104: ""Christine is Susan's ancestor."" (Christine → Susan)
    *   Statement 64: ""Susan is Jonathan's ancestor."" (Susan → Jonathan)
    *   Statement 24: ""Christian is Jonathan's descendant."" (Jonathan → Christian)
    *   Statement 124: ""Aaron is Christian's descendant."" (Christian → Aaron)
    *   Statement 14: ""Aaron is Ann's ancestor."" (Aaron → Ann)
    *   Statement 80: ""Stephen is Ann's descendant."" (Ann → Stephen)
    *   Statement 87: ""Catherine is Stephen's descendant."" (Stephen → Catherine)
    *   Statement 46: ""Joe is Catherine's descendant."" (Catherine → Joe)
    *   Statement 57: ""Janice is Joe's descendant."" (Joe → Janice)
    *   Statement 44: ""Janice is Nancy's ancestor."" (Janice → Nancy)
    *   Statement 38: ""Rachel is Nancy's descendant."" (Nancy → Rachel)
    *   Path: **Tyler → ... → Nancy → Rachel**.

**Conclusion:**
Both Sarah and Tyler are ancestors of Rachel.
*   Sarah is an ancestor of Rachel (via Patrick).
*   Tyler is an ancestor of Rachel (via Nancy).
Therefore, Sarah and Tyler share a common descendant, Rachel. Note that ""Sara"" (in the Tyler chain) and ""Sarah"" (in the Sarah chain) are distinct individuals in the list, similar to ""Julie"" and ""Julia"".

<ANSWER>2</ANSWER>"
128,ANCESTOR,1,"Given the following lineage relationships:
* Pamela is Barbara's descendant.
* Elijah is Anthony's descendant.
* Edward is Brittany's descendant.
* Diana is Walter's descendant.
* Stephanie is Denise's descendant.
* Julia is Harold's descendant.
* Jacqueline is Victoria's descendant.
* Mark is Noah's ancestor.
* Marie is Stephen's ancestor.
* Emily is Kimberly's descendant.
* Nancy is Mark's ancestor.
* Barbara is Peter's descendant.
* Marilyn is Judy's ancestor.
* Betty is Raymond's ancestor.
* Mary is Charlotte's ancestor.
* Raymond is Harold's ancestor.
* Charles is Kelly's descendant.
* Gabriel is Austin's descendant.
* Lawrence is Kayla's ancestor.
* Kimberly is Lisa's descendant.
* Julia is Bruce's ancestor.
* Jesse is Roy's ancestor.
* Joshua is Diana's descendant.
* Danielle is Frances's ancestor.
* Andrea is William's ancestor.
* Mason is Brandon's ancestor.
* Evelyn is Jean's descendant.
* Natalie is Bryan's ancestor.
* Alice is Nicholas's ancestor.
* Ralph is Lauren's descendant.
* Julie is Isabella's descendant.
* Brenda is Martha's descendant.
* Rebecca is Jose's descendant.
* Charlotte is Alan's ancestor.
* Zachary is Vincent's descendant.
* Bobby is Larry's ancestor.
* Kenneth is Carl's descendant.
* Megan is Nathan's ancestor.
* Scott is Kayla's descendant.
* Dorothy is Jacob's ancestor.
* Shirley is Stephen's descendant.
* Janet is Henry's descendant.
* Jerry is Willie's ancestor.
* Bradley is Danielle's ancestor.
* Cheryl is Alexander's descendant.
* Diane is George's descendant.
* Kathleen is Abigail's descendant.
* Christian is Samantha's ancestor.
* Carolyn is Pamela's descendant.
* Kyle is George's ancestor.
* Margaret is Brandon's descendant.
* Laura is Nicole's descendant.
* Michael is Walter's ancestor.
* Abigail is Joseph's descendant.
* Susan is Nathan's descendant.
* Helen is Mary's ancestor.
* John is Peter's ancestor.
* Wayne is Victoria's ancestor.
* Beverly is Susan's descendant.
* Amanda is Grace's ancestor.
* Marie is Kenneth's descendant.
* Marilyn is Frances's descendant.
* Anthony is Jason's descendant.
* Kelly is Scott's descendant.
* Dennis is Linda's ancestor.
* Noah is Kyle's ancestor.
* Austin is Brenda's descendant.
* Wayne is Bruce's descendant.
* Stephanie is Carl's ancestor.
* Sandra is Zachary's descendant.
* Sean is Patrick's ancestor.
* Jacob is Gloria's ancestor.
* Jonathan is Virginia's descendant.
* Gloria is Teresa's ancestor.
* Randy is Jerry's ancestor.
* Alan is Henry's ancestor.
* Jason is Laura's descendant.
* Betty is Nicholas's descendant.
* Mason is Richard's descendant.
* Samantha is Jose's ancestor.
* Margaret is Sean's ancestor.
* Evelyn is Christian's ancestor.
* Daniel is Carolyn's descendant.
* Jeffrey is Helen's ancestor.
* Teresa is Logan's ancestor.
* Judy is Jessica's ancestor.
* Arthur is Eric's ancestor.
* Virginia is Jessica's descendant.
* Patricia is Ruth's descendant.
* Jesse is Sandra's descendant.
* Linda is Andrea's ancestor.
* Bradley is Logan's descendant.
* Willie is Nancy's ancestor.
* Martha is Madison's descendant.
* Patrick is Isabella's ancestor.
* Vincent is Rebecca's descendant.
* Jean is Gary's descendant.
* Adam is Judith's ancestor.
* Jeremy is Arthur's ancestor.
* Diane is John's ancestor.
* Jeffrey is William's descendant.
* Lawrence is Maria's descendant.
* Melissa is Patricia's descendant.
* Randy is Ralph's descendant.
* Michael is Daniel's descendant.
* Jeremy is Jacqueline's descendant.
* Lisa is Kathleen's descendant.
* Julie is Alexander's ancestor.
* Roy is Christine's ancestor.
* Joshua is Alice's ancestor.
* Eric is Ruth's ancestor.
* Shirley is Natalie's ancestor.
* Dennis is Emily's descendant.
* David is Larry's descendant.
* Megan is Grace's descendant.
* Dorothy is David's descendant.
* Nicole is Gabriel's descendant.
* Elijah is Denise's ancestor.
* Adam is Bryan's descendant.
* Janet is Richard's ancestor.
* Melissa is Gary's ancestor.
* Maria is Jonathan's descendant.
* Brittany is Cheryl's descendant.
* Joseph is Charles's descendant.
* Edward is Amanda's ancestor.
* Madison is Christine's descendant.
* Bobby is Judith's descendant.
Determine the lineage relationship between Lauren and Beverly.
Select the correct answer:
1. Lauren is Beverly's ancestor.
2. Lauren and Beverly share a common descendant.
3. Lauren is Beverly's descendant.
4. Lauren and Beverly share a common ancestor.
5. None of the above is correct.
Enclose the selected answer number in the <ANSWER> tag, for example: <ANSWER>1</ANSWER>.",z-ai/glm-5,Z.AI,,,"To determine the lineage relationship between Lauren and Beverly, we can trace the relationships step-by-step from Lauren down to Beverly.

1.  **Lauren** is the ancestor of Ralph (""Ralph is Lauren's descendant"").
2.  **Ralph** is the ancestor of Randy (""Randy is Ralph's descendant"").
3.  **Randy** is the ancestor of Jerry (""Randy is Jerry's ancestor"").
4.  **Jerry** is the ancestor of Willie (""Jerry is Willie's ancestor"").
5.  **Willie** is the ancestor of Nancy (""Willie is Nancy's ancestor"").
6.  **Nancy** is the ancestor of Mark (""Nancy is Mark's ancestor"").
7.  **Mark** is the ancestor of Noah (""Mark is Noah's ancestor"").
8.  **Noah** is the ancestor of Kyle (""Noah is Kyle's ancestor"").
9.  **Kyle** is the ancestor of George (""Kyle is George's ancestor"").
10. **George** is the ancestor of Diane (""Diane is George's descendant"").
11. **Diane** is the ancestor of John (""Diane is John's ancestor"").
12. **John** is the ancestor of Peter (""John is Peter's ancestor"").
13. **Peter** is the ancestor of Barbara (""Barbara is Peter's descendant"").
14. **Barbara** is the ancestor of Pamela (""Pamela is Barbara's descendant"").
15. **Pamela** is the ancestor of Carolyn (""Carolyn is Pamela's descendant"").
16. **Carolyn** is the ancestor of Daniel (""Daniel is Carolyn's descendant"").
17. **Daniel** is the ancestor of Michael (""Michael is Daniel's descendant"").
18. **Michael** is the ancestor of Walter (""Michael is Walter's ancestor"").
19. **Walter** is the ancestor of Diana (""Diana is Walter's descendant"").
20. **Diana** is the ancestor of Joshua (""Joshua is Diana's descendant"").
21. **Joshua** is the ancestor of Alice (""Joshua is Alice's ancestor"").
22. **Alice** is the ancestor of Nicholas (""Alice is Nicholas's ancestor"").
23. **Nicholas** is the ancestor of Betty (""Betty is Nicholas's descendant"").
24. **Betty** is the ancestor of Raymond (""Betty is Raymond's ancestor"").
25. **Raymond** is the ancestor of Harold (""Raymond is Harold's ancestor"").
26. **Harold** is the ancestor of Julia (""Julia is Harold's descendant"").
27. **Julia** is the ancestor of Bruce (""Julia is Bruce's ancestor"").
28. **Bruce** is the ancestor of Wayne (""Wayne is Bruce's descendant"").
29. **Wayne** is the ancestor of Victoria (""Wayne is Victoria's ancestor"").
30. **Victoria** is the ancestor of Jacqueline (""Jacqueline is Victoria's descendant"").
31. **Jacqueline** is the ancestor of Jeremy (""Jeremy is Jacqueline's descendant"").
32. **Jeremy** is the ancestor of Arthur (""Jeremy is Arthur's ancestor"").
33. **Arthur** is the ancestor of Eric (""Arthur is Eric's ancestor"").
34. **Eric** is the ancestor of Ruth (""Eric is Ruth's ancestor"").
35. **Ruth** is the ancestor of Patricia (""Patricia is Ruth's descendant"").
36. **Patricia** is the ancestor of Melissa (""Melissa is Patricia's descendant"").
37. **Melissa** is the ancestor of Gary (""Melissa is Gary's ancestor"").
38. **Gary** is the ancestor of Jean (""Jean is Gary's descendant"").
39. **Jean** is the ancestor of Evelyn (""Evelyn is Jean's descendant"").
40. **Evelyn** is the ancestor of Christian (""Evelyn is Christian's ancestor"").
41. **Christian** is the ancestor of Samantha (""Christian is Samantha's ancestor"").
42. **Samantha** is the ancestor of Jose (""Samantha is Jose's ancestor"").
43. **Jose** is the ancestor of Rebecca (""Rebecca is Jose's descendant"").
44. **Rebecca** is the ancestor of Vincent (""Vincent is Rebecca's descendant"").
45. **Vincent** is the ancestor of Zachary (""Zachary is Vincent's descendant"").
46. **Zachary** is the ancestor of Sandra (""Sandra is Zachary's descendant"").
47. **Sandra** is the ancestor of Jesse (""Jesse is Sandra's descendant"").
48. **Jesse** is the ancestor of Roy (""Jesse is Roy's ancestor"").
49. **Roy** is the ancestor of Christine (""Roy is Christine's ancestor"").
50. **Christine** is the ancestor of Madison (""Madison is Christine's descendant"").
51. **Madison** is the ancestor of Martha (""Martha is Madison's descendant"").
52. **Martha** is the ancestor of Brenda (""Brenda is Martha's descendant"").
53. **Brenda** is the ancestor of Austin (""Austin is Brenda's descendant"").
54. **Austin** is the ancestor of Gabriel (""Gabriel is Austin's descendant"").
55. **Gabriel** is the ancestor of Nicole (""Nicole is Gabriel's descendant"").
56. **Nicole** is the ancestor of Laura (""Laura is Nicole's descendant"").
57. **Laura** is the ancestor of Jason (""Jason is Laura's descendant"").
58. **Jason** is the ancestor of Anthony (""Anthony is Jason's descendant"").
59. **Anthony** is the ancestor of Elijah (""Elijah is Anthony's descendant"").
60. **Elijah** is the ancestor of Denise (""Elijah is Denise's ancestor"").
61. **Denise** is the ancestor of Stephanie (""Stephanie is Denise's descendant"").
62. **Stephanie** is the ancestor of Carl (""Stephanie is Carl's ancestor"").
63. **Carl** is the ancestor of Kenneth (""Kenneth is Carl's descendant"").
64. **Kenneth** is the ancestor of Marie (""Marie is Kenneth's descendant"").
65. **Marie** is the ancestor of Stephen (""Marie is Stephen's ancestor"").
66. **Stephen** is the ancestor of Shirley (""Shirley is Stephen's descendant"").
67. **Shirley** is the ancestor of Natalie (""Shirley is Natalie's ancestor"").
68. **Natalie** is the ancestor of Bryan (""Natalie is Bryan's ancestor"").
69. **Bryan** is the ancestor of Adam (""Adam is Bryan's descendant"").
70. **Adam** is the ancestor of Judith (""Adam is Judith's ancestor"").
71. **Judith** is the ancestor of Bobby (""Bobby is Judith's descendant"").
72. **Bobby** is the ancestor of Larry (""Bobby is Larry's ancestor"").
73. **Larry** is the ancestor of David (""David is Larry's descendant"").
74. **David** is the ancestor of Dorothy (""Dorothy is David's descendant"").
75. **Dorothy** is the ancestor of Jacob (""Dorothy is Jacob's ancestor"").
76. **Jacob** is the ancestor of Gloria (""Jacob is Gloria's ancestor"").
77. **Gloria** is the ancestor of Teresa (""Gloria is Teresa's ancestor"").
78. **Teresa** is the ancestor of Logan (""Teresa is Logan's ancestor"").
79. **Logan** is the ancestor of Bradley (""Bradley is Logan's descendant"").
80. **Bradley** is the ancestor of Danielle (""Bradley is Danielle's ancestor"").
81. **Danielle** is the ancestor of Frances (""Danielle is Frances's ancestor"").
82. **Frances** is the ancestor of Marilyn (""Marilyn is Frances's descendant"").
83. **Marilyn** is the ancestor of Judy (""Marilyn is Judy's ancestor"").
84. **Judy** is the ancestor of Jessica (""Judy is Jessica's ancestor"").
85. **Jessica** is the ancestor of Virginia (""Virginia is Jessica's descendant"").
86. **Virginia** is the ancestor of Jonathan (""Jonathan is Virginia's descendant"").
87. **Jonathan** is the ancestor of Maria (""Maria is Jonathan's descendant"").
88. **Maria** is the ancestor of Lawrence (""Lawrence is Maria's descendant"").
89. **Lawrence** is the ancestor of Kayla (""Lawrence is Kayla's ancestor"").
90. **Kayla** is the ancestor of Scott (""Scott is Kayla's descendant"").
91. **Scott** is the ancestor of Kelly (""Kelly is Scott's descendant"").
92. **Kelly** is the ancestor of Charles (""Charles is Kelly's descendant"").
93. **Charles** is the ancestor of Joseph (""Joseph is Charles's descendant"").
94. **Joseph** is the ancestor of Abigail (""Abigail is Joseph's descendant"").
95. **Abigail** is the ancestor of Kathleen (""Kathleen is Abigail's descendant"").
96. **Kathleen** is the ancestor of Lisa (""Lisa is Kathleen's descendant"").
97. **Lisa** is the ancestor of Kimberly (""Kimberly is Lisa's descendant"").
98. **Kimberly** is the ancestor of Emily (""Emily is Kimberly's descendant"").
99. **Emily** is the ancestor of Dennis (""Dennis is Emily's descendant"").
100. **Dennis** is the ancestor of Linda (""Dennis is Linda's ancestor"").
101. **Linda** is the ancestor of Andrea (""Linda is Andrea's ancestor"").
102. **Andrea** is the ancestor of William (""Andrea is William's ancestor"").
103. **William** is the ancestor of Jeffrey (""Jeffrey is William's descendant"").
104. **Jeffrey** is the ancestor of Helen (""Jeffrey is Helen's ancestor"").
105. **Helen** is the ancestor of Mary (""Helen is Mary's ancestor"").
106. **Mary** is the ancestor of Charlotte (""Mary is Charlotte's ancestor"").
107. **Charlotte** is the ancestor of Alan (""Charlotte is Alan's ancestor"").
108. **Alan** is the ancestor of Henry (""Alan is Henry's ancestor"").
109. **Henry** is the ancestor of Janet (""Janet is Henry's descendant"").
110. **Janet** is the ancestor of Richard (""Janet is Richard's ancestor"").
111. **Richard** is the ancestor of Mason (""Mason is Richard's descendant"").
112. **Mason** is the ancestor of Brandon (""Mason is Brandon's ancestor"").
113. **Brandon** is the ancestor of Margaret (""Margaret is Brandon's descendant"").
114. **Margaret** is the ancestor of Sean (""Margaret is Sean's ancestor"").
115. **Sean** is the ancestor of Patrick (""Sean is Patrick's ancestor"").
116. **Patrick** is the ancestor of Isabella (""Patrick is Isabella's ancestor"").
117. **Isabella** is the ancestor of Julie (""Julie is Isabella's descendant"").
118. **Julie** is the ancestor of Alexander (""Julie is Alexander's ancestor"").
119. **Alexander** is the ancestor of Cheryl (""Cheryl is Alexander's descendant"").
120. **Cheryl** is the ancestor of Brittany (""Brittany is Cheryl's descendant"").
121. **Brittany** is the ancestor of Edward (""Edward is Brittany's descendant"").
122. **Edward** is the ancestor of Amanda (""Edward is Amanda's ancestor"").
123. **Amanda** is the ancestor of Grace (""Amanda is Grace's ancestor"").
124. **Grace** is the ancestor of Megan (""Megan is Grace's descendant"").
125. **Megan** is the ancestor of Nathan (""Megan is Nathan's ancestor"").
126. **Nathan** is the ancestor of Susan (""Susan is Nathan's descendant"").
127. **Susan** is the ancestor of Beverly (""Beverly is Susan's descendant"").

Since there is a direct lineage path from Lauren to Beverly, Lauren is Beverly's ancestor.

<ANSWER>1</ANSWER>"
128,DESCENDANT,4,"Given the following lineage relationships:
* Harold is Gregory's descendant.
* Steven is Martha's ancestor.
* Kenneth is Randy's ancestor.
* Gary is Andrew's descendant.
* Robert is Dorothy's descendant.
* Maria is Carl's ancestor.
* Frank is Diana's ancestor.
* Anna is Juan's ancestor.
* Isabella is Jeffrey's ancestor.
* Dylan is Gerald's descendant.
* Kelly is Jason's ancestor.
* Thomas is Wayne's descendant.
* Catherine is Theresa's descendant.
* George is Jeremy's ancestor.
* Marilyn is Danielle's descendant.
* Nicole is Kayla's ancestor.
* Gabriel is Ashley's ancestor.
* Jose is Timothy's ancestor.
* Matthew is Donna's descendant.
* Emma is Jacqueline's ancestor.
* Megan is James's ancestor.
* Lisa is Adam's ancestor.
* Jacqueline is Carolyn's ancestor.
* Heather is Sara's descendant.
* Betty is Stephanie's ancestor.
* Janet is Karen's descendant.
* Lawrence is Jeffrey's descendant.
* Cheryl is Grace's descendant.
* Randy is Ryan's ancestor.
* Lauren is Bruce's descendant.
* Hannah is Jeremy's descendant.
* George is Walter's descendant.
* Adam is Danielle's ancestor.
* Roger is Judy's ancestor.
* Amy is Abigail's descendant.
* Frank is Larry's descendant.
* Jerry is Robert's descendant.
* Angela is Carl's descendant.
* Wayne is Susan's descendant.
* Jennifer is Roy's ancestor.
* Debra is Dennis's ancestor.
* Ronald is Elijah's descendant.
* Benjamin is Juan's descendant.
* Maria is Lauren's descendant.
* Emma is Alan's descendant.
* Madison is Stephen's ancestor.
* Ruth is Edward's descendant.
* Terry is Rebecca's ancestor.
* Gerald is Stephanie's descendant.
* Larry is Charles's descendant.
* Logan is Benjamin's descendant.
* Douglas is Betty's ancestor.
* Amber is Laura's descendant.
* Cheryl is Ralph's ancestor.
* Ann is Patricia's ancestor.
* Jacob is Dylan's descendant.
* Peter is Anna's ancestor.
* Eugene is Christopher's descendant.
* Keith is Albert's descendant.
* Virginia is Gary's descendant.
* Ashley is Jean's ancestor.
* Sandra is Shirley's descendant.
* Roger is Ruth's descendant.
* Joshua is Zachary's ancestor.
* Margaret is Laura's ancestor.
* Jason is Susan's ancestor.
* Carolyn is Ann's ancestor.
* Angela is Lisa's ancestor.
* Brittany is Evelyn's descendant.
* Kyle is Edward's ancestor.
* Ryan is Madison's ancestor.
* Amy is Christine's ancestor.
* Gabriel is Elizabeth's descendant.
* Charles is Marilyn's descendant.
* James is Sara's ancestor.
* Nicholas is Shirley's ancestor.
* Debra is Amanda's descendant.
* Amanda is Denise's descendant.
* Elizabeth is Virginia's descendant.
* Gregory is Jacob's descendant.
* Rachel is Dennis's descendant.
* Heather is Daniel's ancestor.
* Matthew is Henry's ancestor.
* Nicole is Pamela's descendant.
* Theresa is Rebecca's descendant.
* Alexander is Douglas's ancestor.
* Alan is Jean's descendant.
* Lawrence is Kimberly's ancestor.
* Steven is Roy's descendant.
* Alexis is Timothy's descendant.
* Pamela is Jerry's descendant.
* Catherine is Isabella's ancestor.
* Kelly is Linda's descendant.
* Abigail is Joseph's descendant.
* Elijah is Harold's descendant.
* Teresa is Kyle's ancestor.
* Ronald is Bruce's ancestor.
* Noah is Hannah's descendant.
* Daniel is Jennifer's ancestor.
* Joshua is Logan's descendant.
* Ralph is Richard's ancestor.
* Keith is Evelyn's ancestor.
* Sandra is Karen's ancestor.
* Thomas is Megan's ancestor.
* Rachel is Andrew's ancestor.
* Eric is Denise's ancestor.
* Brian is Stephen's descendant.
* Henry is David's ancestor.
* Joyce is Joseph's ancestor.
* Teresa is Charlotte's descendant.
* Eric is Noah's descendant.
* Kayla is Joyce's ancestor.
* Walter is Martha's descendant.
* Judy is Alexander's ancestor.
* Margaret is David's descendant.
* Kenneth is Zachary's descendant.
* Brian is Terry's ancestor.
* Dorothy is Richard's descendant.
* Amber is Beverly's ancestor.
* Charlotte is Alexis's descendant.
* Peter is Brittany's descendant.
* Christopher is Beverly's descendant.
* Grace is Janet's descendant.
* Albert is Eugene's descendant.
* Christine is Jose's ancestor.
* Patricia is Donna's ancestor.
* Nicholas is Kimberly's descendant.
Determine the lineage relationship between Diana and Linda.
Select the correct answer:
1. Diana is Linda's ancestor.
2. Diana and Linda share a common descendant.
3. Diana and Linda share a common ancestor.
4. Diana is Linda's descendant.
5. None of the above is correct.
Enclose the selected answer number in the <ANSWER> tag, for example: <ANSWER>1</ANSWER>.",z-ai/glm-5,Z.AI,,,"To determine the lineage relationship between Diana and Linda, we trace the relationships provided in the list.

**1. Trace Linda's lineage:**
*   *Kelly is Linda's descendant.* (Linda $\rightarrow$ Kelly)
*   *Kelly is Jason's ancestor.* (Kelly $\rightarrow$ Jason)
*   *Jason is Susan's ancestor.* (Jason $\rightarrow$ Susan)
*   *Wayne is Susan's descendant.* (Susan $\rightarrow$ Wayne)
*   *Thomas is Wayne's descendant.* (Wayne $\rightarrow$ Thomas)
*   *Thomas is Megan's ancestor.* (Thomas $\rightarrow$ Megan)
*   *Megan is James's ancestor.* (Megan $\rightarrow$ James)
*   *James is Sara's ancestor.* (James $\rightarrow$ Sara)
*   *Heather is Sara's descendant.* (Sara $\rightarrow$ Heather)
*   *Heather is Daniel's ancestor.* (Heather $\rightarrow$ Daniel)
*   *Daniel is Jennifer's ancestor.* (Daniel $\rightarrow$ Jennifer)
*   *Jennifer is Roy's ancestor.* (Jennifer $\rightarrow$ Roy)
*   *Steven is Roy's descendant.* (Roy $\rightarrow$ Steven)
*   *Steven is Martha's ancestor.* (Steven $\rightarrow$ Martha)
*   *Walter is Martha's descendant.* (Martha $\rightarrow$ Walter)
*   *George is Walter's descendant.* (Walter $\rightarrow$ George)
*   *George is Jeremy's ancestor.* (George $\rightarrow$ Jeremy)
*   *Hannah is Jeremy's descendant.* (Jeremy $\rightarrow$ Hannah)
*   *Noah is Hannah's descendant.* (Hannah $\rightarrow$ Noah)
*   *Eric is Noah's descendant.* (Noah $\rightarrow$ Eric)
This establishes Linda is an ancestor of Eric.

**2. Trace Diana's lineage:**
*   *Frank is Diana's ancestor.* (Frank $\rightarrow$ Diana)
*   *Frank is Larry's descendant.* (Larry $\rightarrow$ Frank)
*   *Larry is Charles's descendant.* (Charles $\rightarrow$ Larry)
*   *Charles is Marilyn's descendant.* (Marilyn $\rightarrow$ Charles)
*   *Marilyn is Danielle's descendant.* (Danielle $\rightarrow$ Marilyn)
*   ... (tracing upwards through Adam, Lisa, Angela, Carl, Maria, Lauren, Bruce, Ronald, Elijah, Harold, Gregory, Jacob, Dylan, Gerald, Stephanie, Betty, Douglas, Alexander, Judy, Roger, Ruth, Edward, Kyle, Teresa, Charlotte, Alexis, Timothy, Jose, Christine, Amy, Abigail, Joseph, Joyce, Kayla, Nicole, Pamela, Jerry, Robert, Dorothy, Richard, Ralph, Cheryl, Grace, Janet, Karen, Sandra, Shirley, Nicholas, Kimberly, Lawrence, Jeffrey, Isabella, Catherine, Theresa, Rebecca, Terry, Brian, Stephen, Madison, Ryan, Randy, Kenneth, Zachary, Joshua, Logan, Benjamin, Juan, Anna, Peter, Brittany, Evelyn, Keith, Albert, Eugene, Christopher, Beverly, Amber, Laura, Margaret, David, Henry, Matthew, Donna, Patricia, Ann, Carolyn, Jacqueline, Emma, Alan, Jean, Ashley, Gabriel, Elizabeth, Virginia, Gary, Andrew, Rachel, Dennis, Debra, Amanda) ...
*   *Amanda is Denise's descendant.* (Denise $\rightarrow$ Amanda)
This establishes Denise is an ancestor of Diana.

**3. Find the connection:**
We have two chains:
*   Linda $\rightarrow$ ... $\rightarrow$ Noah $\rightarrow$ Eric.
*   Denise $\rightarrow$ ... $\rightarrow$ Diana.
We look for a link involving Eric or Denise.
*   *Eric is Denise's descendant.* (Denise $\rightarrow$ Eric).

This creates the structure:
*   Linda is an ancestor of Noah.
*   Denise is an ancestor of Eric (via direct link) and an ancestor of Diana (via Amanda).
*   Eric is a descendant of both Noah and Denise.

This implies Noah and Denise are likely the parents (or ancestors) of Eric.
*   Linda is the ancestor of Eric's father (Noah).
*   Denise is the ancestor of Eric's mother (or other parent, Denise herself).
*   Diana is a descendant of Denise (from a different branch than Eric, through Amanda).

**Evaluating the options:**
1.  **Diana is Linda's ancestor:** False. Diana is a descendant of Denise. Linda is an ancestor of Noah. There is no path from Diana to Linda.
2.  **Diana and Linda share a common descendant:** False. Linda's descendant is Eric. Diana has no listed descendants. Eric is not a descendant of Diana (they are relatives via Denise, but Eric is not Diana's child/descendant).
3.  **Diana and Linda share a common ancestor:** False. Diana's ancestor is Denise. Linda's ancestors are unknown. There is no evidence they share a common ancestor.
4.  **Diana is Linda's descendant:** False. Diana is a descendant of Denise. Linda is an ancestor of Noah. There is no path from Linda to Diana.
5.  **None of the above is correct:** This is the correct choice.

<ANSWER>5</ANSWER>"
128,COMMON_ANCESTOR,1,"Given the following lineage relationships:
* Cheryl is Paul's ancestor.
* Nicole is Kathryn's ancestor.
* Samuel is Christopher's ancestor.
* Lori is Jeremy's ancestor.
* Rachel is Katherine's descendant.
* Denise is Virginia's descendant.
* Scott is Kayla's ancestor.
* Jacob is Christine's ancestor.
* Theresa is Alice's descendant.
* Gabriel is Susan's ancestor.
* Wayne is Judith's ancestor.
* Nicole is Evelyn's descendant.
* Joyce is Diane's ancestor.
* Christina is Donald's descendant.
* Keith is Linda's descendant.
* Brenda is Julia's ancestor.
* Randy is Lauren's descendant.
* Christina is Michelle's ancestor.
* Douglas is Debra's descendant.
* Sharon is Marie's descendant.
* Theresa is Stephen's ancestor.
* Gloria is Virginia's ancestor.
* Abigail is Tyler's descendant.
* Randy is Danielle's ancestor.
* Ann is Donald's ancestor.
* Katherine is Danielle's descendant.
* Gabriel is John's descendant.
* Janice is Jeremy's descendant.
* Christian is Carol's descendant.
* Grace is Jonathan's ancestor.
* Carl is Henry's descendant.
* Gregory is Jonathan's descendant.
* Margaret is Christopher's descendant.
* Hannah is Richard's descendant.
* Kyle is James's descendant.
* Brandon is Jason's ancestor.
* Pamela is Emily's ancestor.
* Roger is Rachel's descendant.
* Abigail is Lauren's ancestor.
* Julie is Benjamin's ancestor.
* Aaron is Dennis's descendant.
* Debra is Judith's descendant.
* Marilyn is Bruce's descendant.
* Hannah is Joyce's ancestor.
* Harold is Gerald's descendant.
* Billy is Robert's descendant.
* Kimberly is Judy's ancestor.
* Helen is Daniel's ancestor.
* Tyler is Christine's descendant.
* Michael is Jerry's ancestor.
* Patricia is Janice's descendant.
* Scott is Frank's descendant.
* Juan is Jacqueline's ancestor.
* Alan is Natalie's ancestor.
* Andrew is Robert's ancestor.
* Bruce is Patricia's descendant.
* Karen is Heather's ancestor.
* Michael is Elijah's descendant.
* Ann is Diana's descendant.
* Alexander is Brittany's descendant.
* Cynthia is Nancy's descendant.
* Sharon is Eugene's ancestor.
* Philip is Shirley's descendant.
* Kathryn is Joshua's ancestor.
* Brenda is Gregory's descendant.
* Susan is Frank's ancestor.
* Doris is Jennifer's ancestor.
* Andrew is Kayla's descendant.
* Noah is Kevin's descendant.
* Madison is Bradley's descendant.
* Juan is Nathan's descendant.
* Amanda is John's ancestor.
* Alexander is James's ancestor.
* Marie is Stephen's descendant.
* Brian is Patrick's descendant.
* Nicholas is Shirley's ancestor.
* Isabella is Carl's descendant.
* Eugene is Lori's ancestor.
* Terry is Catherine's ancestor.
* Carol is Donna's descendant.
* Doris is Daniel's descendant.
* Grace is Natalie's descendant.
* Nancy is Noah's descendant.
* Zachary is Diane's descendant.
* Alexis is Bradley's ancestor.
* Alan is Adam's descendant.
* Evelyn is Keith's descendant.
* Nicholas is Catherine's descendant.
* Nathan is Zachary's descendant.
* Wayne is Jean's descendant.
* Samuel is Cynthia's descendant.
* Donna is Adam's ancestor.
* Benjamin is Jean's ancestor.
* Paul is Melissa's ancestor.
* Megan is Roger's descendant.
* Gloria is Philip's descendant.
* Julie is Michelle's descendant.
* Jesse is Charles's descendant.
* Julia is Amanda's ancestor.
* Jerry is Gerald's ancestor.
* Douglas is Elijah's ancestor.
* Cheryl is Jennifer's descendant.
* Victoria is Angela's ancestor.
* Edward is Alice's ancestor.
* Denise is Brittany's ancestor.
* Patrick is Marilyn's descendant.
* Jason is Henry's ancestor.
* Timothy is Pamela's ancestor.
* Victoria is Christian's descendant.
* Judy is Alexis's ancestor.
* Dennis is Billy's descendant.
* Ralph is Bryan's descendant.
* Linda is Ralph's descendant.
* Aaron is Timothy's ancestor.
* Edward is Jesse's descendant.
* Kyle is Helen's ancestor.
* Melissa is Kevin's ancestor.
* Emily is Diana's ancestor.
* Joshua is Brandon's ancestor.
* Kimberly is Jacqueline's descendant.
* Karen is Harold's descendant.
* Margaret is Richard's ancestor.
* Madison is Jacob's ancestor.
* Isabella is Terry's ancestor.
* Megan is Samantha's ancestor.
* Bryan is Heather's descendant.
* Samantha is Charles's ancestor.
Determine the lineage relationship between Angela and Brian.
Select the correct answer:
1. Angela and Brian share a common ancestor.
2. Angela and Brian share a common descendant.
3. Angela is Brian's ancestor.
4. Angela is Brian's descendant.
5. None of the above is correct.
Enclose the selected answer number in the <ANSWER> tag, for example: <ANSWER>1</ANSWER>.",z-ai/glm-5,Z.AI,,,<ANSWER>1</ANSWER>
128,COMMON_DESCENDANT,3,"Given the following lineage relationships:
* Brian is Lori's ancestor.
* Eugene is Timothy's descendant.
* Emma is Ann's ancestor.
* Evelyn is Jack's ancestor.
* Jonathan is Gabriel's descendant.
* Jacqueline is Andrea's descendant.
* Kayla is Paul's descendant.
* Paul is Anna's descendant.
* Thomas is Deborah's descendant.
* Juan is Marilyn's descendant.
* Sarah is Julie's ancestor.
* Christian is Dylan's descendant.
* Patrick is Charles's descendant.
* Anna is Natalie's descendant.
* Melissa is Robert's descendant.
* Jesse is Beverly's descendant.
* Victoria is Edward's ancestor.
* Mark is Janet's descendant.
* Mason is Ralph's descendant.
* Douglas is Janet's ancestor.
* Eric is Joan's ancestor.
* Kenneth is Marie's descendant.
* James is Laura's descendant.
* Rebecca is Sophia's descendant.
* Edward is Michelle's ancestor.
* Mary is Frances's ancestor.
* Donna is Russell's descendant.
* Cynthia is Samantha's descendant.
* Julia is Marilyn's ancestor.
* Diane is Richard's ancestor.
* Jerry is Christian's descendant.
* Harold is Logan's descendant.
* Eric is Cynthia's descendant.
* Bradley is Debra's descendant.
* Samantha is Megan's descendant.
* Kelly is Patrick's descendant.
* Sharon is Dennis's ancestor.
* Linda is Charles's ancestor.
* Jacqueline is Karen's ancestor.
* Lisa is Abigail's descendant.
* Mary is Kathryn's descendant.
* Sharon is Stephen's descendant.
* Juan is Amber's ancestor.
* Jessica is Roger's descendant.
* Doris is Keith's descendant.
* Brittany is Gloria's ancestor.
* Benjamin is Melissa's descendant.
* Sara is Sarah's ancestor.
* Natalie is Julie's descendant.
* Nicholas is Gabriel's ancestor.
* Thomas is Roger's ancestor.
* Theresa is Scott's descendant.
* Jonathan is Jennifer's ancestor.
* Lisa is Aaron's ancestor.
* Theresa is Billy's ancestor.
* Douglas is Cheryl's descendant.
* Harold is Sara's ancestor.
* Austin is Gregory's ancestor.
* Philip is Albert's descendant.
* Beverly is Daniel's descendant.
* Willie is Mason's descendant.
* Christine is Austin's ancestor.
* Ashley is Ann's descendant.
* Matthew is Roy's descendant.
* Jean is Mark's descendant.
* Cheryl is Jack's descendant.
* Doris is Denise's ancestor.
* Nathan is Frances's descendant.
* Debra is Karen's descendant.
* Michelle is Linda's ancestor.
* Judith is Jessica's descendant.
* Marie is Rebecca's descendant.
* Christine is Lori's descendant.
* Patricia is Joyce's descendant.
* Ruth is Zachary's descendant.
* Alexander is Virginia's ancestor.
* Judy is Deborah's ancestor.
* Nicholas is Eugene's descendant.
* Timothy is Jeremy's descendant.
* Gloria is Russell's ancestor.
* Alexis is Kenneth's descendant.
* Brittany is Nathan's descendant.
* Helen is Megan's ancestor.
* Kayla is Dorothy's ancestor.
* Daniel is Dennis's descendant.
* Samuel is Judith's descendant.
* Emma is Jerry's descendant.
* Maria is Amber's descendant.
* Donna is Alice's ancestor.
* Bradley is Brian's ancestor.
* Ronald is Carol's ancestor.
* Aaron is Sophia's ancestor.
* Noah is Ralph's ancestor.
* Laura is Willie's descendant.
* Philip is Raymond's ancestor.
* Elijah is Benjamin's descendant.
* Jesse is Nancy's ancestor.
* Patricia is Joshua's ancestor.
* Jean is Joan's descendant.
* Jennifer is Logan's ancestor.
* Zachary is Richard's descendant.
* Samuel is Victoria's ancestor.
* Ronald is Elijah's descendant.
* Maria is Helen's ancestor.
* Frank is Noah's ancestor.
* Steven is Alexis's descendant.
* Joyce is James's descendant.
* Nancy is George's ancestor.
* Dorothy is Diane's ancestor.
* Stephen is Peter's descendant.
* Steven is Dylan's ancestor.
* Roy is Kelly's descendant.
* Virginia is Andrea's ancestor.
* Peter is Joshua's descendant.
* Lawrence is Alexander's ancestor.
* Billy is Judy's ancestor.
* Denise is Lawrence's ancestor.
* Jeremy is Alice's descendant.
* Katherine is Carol's descendant.
* Ruth is Frank's ancestor.
* Scott is Janice's descendant.
* Katherine is Kathryn's ancestor.
* George is Albert's ancestor.
* Janice is Raymond's descendant.
* Gregory is Evelyn's ancestor.
* Julia is Ashley's descendant.
* Matthew is Abigail's ancestor.
Determine the lineage relationship between Robert and Keith.
Select the correct answer:
1. Robert and Keith share a common ancestor.
2. Robert is Keith's ancestor.
3. Robert and Keith share a common descendant.
4. Robert is Keith's descendant.
5. None of the above is correct.
Enclose the selected answer number in the <ANSWER> tag, for example: <ANSWER>1</ANSWER>.",z-ai/glm-5,Z.AI,,,"To determine the relationship between Robert and Keith, we need to trace their lineage lines based on the provided statements.

**1. Trace Robert's Lineage Downwards (Descendants):**
*   Robert -> Melissa (""Melissa is Robert's descendant"")
*   Melissa -> Benjamin (""Benjamin is Melissa's descendant"")
*   Benjamin -> Elijah (""Elijah is Benjamin's descendant"")
*   Elijah -> Ronald (""Ronald is Elijah's descendant"")
*   Ronald -> Carol (""Ronald is Carol's ancestor"")
*   Carol -> Katherine (""Katherine is Carol's descendant"")
*   Katherine -> Kathryn (""Katherine is Kathryn's ancestor"")
*   Kathryn -> Mary (""Mary is Kathryn's descendant"")
*   Mary -> Frances (""Mary is Frances's ancestor"")
*   Frances -> Nathan (""Nathan is Frances's descendant"")
*   Nathan -> Brittany (""Brittany is Nathan's descendant"")
*   Brittany -> Gloria (""Brittany is Gloria's ancestor"")
*   Gloria -> Russell (""Gloria is Russell's ancestor"")
*   Russell -> Donna (""Donna is Russell's descendant"")
*   Donna -> Alice (""Donna is Alice's ancestor"")
*   Alice -> Jeremy (""Jeremy is Alice's descendant"")
*   Jeremy -> Timothy (""Timothy is Jeremy's descendant"")
*   Timothy -> Eugene (""Eugene is Timothy's descendant"")
*   Eugene -> Nicholas (""Nicholas is Eugene's descendant"")
*   Nicholas -> Gabriel (""Nicholas is Gabriel's ancestor"")
*   Gabriel -> Jonathan (""Jonathan is Gabriel's descendant"")
*   Jonathan -> Jennifer (""Jonathan is Jennifer's ancestor"")
*   Jennifer -> Logan (""Jennifer is Logan's ancestor"")
*   Logan -> Harold (""Harold is Logan's descendant"")
*   Harold -> Sara (""Harold is Sara's ancestor"")
*   Sara -> Sarah (""Sara is Sarah's ancestor"")
*   Sarah -> Julie (""Sarah is Julie's ancestor"")
*   Julie -> Natalie (""Natalie is Julie's descendant"")
*   Natalie -> Anna (""Anna is Natalie's descendant"")
*   Anna -> Paul (""Paul is Anna's descendant"")
*   Paul -> Kayla (""Kayla is Paul's descendant"")
*   Kayla -> Dorothy (""Kayla is Dorothy's ancestor"")
*   Dorothy -> Diane (""Dorothy is Diane's ancestor"")
*   Diane -> Richard (""Diane is Richard's ancestor"")
*   Richard -> Zachary (""Zachary is Richard's descendant"")
*   Zachary -> Ruth (""Ruth is Zachary's descendant"")
*   Ruth -> Frank (""Ruth is Frank's ancestor"")
*   Frank -> Noah (""Frank is Noah's ancestor"")
*   Noah -> Ralph (""Noah is Ralph's ancestor"")
*   Ralph -> Mason (""Mason is Ralph's descendant"")
*   Mason -> Willie (""Willie is Mason's descendant"")
*   Willie -> Laura (""Laura is Willie's descendant"")
*   Laura -> James (""James is Laura's descendant"")
*   James -> Joyce (""Joyce is James's descendant"")
*   Joyce -> Patricia (""Patricia is Joyce's descendant"")
*   Patricia -> Joshua (""Patricia is Joshua's ancestor"")
*   Joshua -> Peter (""Peter is Joshua's descendant"")
*   Peter -> Stephen (""Stephen is Peter's descendant"")
*   Stephen -> Sharon (""Sharon is Stephen's descendant"")
*   Sharon -> Dennis (""Sharon is Dennis's ancestor"")
*   Dennis -> Daniel (""Daniel is Dennis's descendant"")
*   Daniel -> Beverly (""Beverly is Daniel's descendant"")
*   Beverly -> Jesse (""Jesse is Beverly's descendant"")
*   Jesse -> Nancy (""Jesse is Nancy's ancestor"")
*   Nancy -> George (""Nancy is George's ancestor"")
*   George -> Albert (""George is Albert's ancestor"")
*   Albert -> Philip (""Philip is Albert's descendant"")
*   Philip -> Raymond (""Philip is Raymond's ancestor"")
*   Raymond -> Janice (""Janice is Raymond's descendant"")
*   Janice -> Scott (""Scott is Janice's descendant"")
*   Scott -> Theresa (""Theresa is Scott's descendant"")
*   Theresa -> Billy (""Theresa is Billy's ancestor"")
*   Billy -> Judy (""Billy is Judy's ancestor"")
*   Judy -> Deborah (""Judy is Deborah's ancestor"")
*   Deborah -> Thomas (""Thomas is Deborah's descendant"")
*   Thomas -> Roger (""Thomas is Roger's ancestor"")
*   Roger -> Jessica (""Jessica is Roger's descendant"")
*   Jessica -> Judith (""Judith is Jessica's descendant"")
*   Judith -> Samuel (""Samuel is Judith's descendant"")
*   Samuel -> Victoria (""Samuel is Victoria's ancestor"")
*   Victoria -> Edward (""Victoria is Edward's ancestor"")
*   Edward -> Michelle (""Edward is Michelle's ancestor"")
*   Michelle -> Linda (""Michelle is Linda's ancestor"")
*   Linda -> Charles (""Linda is Charles's ancestor"")
*   Charles -> Patrick (""Patrick is Charles's descendant"")
*   Patrick -> Kelly (""Kelly is Patrick's descendant"")
*   Kelly -> Roy (""Roy is Kelly's descendant"")
*   Roy -> Matthew (""Matthew is Roy's descendant"")
*   Matthew -> Abigail (""Matthew is Abigail's ancestor"")
*   Abigail -> Lisa (""Lisa is Abigail's descendant"")
*   Lisa -> Aaron (""Lisa is Aaron's ancestor"")
*   Aaron -> Sophia (""Aaron is Sophia's ancestor"")
*   Sophia -> Rebecca (""Rebecca is Sophia's descendant"")
*   Rebecca -> Marie (""Marie is Rebecca's descendant"")
*   Marie -> Kenneth (""Kenneth is Marie's descendant"")
*   Kenneth -> Alexis (""Alexis is Kenneth's descendant"")
*   Alexis -> Steven (""Steven is Alexis's descendant"")
*   Steven -> Dylan (""Steven is Dylan's ancestor"")
*   Dylan -> Christian (""Christian is Dylan's descendant"")
*   Christian -> Jerry (""Jerry is Christian's descendant"")
*   Jerry -> Emma (""Emma is Jerry's descendant"")
*   Emma -> Ann (""Emma is Ann's ancestor"")
*   Ann -> Ashley (""Ashley is Ann's descendant"")
*   Ashley -> Julia (""Julia is Ashley's descendant"")
*   Julia -> Marilyn (""Julia is Marilyn's ancestor"")
*   Marilyn -> Juan (""Juan is Marilyn's descendant"")
*   Juan -> Amber (""Juan is Amber's ancestor"")
*   Amber -> Maria (""Maria is Amber's descendant"")
*   Maria -> Helen (""Maria is Helen's ancestor"")
*   Helen -> Megan (""Helen is Megan's ancestor"")
*   Megan -> Samantha (""Samantha is Megan's descendant"")
*   Samantha -> Cynthia (""Cynthia is Samantha's descendant"")
*   Cynthia -> Eric (""Eric is Cynthia's descendant"")
*   Eric -> Joan (""Eric is Joan's ancestor"")
*   Joan -> Jean (""Jean is Joan's descendant"")

**2. Trace Keith's Lineage Downwards (Descendants):**
*   Keith -> Doris (""Doris is Keith's descendant"")
*   Doris -> Denise (""Doris is Denise's ancestor"")
*   Denise -> Lawrence (""Denise is Lawrence's ancestor"")
*   Lawrence -> Alexander (""Lawrence is Alexander's ancestor"")
*   Alexander -> Virginia (""Alexander is Virginia's ancestor"")
*   Virginia -> Andrea (""Virginia is Andrea's ancestor"")
*   Andrea -> Jacqueline (""Jacqueline is Andrea's descendant"")
*   Jacqueline -> Karen (""Jacqueline is Karen's ancestor"")
*   Karen -> Debra (""Debra is Karen's descendant"")
*   Debra -> Bradley (""Bradley is Debra's descendant"")
*   Bradley -> Brian (""Bradley is Brian's ancestor"")
*   Brian -> Lori (""Brian is Lori's ancestor"")
*   Lori -> Christine (""Christine is Lori's descendant"")
*   Christine -> Austin (""Christine is Austin's ancestor"")
*   Austin -> Gregory (""Austin is Gregory's ancestor"")
*   Gregory -> Evelyn (""Gregory is Evelyn's ancestor"")
*   Evelyn -> Jack (""Evelyn is Jack's ancestor"")
*   Jack -> Cheryl (""Cheryl is Jack's descendant"")
*   Cheryl -> Douglas (""Douglas is Cheryl's descendant"")
*   Douglas -> Janet (""Douglas is Janet's ancestor"")
*   Janet -> Mark (""Mark is Janet's descendant"")
*   Mark -> Jean (""Jean is Mark's descendant"")

**Conclusion:**
The lineage from Robert leads to Jean (via Joan). The lineage from Keith leads to Jean (via Mark). Jean is a descendant of both Robert and Keith. Therefore, Robert and Keith share a common descendant.

<ANSWER>3</ANSWER>"
128,ANCESTOR,3,"Given the following lineage relationships:
* Andrea is Timothy's ancestor.
* Eric is Raymond's ancestor.
* Janet is Dennis's descendant.
* Deborah is Donald's ancestor.
* Noah is Brandon's descendant.
* Edward is Michael's descendant.
* Ann is Thomas's descendant.
* Alan is Charlotte's ancestor.
* Paul is Susan's ancestor.
* Lauren is Emma's ancestor.
* Eric is Marie's descendant.
* Harold is Kenneth's descendant.
* Katherine is Debra's ancestor.
* Anna is Megan's descendant.
* Aaron is Samantha's descendant.
* Barbara is Albert's ancestor.
* Kimberly is Jerry's ancestor.
* Edward is Laura's ancestor.
* Terry is Catherine's ancestor.
* Steven is Heather's ancestor.
* Stephen is Christopher's descendant.
* Grace is Dorothy's descendant.
* Willie is Marilyn's descendant.
* Dennis is Jack's descendant.
* Anna is Richard's ancestor.
* Alexander is Jeffrey's descendant.
* Willie is Lawrence's ancestor.
* Diana is Dylan's ancestor.
* Bryan is Abigail's descendant.
* Heather is Jesse's ancestor.
* Vincent is Kenneth's ancestor.
* Julie is Martha's descendant.
* Jennifer is Amy's ancestor.
* Robert is Natalie's ancestor.
* Gerald is Christopher's ancestor.
* Vincent is Theresa's descendant.
* Carolyn is Ashley's descendant.
* Emily is Charlotte's descendant.
* Nicholas is Jerry's descendant.
* Aaron is Ethan's ancestor.
* Frances is Jeremy's descendant.
* Mason is Ralph's descendant.
* Jack is Gloria's descendant.
* Cynthia is Raymond's descendant.
* Grace is Marilyn's ancestor.
* Kimberly is Jesse's descendant.
* Katherine is Joe's descendant.
* Barbara is Doris's descendant.
* Deborah is Betty's descendant.
* Gerald is Carolyn's descendant.
* Kevin is Billy's descendant.
* Carol is Shirley's descendant.
* Maria is Noah's descendant.
* Jean is Cheryl's descendant.
* Lawrence is Sandra's ancestor.
* Alan is Timothy's descendant.
* Catherine is Jeffrey's ancestor.
* Patrick is Kevin's descendant.
* Danielle is Jacob's descendant.
* Pamela is Jacob's ancestor.
* Janice is Ann's descendant.
* Gloria is Benjamin's descendant.
* Gary is Jason's ancestor.
* Ruth is Megan's ancestor.
* Elijah is Steven's ancestor.
* Charles is Patricia's descendant.
* Julia is Roger's descendant.
* Benjamin is Christian's descendant.
* Linda is Elijah's ancestor.
* Shirley is Elizabeth's descendant.
* Arthur is Donald's descendant.
* Samantha is Keith's descendant.
* Scott is Laura's descendant.
* Harold is Gabriel's ancestor.
* Arthur is Patricia's ancestor.
* Gary is Karen's descendant.
* Christian is Debra's descendant.
* Jean is Karen's ancestor.
* Dylan is Alice's ancestor.
* Cynthia is Keith's ancestor.
* Sandra is Diane's ancestor.
* Philip is Carol's descendant.
* Roger is Susan's descendant.
* Bobby is Joshua's descendant.
* Zachary is Ralph's ancestor.
* Abigail is Mason's descendant.
* Justin is Jason's descendant.
* Julie is Randy's ancestor.
* Diana is Hannah's descendant.
* Larry is Albert's descendant.
* Julia is Pamela's ancestor.
* Maria is Kathleen's ancestor.
* Emily is Dorothy's ancestor.
* Elizabeth is Janice's descendant.
* Christine is Brian's descendant.
* Andrea is Adam's descendant.
* Billy is Ethan's descendant.
* Ryan is Melissa's descendant.
* Evelyn is Cheryl's ancestor.
* Zachary is Alice's descendant.
* Patrick is Joe's ancestor.
* Lisa is Kathryn's ancestor.
* Michael is Ryan's descendant.
* Wayne is Christine's descendant.
* Kathleen is Lauren's ancestor.
* Bryan is Theresa's ancestor.
* Ashley is Diane's descendant.
* Stephen is Hannah's ancestor.
* Frances is Adam's ancestor.
* Roy is Charles's descendant.
* Emma is Joshua's ancestor.
* Ruth is Danielle's descendant.
* Marie is Kathryn's descendant.
* Melissa is Nicholas's descendant.
* Scott is Lisa's ancestor.
* Gabriel is Brandon's ancestor.
* Justin is Terry's ancestor.
* Betty is Richard's descendant.
* Brian is Randy's descendant.
* Jennifer is Roy's descendant.
* Alexander is Doris's ancestor.
* Amy is Evelyn's ancestor.
* Jeremy is Larry's descendant.
* Paul is Philip's descendant.
* Janet is Martha's ancestor.
* Linda is Bobby's descendant.
* Thomas is Natalie's descendant.
Determine the lineage relationship between Robert and Wayne.
Select the correct answer:
1. Robert and Wayne share a common descendant.
2. Robert is Wayne's descendant.
3. Robert is Wayne's ancestor.
4. Robert and Wayne share a common ancestor.
5. None of the above is correct.
Enclose the selected answer number in the <ANSWER> tag, for example: <ANSWER>1</ANSWER>.",z-ai/glm-5,Z.AI,,,"To determine the lineage relationship between Robert and Wayne, we can trace the lineage path from Robert down to Wayne using the provided statements.

1.  **Robert** is Natalie's ancestor.
2.  Thomas is **Natalie's** descendant.
3.  Ann is **Thomas's** descendant.
4.  Janice is **Ann's** descendant.
5.  Elizabeth is **Janice's** descendant.
6.  Shirley is **Elizabeth's** descendant.
7.  Carol is **Shirley's** descendant.
8.  Philip is **Carol's** descendant.
9.  Paul is **Philip's** descendant.
10. Paul is **Susan's** ancestor (so Philip -> Paul -> Susan).
11. Roger is **Susan's** descendant.
12. Julia is **Roger's** descendant.
13. Julia is **Pamela's** ancestor (so Roger -> Julia -> Pamela).
14. Pamela is **Jacob's** ancestor (so Julia -> Pamela -> Jacob).
15. Danielle is **Jacob's** descendant.
16. Ruth is **Danielle's** descendant.
17. Ruth is **Megan's** ancestor (so Danielle -> Ruth -> Megan).
18. Anna is **Megan's** descendant.
19. Anna is **Richard's** ancestor (so Megan -> Anna -> Richard).
20. Betty is **Richard's** descendant.
21. Deborah is **Betty's** descendant.
22. Deborah is **Donald's** ancestor (so Betty -> Deborah -> Donald).
23. Arthur is **Donald's** descendant.
24. Arthur is **Patricia's** ancestor (so Donald -> Arthur -> Patricia).
25. Charles is **Patricia's** descendant.
26. Roy is **Charles's** descendant.
27. Jennifer is **Roy's** descendant.
28. Jennifer is **Amy's** ancestor (so Roy -> Jennifer -> Amy).
29. Amy is **Evelyn's** ancestor (so Jennifer -> Amy -> Evelyn).
30. Evelyn is **Cheryl's** ancestor (so Amy -> Evelyn -> Cheryl).
31. Jean is **Cheryl's** descendant.
32. Jean is **Karen's** ancestor (so Cheryl -> Jean -> Karen).
33. Gary is **Karen's** descendant.
34. Gary is **Jason's** ancestor (so Karen -> Gary -> Jason).
35. Justin is **Jason's** descendant.
36. Justin is **Terry's** ancestor (so Jason -> Justin -> Terry).
37. Terry is **Catherine's** ancestor (so Justin -> Terry -> Catherine).
38. Catherine is **Jeffrey's** ancestor.
39. Alexander is **Jeffrey's** descendant.
40. Alexander is **Doris's** ancestor (so Jeffrey -> Alexander -> Doris).
41. Barbara is **Doris's** descendant.
42. Barbara is **Albert's** ancestor (so Doris -> Barbara -> Albert).
43. Larry is **Albert's** descendant.
44. Jeremy is **Larry's** descendant.
45. Frances is **Jeremy's** descendant.
46. Frances is **Adam's** ancestor (so Jeremy -> Frances -> Adam).
47. Andrea is **Adam's** descendant.
48. Andrea is **Timothy's** ancestor (so Adam -> Andrea -> Timothy).
49. Alan is **Timothy's** descendant.
50. Alan is **Charlotte's** ancestor (so Timothy -> Alan -> Charlotte).
51. Emily is **Charlotte's** descendant.
52. Emily is **Dorothy's** ancestor (so Charlotte -> Emily -> Dorothy).
53. Grace is **Dorothy's** descendant.
54. Grace is **Marilyn's** ancestor (so Dorothy -> Grace -> Marilyn).
55. Willie is **Marilyn's** descendant.
56. Willie is **Lawrence's** ancestor (so Marilyn -> Willie -> Lawrence).
57. Lawrence is **Sandra's** ancestor.
58. Sandra is **Diane's** ancestor.
59. Ashley is **Diane's** descendant.
60. Carolyn is **Ashley's** descendant.
61. Gerald is **Carolyn's** descendant.
62. Gerald is **Christopher's** ancestor (so Carolyn -> Gerald -> Christopher).
63. Stephen is **Christopher's** descendant.
64. Stephen is **Hannah's** ancestor (so Christopher -> Stephen -> Hannah).
65. Diana is **Hannah's** descendant.
66. Diana is **Dylan's** ancestor (so Hannah -> Diana -> Dylan).
67. Dylan is **Alice's** ancestor.
68. Zachary is **Alice's** descendant.
69. Zachary is **Ralph's** ancestor (so Alice -> Zachary -> Ralph).
70. Mason is **Ralph's** descendant.
71. Abigail is **Mason's** descendant.
72. Bryan is **Abigail's** descendant.
73. Bryan is **Theresa's** ancestor (so Abigail -> Bryan -> Theresa).
74. Vincent is **Theresa's** descendant.
75. Vincent is **Kenneth's** ancestor (so Theresa -> Vincent -> Kenneth).
76. Harold is **Kenneth's** descendant.
77. Harold is **Gabriel's** ancestor (so Kenneth -> Harold -> Gabriel).
78. Gabriel is **Brandon's** ancestor.
79. Noah is **Brandon's** descendant.
80. Maria is **Noah's** descendant.
81. Maria is **Kathleen's** ancestor (so Noah -> Maria -> Kathleen).
82. Kathleen is **Lauren's** ancestor.
83. Lauren is **Emma's** ancestor.
84. Emma is **Joshua's** ancestor.
85. Bobby is **Joshua's** descendant.
86. Linda is **Bobby's** descendant.
87. Linda is **Elijah's** ancestor (so Bobby -> Linda -> Elijah).
88. Elijah is **Steven's** ancestor.
89. Steven is **Heather's** ancestor.
90. Heather is **Jesse's** ancestor.
91. Kimberly is **Jesse's** descendant.
92. Kimberly is **Jerry's** ancestor (so Jesse -> Kimberly -> Jerry).
93. Nicholas is **Jerry's** descendant.
94. Melissa is **Nicholas's** descendant.
95. Ryan is **Melissa's** descendant.
96. Michael is **Ryan's** descendant.
97. Edward is **Michael's** descendant.
98. Edward is **Laura's** ancestor (so Michael -> Edward -> Laura).
99. Scott is **Laura's** descendant.
100. Scott is **Lisa's** ancestor (so Laura -> Scott -> Lisa).
101. Lisa is **Kathryn's** ancestor.
102. Marie is **Kathryn's** descendant.
103. Eric is **Marie's** descendant.
104. Eric is **Raymond's** ancestor (so Marie -> Eric -> Raymond).
105. Cynthia is **Raymond's** descendant.
106. Cynthia is **Keith's** ancestor (so Raymond -> Cynthia -> Keith).
107. Samantha is **Keith's** descendant.
108. Aaron is **Samantha's** descendant.
109. Aaron is **Ethan's** ancestor (so Samantha -> Aaron -> Ethan).
110. Billy is **Ethan's** descendant.
111. Kevin is **Billy's** descendant.
112. Patrick is **Kevin's** descendant.
113. Patrick is **Joe's** ancestor (so Kevin -> Patrick -> Joe).
114. Katherine is **Joe's** descendant.
115. Katherine is **Debra's** ancestor (so Joe -> Katherine -> Debra).
116. Christian is **Debra's** descendant.
117. Benjamin is **Christian's** descendant.
118. Gloria is **Benjamin's** descendant.
119. Jack is **Gloria's** descendant.
120. Dennis is **Jack's** descendant.
121. Janet is **Dennis's** descendant.
122. Janet is **Martha's** ancestor (so Dennis -> Janet -> Martha).
123. Julie is **Martha's** descendant.
124. Julie is **Randy's** ancestor (so Martha -> Julie -> Randy).
125. Brian is **Randy's** descendant.
126. Christine is **Brian's** descendant.
127. Wayne is **Christine's** descendant.

By following this continuous chain of lineage, we establish that Robert is an ancestor of Wayne.

<ANSWER>3</ANSWER>"
128,DESCENDANT,4,"Given the following lineage relationships:
* Robert is Eugene's descendant.
* Teresa is Timothy's descendant.
* Timothy is Philip's descendant.
* Diane is Jason's descendant.
* Michael is Marilyn's ancestor.
* Denise is Kelly's descendant.
* Michael is Austin's descendant.
* Debra is Sarah's ancestor.
* Gerald is Joan's descendant.
* Lisa is Gerald's descendant.
* Betty is Margaret's ancestor.
* Barbara is Hannah's ancestor.
* Gloria is Sandra's ancestor.
* Andrew is Judith's ancestor.
* Ronald is Jean's ancestor.
* Steven is Samantha's ancestor.
* Ryan is Diana's ancestor.
* Stephen is William's ancestor.
* Charlotte is Edward's descendant.
* Judy is Dylan's descendant.
* Brian is Amber's ancestor.
* Lawrence is Jennifer's ancestor.
* Patrick is Sean's ancestor.
* Roger is Megan's descendant.
* George is Isabella's ancestor.
* Zachary is Denise's descendant.
* Ronald is Shirley's descendant.
* Brian is Janet's descendant.
* Sharon is Elijah's descendant.
* Richard is Catherine's ancestor.
* Andrew is Joshua's descendant.
* Raymond is Ann's descendant.
* Logan is Pamela's descendant.
* Benjamin is Anna's ancestor.
* Mary is Andrea's ancestor.
* Mary is Laura's descendant.
* Aaron is Emily's ancestor.
* Carolyn is Amy's ancestor.
* Juan is Maria's ancestor.
* Frances is Megan's ancestor.
* Kathleen is Donald's ancestor.
* Willie is Carolyn's ancestor.
* Randy is Aaron's ancestor.
* Christina is Danielle's ancestor.
* Jonathan is Charlotte's descendant.
* Olivia is Jean's descendant.
* Madison is Elijah's ancestor.
* Frances is Emily's descendant.
* Kenneth is Nathan's descendant.
* Patricia is Stephanie's descendant.
* Anna is Jeffrey's ancestor.
* Willie is Daniel's descendant.
* Edward is Frank's descendant.
* Jennifer is Kayla's ancestor.
* Martha is Marilyn's descendant.
* Albert is Kimberly's descendant.
* Douglas is Joe's descendant.
* Samantha is Debra's ancestor.
* Dorothy is Harold's descendant.
* Vincent is Judy's descendant.
* Paul is Lisa's descendant.
* Alan is Scott's ancestor.
* Jesse is Sarah's descendant.
* Frank is Sandra's descendant.
* Barbara is Karen's descendant.
* Stephen is Jacob's descendant.
* Diane is Philip's ancestor.
* Rachel is Nancy's descendant.
* Thomas is Cynthia's descendant.
* Amy is Lori's ancestor.
* David is Rachel's descendant.
* Victoria is Natalie's descendant.
* Margaret is Randy's ancestor.
* Dorothy is Pamela's ancestor.
* Helen is George's ancestor.
* Thomas is Nancy's ancestor.
* Jacob is Hannah's descendant.
* Paul is Dennis's ancestor.
* Amber is Benjamin's ancestor.
* Ryan is Olivia's descendant.
* Julia is Eugene's ancestor.
* Lauren is Raymond's descendant.
* Jason is Brandon's descendant.
* Austin is Jesse's descendant.
* Stephanie is Matthew's descendant.
* Isabella is Joshua's ancestor.
* Michelle is Janet's ancestor.
* Brandon is Martha's descendant.
* Kayla is Christina's ancestor.
* Patricia is Karen's ancestor.
* Virginia is Michelle's ancestor.
* Jonathan is Nathan's ancestor.
* Sharon is Kelly's ancestor.
* Emma is Donald's descendant.
* Albert is Ann's ancestor.
* Zachary is Gloria's ancestor.
* Alan is Lauren's descendant.
* Victoria is Keith's ancestor.
* William is Natalie's ancestor.
* Lawrence is Robert's descendant.
* Bobby is Kathleen's ancestor.
* Julie is Alexis's ancestor.
* Jeffrey is Helen's ancestor.
* John is Julia's ancestor.
* Scott is Ashley's ancestor.
* Daniel is Sara's descendant.
* Kenneth is Shirley's ancestor.
* Matthew is Emma's descendant.
* Andrea is Richard's ancestor.
* Harold is Maria's descendant.
* Kimberly is Danielle's descendant.
* Virginia is Dennis's descendant.
* Alice is Samuel's descendant.
* Joan is Ashley's descendant.
* Dylan is Teresa's descendant.
* Patrick is Alice's descendant.
* Douglas is John's ancestor.
* Laura is Lori's descendant.
* Judith is Juan's ancestor.
* Diana is Samuel's ancestor.
* Cynthia is Logan's descendant.
* Bobby is David's descendant.
* Roger is Julie's ancestor.
* Sean is Steven's ancestor.
* Vincent is Betty's ancestor.
* Madison is Catherine's descendant.
* Alexis is Joe's ancestor.
Determine the lineage relationship between Keith and Sara.
Select the correct answer:
1. Keith and Sara share a common ancestor.
2. Keith is Sara's ancestor.
3. Keith and Sara share a common descendant.
4. Keith is Sara's descendant.
5. None of the above is correct.
Enclose the selected answer number in the <ANSWER> tag, for example: <ANSWER>1</ANSWER>.",z-ai/glm-5,Z.AI,,,"To determine the relationship between Keith and Sara, we trace the lineage paths for both individuals.

**1. Trace Keith's Lineage (Ancestors):**
*   Keith is a descendant of Victoria (`Victoria is Keith's ancestor`).
*   Victoria is a descendant of Natalie (`Victoria is Natalie's descendant`).
*   Natalie is a descendant of William (`William is Natalie's ancestor`).
*   William is a descendant of Stephen (`Stephen is William's ancestor`).
*   Stephen is a descendant of Jacob (`Stephen is Jacob's descendant`).
*   Jacob is a descendant of Hannah (`Jacob is Hannah's descendant`).
*   Hannah is a descendant of Barbara (`Barbara is Hannah's ancestor`).
*   Barbara is a descendant of Karen (`Barbara is Karen's descendant`).
*   Karen is a descendant of Patricia (`Patricia is Karen's ancestor`).
*   Patricia is a descendant of Stephanie (`Patricia is Stephanie's descendant`).
*   Stephanie is a descendant of Matthew (`Stephanie is Matthew's descendant`).
*   Matthew is a descendant of Emma (`Matthew is Emma's descendant`).
*   Emma is a descendant of Donald (`Emma is Donald's descendant`).
*   Donald is a descendant of Kathleen (`Kathleen is Donald's ancestor`).
*   Kathleen is a descendant of Bobby (`Bobby is Kathleen's ancestor`).
*   Bobby is a descendant of David (`Bobby is David's descendant`).
*   David is a descendant of Rachel (`David is Rachel's descendant`).
*   Rachel is a descendant of Nancy (`Rachel is Nancy's descendant`).
*   Nancy is a descendant of Thomas (`Thomas is Nancy's ancestor`).
*   Thomas is a descendant of Cynthia (`Thomas is Cynthia's descendant`).
*   Cynthia is a descendant of Logan (`Cynthia is Logan's descendant`).
*   Logan is a descendant of Pamela (`Logan is Pamela's descendant`).
*   Pamela is a descendant of Dorothy (`Dorothy is Pamela's ancestor`).
*   Dorothy is a descendant of Harold (`Dorothy is Harold's descendant`).
*   Harold is a descendant of Maria (`Harold is Maria's descendant`).
*   Maria is a descendant of Juan (`Juan is Maria's ancestor`).
*   Juan is a descendant of Judith (`Judith is Juan's ancestor`).
*   Judith is a descendant of Andrew (`Andrew is Judith's ancestor`).
*   Andrew is a descendant of Joshua (`Andrew is Joshua's descendant`).
*   Joshua is a descendant of Isabella (`Isabella is Joshua's ancestor`).
*   Isabella is a descendant of George (`George is Isabella's ancestor`).
*   George is a descendant of Helen (`Helen is George's ancestor`).
*   Helen is a descendant of Jeffrey (`Jeffrey is Helen's ancestor`).
*   Jeffrey is a descendant of Anna (`Anna is Jeffrey's ancestor`).
*   Anna is a descendant of Benjamin (`Benjamin is Anna's ancestor`).
*   Benjamin is a descendant of Amber (`Amber is Benjamin's ancestor`).
*   Amber is a descendant of Brian (`Brian is Amber's ancestor`).
*   Brian is a descendant of Janet (`Brian is Janet's descendant`).
*   Janet is a descendant of Michelle (`Michelle is Janet's ancestor`).
*   Michelle is a descendant of Virginia (`Virginia is Michelle's ancestor`).
*   Virginia is a descendant of Dennis (`Virginia is Dennis's descendant`).
*   Dennis is a descendant of Paul (`Paul is Dennis's ancestor`).
*   Paul is a descendant of Lisa (`Paul is Lisa's descendant`).
*   Lisa is a descendant of Gerald (`Lisa is Gerald's descendant`).
*   Gerald is a descendant of Joan (`Gerald is Joan's descendant`).
*   Joan is a descendant of Ashley (`Joan is Ashley's descendant`).
*   Ashley is a descendant of Scott (`Scott is Ashley's ancestor`).
*   Scott is a descendant of Alan (`Alan is Scott's ancestor`).
*   Alan is a descendant of Lauren (`Alan is Lauren's descendant`).
*   Lauren is a descendant of Raymond (`Lauren is Raymond's descendant`).
*   Raymond is a descendant of Ann (`Raymond is Ann's descendant`).
*   Ann is a descendant of Albert (`Albert is Ann's ancestor`).
*   Albert is a descendant of Kimberly (`Albert is Kimberly's descendant`).
*   Kimberly is a descendant of Danielle (`Kimberly is Danielle's descendant`).
*   Danielle is a descendant of Christina (`Christina is Danielle's ancestor`).
*   Christina is a descendant of Kayla (`Kayla is Christina's ancestor`).
*   Kayla is a descendant of Jennifer (`Jennifer is Kayla's ancestor`).
*   Jennifer is a descendant of Lawrence (`Lawrence is Jennifer's ancestor`).
*   Lawrence is a descendant of Robert (`Lawrence is Robert's descendant`).
*   Robert is a descendant of Eugene (`Robert is Eugene's descendant`).
*   Eugene is a descendant of Julia (`Julia is Eugene's ancestor`).
*   Julia is a descendant of John (`John is Julia's ancestor`).
*   John is a descendant of Douglas (`Douglas is John's ancestor`).
*   Douglas is a descendant of Joe (`Douglas is Joe's descendant`).
*   Joe is a descendant of Alexis (`Alexis is Joe's ancestor`).
*   Alexis is a descendant of Julie (`Julie is Alexis's ancestor`).
*   Julie is a descendant of Roger (`Roger is Julie's ancestor`).
*   Roger is a descendant of Megan (`Roger is Megan's descendant`).
*   Megan is a descendant of Frances (`Frances is Megan's ancestor`).
*   Frances is a descendant of Emily (`Frances is Emily's descendant`).
*   Emily is a descendant of Aaron (`Aaron is Emily's ancestor`).
*   Aaron is a descendant of Randy (`Randy is Aaron's ancestor`).
*   Randy is a descendant of Margaret (`Margaret is Randy's ancestor`).
*   Margaret is a descendant of Betty (`Betty is Margaret's ancestor`).
*   Betty is a descendant of Vincent (`Vincent is Betty's ancestor`).
*   Vincent is a descendant of Judy (`Vincent is Judy's descendant`).
*   Judy is a descendant of Dylan (`Judy is Dylan's descendant`).
*   Dylan is a descendant of Teresa (`Dylan is Teresa's descendant`).
*   Teresa is a descendant of Timothy (`Teresa is Timothy's descendant`).
*   Timothy is a descendant of Philip (`Timothy is Philip's descendant`).
*   Philip is a descendant of Diane (`Diane is Philip's ancestor`).
*   Diane is a descendant of Jason (`Diane is Jason's descendant`).
*   Jason is a descendant of Brandon (`Jason is Brandon's descendant`).
*   Brandon is a descendant of Martha (`Brandon is Martha's descendant`).
*   Martha is a descendant of Marilyn (`Martha is Marilyn's descendant`).
*   Marilyn is a descendant of Michael (`Michael is Marilyn's ancestor`).
*   Michael is a descendant of Austin (`Michael is Austin's descendant`).
*   Austin is a descendant of Jesse (`Austin is Jesse's descendant`).
*   Jesse is a descendant of Sarah (`Jesse is Sarah's descendant`).
*   Sarah is a descendant of Debra (`Debra is Sarah's ancestor`).
*   Debra is a descendant of Samantha (`Samantha is Debra's ancestor`).
*   Samantha is a descendant of Steven (`Steven is Samantha's ancestor`).
*   Steven is a descendant of Sean (`Sean is Steven's ancestor`).
*   Sean is a descendant of Patrick (`Patrick is Sean's ancestor`).
*   Patrick is a descendant of Alice (`Patrick is Alice's descendant`).
*   Alice is a descendant of Samuel (`Alice is Samuel's descendant`).
*   Samuel is a descendant of Diana (`Diana is Samuel's ancestor`).
*   Diana is a descendant of Ryan (`Ryan is Diana's ancestor`).
*   Ryan is a descendant of Olivia (`Ryan is Olivia's descendant`).
*   Olivia is a descendant of Jean (`Olivia is Jean's descendant`).
*   Jean is a descendant of Ronald (`Ronald is Jean's ancestor`).
*   Ronald is a descendant of Shirley (`Ronald is Shirley's descendant`).
*   Shirley is a descendant of Kenneth (`Kenneth is Shirley's ancestor`).
*   Kenneth is a descendant of Nathan (`Kenneth is Nathan's descendant`).
*   Nathan is a descendant of Jonathan (`Jonathan is Nathan's ancestor`).
*   Jonathan is a descendant of Charlotte (`Jonathan is Charlotte's descendant`).
*   Charlotte is a descendant of Edward (`Charlotte is Edward's descendant`).
*   Edward is a descendant of Frank (`Edward is Frank's descendant`).
*   Frank is a descendant of Sandra (`Frank is Sandra's descendant`).
*   Sandra is a descendant of Gloria (`Gloria is Sandra's ancestor`).
*   Gloria is a descendant of Zachary (`Zachary is Gloria's ancestor`).
*   Zachary is a descendant of Denise (`Zachary is Denise's descendant`).
*   Denise is a descendant of Kelly (`Denise is Kelly's descendant`).
*   Kelly is a descendant of Sharon (`Sharon is Kelly's ancestor`).
*   Sharon is a descendant of Elijah (`Sharon is Elijah's descendant`).
*   Elijah is a descendant of Madison (`Madison is Elijah's ancestor`).
*   Madison is a descendant of Catherine (`Madison is Catherine's descendant`).
*   Catherine is a descendant of Richard (`Richard is Catherine's ancestor`).
*   Richard is a descendant of Andrea (`Andrea is Richard's ancestor`).
*   Andrea is a descendant of Mary (`Mary is Andrea's ancestor`).
*   Mary is a descendant of Laura (`Mary is Laura's descendant`).
*   Laura is a descendant of Lori (`Laura is Lori's descendant`).
*   Lori is a descendant of Amy (`Amy is Lori's ancestor`).
*   Amy is a descendant of Carolyn (`Carolyn is Amy's ancestor`).
*   Carolyn is a descendant of Willie (`Willie is Carolyn's ancestor`).
*   Willie is a descendant of Daniel (`Willie is Daniel's descendant`).
*   Daniel is a descendant of **Sara** (`Daniel is Sara's descendant`).

**Conclusion:**
By following the chain of descendants, we find a direct lineage from Sara down to Keith. The path is: Sara -> Daniel -> Willie -> Carolyn -> Amy -> Lori -> Laura -> Mary -> Andrea -> Richard -> Catherine -> Madison -> Elijah -> Sharon -> Kelly -> Denise -> Zachary -> Gloria -> Sandra -> Frank -> Edward -> Charlotte -> Jonathan -> Nathan -> Kenneth -> Shirley -> Ronald -> Jean -> Olivia -> Ryan -> Diana -> Samuel -> Alice -> Patrick -> Sean -> Steven -> Samantha -> Debra -> Sarah -> Jesse -> Austin -> Michael -> Marilyn -> Martha -> Brandon -> Jason -> Diane -> Philip -> Timothy -> Teresa -> Dylan -> Judy -> Vincent -> Betty -> Margaret -> Randy -> Aaron -> Emily -> Frances -> Megan -> Roger -> Julie -> Alexis -> Joe -> Douglas -> John -> Julia -> Eugene -> Robert -> Lawrence -> Jennifer -> Kayla -> Christina -> Danielle -> Kimberly -> Albert -> Ann -> Raymond -> Lauren -> Alan -> Scott -> Ashley -> Joan -> Gerald -> Lisa -> Paul -> Dennis -> Virginia -> Michelle -> Janet -> Brian -> Amber -> Benjamin -> Anna -> Jeffrey -> Helen -> George -> Isabella -> Joshua -> Andrew -> Judith -> Juan -> Maria -> Harold -> Dorothy -> Pamela -> Logan -> Cynthia -> Thomas -> Nancy -> Rachel -> David -> Bobby -> Kathleen -> Donald -> Emma -> Matthew -> Stephanie -> Patricia -> Karen -> Barbara -> Hannah -> Jacob -> Stephen -> William -> Natalie -> Victoria -> Keith.

Since there is a direct path of descent from Sara to Keith, Keith is Sara's descendant.

<ANSWER>4</ANSWER>"
128,COMMON_ANCESTOR,3,"Given the following lineage relationships:
* Michelle is Jeffrey's ancestor.
* Jennifer is Gary's descendant.
* Robert is Julie's descendant.
* Melissa is Joe's descendant.
* Zachary is Peter's ancestor.
* Jacob is Shirley's descendant.
* Arthur is Stephanie's ancestor.
* Gerald is Stephen's descendant.
* Roger is Elizabeth's descendant.
* Kyle is Betty's descendant.
* Carl is Kathryn's descendant.
* Matthew is Robert's descendant.
* Billy is Brenda's descendant.
* Heather is Sara's descendant.
* Doris is Jeremy's descendant.
* Carl is Christine's ancestor.
* Lawrence is Isabella's descendant.
* Christian is Alan's descendant.
* Rebecca is Ethan's ancestor.
* Jennifer is Stephen's ancestor.
* Mason is Ethan's descendant.
* Paul is Wayne's ancestor.
* Benjamin is Mary's ancestor.
* Patrick is Zachary's ancestor.
* Gloria is Donald's descendant.
* Anna is Patricia's descendant.
* Adam is Tyler's ancestor.
* Jesse is Harold's ancestor.
* Frank is Dorothy's descendant.
* Jacob is Andrea's ancestor.
* Theresa is Tyler's descendant.
* Denise is Logan's descendant.
* Walter is Jerry's ancestor.
* Mark is Christine's descendant.
* Anthony is Jonathan's descendant.
* Keith is Jeffrey's descendant.
* Julie is Frank's descendant.
* Wayne is Walter's ancestor.
* Heather is Gary's ancestor.
* Bradley is Charles's ancestor.
* Jordan is Julia's descendant.
* Lawrence is Henry's ancestor.
* Jessica is Alexis's descendant.
* Brian is Mason's descendant.
* Jessica is Megan's ancestor.
* Danielle is Arthur's ancestor.
* Lori is Linda's descendant.
* Angela is Jesse's ancestor.
* Vincent is Matthew's descendant.
* Joyce is Carol's descendant.
* Stephanie is Alexander's ancestor.
* Amy is Dorothy's descendant.
* Sara is Scott's descendant.
* Margaret is Joe's ancestor.
* Randy is Barbara's descendant.
* Randy is Catherine's ancestor.
* Emily is Raymond's descendant.
* Scott is Jose's descendant.
* Amanda is Peter's descendant.
* Isabella is Charlotte's descendant.
* Jerry is Olivia's ancestor.
* Jeremy is Mary's descendant.
* Mark is Brittany's ancestor.
* Sandra is Larry's descendant.
* Harold is Dennis's ancestor.
* Charles is Sean's ancestor.
* Danielle is Teresa's descendant.
* Marilyn is Brandon's ancestor.
* Roger is Judith's ancestor.
* Lisa is Rebecca's ancestor.
* Elizabeth is Dennis's descendant.
* John is Logan's ancestor.
* Keith is Bradley's ancestor.
* Michael is Edward's ancestor.
* Samantha is Donald's ancestor.
* Aaron is Frances's ancestor.
* Eugene is Barbara's ancestor.
* Juan is Henry's descendant.
* David is Aaron's ancestor.
* Julia is Nicole's descendant.
* Virginia is Nicole's ancestor.
* Billy is Shirley's ancestor.
* Kathryn is Christian's descendant.
* Linda is Vincent's descendant.
* Dylan is Melissa's descendant.
* David is Diana's descendant.
* Paul is Douglas's descendant.
* Brittany is Lisa's ancestor.
* Larry is Judy's descendant.
* Emily is Russell's ancestor.
* Karen is Michelle's ancestor.
* William is Grace's descendant.
* Charlotte is Rachel's descendant.
* Emma is Alan's ancestor.
* Emma is Amy's descendant.
* John is Andrea's descendant.
* Jose is Sandra's descendant.
* Joyce is Joan's ancestor.
* Cheryl is Rachel's ancestor.
* Eugene is Anthony's descendant.
* Adam is Russell's descendant.
* Kimberly is Virginia's ancestor.
* Olivia is Alexis's ancestor.
* Grace is Judith's descendant.
* Jacqueline is Teresa's ancestor.
* Carol is Kyle's descendant.
* Brenda is Jason's descendant.
* Gloria is Raymond's ancestor.
* Marilyn is Willie's descendant.
* Juan is Jonathan's ancestor.
* Anna is Margaret's ancestor.
* Sean is Willie's ancestor.
* Jason is Joan's descendant.
* Dylan is Samantha's ancestor.
* Brian is Jacqueline's ancestor.
* Catherine is Angela's ancestor.
* Frances is Michael's ancestor.
* William is Patricia's ancestor.
* Karen is Alexander's descendant.
* Patrick is Theresa's descendant.
* Betty is Jordan's descendant.
* Gerald is Douglas's ancestor.
* Kimberly is Brandon's descendant.
* Amanda is Diana's ancestor.
* Lori is Cheryl's ancestor.
* Megan is Benjamin's ancestor.
* Judy is Denise's descendant.
Determine the lineage relationship between Doris and Edward.
Select the correct answer:
1. Doris and Edward share a common descendant.
2. Doris is Edward's ancestor.
3. Doris and Edward share a common ancestor.
4. Doris is Edward's descendant.
5. None of the above is correct.
Enclose the selected answer number in the <ANSWER> tag, for example: <ANSWER>1</ANSWER>.",z-ai/glm-5,Z.AI,,,"To determine the relationship between Doris and Edward, we must trace their lineage based on the provided statements.

**1. Trace Doris's lineage upwards:**
*   Doris is Jeremy's descendant. (Jeremy $\rightarrow$ Doris)
*   Jeremy is Mary's descendant. (Mary $\rightarrow$ Jeremy)
*   Benjamin is Mary's ancestor. (Benjamin $\rightarrow$ Mary)
*   Megan is Benjamin's ancestor. (Megan $\rightarrow$ Benjamin)
*   Jessica is Megan's ancestor. (Jessica $\rightarrow$ Megan)
*   Jessica is Alexis's descendant. (Alexis $\rightarrow$ Jessica)
*   Olivia is Alexis's ancestor. (Olivia $\rightarrow$ Alexis)
*   Jerry is Olivia's ancestor. (Jerry $\rightarrow$ Olivia)
*   Walter is Jerry's ancestor. (Walter $\rightarrow$ Jerry)
*   Wayne is Walter's ancestor. (Wayne $\rightarrow$ Walter)
*   Paul is Wayne's ancestor. (Paul $\rightarrow$ Wayne)
*   Paul is Douglas's descendant. (Douglas $\rightarrow$ Paul)
*   Gerald is Douglas's ancestor. (Gerald $\rightarrow$ Douglas)
*   Gerald is Stephen's descendant. (Stephen $\rightarrow$ Gerald)
*   Jennifer is Stephen's ancestor. (Jennifer $\rightarrow$ Stephen)
*   Jennifer is Gary's descendant. (Gary $\rightarrow$ Jennifer)
*   Heather is Gary's ancestor. (Heather $\rightarrow$ Gary)
*   Heather is Sara's descendant. (Sara $\rightarrow$ Heather)
*   Sara is Scott's descendant. (Scott $\rightarrow$ Sara)
*   Scott is Jose's descendant. (Jose $\rightarrow$ Scott)
*   Jose is Sandra's descendant. (Sandra $\rightarrow$ Jose)
*   Sandra is Larry's descendant. (Larry $\rightarrow$ Sandra)
*   Larry is Judy's descendant. (Judy $\rightarrow$ Larry)
*   Judy is Denise's descendant. (Denise $\rightarrow$ Judy)
*   Denise is Logan's descendant. (Logan $\rightarrow$ Denise)
*   John is Logan's ancestor. (John $\rightarrow$ Logan)
*   John is Andrea's descendant. (Andrea $\rightarrow$ John)
*   Jacob is Andrea's ancestor. (Jacob $\rightarrow$ Andrea)
*   Jacob is Shirley's descendant. (Shirley $\rightarrow$ Jacob)
*   Billy is Shirley's ancestor. (Billy $\rightarrow$ Shirley)
*   Billy is Brenda's descendant. (Brenda $\rightarrow$ Billy)
*   Brenda is Jason's descendant. (Jason $\rightarrow$ Brenda)
*   Jason is Joan's descendant. (Joan $\rightarrow$ Jason)
*   Joyce is Joan's ancestor. (Joyce $\rightarrow$ Joan)
*   Joyce is Carol's descendant. (Carol $\rightarrow$ Joyce)
*   Carol is Kyle's descendant. (Kyle $\rightarrow$ Carol)
*   Kyle is Betty's descendant. (Betty $\rightarrow$ Kyle)
*   Betty is Jordan's descendant. (Jordan $\rightarrow$ Betty)
*   Jordan is Julia's descendant. (Julia $\rightarrow$ Jordan)
*   Julia is Nicole's descendant. (Nicole $\rightarrow$ Julia)
*   Virginia is Nicole's ancestor. (Virginia $\rightarrow$ Nicole)
*   Kimberly is Virginia's ancestor. (Kimberly $\rightarrow$ Virginia)
*   Kimberly is Brandon's descendant. (Brandon $\rightarrow$ Kimberly)
*   Marilyn is Brandon's ancestor. (Marilyn $\rightarrow$ Brandon)
*   Marilyn is Willie's descendant. (Willie $\rightarrow$ Marilyn)
*   Sean is Willie's ancestor. (Sean $\rightarrow$ Willie)
*   Charles is Sean's ancestor. (Charles $\rightarrow$ Sean)
*   Bradley is Charles's ancestor. (Bradley $\rightarrow$ Charles)
*   Keith is Bradley's ancestor. (Keith $\rightarrow$ Bradley)
*   Keith is Jeffrey's descendant. (Jeffrey $\rightarrow$ Keith)
*   Michelle is Jeffrey's ancestor. (Michelle $\rightarrow$ Jeffrey)
*   Karen is Michelle's ancestor. (Karen $\rightarrow$ Michelle)
*   Karen is Alexander's descendant. (Alexander $\rightarrow$ Karen)
*   Stephanie is Alexander's ancestor. (Stephanie $\rightarrow$ Alexander)
*   Arthur is Stephanie's ancestor. (Arthur $\rightarrow$ Stephanie)
*   Danielle is Arthur's ancestor. (Danielle $\rightarrow$ Arthur)
*   Danielle is Teresa's descendant. (Teresa $\rightarrow$ Danielle)
*   Jacqueline is Teresa's ancestor. (Jacqueline $\rightarrow$ Teresa)
*   Brian is Jacqueline's ancestor. (Brian $\rightarrow$ Jacqueline)
*   Brian is Mason's descendant. (Mason $\rightarrow$ Brian)
*   Mason is Ethan's descendant. (Ethan $\rightarrow$ Mason)
*   Rebecca is Ethan's ancestor. (Rebecca $\rightarrow$ Ethan)
*   Lisa is Rebecca's ancestor. (Lisa $\rightarrow$ Rebecca)
*   Brittany is Lisa's ancestor. (Brittany $\rightarrow$ Lisa)
*   Mark is Brittany's ancestor. (Mark $\rightarrow$ Brittany)
*   Mark is Christine's descendant. (Christine $\rightarrow$ Mark)
*   Carl is Christine's ancestor. (Carl $\rightarrow$ Christine)
*   Carl is Kathryn's descendant. (Kathryn $\rightarrow$ Carl)
*   Kathryn is Christian's descendant. (Christian $\rightarrow$ Kathryn)
*   Christian is Alan's descendant. (Alan $\rightarrow$ Christian)
*   Emma is Alan's ancestor. (Emma $\rightarrow$ Alan)
*   Emma is Amy's descendant. (Amy $\rightarrow$ Emma)
*   Amy is Dorothy's descendant. (Dorothy $\rightarrow$ Amy)

This establishes that **Dorothy** is an ancestor of Doris.

**2. Trace Edward's lineage upwards:**
*   Michael is Edward's ancestor. (Michael $\rightarrow$ Edward)
*   Frances is Michael's ancestor. (Frances $\rightarrow$ Michael)
*   Aaron is Frances's ancestor. (Aaron $\rightarrow$ Frances)
*   David is Aaron's ancestor. (David $\rightarrow$ Aaron)
*   David is Diana's descendant. (Diana $\rightarrow$ David)
*   Amanda is Diana's ancestor. (Amanda $\rightarrow$ Diana)
*   Amanda is Peter's descendant. (Peter $\rightarrow$ Amanda)
*   Zachary is Peter's ancestor. (Zachary $\rightarrow$ Peter)
*   Patrick is Zachary's ancestor. (Patrick $\rightarrow$ Zachary)
*   Patrick is Theresa's descendant. (Theresa $\rightarrow$ Patrick)
*   Theresa is Tyler's descendant. (Tyler $\rightarrow$ Theresa)
*   Adam is Tyler's ancestor. (Adam $\rightarrow$ Tyler)
*   Adam is Russell's descendant. (Russell $\rightarrow$ Adam)
*   Emily is Russell's ancestor. (Emily $\rightarrow$ Russell)
*   Emily is Raymond's descendant. (Raymond $\rightarrow$ Emily)
*   Gloria is Raymond's ancestor. (Gloria $\rightarrow$ Raymond)
*   Gloria is Donald's descendant. (Donald $\rightarrow$ Gloria)
*   Samantha is Donald's ancestor. (Samantha $\rightarrow$ Donald)
*   Dylan is Samantha's ancestor. (Dylan $\rightarrow$ Samantha)
*   Dylan is Melissa's descendant. (Melissa $\rightarrow$ Dylan)
*   Melissa is Joe's descendant. (Joe $\rightarrow$ Melissa)
*   Margaret is Joe's ancestor. (Margaret $\rightarrow$ Joe)
*   Anna is Margaret's ancestor. (Anna $\rightarrow$ Margaret)
*   Anna is Patricia's descendant. (Patricia $\rightarrow$ Anna)
*   William is Patricia's ancestor. (William $\rightarrow$ Patricia)
*   William is Grace's descendant. (Grace $\rightarrow$ William)
*   Grace is Judith's descendant. (Judith $\rightarrow$ Grace)
*   Roger is Judith's ancestor. (Roger $\rightarrow$ Judith)
*   Roger is Elizabeth's descendant. (Elizabeth $\rightarrow$ Roger)
*   Elizabeth is Dennis's descendant. (Dennis $\rightarrow$ Elizabeth)
*   Harold is Dennis's ancestor. (Harold $\rightarrow$ Dennis)
*   Jesse is Harold's ancestor. (Jesse $\rightarrow$ Harold)
*   Angela is Jesse's ancestor. (Angela $\rightarrow$ Jesse)
*   Catherine is Angela's ancestor. (Catherine $\rightarrow$ Angela)
*   Randy is Catherine's ancestor. (Randy $\rightarrow$ Catherine)
*   Randy is Barbara's descendant. (Barbara $\rightarrow$ Randy)
*   Eugene is Barbara's ancestor. (Eugene $\rightarrow$ Barbara)
*   Eugene is Anthony's descendant. (Anthony $\rightarrow$ Eugene)
*   Anthony is Jonathan's descendant. (Jonathan $\rightarrow$ Anthony)
*   Juan is Jonathan's ancestor. (Juan $\rightarrow$ Jonathan)
*   Juan is Henry's descendant. (Henry $\rightarrow$ Juan)
*   Lawrence is Henry's ancestor. (Lawrence $\rightarrow$ Henry)
*   Lawrence is Isabella's descendant. (Isabella $\rightarrow$ Lawrence)
*   Isabella is Charlotte's descendant. (Charlotte $\rightarrow$ Isabella)
*   Charlotte is Rachel's descendant. (Rachel $\rightarrow$ Charlotte)
*   Cheryl is Rachel's ancestor. (Cheryl $\rightarrow$ Rachel)
*   Lori is Cheryl's ancestor. (Lori $\rightarrow$ Cheryl)
*   Lori is Linda's descendant. (Linda $\rightarrow$ Lori)
*   Linda is Vincent's descendant. (Vincent $\rightarrow$ Linda)
*   Vincent is Matthew's descendant. (Matthew $\rightarrow$ Vincent)
*   Matthew is Robert's descendant. (Robert $\rightarrow$ Matthew)
*   Robert is Julie's descendant. (Julie $\rightarrow$ Robert)
*   Julie is Frank's descendant. (Frank $\rightarrow$ Julie)
*   Frank is Dorothy's descendant. (Dorothy $\rightarrow$ Frank)

This establishes that **Dorothy** is also an ancestor of Edward.

**Conclusion:**
Since Dorothy is an ancestor of both Doris and Edward, they share a common ancestor.

<ANSWER>3</ANSWER>"
128,COMMON_DESCENDANT,4,"Given the following lineage relationships:
* Peter is Matthew's ancestor.
* Pamela is Jacob's ancestor.
* Anna is Brenda's descendant.
* Emily is Elizabeth's descendant.
* Jean is Karen's ancestor.
* Raymond is Alexis's descendant.
* Christina is Christopher's ancestor.
* Edward is Wayne's ancestor.
* Emily is Danielle's ancestor.
* Gregory is Ronald's ancestor.
* Mary is Rachel's descendant.
* Joyce is Brandon's descendant.
* Karen is Diane's ancestor.
* Ryan is Margaret's descendant.
* Anna is Rachel's ancestor.
* Sean is Dylan's ancestor.
* Emma is Benjamin's descendant.
* Joyce is Bobby's ancestor.
* Jeffrey is Debra's ancestor.
* Jonathan is Helen's descendant.
* Brittany is Lawrence's ancestor.
* Sandra is Joseph's ancestor.
* Michael is Julie's ancestor.
* Brian is Emma's descendant.
* Stephanie is Austin's ancestor.
* Anthony is Samuel's ancestor.
* William is Lori's descendant.
* Ralph is Richard's descendant.
* Sophia is Amber's ancestor.
* Philip is Martha's ancestor.
* Jeremy is Michael's ancestor.
* Evelyn is Tyler's ancestor.
* Shirley is George's ancestor.
* Dorothy is Ethan's descendant.
* Steven is Megan's ancestor.
* Danielle is Ruth's ancestor.
* Brandon is Ann's descendant.
* Susan is Terry's ancestor.
* Frances is Barbara's ancestor.
* George is Joe's ancestor.
* Daniel is Lori's ancestor.
* Bradley is Jessica's ancestor.
* Heather is Russell's descendant.
* Sandra is Scott's descendant.
* Bradley is Teresa's descendant.
* Betty is Frank's descendant.
* Frank is Janet's descendant.
* Nancy is Russell's ancestor.
* Eugene is Katherine's descendant.
* Sophia is Willie's descendant.
* Beverly is Mason's descendant.
* Aaron is Mary's descendant.
* Hannah is Lawrence's descendant.
* Olivia is Angela's ancestor.
* Larry is Roy's descendant.
* Ethan is Larry's descendant.
* Walter is Roy's ancestor.
* Diane is Nancy's ancestor.
* Sean is Brian's descendant.
* Theresa is Cynthia's ancestor.
* Evelyn is Jonathan's descendant.
* Stephanie is Ruth's descendant.
* Cynthia is Scott's ancestor.
* Alice is Betty's descendant.
* Hannah is Daniel's ancestor.
* Edward is Arthur's descendant.
* Jean is Tyler's descendant.
* Beverly is Elizabeth's ancestor.
* Debra is Peter's ancestor.
* Sharon is Ronald's descendant.
* Pamela is Christopher's descendant.
* Joe is Brenda's ancestor.
* Brittany is Dylan's descendant.
* Charles is Vincent's ancestor.
* Jacqueline is Madison's descendant.
* Kayla is Virginia's ancestor.
* Harold is Aaron's descendant.
* Olivia is Raymond's descendant.
* Katherine is Kimberly's descendant.
* Randy is Henry's descendant.
* Susan is William's descendant.
* Gloria is Melissa's descendant.
* Keith is Jessica's descendant.
* Melissa is Donald's descendant.
* Kimberly is Albert's descendant.
* Cheryl is Jacqueline's descendant.
* Mason is Randy's descendant.
* Christine is Ryan's descendant.
* Doris is Bryan's ancestor.
* Jack is Teresa's ancestor.
* Martha is Denise's ancestor.
* Gloria is Shirley's ancestor.
* Virginia is Albert's ancestor.
* Nicole is Philip's ancestor.
* Doris is Carl's descendant.
* Kayla is Victoria's descendant.
* Anthony is Julie's descendant.
* Billy is Jacob's descendant.
* Arthur is Billy's descendant.
* Keith is Henry's ancestor.
* Donald is Vincent's descendant.
* Dorothy is Dennis's ancestor.
* Jerry is Sharon's descendant.
* Linda is Charles's ancestor.
* Alexis is Wayne's descendant.
* Walter is Megan's descendant.
* Richard is Austin's descendant.
* Ralph is Benjamin's ancestor.
* Cheryl is Nicole's ancestor.
* Jerry is Victoria's ancestor.
* Timothy is Elijah's descendant.
* Eugene is Margaret's ancestor.
* Christina is Joseph's descendant.
* Willie is Denise's descendant.
* Barbara is Jack's ancestor.
* Linda is Dennis's descendant.
* Bobby is Janet's ancestor.
* Timothy is Ann's ancestor.
* Carl is Samuel's descendant.
* Bryan is Madison's ancestor.
* Jeremy is Heather's descendant.
* Matthew is Frances's ancestor.
* Helen is Harold's descendant.
* Angela is Gregory's ancestor.
* Amber is Terry's ancestor.
* Theresa is Alice's descendant.
* Steven is Christine's descendant.
Determine the lineage relationship between Elijah and Jeffrey.
Select the correct answer:
1. Elijah is Jeffrey's descendant.
2. Elijah and Jeffrey share a common ancestor.
3. Elijah is Jeffrey's ancestor.
4. Elijah and Jeffrey share a common descendant.
5. None of the above is correct.
Enclose the selected answer number in the <ANSWER> tag, for example: <ANSWER>1</ANSWER>.",z-ai/glm-5,Z.AI,,,"To determine the relationship between Elijah and Jeffrey, we need to trace the lineage paths for both individuals.

**1. Trace Elijah's Lineage:**
*   Timothy is Elijah's descendant: **Elijah -> Timothy**
*   Timothy is Ann's ancestor: **Elijah -> Timothy -> Ann**
*   Brandon is Ann's descendant: **Elijah -> Timothy -> Ann -> Brandon**
*   Joyce is Brandon's descendant: **Elijah -> ... -> Brandon -> Joyce**
*   Joyce is Bobby's ancestor: **Elijah -> ... -> Joyce -> Bobby**
*   Bobby is Janet's ancestor: **Elijah -> ... -> Bobby -> Janet**
*   Frank is Janet's descendant: **Elijah -> ... -> Janet -> Frank**
*   Betty is Frank's descendant: **Elijah -> ... -> Frank -> Betty**
*   Alice is Betty's descendant: **Elijah -> ... -> Betty -> Alice**
*   Theresa is Alice's descendant: **Elijah -> ... -> Alice -> Theresa**
*   Theresa is Cynthia's ancestor: **Elijah -> ... -> Theresa -> Cynthia**
*   Cynthia is Scott's ancestor: **Elijah -> ... -> Cynthia -> Scott**
*   Sandra is Scott's descendant: **Elijah -> ... -> Scott -> Sandra**
*   Sandra is Joseph's ancestor: **Elijah -> ... -> Sandra -> Joseph**
*   Christina is Joseph's descendant: **Elijah -> ... -> Joseph -> Christina**
*   Christina is Christopher's ancestor: **Elijah -> ... -> Christina -> Christopher**
*   Pamela is Christopher's descendant: **Elijah -> ... -> Christopher -> Pamela**
*   Pamela is Jacob's ancestor: **Elijah -> ... -> Pamela -> Jacob**
*   Billy is Jacob's descendant: **Elijah -> ... -> Jacob -> Billy**
*   Arthur is Billy's descendant: **Elijah -> ... -> Billy -> Arthur**
*   Edward is Arthur's descendant: **Elijah -> ... -> Arthur -> Edward**
*   Edward is Wayne's ancestor: **Elijah -> ... -> Edward -> Wayne**
*   Alexis is Wayne's descendant: **Elijah -> ... -> Wayne -> Alexis**
*   Raymond is Alexis's descendant: **Elijah -> ... -> Alexis -> Raymond**
*   Olivia is Raymond's descendant: **Elijah -> ... -> Raymond -> Olivia**
*   Olivia is Angela's ancestor: **Elijah -> ... -> Olivia -> Angela**
*   Angela is Gregory's ancestor: **Elijah -> ... -> Angela -> Gregory**
*   Gregory is Ronald's ancestor: **Elijah -> ... -> Gregory -> Ronald**
*   Ronald -> Sharon -> Jerry -> Victoria -> Kayla -> Virginia -> Albert -> Kimberly -> Katherine -> Eugene -> Margaret -> Ryan -> Christine -> Steven -> Megan -> Walter -> Roy -> Larry -> Ethan -> Dorothy -> Dennis -> Linda -> Charles -> Vincent -> Donald -> Melissa -> Gloria -> Shirley -> George -> Joe -> Brenda -> Anna -> Rachel -> Mary -> Aaron -> Harold -> Helen -> Jonathan -> Evelyn -> Tyler -> Jean -> Karen -> Diane -> Nancy -> Russell -> Heather -> Jeremy -> Michael -> Julie -> Anthony -> Samuel -> Carl.
*   Doris is Carl's descendant: **Elijah -> ... -> Carl -> Doris**
*   Doris is Bryan's ancestor: **Elijah -> ... -> Carl -> Doris -> Bryan**
*   Bryan is Madison's ancestor: **Elijah -> ... -> Bryan -> Madison**
*   Jacqueline is Madison's descendant: **Elijah -> ... -> Madison -> Jacqueline**
*   Cheryl is Jacqueline's descendant: **Elijah -> ... -> Jacqueline -> Cheryl**
*   Cheryl is Nicole's ancestor: **Elijah -> ... -> Cheryl -> Nicole**
*   Nicole is Philip's ancestor: **Elijah -> ... -> Nicole -> Philip**
*   Philip is Martha's ancestor: **Elijah -> ... -> Philip -> Martha**
*   Martha is Denise's ancestor: **Elijah -> ... -> Martha -> Denise**
*   Willie is Denise's descendant: **Elijah -> ... -> Denise -> Willie**
*   Sophia is Willie's descendant: **Elijah -> ... -> Willie -> Sophia**
*   Sophia is Amber's ancestor: **Elijah -> ... -> Sophia -> Amber**
*   Amber is Terry's ancestor: **Elijah -> ... -> Amber -> Terry**

**2. Trace Jeffrey's Lineage:**
*   Jeffrey is Debra's ancestor: **Jeffrey -> Debra**
*   Debra is Peter's ancestor: **Jeffrey -> Debra -> Peter**
*   Peter is Matthew's ancestor: **Jeffrey -> Debra -> Peter -> Matthew**
*   Matthew is Frances's ancestor: **Jeffrey -> ... -> Matthew -> Frances**
*   Frances is Barbara's ancestor: **Jeffrey -> ... -> Frances -> Barbara**
*   Barbara is Jack's ancestor: **Jeffrey -> ... -> Barbara -> Jack**
*   Jack is Teresa's ancestor: **Jeffrey -> ... -> Jack -> Teresa**
*   Bradley is Teresa's descendant: **Jeffrey -> ... -> Teresa -> Bradley**
*   Bradley is Jessica's ancestor: **Jeffrey -> ... -> Bradley -> Jessica**
*   Keith is Jessica's descendant: **Jeffrey -> ... -> Jessica -> Keith**
*   Keith is Henry's ancestor: **Jeffrey -> ... -> Keith -> Henry**
*   Henry -> Randy -> Mason -> Beverly -> Elizabeth -> Emily -> Danielle -> Ruth -> Stephanie -> Austin -> Richard -> Ralph -> Benjamin -> Emma -> Brian -> Sean -> Dylan -> Brittany -> Lawrence -> Hannah -> Daniel -> Lori -> William -> Susan.
*   Susan is Terry's ancestor: **Jeffrey -> ... -> Susan -> Terry**

**Conclusion:**
Elijah is an ancestor of Amber, who is an ancestor of Terry. Thus, Elijah is an ancestor of Terry.
Jeffrey is an ancestor of Susan, who is an ancestor of Terry. Thus, Jeffrey is an ancestor of Terry.
Since both Elijah and Jeffrey are ancestors of Terry, and there is no direct ancestor/descendant relationship between Elijah and Jeffrey (their lineages converge at Terry), they share a common descendant.

<ANSWER>4</ANSWER>"
