8,ANCESTOR,3,"Given the following lineage relationships:
* Beverly is Gerald's ancestor.
* Jeffrey is Richard's ancestor.
* Richard is Beverly's ancestor.
* Douglas is Stephen's ancestor.
* Gerald is Jeremy's ancestor.
* Andrea is Jeffrey's ancestor.
* Jeremy is Douglas's ancestor.
Determine the lineage relationship between Andrea and Stephen.
Select the correct answer:
1. Andrea and Stephen share a common ancestor.
2. Andrea is Stephen's descendant.
3. Andrea is Stephen's ancestor.
4. Andrea and Stephen share a common descendant.
5. None of the above is correct.
Enclose the selected answer number in the <ANSWER> tag, for example: <ANSWER>1</ANSWER>.",amazon/nova-2-lite-v1:free,Amazon Nova,,,"To determine the relationship between **Andrea** and **Stephen**, we must analyze the given lineage relationships step by step, tracing the connections from Andrea to Stephen (or vice versa) through the provided statements.

---

### Step-by-Step Lineage Chain

We are given the following relationships:

1. **Beverly is Gerald's ancestor**  
   → Beverly → Gerald

2. **Jeffrey is Richard's ancestor**  
   → Jeffrey → Richard

3. **Richard is Beverly's ancestor**  
   → Richard → Beverly

4. **Douglas is Stephen's ancestor**  
   → Douglas → Stephen

5. **Gerald is Jeremy's ancestor**  
   → Gerald → Jeremy

6. **Andrea is Jeffrey's ancestor**  
   → Andrea → Jeffrey

7. **Jeremy is Douglas's ancestor**  
   → Jeremy → Douglas

---

### Building the Full Chain from Andrea to Stephen

Let’s trace the lineage from **Andrea** forward through the chain of ancestors and descendants:

- **Andrea → Jeffrey** (from #6)
- **Jeffrey → Richard** (from #2)
- **Richard → Beverly** (from #3)
- **Beverly → Gerald** (from #1)
- **Gerald → Jeremy** (from #5)
- **Jeremy → Douglas** (from #7)
- **Douglas → Stephen** (from #4)

Putting it all together:

**Andrea → Jeffrey → Richard → Beverly → Gerald → Jeremy → Douglas → Stephen**

This is a **direct, unbroken lineage** from Andrea to Stephen, where each person is an **ancestor** of the next.

---

### Interpreting the Relationship

Since **Andrea** is an ancestor of **Jeffrey**, and **Jeffrey** is an ancestor of **Richard**, and so on, all the way down to **Stephen**, it follows that **Andrea is an ancestor of Stephen**.

This means **Andrea precedes Stephen in the family tree**, and **Stephen is a descendant of Andrea**.

---

### Evaluating the Answer Choices

Let’s now evaluate the options:

1. **Andrea and Stephen share a common ancestor.**  
   → Incorrect. Andrea *is* an ancestor of Stephen, so they are not just sharing a common ancestor — Andrea is directly above Stephen.

2. **Andrea is Stephen's descendant.**  
   → Incorrect. The chain shows Andrea is *above* Stephen, so Andrea is the **ancestor**, not the descendant.

3. **Andrea is Stephen's ancestor.**  
   → **Correct.** As shown by the chain above.

4. **Andrea and Stephen share a common descendant.**  
   → Incorrect. There is no indication of a common descendant between them; the chain shows Andrea is the ancestor of Stephen.

5. **None of the above is correct.**  
   → Incorrect, since option 3 is valid.

---

### Final Answer

<ANSWER>3</ANSWER>"
8,DESCENDANT,3,"Given the following lineage relationships:
* Benjamin is Frances's descendant.
* Benjamin is Brittany's ancestor.
* Diane is Carl's descendant.
* Sarah is Willie's descendant.
* Frances is Sarah's descendant.
* Robert is Carl's ancestor.
* Robert is Brittany's descendant.
Determine the lineage relationship between Diane and Willie.
Select the correct answer:
1. Diane and Willie share a common ancestor.
2. Diane and Willie share a common descendant.
3. Diane is Willie's descendant.
4. Diane is Willie's ancestor.
5. None of the above is correct.
Enclose the selected answer number in the <ANSWER> tag, for example: <ANSWER>1</ANSWER>.",amazon/nova-2-lite-v1:free,Amazon Nova,,,"To determine the relationship between **Diane** and **Willie**, we must carefully interpret the given lineage statements and construct a coherent family tree that satisfies all the provided relationships.

---

### Step-by-Step Interpretation of Each Statement

We interpret each statement using the standard genealogical meaning:

- **""X is Y's descendant""** → Y is an ancestor of X → **Y → X**
- **""X is Y's ancestor""** → X is an ancestor of Y → **X → Y**

Now, let's process each statement:

1. **Benjamin is Frances's descendant**  
   → **Frances → Benjamin**

2. **Benjamin is Brittany's ancestor**  
   → **Benjamin → Brittany**

3. **Diane is Carl's descendant**  
   → **Carl → Diane**

4. **Sarah is Willie's descendant**  
   → **Willie → Sarah**

5. **Frances is Sarah's descendant**  
   → **Sarah → Frances**

6. **Robert is Carl's ancestor**  
   → **Robert → Carl**

7. **Robert is Brittany's descendant**  
   → **Brittany → Robert**

---

### Constructing the Lineage Chain

Let’s now build the lineage step by step, connecting all the individuals based on the above relationships.

#### Starting from Willie:
- **Willie → Sarah** (from statement 4)
- **Sarah → Frances** (from statement 5)
- **Frances → Benjamin** (from statement 1)
- **Benjamin → Brittany** (from statement 2)
- **Brittany → Robert** (from statement 7)
- **Robert → Carl** (from statement 6)
- **Carl → Diane** (from statement 3)

This gives us a **single continuous lineage**:

> **Willie → Sarah → Frances → Benjamin → Brittany → Robert → Carl → Diane**

---

### Analyzing the Relationship Between Diane and Willie

From the above chain, we can see that **Willie is an ancestor of Diane**, and **Diane is a descendant of Willie**. The entire lineage connects Willie directly to Diane through a series of ancestor-descendant relationships.

Thus, **Diane is Willie's descendant**.

---

### Evaluating the Answer Choices

Let’s now evaluate the provided options:

1. **Diane and Willie share a common ancestor.**  
   → Incorrect. They are in a direct ancestor-descendant relationship, not collateral.

2. **Diane and Willie share a common descendant.**  
   → Incorrect. Diane is the descendant of Willie, not the other way around.

3. **Diane is Willie's descendant.**  
   → **Correct.** This is exactly what the lineage shows.

4. **Diane is Willie's ancestor.**  
   → Incorrect. The direction is reversed.

5. **None of the above is correct.**  
   → Incorrect, since option 3 is valid.

---

### Final Answer

<ANSWER>3</ANSWER>"
8,COMMON_ANCESTOR,4,"Given the following lineage relationships:
* Mason is Maria's ancestor.
* Mason is Kelly's descendant.
* Alice is Jerry's descendant.
* Kelly is Joan's descendant.
* Joan is Lawrence's descendant.
* Maria is Jerry's ancestor.
* Christine is Lawrence's descendant.
Determine the lineage relationship between Christine and Alice.
Select the correct answer:
1. Christine and Alice share a common descendant.
2. Christine is Alice's descendant.
3. Christine is Alice's ancestor.
4. Christine and Alice share a common ancestor.
5. None of the above is correct.
Enclose the selected answer number in the <ANSWER> tag, for example: <ANSWER>1</ANSWER>.",amazon/nova-2-lite-v1:free,Amazon Nova,,,"To determine the relationship between **Christine** and **Alice**, we must analyze the provided lineage relationships and trace the connections between the individuals.

---

### Step 1: Understand the Given Relationships

We are given the following:

1. **Mason is Maria's ancestor**  
   → Mason → Maria (Mason is an ancestor of Maria)

2. **Mason is Kelly's descendant**  
   → Kelly → Mason (Kelly is an ancestor of Mason)

3. **Alice is Jerry's descendant**  
   → Jerry → Alice

4. **Kelly is Joan's descendant**  
   → Joan → Kelly

5. **Joan is Lawrence's descendant**  
   → Lawrence → Joan

6. **Maria is Jerry's ancestor**  
   → Maria → Jerry

7. **Christine is Lawrence's descendant**  
   → Lawrence → Christine

---

### Step 2: Construct the Lineage Chain

Let’s build a chain from **Lawrence** down to **Alice** using the above relationships:

- **Lawrence → Joan** (from 5)
- **Joan → Kelly** (from 4)
- **Kelly → Mason** (from 2)
- **Mason → Maria** (from 1)
- **Maria → Jerry** (from 6)
- **Jerry → Alice** (from 3)

So the full lineage path is:

> **Lawrence → Joan → Kelly → Mason → Maria → Jerry → Alice**

This confirms that **Alice is a descendant of Lawrence**.

Also, from (7), **Christine is a descendant of Lawrence**.

---

### Step 3: Determine the Relationship Between Christine and Alice

We now know:

- **Alice** is a descendant of **Lawrence**
- **Christine** is also a descendant of **Lawrence**

This means **both Christine and Alice share Lawrence as a common ancestor**.

We do **not** have enough information to determine whether Christine is:
- An **ancestor** of Alice (if Christine is on the path between Lawrence and Alice),
- A **descendant** of Alice (unlikely, since Alice is at the end of the known chain),
- Or a **cousin** (if Christine is on a different branch of Lawrence’s lineage).

However, **regardless of where Christine is on the Lawrence lineage**, **Lawrence is always a common ancestor** of both Christine and Alice.

---

### Step 4: Evaluate the Answer Choices

Let’s examine each option:

1. **Christine and Alice share a common descendant.**  
   → Not necessarily true. We have no information about any individual being a descendant of both.

2. **Christine is Alice's descendant.**  
   → Not necessarily true. Christine could be on a different branch of Lawrence’s lineage.

3. **Christine is Alice's ancestor.**  
   → Not necessarily true. Christine could be on a different branch.

4. **Christine and Alice share a common ancestor.**  
   → **True**. Lawrence is a common ancestor of both.

5. **None of the above is correct.**  
   → False, because option 4 is correct.

---

### Conclusion

Based on the given information, the **only relationship that must be true** is that **Christine and Alice share a common ancestor** — specifically, **Lawrence**.

<ANSWER>4</ANSWER>"
8,COMMON_DESCENDANT,3,"Given the following lineage relationships:
* Paul is Megan's descendant.
* Jean is Ann's ancestor.
* Judith is Alexander's ancestor.
* Ruth is Judith's ancestor.
* Ruth is Paul's descendant.
* Alexander is Anna's descendant.
* Megan is Ann's descendant.
Determine the lineage relationship between Jean and Anna.
Select the correct answer:
1. Jean and Anna share a common ancestor.
2. Jean is Anna's descendant.
3. Jean and Anna share a common descendant.
4. Jean is Anna's ancestor.
5. None of the above is correct.
Enclose the selected answer number in the <ANSWER> tag, for example: <ANSWER>1</ANSWER>.",amazon/nova-2-lite-v1:free,Amazon Nova,,,"To determine the relationship between **Jean** and **Anna**, we must analyze the provided lineage statements carefully and trace the connections between the individuals involved.

---

### Step 1: Interpret the Given Relationships

We are told the following:

1. **Paul is Megan's descendant**  
   → Megan is Paul's ancestor → **Megan → Paul**

2. **Jean is Ann's ancestor**  
   → **Jean → Ann**

3. **Judith is Alexander's ancestor**  
   → **Judith → Alexander**

4. **Ruth is Judith's ancestor**  
   → **Ruth → Judith**

5. **Ruth is Paul's descendant**  
   → **Paul → Ruth**

6. **Alexander is Anna's descendant**  
   → **Anna → Alexander**

7. **Megan is Ann's descendant**  
   → **Ann → Megan**

---

### Step 2: Build the Lineage Chain

Let’s trace the lineage from **Jean** forward using the above relationships:

- **Jean → Ann** (from 2)
- **Ann → Megan** (from 7)
- **Megan → Paul** (from 1)
- **Paul → Ruth** (from 5)
- **Ruth → Judith** (from 4)
- **Judith → Alexander** (from 3)

So we have a clear lineage:

> **Jean → Ann → Megan → Paul → Ruth → Judith → Alexander**

This shows that **Jean is an ancestor of Alexander**.

Now consider **Anna**:

- From (6): **Anna → Alexander**

So **Anna is also an ancestor of Alexander**.

---

### Step 3: Determine the Relationship Between Jean and Anna

We now know:

- **Jean** is an ancestor of **Alexander**
- **Anna** is also an ancestor of **Alexander**

This means **Jean and Anna both share Alexander as a common descendant**.

Let’s examine the answer choices:

1. **Jean and Anna share a common ancestor**  
   → Not supported. There is no information indicating a common ancestor above both Jean and Anna.

2. **Jean is Anna's descendant**  
   → No evidence that Jean is below Anna in the lineage.

3. **Jean and Anna share a common descendant**  
   → ✅ **Yes.** Alexander is a descendant of both Jean and Anna.

4. **Jean is Anna's ancestor**  
   → Would require Jean to be above Anna in the lineage. But Anna is only known to be an ancestor of Alexander, and there's no indication that Anna is below Jean. In fact, Jean is above Alexander, and Anna is also above Alexander — but we don’t know their relative positions.

5. **None of the above is correct**  
   → Not applicable, since option 3 is valid.

---

### Step 4: Addressing Potential Ambiguity (Ann vs. Anna)

One might wonder whether **Ann** and **Anna** refer to the same person (as they are variant spellings). However, the problem explicitly uses **Ann** in statements 2 and 7, and **Anna** in statement 6. In logic puzzles, **different names are assumed to refer to different individuals unless explicitly stated otherwise**.

Thus, **Ann ≠ Anna** in this context.

This confirms that **Jean and Anna are two distinct individuals**, both of whom are ancestors of **Alexander**.

---

### Conclusion

Since **Jean** and **Anna** both are ancestors of **Alexander**, they **share a common descendant** — **Alexander**.

This matches **option 3**.

<ANSWER>3</ANSWER>"
8,ANCESTOR,4,"Given the following lineage relationships:
* Jacqueline is Nathan's descendant.
* Larry is Emily's descendant.
* Patricia is Hannah's ancestor.
* Sharon is Patricia's ancestor.
* Emily is Hannah's descendant.
* Larry is Terry's ancestor.
* Jacqueline is Sharon's ancestor.
Determine the lineage relationship between Nathan and Terry.
Select the correct answer:
1. Nathan is Terry's descendant.
2. Nathan and Terry share a common ancestor.
3. Nathan and Terry share a common descendant.
4. Nathan is Terry's ancestor.
5. None of the above is correct.
Enclose the selected answer number in the <ANSWER> tag, for example: <ANSWER>1</ANSWER>.",amazon/nova-2-lite-v1:free,Amazon Nova,,,"To determine the relationship between **Nathan** and **Terry**, we must analyze the given lineage relationships step by step, building a clear chain of descent.

---

### Step-by-Step Chain of Relationships

We are given the following facts:

1. **Jacqueline is Nathan's descendant**  
   → Nathan is an **ancestor** of Jacqueline.

2. **Jacqueline is Sharon's ancestor**  
   → Jacqueline is an **ancestor** of Sharon.

3. **Sharon is Patricia's ancestor**  
   → Sharon is an **ancestor** of Patricia.

4. **Patricia is Hannah's ancestor**  
   → Patricia is an **ancestor** of Hannah.

5. **Emily is Hannah's descendant**  
   → Hannah is an **ancestor** of Emily.

6. **Larry is Emily's descendant**  
   → Emily is an **ancestor** of Larry.

7. **Larry is Terry's ancestor**  
   → Larry is an **ancestor** of Terry.

---

### Constructing the Full Lineage Path

Let’s now trace the path from **Nathan** to **Terry** using the above relationships:

- **Nathan → Jacqueline** (from 1)
- **Jacqueline → Sharon** (from 2)
- **Sharon → Patricia** (from 3)
- **Patricia → Hannah** (from 4)
- **Hannah → Emily** (from 5)
- **Emily → Larry** (from 6)
- **Larry → Terry** (from 7)

Putting it all together:

> **Nathan → Jacqueline → Sharon → Patricia → Hannah → Emily → Larry → Terry**

This is a **direct lineage** from Nathan to Terry, with each person being an ancestor of the next.

---

### Interpreting the Relationship

From the chain above, **Nathan is an ancestor of Terry**. This means that **Nathan precedes Terry in the family line**, and Terry is a **descendant** of Nathan.

Let’s now evaluate the answer choices:

1. **Nathan is Terry's descendant**  
   → **Incorrect**. This would mean Terry is an ancestor of Nathan, which contradicts the chain.

2. **Nathan and Terry share a common ancestor**  
   → **Incorrect**. While they *do* share ancestors (e.g., Jacqueline, Sharon, etc.), the question is about the **direct relationship** between them. Since Nathan is directly above Terry, they don’t just *share* a common ancestor — Nathan **is** the ancestor.

3. **Nathan and Terry share a common descendant**  
   → **Incorrect**. If Nathan is an ancestor of Terry, then Terry is a descendant of Nathan. Any descendant of Terry would also be a descendant of Nathan, but the statement implies a *shared* descendant *between* them, which is not the case here.

4. **Nathan is Terry's ancestor**  
   → **Correct**. As shown by the chain, Nathan is directly above Terry in the lineage.

5. **None of the above is correct**  
   → **Incorrect**, since option 4 is valid.

---

### Final Answer

<ANSWER>4</ANSWER>"
8,DESCENDANT,1,"Given the following lineage relationships:
* Steven is Philip's descendant.
* Julie is Sarah's ancestor.
* Michelle is Emma's descendant.
* Bradley is Michelle's descendant.
* Sarah is Ann's ancestor.
* Philip is Bradley's descendant.
* Steven is Julie's ancestor.
Determine the lineage relationship between Ann and Emma.
Select the correct answer:
1. Ann is Emma's descendant.
2. Ann is Emma's ancestor.
3. Ann and Emma share a common descendant.
4. Ann and Emma share a common ancestor.
5. None of the above is correct.
Enclose the selected answer number in the <ANSWER> tag, for example: <ANSWER>1</ANSWER>.",amazon/nova-2-lite-v1:free,Amazon Nova,,,"To determine the relationship between **Ann** and **Emma**, we must analyze the given lineage statements and trace the connections between them.

---

### Step-by-Step Analysis of Given Relationships

We are given the following:

1. **Steven is Philip's descendant**  
   → Philip → Steven (Philip is ancestor of Steven)

2. **Julie is Sarah's ancestor**  
   → Julie → Sarah (Julie is ancestor of Sarah)

3. **Michelle is Emma's descendant**  
   → Emma → Michelle (Emma is ancestor of Michelle)

4. **Bradley is Michelle's descendant**  
   → Michelle → Bradley (Michelle is ancestor of Bradley)

5. **Sarah is Ann's ancestor**  
   → Sarah → Ann (Sarah is ancestor of Ann)

6. **Philip is Bradley's descendant**  
   → Bradley → Philip (Bradley is ancestor of Philip)

7. **Steven is Julie's ancestor**  
   → Steven → Julie (Steven is ancestor of Julie)

---

### Constructing the Lineage Chain

Let’s now build a **direct lineage path** from **Emma** to **Ann** using the above relationships.

#### Starting from **Emma**:
- From (3): **Emma → Michelle**
- From (4): **Michelle → Bradley**
- From (6): **Bradley → Philip**
- From (1): **Philip → Steven**
- From (7): **Steven → Julie**
- From (2): **Julie → Sarah**
- From (5): **Sarah → Ann**

Now, chaining all these together:

$$
\text{Emma} \rightarrow \text{Michelle} \rightarrow \text{Bradley} \rightarrow \text{Philip} \rightarrow \text{Steven} \rightarrow \text{Julie} \rightarrow \text{Sarah} \rightarrow \text{Ann}
$$

This shows that **Emma is an ancestor of Ann**, and **Ann is a descendant of Emma**.

---

### Evaluating the Answer Choices

Let’s now evaluate each option:

1. **Ann is Emma's descendant.**  
   ✅ **Correct.** As shown above, Ann is directly descended from Emma through the chain.

2. **Ann is Emma's ancestor.**  
   ❌ Incorrect. Ann is *not* above Emma in the lineage; she is below.

3. **Ann and Emma share a common descendant.**  
   ❌ Incorrect. If Ann is a descendant of Emma, then Emma is the common ancestor, not the descendant.

4. **Ann and Emma share a common ancestor.**  
   ❌ Incorrect. Since Ann is a descendant of Emma, Emma is the ancestor — there is no one *above* both of them in this chain.

5. **None of the above is correct.**  
   ❌ Incorrect. Option 1 is correct.

---

### Conclusion

The correct relationship is that **Ann is Emma's descendant**.

<ANSWER>1</ANSWER>"
8,COMMON_ANCESTOR,3,"Given the following lineage relationships:
* Andrea is Jordan's descendant.
* Ruth is Tyler's ancestor.
* Jordan is Joan's ancestor.
* Cynthia is Edward's descendant.
* Ruth is Andrea's descendant.
* Joan is Edward's ancestor.
* Tyler is Brandon's ancestor.
Determine the lineage relationship between Cynthia and Brandon.
Select the correct answer:
1. Cynthia and Brandon share a common descendant.
2. Cynthia is Brandon's ancestor.
3. Cynthia and Brandon share a common ancestor.
4. Cynthia is Brandon's descendant.
5. None of the above is correct.
Enclose the selected answer number in the <ANSWER> tag, for example: <ANSWER>1</ANSWER>.",amazon/nova-2-lite-v1:free,Amazon Nova,,,"To determine the relationship between **Cynthia** and **Brandon**, we must analyze the given lineage relationships and trace the connections between them.

---

### Step 1: Interpret the Given Relationships

We are told the following:

1. **Andrea is Jordan's descendant**  
   → *Jordan → Andrea* (Jordan is ancestor of Andrea)

2. **Ruth is Tyler's ancestor**  
   → *Ruth → Tyler* (Ruth is ancestor of Tyler)

3. **Jordan is Joan's ancestor**  
   → *Jordan → Joan*

4. **Cynthia is Edward's descendant**  
   → *Edward → Cynthia*

5. **Ruth is Andrea's descendant**  
   → *Andrea → Ruth*

6. **Joan is Edward's ancestor**  
   → *Joan → Edward*

7. **Tyler is Brandon's ancestor**  
   → *Tyler → Brandon*

---

### Step 2: Construct the Family Tree

Let’s trace the lineage paths from a common root where possible.

#### Path from **Jordan** to **Cynthia**:
- **Jordan → Joan** (from #3)
- **Joan → Edward** (from #6)
- **Edward → Cynthia** (from #4)

So:  
**Jordan → Joan → Edward → Cynthia**

#### Path from **Jordan** to **Brandon**:
- **Jordan → Andrea** (from #1)
- **Andrea → Ruth** (from #5)
- **Ruth → Tyler** (from #2)
- **Tyler → Brandon** (from #7)

So:  
**Jordan → Andrea → Ruth → Tyler → Brandon**

---

### Step 3: Determine the Relationship Between Cynthia and Brandon

From the above, both **Cynthia** and **Brandon** are **descendants of Jordan**. There is **no direct path** from Cynthia to Brandon or vice versa — their lineages **diverge** after Jordan.

This means:
- **Cynthia is not Brandon's ancestor** (no path from Cynthia to Brandon)
- **Brandon is not Cynthia's descendant** (no path from Brandon to Cynthia)
- **They do not share a common descendant** (no information about either having descendants in common)
- **They do share a common ancestor**: **Jordan**

---

### Step 4: Evaluate the Answer Choices

1. **Cynthia and Brandon share a common descendant.**  
   → *Not supported by the data.* No information about descendants of either.

2. **Cynthia is Brandon's ancestor.**  
   → *False.* There is no path from Cynthia to Brandon.

3. **Cynthia and Brandon share a common ancestor.**  
   → **True.** Jordan is a common ancestor of both.

4. **Cynthia is Brandon's descendant.**  
   → *False.* No such path exists.

5. **None of the above is correct.**  
   → *False.* Option 3 is correct.

---

### ✅ Final Answer

<ANSWER>3</ANSWER>"
8,COMMON_DESCENDANT,3,"Given the following lineage relationships:
* Kevin is Danielle's ancestor.
* Andrew is Stephanie's ancestor.
* Kayla is Nicholas's descendant.
* Stephanie is Danielle's descendant.
* Brittany is Anna's descendant.
* Andrew is Brittany's descendant.
* Anna is Kayla's descendant.
Determine the lineage relationship between Kevin and Nicholas.
Select the correct answer:
1. Kevin is Nicholas's descendant.
2. Kevin and Nicholas share a common ancestor.
3. Kevin and Nicholas share a common descendant.
4. Kevin is Nicholas's ancestor.
5. None of the above is correct.
Enclose the selected answer number in the <ANSWER> tag, for example: <ANSWER>1</ANSWER>.",amazon/nova-2-lite-v1:free,Amazon Nova,,,"To determine the relationship between **Kevin** and **Nicholas**, we must analyze the provided lineage relationships and trace the connections between them.

---

### Step-by-Step Analysis of Given Relationships

We are given the following:

1. **Kevin is Danielle's ancestor**  
   → Kevin → Danielle (Kevin is above Danielle in the lineage)

2. **Andrew is Stephanie's ancestor**  
   → Andrew → Stephanie

3. **Kayla is Nicholas's descendant**  
   → Nicholas → Kayla

4. **Stephanie is Danielle's descendant**  
   → Danielle → Stephanie

5. **Brittany is Anna's descendant**  
   → Anna → Brittany

6. **Andrew is Brittany's descendant**  
   → Brittany → Andrew

7. **Anna is Kayla's descendant**  
   → Kayla → Anna

---

### Building the Lineage Chains

Let’s trace the lineage paths from both **Kevin** and **Nicholas** to see if they intersect.

#### From **Kevin**:
- Kevin → Danielle (from 1)
- Danielle → Stephanie (from 4)

So:  
**Kevin → Danielle → Stephanie**

#### From **Nicholas**:
- Nicholas → Kayla (from 3)
- Kayla → Anna (from 7)
- Anna → Brittany (from 5)
- Brittany → Andrew (from 6)
- Andrew → Stephanie (from 2)

So:  
**Nicholas → Kayla → Anna → Brittany → Andrew → Stephanie**

---

### Identifying the Connection

Both **Kevin** and **Nicholas** have **Stephanie** as a **descendant**:

- Kevin → Danielle → **Stephanie**
- Nicholas → Kayla → Anna → Brittany → Andrew → **Stephanie**

Thus, **Stephanie is a common descendant** of both **Kevin** and **Nicholas**.

---

### Evaluating the Answer Choices

Let’s now assess each option:

1. **Kevin is Nicholas's descendant**  
   → No evidence that Kevin is below Nicholas in the lineage. In fact, both are ancestors of Stephanie. ❌

2. **Kevin and Nicholas share a common ancestor**  
   → There is **no information** about any common ancestor above both Kevin and Nicholas. ❌

3. **Kevin and Nicholas share a common descendant**  
   → ✅ **Yes**, **Stephanie** is a descendant of **both** Kevin and Nicholas.

4. **Kevin is Nicholas's ancestor**  
   → No path from Kevin to Nicholas exists in the given data. ❌

5. **None of the above is correct**  
   → Since **option 3 is correct**, this is **not** the case. ❌

---

### Conclusion

The only accurate statement based on the provided lineage relationships is that **Kevin and Nicholas share a common descendant (Stephanie)**.

<ANSWER>3</ANSWER>"
8,ANCESTOR,3,"Given the following lineage relationships:
* Christine is Diane's descendant.
* William is Diane's ancestor.
* Christine is Peter's ancestor.
* William is Albert's descendant.
* Robert is Zachary's descendant.
* Peter is Zachary's ancestor.
* Steven is Albert's ancestor.
Determine the lineage relationship between Steven and Robert.
Select the correct answer:
1. Steven and Robert share a common ancestor.
2. Steven is Robert's descendant.
3. Steven is Robert's ancestor.
4. Steven and Robert share a common descendant.
5. None of the above is correct.
Enclose the selected answer number in the <ANSWER> tag, for example: <ANSWER>1</ANSWER>.",amazon/nova-2-lite-v1:free,Amazon Nova,,,"To determine the lineage relationship between **Steven** and **Robert**, we must analyze the given facts and trace the connections step by step.

---

### Step 1: Translate Each Fact into Ancestor-Descendant Relationships

We interpret each statement as a directed relationship where **A → B** means **A is an ancestor of B** (i.e., **B is a descendant of A**):

1. **Christine is Diane's descendant**  
   → **Diane → Christine**

2. **William is Diane's ancestor**  
   → **William → Diane**

3. **Christine is Peter's ancestor**  
   → **Christine → Peter**

4. **William is Albert's descendant**  
   → **Albert → William**

5. **Robert is Zachary's descendant**  
   → **Zachary → Robert**

6. **Peter is Zachary's ancestor**  
   → **Peter → Zachary**

7. **Steven is Albert's ancestor**  
   → **Steven → Albert**

---

### Step 2: Build the Full Lineage Chain

Now, we chain these relationships together to form a continuous lineage from **Steven** to **Robert**:

- **Steven → Albert** (from fact 7)  
- **Albert → William** (from fact 4)  
- **William → Diane** (from fact 2)  
- **Diane → Christine** (from fact 1)  
- **Christine → Peter** (from fact 3)  
- **Peter → Zachary** (from fact 6)  
- **Zachary → Robert** (from fact 5)

Putting it all together:

> **Steven → Albert → William → Diane → Christine → Peter → Zachary → Robert**

This is a **direct ancestral chain** from **Steven** to **Robert**.

---

### Step 3: Interpret the Relationship

From the chain above, **Steven** is an **ancestor** of **Robert**, and **Robert** is a **descendant** of **Steven**.

This means that **Steven is Robert's ancestor**.

---

### Step 4: Evaluate the Answer Choices

Let’s examine the options:

1. **Steven and Robert share a common ancestor.**  
   → While this is *technically* true (they share many common ancestors like Albert, William, etc.), it is **not the most precise** description of their relationship. The question asks for the **lineage relationship**, and a direct ancestor-descendant relationship is more specific and correct.

2. **Steven is Robert's descendant.**  
   → This is **false**. Steven is the **ancestor**, not the descendant.

3. **Steven is Robert's ancestor.**  
   → This is **true**, as shown by the chain above.

4. **Steven and Robert share a common descendant.**  
   → This would mean someone *below* both of them in the lineage, but **Steven is above Robert**, so this is **false**.

5. **None of the above is correct.**  
   → This is **false**, because option 3 is correct.

---

### ✅ Final Conclusion

The most accurate and specific relationship between **Steven** and **Robert** is that **Steven is Robert's ancestor**.

<ANSWER>3</ANSWER>"
8,DESCENDANT,2,"Given the following lineage relationships:
* Timothy is Martha's descendant.
* Timothy is Dennis's ancestor.
* Barbara is Sarah's ancestor.
* Randy is Lisa's ancestor.
* Dennis is Elizabeth's ancestor.
* Randy is Sarah's descendant.
* Lisa is Martha's ancestor.
Determine the lineage relationship between Elizabeth and Barbara.
Select the correct answer:
1. Elizabeth and Barbara share a common ancestor.
2. Elizabeth is Barbara's descendant.
3. Elizabeth is Barbara's ancestor.
4. Elizabeth and Barbara share a common descendant.
5. None of the above is correct.
Enclose the selected answer number in the <ANSWER> tag, for example: <ANSWER>1</ANSWER>.",amazon/nova-2-lite-v1:free,Amazon Nova,,,"To determine the lineage relationship between **Elizabeth** and **Barbara**, we must analyze the given relationships step by step and trace the connections that link them.

---

### Step-by-Step Analysis of Given Relationships

We are given the following:

1. **Timothy is Martha's descendant**  
   → Martha is an **ancestor** of Timothy.

2. **Timothy is Dennis's ancestor**  
   → Dennis is a **descendant** of Timothy.

3. **Barbara is Sarah's ancestor**  
   → Barbara is an **ancestor** of Sarah.

4. **Randy is Lisa's ancestor**  
   → Lisa is a **descendant** of Randy.

5. **Dennis is Elizabeth's ancestor**  
   → Elizabeth is a **descendant** of Dennis.

6. **Randy is Sarah's descendant**  
   → Sarah is an **ancestor** of Randy.

7. **Lisa is Martha's ancestor**  
   → Martha is a **descendant** of Lisa.

---

### Building the Lineage Chain

Let’s trace the lineage from **Barbara** down to **Elizabeth** using the above relationships.

#### Start with Barbara:
- **Barbara is Sarah's ancestor** (from #3)  
  → Barbara → Sarah

- **Randy is Sarah's descendant** (from #6)  
  → Sarah → Randy

- **Randy is Lisa's ancestor** (from #4)  
  → Randy → Lisa

- **Lisa is Martha's ancestor** (from #7)  
  → Lisa → Martha

- **Timothy is Martha's descendant** (from #1)  
  → Martha → Timothy

- **Timothy is Dennis's ancestor** (from #2)  
  → Timothy → Dennis

- **Dennis is Elizabeth's ancestor** (from #5)  
  → Dennis → Elizabeth

---

### Full Lineage Path

Putting it all together, we get a **direct lineage**:

**Barbara → Sarah → Randy → Lisa → Martha → Timothy → Dennis → Elizabeth**

This shows that **Barbara is an ancestor of Elizabeth**, and **Elizabeth is a descendant of Barbara**.

---

### Evaluating the Answer Choices

Let’s now evaluate each option:

1. **Elizabeth and Barbara share a common ancestor.**  
   → This would be true **only if** they were on **different branches** of the family tree. However, they are **directly connected** in a single line. So this is **not correct**.

2. **Elizabeth is Barbara's descendant.**  
   → This is **exactly what we’ve established**. Elizabeth is a descendant of Barbara via the chain above. ✅ **Correct**

3. **Elizabeth is Barbara's ancestor.**  
   → This is the **opposite** of the actual relationship. ❌ Incorrect

4. **Elizabeth and Barbara share a common descendant.**  
   → This would require someone **below both** of them in the tree. But since Barbara is an **ancestor** of Elizabeth, **any descendant of Elizabeth** is also a descendant of Barbara. However, the question is about the **direct relationship** between the two, not about whether they share a **common descendant**. This is **not the most precise** or **directly supported** by the given data. ❌ Not the best answer

5. **None of the above is correct.**  
   → Since **option 2 is correct**, this is **not applicable**.

---

### Conclusion

The only accurate and directly supported relationship between **Elizabeth** and **Barbara** is that **Elizabeth is Barbara's descendant**.

<ANSWER>2</ANSWER>"
8,COMMON_ANCESTOR,2,"Given the following lineage relationships:
* Joshua is Sandra's descendant.
* Sandra is Katherine's descendant.
* Ronald is Katherine's ancestor.
* Walter is Joshua's descendant.
* Ronald is Matthew's ancestor.
* Walter is Donna's ancestor.
* Cheryl is Matthew's descendant.
Determine the lineage relationship between Donna and Cheryl.
Select the correct answer:
1. Donna and Cheryl share a common descendant.
2. Donna and Cheryl share a common ancestor.
3. Donna is Cheryl's descendant.
4. Donna is Cheryl's ancestor.
5. None of the above is correct.
Enclose the selected answer number in the <ANSWER> tag, for example: <ANSWER>1</ANSWER>.",amazon/nova-2-lite-v1:free,Amazon Nova,,,"To determine the relationship between **Donna** and **Cheryl**, we must analyze the given lineage relationships and trace the connections between them.

---

### Step-by-Step Lineage Mapping

We are given the following relationships:

1. **Joshua is Sandra's descendant**  
   → Sandra → Joshua

2. **Sandra is Katherine's descendant**  
   → Katherine → Sandra

3. **Ronald is Katherine's ancestor**  
   → Ronald → Katherine

4. **Walter is Joshua's descendant**  
   → Joshua → Walter

5. **Ronald is Matthew's ancestor**  
   → Ronald → Matthew

6. **Walter is Donna's ancestor**  
   → Walter → Donna

7. **Cheryl is Matthew's descendant**  
   → Matthew → Cheryl

---

### Constructing the Family Tree

Let’s build the lineage paths from the common ancestor **Ronald**:

#### Path from Ronald to Donna:
- **Ronald → Katherine → Sandra → Joshua → Walter → Donna**

#### Path from Ronald to Cheryl:
- **Ronald → Matthew → Cheryl**

---

### Analyzing the Relationship Between Donna and Cheryl

From the above, we see that:

- **Donna** is a descendant of **Ronald** via the path:  
  **Ronald → Katherine → Sandra → Joshua → Walter → Donna**

- **Cheryl** is a descendant of **Ronald** via the path:  
  **Ronald → Matthew → Cheryl**

Thus, **both Donna and Cheryl share Ronald as a common ancestor**.

There is **no indication** in the given data that:
- Donna is an ancestor of Cheryl,
- Cheryl is an ancestor of Donna,
- Or that they share a **common descendant** (which would require one to be above the other in the tree).

Therefore, the only confirmed relationship is that **they share a common ancestor — Ronald**.

---

### Evaluating the Answer Choices

1. **Donna and Cheryl share a common descendant.**  
   → Incorrect. There is no evidence of a common descendant.

2. **Donna and Cheryl share a common ancestor.**  
   → **Correct.** Ronald is a common ancestor.

3. **Donna is Cheryl's descendant.**  
   → Incorrect. There is no path from Donna to Cheryl.

4. **Donna is Cheryl's ancestor.**  
   → Incorrect. Same as above.

5. **None of the above is correct.**  
   → Incorrect. Option 2 is correct.

---

### Final Answer

<ANSWER>2</ANSWER>"
8,COMMON_DESCENDANT,1,"Given the following lineage relationships:
* Danielle is Frances's descendant.
* Helen is Danielle's ancestor.
* Kimberly is Dylan's ancestor.
* Helen is Madison's descendant.
* Sarah is Frances's ancestor.
* Julia is Madison's ancestor.
* Dylan is Sarah's ancestor.
Determine the lineage relationship between Kimberly and Julia.
Select the correct answer:
1. Kimberly and Julia share a common descendant.
2. Kimberly and Julia share a common ancestor.
3. Kimberly is Julia's ancestor.
4. Kimberly is Julia's descendant.
5. None of the above is correct.
Enclose the selected answer number in the <ANSWER> tag, for example: <ANSWER>1</ANSWER>.",amazon/nova-2-lite-v1:free,Amazon Nova,,,"To determine the relationship between **Kimberly** and **Julia**, we must analyze the provided lineage relationships step by step, mapping out the genealogical connections.

---

### Step 1: Extract and Interpret All Given Relationships

We are given the following:

1. **Danielle is Frances's descendant**  
   → Frances is an ancestor of Danielle.

2. **Helen is Danielle's ancestor**  
   → Helen is an ancestor of Danielle.

3. **Kimberly is Dylan's ancestor**  
   → Kimberly is an ancestor of Dylan.

4. **Helen is Madison's descendant**  
   → Madison is an ancestor of Helen.

5. **Sarah is Frances's ancestor**  
   → Sarah is an ancestor of Frances.

6. **Julia is Madison's ancestor**  
   → Julia is an ancestor of Madison.

7. **Dylan is Sarah's ancestor**  
   → Dylan is an ancestor of Sarah.

---

### Step 2: Construct Genealogical Chains

Let’s build two distinct chains that lead to **Danielle**, since she appears in multiple relationships.

#### **Chain A (Julia → Madison → Helen → Danielle)**

- **Julia** is ancestor of **Madison** (from #6)
- **Madison** is ancestor of **Helen** (from #4: Helen is Madison’s descendant)
- **Helen** is ancestor of **Danielle** (from #2)

So:
> **Julia → Madison → Helen → Danielle**

#### **Chain B (Kimberly → Dylan → Sarah → Frances → Danielle)**

- **Kimberly** is ancestor of **Dylan** (from #3)
- **Dylan** is ancestor of **Sarah** (from #7)
- **Sarah** is ancestor of **Frances** (from #5)
- **Frances** is ancestor of **Danielle** (from #1)

So:
> **Kimberly → Dylan → Sarah → Frances → Danielle**

---

### Step 3: Identify Common Descendant

Both chains **converge at Danielle**:

- **Danielle** is a **descendant** of **Kimberly** (via Chain B)
- **Danielle** is also a **descendant** of **Julia** (via Chain A)

This means **Danielle is a common descendant** of both **Kimberly** and **Julia**.

---

### Step 4: Evaluate the Answer Choices

Let’s assess each option:

1. **Kimberly and Julia share a common descendant.**  
   ✅ **True** — Danielle is a descendant of both.

2. **Kimberly and Julia share a common ancestor.**  
   ❌ **Not supported** — There is **no information** indicating a common ancestor above both Kimberly and Julia. The chains diverge at the top (Kimberly and Julia are not connected via any shared ancestor in the given data).

3. **Kimberly is Julia's ancestor.**  
   ❌ **False** — There is **no path** from Kimberly to Julia in either chain. They are in **separate lineages** that only meet at Danielle (a descendant of both).

4. **Kimberly is Julia's descendant.**  
   ❌ **False** — Same reasoning as above; no path from Julia to Kimberly.

5. **None of the above is correct.**  
   ❌ **False** — Option 1 **is** correct.

---

### ✅ Conclusion

The only confirmed relationship between **Kimberly** and **Julia** is that they **share a common descendant**, **Danielle**.

<ANSWER>1</ANSWER>"
8,ANCESTOR,1,"Given the following lineage relationships:
* Catherine is Walter's descendant.
* Noah is Linda's ancestor.
* Jacob is Linda's descendant.
* Jacob is Carolyn's ancestor.
* Julie is Catherine's descendant.
* Walter is Carolyn's descendant.
* Sara is Noah's ancestor.
Determine the lineage relationship between Sara and Julie.
Select the correct answer:
1. Sara is Julie's ancestor.
2. Sara and Julie share a common descendant.
3. Sara is Julie's descendant.
4. Sara and Julie share a common ancestor.
5. None of the above is correct.
Enclose the selected answer number in the <ANSWER> tag, for example: <ANSWER>1</ANSWER>.",amazon/nova-2-lite-v1:free,Amazon Nova,,,"To determine the relationship between **Sara** and **Julie**, we must analyze the given lineage relationships step by step, tracing the connections from each individual to the other.

---

### Step 1: Understand the Direction of Relationships

In genealogical terms:
- If **A is B's descendant**, then **B is A's ancestor**.
- If **A is B's ancestor**, then **B is A's descendant**.

This is crucial for correctly interpreting the statements.

---

### Step 2: Parse Each Given Statement

Let’s translate each statement into a directional relationship:

1. **Catherine is Walter's descendant**  
   → **Walter → Catherine** (Walter is Catherine's ancestor)

2. **Noah is Linda's ancestor**  
   → **Noah → Linda** (Linda is Noah's descendant)

3. **Jacob is Linda's descendant**  
   → **Linda → Jacob** (Linda is Jacob's ancestor)

4. **Jacob is Carolyn's ancestor**  
   → **Jacob → Carolyn** (Carolyn is Jacob's descendant)

5. **Julie is Catherine's descendant**  
   → **Catherine → Julie** (Catherine is Julie's ancestor)

6. **Walter is Carolyn's descendant**  
   → **Carolyn → Walter** (Carolyn is Walter's ancestor)

7. **Sara is Noah's ancestor**  
   → **Sara → Noah** (Noah is Sara's descendant)

---

### Step 3: Build the Lineage Chain

Now, let’s connect all these relationships into a single lineage chain from **Sara** downward:

- **Sara → Noah** (from statement 7)
- **Noah → Linda** (from statement 2)
- **Linda → Jacob** (from statement 3)
- **Jacob → Carolyn** (from statement 4)
- **Carolyn → Walter** (from statement 6)
- **Walter → Catherine** (from statement 1)
- **Catherine → Julie** (from statement 5)

So the full chain is:

**Sara → Noah → Linda → Jacob → Carolyn → Walter → Catherine → Julie**

---

### Step 4: Determine the Relationship Between Sara and Julie

From the chain above, **Sara** is an **ancestor** of **Julie**, because Julie is a descendant of Sara through the intermediate individuals.

This means:
- **Sara is Julie's ancestor**
- **Julie is Sara's descendant**

---

### Step 5: Evaluate the Answer Choices

Let’s now assess each option:

1. **Sara is Julie's ancestor.**  
   ✅ **Correct.** This is directly supported by the chain we constructed.

2. **Sara and Julie share a common descendant.**  
   ❌ Incorrect. There is no mention of any individual who is a descendant of **both** Sara and Julie. Julie is a descendant of Sara, but no further descendants of Julie are mentioned.

3. **Sara is Julie's descendant.**  
   ❌ Incorrect. This is the reverse of the actual relationship.

4. **Sara and Julie share a common ancestor.**  
   ❌ Incorrect. While Sara is an ancestor of Julie, the phrase “share a common ancestor” typically implies a third person who is an ancestor of both. In this case, Sara is one of the two individuals, so this phrasing is not accurate.

5. **None of the above is correct.**  
   ❌ Incorrect. Option 1 is correct.

---

### Final Conclusion

The only accurate and directly supported relationship between Sara and Julie is that **Sara is Julie's ancestor**.

<ANSWER>1</ANSWER>"
8,DESCENDANT,1,"Given the following lineage relationships:
* Ronald is Rachel's ancestor.
* Theresa is Paul's descendant.
* Emily is Christina's descendant.
* Pamela is Ronald's ancestor.
* John is Emily's descendant.
* Christina is Rachel's descendant.
* John is Paul's ancestor.
Determine the lineage relationship between Theresa and Pamela.
Select the correct answer:
1. Theresa is Pamela's descendant.
2. Theresa is Pamela's ancestor.
3. Theresa and Pamela share a common descendant.
4. Theresa and Pamela share a common ancestor.
5. None of the above is correct.
Enclose the selected answer number in the <ANSWER> tag, for example: <ANSWER>1</ANSWER>.",amazon/nova-2-lite-v1:free,Amazon Nova,,,"To determine the relationship between **Theresa** and **Pamela**, we must trace the lineage connections provided in the statements. Let’s analyze the relationships step by step, using the direction of ancestry (i.e., *ancestor → descendant* implies the ancestor is in a higher generation than the descendant).

---

### Step-by-Step Lineage Tracing

We are given the following facts:

1. **Ronald is Rachel's ancestor**  
   → Ronald > Rachel

2. **Theresa is Paul's descendant**  
   → Paul > Theresa

3. **Emily is Christina's descendant**  
   → Christina > Emily

4. **Pamela is Ronald's ancestor**  
   → Pamela > Ronald

5. **John is Emily's descendant**  
   → Emily > John

6. **Christina is Rachel's descendant**  
   → Rachel > Christina

7. **John is Paul's ancestor**  
   → John > Paul

---

### Building the Chain

Let’s now build a continuous lineage from **Pamela** down to **Theresa** using the above relationships.

- From (4): **Pamela > Ronald**  
- From (1): **Ronald > Rachel**  
  → So **Pamela > Rachel**

- From (6): **Rachel > Christina**  
  → So **Pamela > Christina**

- From (3): **Christina > Emily**  
  → So **Pamela > Emily**

- From (5): **Emily > John**  
  → So **Pamela > John**

- From (7): **John > Paul**  
  → So **Pamela > Paul**

- From (2): **Paul > Theresa**  
  → So **Pamela > Theresa**

---

### Conclusion

This chain clearly shows that **Pamela is an ancestor of Theresa**, and therefore **Theresa is a descendant of Pamela**.

There is a **direct lineage** connecting Pamela to Theresa through the intermediate individuals:  
**Pamela → Ronald → Rachel → Christina → Emily → John → Paul → Theresa**

This confirms that **Theresa is Pamela's descendant**.

---

### Evaluating the Options

Let’s now evaluate the answer choices:

1. **Theresa is Pamela's descendant.**  
   ✅ **Correct** — This is exactly what we’ve established.

2. **Theresa is Pamela's ancestor.**  
   ❌ Incorrect — The direction is reversed.

3. **Theresa and Pamela share a common descendant.**  
   ❌ Incorrect — There is a direct ancestor-descendant relationship, not just a common descendant.

4. **Theresa and Pamela share a common ancestor.**  
   ❌ Incorrect — Again, they are directly connected; Pamela is the ancestor of Theresa.

5. **None of the above is correct.**  
   ❌ Incorrect — Option 1 is correct.

---

### Final Answer

<ANSWER>1</ANSWER>"
8,COMMON_ANCESTOR,1,"Given the following lineage relationships:
* Jonathan is Terry's descendant.
* Charlotte is Edward's descendant.
* Brandon is Sean's ancestor.
* Christine is Brandon's ancestor.
* Ryan is Edward's descendant.
* Terry is Ryan's descendant.
* Charlotte is Christine's ancestor.
Determine the lineage relationship between Jonathan and Sean.
Select the correct answer:
1. Jonathan and Sean share a common ancestor.
2. Jonathan and Sean share a common descendant.
3. Jonathan is Sean's descendant.
4. Jonathan is Sean's ancestor.
5. None of the above is correct.
Enclose the selected answer number in the <ANSWER> tag, for example: <ANSWER>1</ANSWER>.",amazon/nova-2-lite-v1:free,Amazon Nova,,,"To determine the relationship between **Jonathan** and **Sean**, we must analyze the provided lineage relationships and trace the connections between them.

---

### Step-by-Step Breakdown of Given Relationships

We interpret each statement in terms of **ancestor → descendant**:

1. **Jonathan is Terry's descendant**  
   → *Terry → Jonathan*

2. **Charlotte is Edward's descendant**  
   → *Edward → Charlotte*

3. **Brandon is Sean's ancestor**  
   → *Brandon → Sean*

4. **Christine is Brandon's ancestor**  
   → *Christine → Brandon*

5. **Ryan is Edward's descendant**  
   → *Edward → Ryan*

6. **Terry is Ryan's descendant**  
   → *Ryan → Terry*

7. **Charlotte is Christine's ancestor**  
   → *Charlotte → Christine*

---

### Constructing the Family Tree

Let’s now build the lineage paths from these relationships.

#### Path from **Edward** to **Jonathan**:

- **Edward → Ryan** (from 5)
- **Ryan → Terry** (from 6)
- **Terry → Jonathan** (from 1)

So:  
**Edward → Ryan → Terry → Jonathan**

#### Path from **Edward** to **Sean**:

- **Edward → Charlotte** (from 2)
- **Charlotte → Christine** (from 7)
- **Christine → Brandon** (from 4)
- **Brandon → Sean** (from 3)

So:  
**Edward → Charlotte → Christine → Brandon → Sean**

---

### Analyzing the Relationship Between Jonathan and Sean

From the above, we see that **both Jonathan and Sean are descendants of Edward**, but through **completely separate branches**:

- Jonathan: **Edward → Ryan → Terry → Jonathan**
- Sean: **Edward → Charlotte → Christine → Brandon → Sean**

There is **no overlap** between the two lines beyond **Edward**. There is **no indication** that Jonathan is an ancestor or descendant of Sean, or vice versa. Also, there is **no mentioned common descendant** of both Jonathan and Sean.

Thus, **Jonathan and Sean share Edward as a common ancestor**.

---

### Evaluating the Answer Choices

1. **Jonathan and Sean share a common ancestor.**  
   ✅ **Correct** — Edward is a common ancestor.

2. **Jonathan and Sean share a common descendant.**  
   ❌ No such descendant is mentioned or implied.

3. **Jonathan is Sean's descendant.**  
   ❌ No path exists from Jonathan to Sean.

4. **Jonathan is Sean's ancestor.**  
   ❌ No path exists from Sean to Jonathan.

5. **None of the above is correct.**  
   ❌ Incorrect, because option 1 is valid.

---

### Final Answer

<ANSWER>1</ANSWER>"
8,COMMON_DESCENDANT,2,"Given the following lineage relationships:
* Sandra is Beverly's descendant.
* Sandra is Christine's ancestor.
* Beverly is Samuel's descendant.
* Terry is Samuel's ancestor.
* Alice is Christine's ancestor.
* Alice is Karen's descendant.
* Terry is Andrea's descendant.
Determine the lineage relationship between Andrea and Karen.
Select the correct answer:
1. Andrea and Karen share a common ancestor.
2. Andrea and Karen share a common descendant.
3. Andrea is Karen's descendant.
4. Andrea is Karen's ancestor.
5. None of the above is correct.
Enclose the selected answer number in the <ANSWER> tag, for example: <ANSWER>1</ANSWER>.",amazon/nova-2-lite-v1:free,Amazon Nova,,,<ANSWER>2</ANSWER>
8,ANCESTOR,2,"Given the following lineage relationships:
* Randy is Jason's descendant.
* Teresa is Jason's ancestor.
* Ann is Walter's ancestor.
* Elizabeth is Debra's descendant.
* Teresa is Walter's descendant.
* Marie is Debra's ancestor.
* Marie is Randy's descendant.
Determine the lineage relationship between Ann and Elizabeth.
Select the correct answer:
1. Ann and Elizabeth share a common descendant.
2. Ann is Elizabeth's ancestor.
3. Ann and Elizabeth share a common ancestor.
4. Ann is Elizabeth's descendant.
5. None of the above is correct.
Enclose the selected answer number in the <ANSWER> tag, for example: <ANSWER>1</ANSWER>.",amazon/nova-2-lite-v1:free,Amazon Nova,,,"To determine the lineage relationship between **Ann** and **Elizabeth**, we must analyze the given statements and trace the connections step by step.

---

### Step-by-Step Analysis of Given Relationships

We are given the following:

1. **Randy is Jason's descendant**  
   → *Jason is Randy's ancestor*

2. **Teresa is Jason's ancestor**  
   → *Jason is Teresa's descendant*

3. **Ann is Walter's ancestor**  
   → *Ann is an ancestor of Walter*

4. **Elizabeth is Debra's descendant**  
   → *Debra is Elizabeth's ancestor*

5. **Teresa is Walter's descendant**  
   → *Walter is Teresa's ancestor*

6. **Marie is Debra's ancestor**  
   → *Marie is an ancestor of Debra*

7. **Marie is Randy's descendant**  
   → *Randy is Marie's ancestor*

---

### Constructing the Lineage Chain

Let’s build a chain of ancestry from the top down:

- From **(3)**: **Ann → Walter**  
- From **(5)**: **Walter → Teresa**  
- From **(2)**: **Teresa → Jason**  
- From **(1)**: **Jason → Randy**  
- From **(7)**: **Randy → Marie**  
- From **(6)**: **Marie → Debra**  
- From **(4)**: **Debra → Elizabeth**

Putting it all together:

**Ann → Walter → Teresa → Jason → Randy → Marie → Debra → Elizabeth**

This is a **direct lineage** from Ann to Elizabeth, with each person being an **ancestor** of the next.

---

### Evaluating the Answer Choices

Let’s now assess each option in light of this chain:

1. **Ann and Elizabeth share a common descendant.**  
   → This would mean someone *below* both of them in the lineage. But Ann is an **ancestor** of Elizabeth, so Elizabeth is already a descendant of Ann. There is no indication of a *common* descendant *beyond* Elizabeth. **Not necessarily true.**

2. **Ann is Elizabeth's ancestor.**  
   → **True.** As shown in the chain above, Ann is directly above Elizabeth in the lineage. Every step from Ann to Elizabeth is an ancestor-to-descendant relationship.

3. **Ann and Elizabeth share a common ancestor.**  
   → While technically **true** (Ann herself is a common ancestor), this is **less specific** than option 2. In genealogical terms, when one is directly an ancestor of the other, the more precise and correct description is that **Ann is Elizabeth's ancestor**, not just that they share a common ancestor.

4. **Ann is Elizabeth's descendant.**  
   → **False.** The chain clearly shows Ann is *above* Elizabeth, not below.

5. **None of the above is correct.**  
   → **False.** Option 2 is correct.

---

### Conclusion

The most accurate and specific description of the relationship between Ann and Elizabeth is that **Ann is Elizabeth's ancestor**.

<ANSWER>2</ANSWER>"
8,DESCENDANT,1,"Given the following lineage relationships:
* Aaron is Emily's descendant.
* Zachary is Aaron's descendant.
* Carol is Zachary's descendant.
* Christopher is Bradley's ancestor.
* Emily is Wayne's descendant.
* Christopher is Carol's descendant.
* Wayne is Bryan's descendant.
Determine the lineage relationship between Bradley and Bryan.
Select the correct answer:
1. Bradley is Bryan's descendant.
2. Bradley and Bryan share a common descendant.
3. Bradley is Bryan's ancestor.
4. Bradley and Bryan share a common ancestor.
5. None of the above is correct.
Enclose the selected answer number in the <ANSWER> tag, for example: <ANSWER>1</ANSWER>.",amazon/nova-2-lite-v1:free,Amazon Nova,,,"To determine the relationship between **Bradley** and **Bryan**, we must analyze the given lineage relationships step by step, tracing the connections from the top down.

---

### Step-by-Step Lineage Construction

We are given the following relationships:

1. **Aaron is Emily's descendant**  
   → *Emily → Aaron*

2. **Zachary is Aaron's descendant**  
   → *Aaron → Zachary*

3. **Carol is Zachary's descendant**  
   → *Zachary → Carol*

4. **Christopher is Bradley's ancestor**  
   → *Christopher → Bradley*

5. **Emily is Wayne's descendant**  
   → *Wayne → Emily*

6. **Christopher is Carol's descendant**  
   → *Carol → Christopher*

7. **Wayne is Bryan's descendant**  
   → *Bryan → Wayne*

---

### Building the Full Lineage Chain

Let’s now connect all these relationships into a single lineage chain, starting from the top (the oldest generation) and moving downward:

- From (7): **Bryan → Wayne**  
- From (5): **Wayne → Emily**  
  → So far: **Bryan → Wayne → Emily**

- From (1): **Emily → Aaron**  
  → **Bryan → Wayne → Emily → Aaron**

- From (2): **Aaron → Zachary**  
  → **Bryan → Wayne → Emily → Aaron → Zachary**

- From (3): **Zachary → Carol**  
  → **Bryan → Wayne → Emily → Aaron → Zachary → Carol**

- From (6): **Carol → Christopher**  
  → **Bryan → Wayne → Emily → Aaron → Zachary → Carol → Christopher**

- From (4): **Christopher → Bradley**  
  → **Bryan → Wayne → Emily → Aaron → Zachary → Carol → Christopher → Bradley**

---

### Conclusion

This chain clearly shows that **Bryan is an ancestor of Bradley**, and **Bradley is a descendant of Bryan**.

Thus, the correct relationship is:

> **Bradley is Bryan's descendant**

---

### Evaluating the Options

Let’s now evaluate the answer choices:

1. **Bradley is Bryan's descendant.**  
   ✅ **Correct** — This matches our derived lineage.

2. **Bradley and Bryan share a common descendant.**  
   ❌ Incorrect — Bryan is an ancestor of Bradley, not a descendant.

3. **Bradley is Bryan's ancestor.**  
   ❌ Incorrect — This would mean Bradley is above Bryan, which contradicts the chain.

4. **Bradley and Bryan share a common ancestor.**  
   ❌ Incorrect — They are in a direct ancestor-descendant relationship; one is the ancestor of the other.

5. **None of the above is correct.**  
   ❌ Incorrect — Option 1 is correct.

---

### Final Answer

<ANSWER>1</ANSWER>"
8,COMMON_ANCESTOR,3,"Given the following lineage relationships:
* Nancy is Julie's descendant.
* Christopher is Edward's ancestor.
* Frank is Catherine's descendant.
* Frank is Roger's ancestor.
* Terry is Christopher's ancestor.
* Catherine is Terry's descendant.
* Julie is Edward's descendant.
Determine the lineage relationship between Roger and Nancy.
Select the correct answer:
1. Roger and Nancy share a common descendant.
2. Roger is Nancy's descendant.
3. Roger and Nancy share a common ancestor.
4. Roger is Nancy's ancestor.
5. None of the above is correct.
Enclose the selected answer number in the <ANSWER> tag, for example: <ANSWER>1</ANSWER>.",amazon/nova-2-lite-v1:free,Amazon Nova,,,"To determine the relationship between **Roger** and **Nancy**, we must analyze the provided lineage relationships step by step, tracing the connections through the individuals mentioned.

---

### Step 1: Map the Relationships

We are given the following:

1. **Nancy is Julie's descendant**  
   → Julie is an **ancestor** of Nancy.

2. **Christopher is Edward's ancestor**  
   → Christopher is **above** Edward in the lineage.

3. **Frank is Catherine's descendant**  
   → Catherine is an **ancestor** of Frank.

4. **Frank is Roger's ancestor**  
   → Frank is **above** Roger; Roger is a **descendant** of Frank.

5. **Terry is Christopher's ancestor**  
   → Terry is **above** Christopher.

6. **Catherine is Terry's descendant**  
   → Terry is **above** Catherine.

7. **Julie is Edward's descendant**  
   → Edward is **above** Julie.

---

### Step 2: Construct the Lineage Tree

Let’s trace the lineage from **Terry**, who appears to be a central figure.

#### Path from Terry to Nancy:

- **Terry → Christopher** (Terry is Christopher’s ancestor)
- **Christopher → Edward** (Christopher is Edward’s ancestor)
- **Edward → Julie** (Julie is Edward’s descendant)
- **Julie → Nancy** (Nancy is Julie’s descendant)

So, **Terry → Christopher → Edward → Julie → Nancy**

#### Path from Terry to Roger:

- **Terry → Catherine** (Catherine is Terry’s descendant)
- **Catherine → Frank** (Frank is Catherine’s descendant)
- **Frank → Roger** (Frank is Roger’s ancestor, so Roger is Frank’s descendant)

So, **Terry → Catherine → Frank → Roger**

---

### Step 3: Identify the Relationship Between Roger and Nancy

From the above, both **Roger** and **Nancy** are **descendants of Terry**, but through **different branches**:

- Nancy: Terry → Christopher → Edward → Julie → Nancy  
- Roger: Terry → Catherine → Frank → Roger  

There is **no indication** that Roger is an ancestor or descendant of Nancy, or vice versa. Their paths **diverge at Terry**, and there is **no evidence** of a common descendant (i.e., someone who is a descendant of both Roger and Nancy) based on the given information.

Thus, the **only confirmed relationship** is that **both Roger and Nancy share Terry as a common ancestor**.

---

### Step 4: Evaluate the Answer Choices

1. **Roger and Nancy share a common descendant.**  
   → **Incorrect.** There is no evidence of a common descendant. The tree only shows ancestors of both, not descendants.

2. **Roger is Nancy's descendant.**  
   → **Incorrect.** There is no path from Nancy to Roger or vice versa.

3. **Roger and Nancy share a common ancestor.**  
   → **Correct.** Terry is a common ancestor of both.

4. **Roger is Nancy's ancestor.**  
   → **Incorrect.** No such path exists.

5. **None of the above is correct.**  
   → **Incorrect.** Option 3 is valid.

---

### Final Answer

<ANSWER>3</ANSWER>"
8,COMMON_DESCENDANT,1,"Given the following lineage relationships:
* Bruce is Madison's ancestor.
* Bruce is Christina's descendant.
* Jordan is Grace's descendant.
* Jordan is Cynthia's ancestor.
* Cynthia is Billy's descendant.
* Gary is Madison's descendant.
* Gary is Grace's ancestor.
Determine the lineage relationship between Christina and Billy.
Select the correct answer:
1. Christina and Billy share a common descendant.
2. Christina is Billy's ancestor.
3. Christina is Billy's descendant.
4. Christina and Billy share a common ancestor.
5. None of the above is correct.
Enclose the selected answer number in the <ANSWER> tag, for example: <ANSWER>1</ANSWER>.",amazon/nova-2-lite-v1:free,Amazon Nova,,,"To determine the relationship between **Christina** and **Billy**, we must analyze the provided lineage relationships step by step, constructing a clear genealogical chain.

---

### Step 1: Understand the Direction of Relationships

In genealogical terms:
- **""A is B's ancestor""** means **A < B** (A is an ancestor of B; B is a descendant of A).
- **""A is B's descendant""** means **B < A** (B is an ancestor of A; A is a descendant of B).

---

### Step 2: Build the Genealogical Chain

Let’s interpret each statement carefully:

1. **Bruce is Madison's ancestor**  
   → Bruce < Madison

2. **Bruce is Christina's descendant**  
   → Christina < Bruce  
   (Because if Bruce is a *descendant* of Christina, then Christina is Bruce’s *ancestor*)

   So: **Christina < Bruce < Madison**

3. **Gary is Madison's descendant**  
   → Madison < Gary

4. **Gary is Grace's ancestor**  
   → Gary < Grace

   So far: **Christina < Bruce < Madison < Gary < Grace**

5. **Jordan is Grace's descendant**  
   → Grace < Jordan

6. **Jordan is Cynthia's ancestor**  
   → Jordan < Cynthia

   So: **Christina < Bruce < Madison < Gary < Grace < Jordan < Cynthia**

7. **Cynthia is Billy's descendant**  
   → Billy < Cynthia  
   (Because if Cynthia is a *descendant* of Billy, then Billy is Cynthia’s *ancestor*)

---

### Step 3: Determine the Relationship Between Christina and Billy

From the chain above:
- **Christina < Bruce < Madison < Gary < Grace < Jordan < Cynthia**
- **Billy < Cynthia**

This tells us that **both Christina and Billy are ancestors of Cynthia**.

- Christina is an ancestor of Cynthia via the chain:  
  **Christina → Bruce → Madison → Gary → Grace → Jordan → Cynthia**
- Billy is also an ancestor of Cynthia (directly stated)

Thus, **Cynthia is a common descendant of both Christina and Billy**.

---

### Step 4: Evaluate the Answer Choices

Let’s assess each option:

1. **Christina and Billy share a common descendant.**  
   ✅ **True** — Cynthia is a descendant of both.

2. **Christina is Billy's ancestor.**  
   ❌ Not necessarily true. There is **no evidence** that Billy is in the line of Christina’s descendants. Billy is only known to be an ancestor of Cynthia, and his exact position relative to Christina is **not specified**.

3. **Christina is Billy's descendant.**  
   ❌ Also not supported. There is **no indication** that Christina is below Billy in the lineage.

4. **Christina and Billy share a common ancestor.**  
   ❌ There is **no information** about any common ancestor of both. The only known shared individual is **Cynthia**, who is a **descendant**, not an ancestor.

5. **None of the above is correct.**  
   ❌ Incorrect, because **Option 1 is valid**.

---

### Conclusion

The only **definitively correct** relationship that can be derived from the given information is that **Christina and Billy share a common descendant (Cynthia)**.

<ANSWER>1</ANSWER>"
8,ANCESTOR,3,"Given the following lineage relationships:
* Sandra is Michelle's descendant.
* Catherine is Lisa's descendant.
* Ruth is Jacqueline's ancestor.
* Sandra is Sara's ancestor.
* Joe is Jacqueline's descendant.
* Joe is Michelle's ancestor.
* Catherine is Ruth's ancestor.
Determine the lineage relationship between Lisa and Sara.
Select the correct answer:
1. Lisa and Sara share a common descendant.
2. Lisa and Sara share a common ancestor.
3. Lisa is Sara's ancestor.
4. Lisa is Sara's descendant.
5. None of the above is correct.
Enclose the selected answer number in the <ANSWER> tag, for example: <ANSWER>1</ANSWER>.",amazon/nova-2-lite-v1:free,Amazon Nova,,,"To determine the relationship between **Lisa** and **Sara**, we must analyze the given lineage statements and trace the connections step by step.

---

### Step-by-Step Analysis of Given Relationships

We are given the following:

1. **Sandra is Michelle's descendant.**  
   → *Michelle is Sandra's ancestor.*

2. **Catherine is Lisa's descendant.**  
   → *Lisa is Catherine's ancestor.*

3. **Ruth is Jacqueline's ancestor.**  
   → *Jacqueline is Ruth's descendant.*

4. **Sandra is Sara's ancestor.**  
   → *Sara is Sandra's descendant.*

5. **Joe is Jacqueline's descendant.**  
   → *Jacqueline is Joe's ancestor.*

6. **Joe is Michelle's ancestor.**  
   → *Michelle is Joe's descendant.*

7. **Catherine is Ruth's ancestor.**  
   → *Ruth is Catherine's descendant.*

---

### Constructing the Lineage Chain

Let’s build a continuous lineage from the top down using these relationships:

- From (2): **Lisa → Catherine**  
- From (7): **Catherine → Ruth**  
- From (3): **Ruth → Jacqueline**  
- From (5): **Jacqueline → Joe**  
- From (6): **Joe → Michelle**  
- From (1): **Michelle → Sandra**  
- From (4): **Sandra → Sara**

Now, chaining all these together:

**Lisa → Catherine → Ruth → Jacqueline → Joe → Michelle → Sandra → Sara**

This is a **single, continuous lineage** where each person is an **ancestor** of the next.

---

### Determining the Relationship Between Lisa and Sara

From the chain above, **Lisa** is the **earliest** in the sequence and **Sara** is the **latest**. Therefore, **Lisa is an ancestor of Sara**.

This matches **option 3**:  
> **3. Lisa is Sara's ancestor.**

---

### Evaluating Other Options

- **Option 1: Lisa and Sara share a common descendant.**  
  This would be true **only if** there exists a person who is a descendant of **both** Lisa and Sara. However, since Lisa is Sara’s ancestor, **any descendant of Sara is also a descendant of Lisa**. But the question is about the **direct relationship** between Lisa and Sara, not about potential common descendants. This option is **not the most accurate** description of their relationship.

- **Option 2: Lisa and Sara share a common ancestor.**  
  This would imply that **someone else** is an ancestor of **both** Lisa and Sara. But in this case, **Lisa is the ancestor of Sara**, so **Lisa is the common ancestor**, not a shared one. This option is **not correct**.

- **Option 4: Lisa is Sara's descendant.**  
  This is the **opposite** of the actual relationship. Lisa is **not** a descendant of Sara — she is the **ancestor**. So this is **incorrect**.

- **Option 5: None of the above is correct.**  
  Since **option 3 is correct**, this is **not applicable**.

---

### Conclusion

The only accurate and direct relationship between **Lisa** and **Sara** based on the provided information is that **Lisa is Sara's ancestor**.

<ANSWER>3</ANSWER>"
8,DESCENDANT,1,"Given the following lineage relationships:
* Kayla is Virginia's ancestor.
* Amanda is Jeremy's ancestor.
* Susan is Kimberly's ancestor.
* Susan is Evelyn's descendant.
* Paul is Kayla's ancestor.
* Virginia is Amanda's ancestor.
* Paul is Kimberly's descendant.
Determine the lineage relationship between Jeremy and Evelyn.
Select the correct answer:
1. Jeremy is Evelyn's descendant.
2. Jeremy and Evelyn share a common descendant.
3. Jeremy and Evelyn share a common ancestor.
4. Jeremy is Evelyn's ancestor.
5. None of the above is correct.
Enclose the selected answer number in the <ANSWER> tag, for example: <ANSWER>1</ANSWER>.",amazon/nova-2-lite-v1:free,Amazon Nova,,,"To determine the relationship between **Jeremy** and **Evelyn**, we must analyze the given lineage relationships step by step and trace the connections between them.

---

### Step-by-Step Analysis of the Given Relationships

We are given the following statements:

1. **Kayla is Virginia's ancestor**  
   → Virginia is a **descendant** of Kayla.

2. **Amanda is Jeremy's ancestor**  
   → Jeremy is a **descendant** of Amanda.

3. **Susan is Kimberly's ancestor**  
   → Kimberly is a **descendant** of Susan.

4. **Susan is Evelyn's descendant**  
   → Evelyn is an **ancestor** of Susan.

5. **Paul is Kayla's ancestor**  
   → Kayla is a **descendant** of Paul.

6. **Virginia is Amanda's ancestor**  
   → Amanda is a **descendant** of Virginia.

7. **Paul is Kimberly's descendant**  
   → Kimberly is an **ancestor** of Paul.

---

### Constructing the Lineage Chain

Let’s now build a **continuous lineage chain** from Evelyn down to Jeremy using the above relationships.

#### Starting from Evelyn:
- From (4): **Evelyn → Susan** (Evelyn is Susan's ancestor)
- From (3): **Susan → Kimberly** (Susan is Kimberly's ancestor)
- From (7): **Kimberly → Paul** (Paul is Kimberly's descendant)
- From (5): **Paul → Kayla** (Paul is Kayla's ancestor)
- From (1): **Kayla → Virginia** (Kayla is Virginia's ancestor)
- From (6): **Virginia → Amanda** (Virginia is Amanda's ancestor)
- From (2): **Amanda → Jeremy** (Amanda is Jeremy's ancestor)

---

### Full Lineage Chain

Putting all the steps together, we get a **direct ancestral line**:

**Evelyn → Susan → Kimberly → Paul → Kayla → Virginia → Amanda → Jeremy**

This shows that **Evelyn is an ancestor of Jeremy**, and **Jeremy is a descendant of Evelyn**.

---

### Evaluating the Answer Choices

Let’s now evaluate the provided options:

1. **Jeremy is Evelyn's descendant.**  
   ✅ **Correct.** As shown above, Jeremy is directly in the descendant line of Evelyn.

2. **Jeremy and Evelyn share a common descendant.**  
   ❌ Incorrect. There is no indication of a common *descendant*; Jeremy is *himself* a descendant of Evelyn.

3. **Jeremy and Evelyn share a common ancestor.**  
   ❌ Incorrect. Evelyn is the ancestor, not a peer or descendant of Jeremy.

4. **Jeremy is Evelyn's ancestor.**  
   ❌ Incorrect. The chain clearly shows the opposite: Evelyn is the ancestor.

5. **None of the above is correct.**  
   ❌ Incorrect. Option 1 is correct.

---

### Conclusion

The only accurate statement is that **Jeremy is Evelyn's descendant**, as directly supported by the chain of ancestral relationships provided.

<ANSWER>1</ANSWER>"
8,COMMON_ANCESTOR,2,"Given the following lineage relationships:
* Kimberly is Gary's ancestor.
* Kimberly is Jonathan's descendant.
* Jonathan is Donna's descendant.
* Debra is Emma's descendant.
* Teresa is Emma's ancestor.
* Teresa is Donna's descendant.
* Julie is Debra's descendant.
Determine the lineage relationship between Gary and Julie.
Select the correct answer:
1. Gary is Julie's ancestor.
2. Gary and Julie share a common ancestor.
3. Gary and Julie share a common descendant.
4. Gary is Julie's descendant.
5. None of the above is correct.
Enclose the selected answer number in the <ANSWER> tag, for example: <ANSWER>1</ANSWER>.",amazon/nova-2-lite-v1:free,Amazon Nova,,,"To determine the relationship between **Gary** and **Julie**, we must analyze the provided lineage relationships and trace the connections between them.

---

### Step-by-Step Lineage Mapping

We are given the following facts:

1. **Kimberly is Gary's ancestor**  
   → Gary is a **descendant** of Kimberly.

2. **Kimberly is Jonathan's descendant**  
   → Jonathan is an **ancestor** of Kimberly.

3. **Jonathan is Donna's descendant**  
   → Donna is an **ancestor** of Jonathan.

4. **Debra is Emma's descendant**  
   → Emma is an **ancestor** of Debra.

5. **Teresa is Emma's ancestor**  
   → Teresa is **above** Emma in the lineage.

6. **Teresa is Donna's descendant**  
   → Donna is an **ancestor** of Teresa.

7. **Julie is Debra's descendant**  
   → Debra is an **ancestor** of Julie.

---

### Constructing the Family Tree

Let’s trace the lineage paths from the top down.

#### Path from **Donna** to **Julie**:

- **Donna** → (via point 6) **Teresa**  
- **Teresa** → (via point 5) **Emma**  
- **Emma** → (via point 4) **Debra**  
- **Debra** → (via point 7) **Julie**

So, **Donna** is an **ancestor** of **Julie**.

#### Path from **Donna** to **Gary**:

- **Donna** → (via point 3) **Jonathan**  
- **Jonathan** → (via point 2) **Kimberly**  
- **Kimberly** → (via point 1) **Gary**

So, **Donna** is also an **ancestor** of **Gary**.

---

### Determining the Relationship Between Gary and Julie

Both **Gary** and **Julie** are **descendants of Donna**, but through **different branches**:

- **Gary**: Donna → Jonathan → Kimberly → Gary  
- **Julie**: Donna → Teresa → Emma → Debra → Julie

There is **no indication** that Gary is an ancestor of Julie, or vice versa. The paths **diverge** at **Donna**, and there is **no overlapping lineage** beyond that point.

Thus, **Gary and Julie share a common ancestor**: **Donna**.

---

### Evaluating the Answer Choices

1. **Gary is Julie's ancestor** – ❌ Incorrect. There is no path from Gary to Julie.
2. **Gary and Julie share a common ancestor** – ✅ Correct. Donna is a common ancestor.
3. **Gary and Julie share a common descendant** – ❌ No information suggests any common descendant.
4. **Gary is Julie's descendant** – ❌ Incorrect. Julie is not descended from Gary.
5. **None of the above is correct** – ❌ Incorrect, because option 2 is valid.

---

### Final Answer

<ANSWER>2</ANSWER>"
8,COMMON_DESCENDANT,3,"Given the following lineage relationships:
* Juan is Sean's ancestor.
* Joshua is Isabella's ancestor.
* Dylan is Noah's descendant.
* Noah is Sean's descendant.
* Juan is Gabriel's descendant.
* Gabriel is Nicole's descendant.
* Isabella is Dylan's descendant.
Determine the lineage relationship between Joshua and Nicole.
Select the correct answer:
1. Joshua and Nicole share a common ancestor.
2. Joshua is Nicole's descendant.
3. Joshua and Nicole share a common descendant.
4. Joshua is Nicole's ancestor.
5. None of the above is correct.
Enclose the selected answer number in the <ANSWER> tag, for example: <ANSWER>1</ANSWER>.",amazon/nova-2-lite-v1:free,Amazon Nova,,,"To determine the lineage relationship between **Joshua** and **Nicole**, we must analyze the provided statements and trace the connections between the individuals.

---

### Step 1: Interpret the Given Relationships

We are told the following:

1. **Juan is Sean's ancestor** → Juan → Sean  
2. **Joshua is Isabella's ancestor** → Joshua → Isabella  
3. **Dylan is Noah's descendant** → Noah → Dylan  
4. **Noah is Sean's descendant** → Sean → Noah  
5. **Juan is Gabriel's descendant** → Gabriel → Juan  
6. **Gabriel is Nicole's descendant** → Nicole → Gabriel  
7. **Isabella is Dylan's descendant** → Dylan → Isabella  

We interpret these as **ancestor → descendant** relationships.

---

### Step 2: Build the Lineage Chain

Let’s trace the lineage from **Nicole** down to **Isabella** using the chain of descent:

- **Nicole → Gabriel** (from 6)  
- **Gabriel → Juan** (from 5)  
- **Juan → Sean** (from 1)  
- **Sean → Noah** (from 4)  
- **Noah → Dylan** (from 3)  
- **Dylan → Isabella** (from 7)

So we have the full chain:

> **Nicole → Gabriel → Juan → Sean → Noah → Dylan → Isabella**

This shows that **Isabella is a descendant of Nicole**.

---

### Step 3: Analyze Joshua’s Relationship

From statement 2:  
- **Joshua → Isabella**  
This means **Isabella is also a descendant of Joshua**.

---

### Step 4: Determine the Relationship Between Joshua and Nicole

We now know:

- **Isabella is a descendant of Nicole**
- **Isabella is a descendant of Joshua**

Therefore, **Isabella is a common descendant** of both **Joshua** and **Nicole**.

This directly corresponds to **Option 3**:  
> **""Joshua and Nicole share a common descendant.""**

---

### Step 5: Eliminate Other Options

- **Option 1: ""Joshua and Nicole share a common ancestor""**  
  → There is **no information** about any common ancestor of Joshua and Nicole. We only know their descendants, not their ancestors. So this is **not supported**.

- **Option 2: ""Joshua is Nicole's descendant""**  
  → There is **no path** from Nicole to Joshua in the known lineage. Joshua is not in the chain of Nicole’s descendants. So this is **false**.

- **Option 4: ""Joshua is Nicole's ancestor""**  
  → Similarly, there is **no evidence** that Joshua is above Nicole in the lineage. In fact, Nicole is higher in the chain than Joshua (since Nicole is an ancestor of Isabella, and Joshua is also an ancestor of Isabella, but not in the same line). So this is **false**.

- **Option 5: ""None of the above is correct""**  
  → This is **not true**, because **Option 3 is correct**.

---

### ✅ Final Conclusion

The only accurate statement based on the given lineage relationships is that **Joshua and Nicole share a common descendant (Isabella)**.

<ANSWER>3</ANSWER>"
8,ANCESTOR,1,"Given the following lineage relationships:
* Doris is Maria's ancestor.
* Bradley is Maria's descendant.
* Alexis is Heather's ancestor.
* Doris is William's descendant.
* Frances is Heather's descendant.
* Alexis is Eugene's descendant.
* Frances is William's ancestor.
Determine the lineage relationship between Eugene and Bradley.
Select the correct answer:
1. Eugene is Bradley's ancestor.
2. Eugene and Bradley share a common ancestor.
3. Eugene is Bradley's descendant.
4. Eugene and Bradley share a common descendant.
5. None of the above is correct.
Enclose the selected answer number in the <ANSWER> tag, for example: <ANSWER>1</ANSWER>.",amazon/nova-2-lite-v1:free,Amazon Nova,,,"To determine the relationship between **Eugene** and **Bradley**, we must analyze the given lineage relationships step by step, tracing the connections from one individual to another.

---

### Step-by-Step Chain of Relationships

We are given the following facts:

1. **Doris is Maria's ancestor**  
   → Doris → Maria

2. **Bradley is Maria's descendant**  
   → Maria → Bradley  
   **Combined:** Doris → Maria → Bradley

3. **Alexis is Heather's ancestor**  
   → Alexis → Heather

4. **Doris is William's descendant**  
   → William → Doris

5. **Frances is Heather's descendant**  
   → Heather → Frances

6. **Alexis is Eugene's descendant**  
   → Eugene → Alexis

7. **Frances is William's ancestor**  
   → Frances → William

---

### Building the Full Lineage Chain

Let’s now connect all these relationships into a single lineage path from **Eugene** to **Bradley**:

- From (6): **Eugene → Alexis**  
- From (3): **Alexis → Heather**  
- From (5): **Heather → Frances**  
- From (7): **Frances → William**  
- From (4): **William → Doris**  
- From (1): **Doris → Maria**  
- From (2): **Maria → Bradley**

Now, chaining all together:

**Eugene → Alexis → Heather → Frances → William → Doris → Maria → Bradley**

This is a **direct ancestral path** from **Eugene** to **Bradley**. Each step represents a parent-to-child (or more generally, ancestor-to-descendant) relationship.

---

### Interpreting the Relationship

Since **Eugene** appears at the **top** of this chain and **Bradley** at the **bottom**, **Eugene is an ancestor of Bradley**.

This rules out:
- Option 2 (common ancestor): There is a direct ancestor-descendant relationship, not just a common ancestor.
- Option 3 (Eugene is Bradley’s descendant): This is the reverse of the actual relationship.
- Option 4 (common descendant): There is no indication of a shared descendant between them in the opposite direction.
- Option 5 (None of the above): Incorrect, because Option 1 is valid.

---

### Conclusion

The correct relationship is that **Eugene is Bradley's ancestor**.

<ANSWER>1</ANSWER>"
8,DESCENDANT,4,"Given the following lineage relationships:
* Christina is Nicholas's ancestor.
* Gregory is Michelle's descendant.
* Nicholas is Michelle's ancestor.
* Richard is Anna's ancestor.
* Amber is Gregory's descendant.
* Richard is Mary's descendant.
* Christina is Anna's descendant.
Determine the lineage relationship between Amber and Mary.
Select the correct answer:
1. Amber is Mary's ancestor.
2. Amber and Mary share a common ancestor.
3. Amber and Mary share a common descendant.
4. Amber is Mary's descendant.
5. None of the above is correct.
Enclose the selected answer number in the <ANSWER> tag, for example: <ANSWER>1</ANSWER>.",amazon/nova-2-lite-v1:free,Amazon Nova,,,"To determine the relationship between **Amber** and **Mary**, we must analyze the given lineage relationships step by step, ensuring we correctly interpret the direction of ancestry (i.e., *ancestor* means ""above"" or ""earlier in the lineage,"" and *descendant* means ""below"" or ""later in the lineage"").

---

### Step-by-Step Chain of Relationships

We are given the following:

1. **Christina is Nicholas's ancestor**  
   → **Christina ↑ Nicholas**

2. **Gregory is Michelle's descendant**  
   → **Michelle ↑ Gregory**

3. **Nicholas is Michelle's ancestor**  
   → **Nicholas ↑ Michelle**

4. **Richard is Anna's ancestor**  
   → **Richard ↑ Anna**

5. **Amber is Gregory's descendant**  
   → **Gregory ↑ Amber**

6. **Richard is Mary's descendant**  
   → **Mary ↑ Richard**

7. **Christina is Anna's descendant**  
   → **Anna ↑ Christina**

---

### Building the Lineage Chain

Let’s now build a continuous chain from **Mary** down to **Amber** using the above relationships.

#### Start with Mary:
- From (6): **Mary ↑ Richard**  
  → Mary is an ancestor of Richard.

- From (4): **Richard ↑ Anna**  
  → Richard is an ancestor of Anna.

- From (7): **Anna ↑ Christina**  
  → Anna is an ancestor of Christina.

- From (1): **Christina ↑ Nicholas**  
  → Christina is an ancestor of Nicholas.

- From (3): **Nicholas ↑ Michelle**  
  → Nicholas is an ancestor of Michelle.

- From (2): **Michelle ↑ Gregory**  
  → Michelle is an ancestor of Gregory.

- From (5): **Gregory ↑ Amber**  
  → Gregory is an ancestor of Amber.

---

### Full Chain of Ancestry

Putting it all together, we get the following **direct lineage path** from **Mary** to **Amber**:

**Mary ↑ Richard ↑ Anna ↑ Christina ↑ Nicholas ↑ Michelle ↑ Gregory ↑ Amber**

This means that **Mary is an ancestor of Amber**, and **Amber is a descendant of Mary**.

---

### Evaluating the Answer Choices

Let’s now evaluate the provided options:

1. **Amber is Mary's ancestor**  
   → Incorrect. Amber is *below* Mary in the lineage.

2. **Amber and Mary share a common ancestor**  
   → Incorrect. They are in a **direct ancestor-descendant** relationship, not just sharing a common ancestor.

3. **Amber and Mary share a common descendant**  
   → Incorrect. There is no indication of a common descendant between them; Amber is *the* descendant of Mary.

4. **Amber is Mary's descendant**  
   → **Correct.** As shown by the chain above, Amber is directly below Mary in the lineage.

5. **None of the above is correct**  
   → Incorrect, since option 4 is valid.

---

### Final Answer

<ANSWER>4</ANSWER>"
8,COMMON_ANCESTOR,1,"Given the following lineage relationships:
* Carl is Bradley's ancestor.
* Theresa is Carl's ancestor.
* Bradley is Brittany's ancestor.
* Christian is Kenneth's ancestor.
* Theresa is Jessica's ancestor.
* Jessica is Christian's ancestor.
* Brittany is Albert's ancestor.
Determine the lineage relationship between Albert and Kenneth.
Select the correct answer:
1. Albert and Kenneth share a common ancestor.
2. Albert and Kenneth share a common descendant.
3. Albert is Kenneth's ancestor.
4. Albert is Kenneth's descendant.
5. None of the above is correct.
Enclose the selected answer number in the <ANSWER> tag, for example: <ANSWER>1</ANSWER>.",amazon/nova-2-lite-v1:free,Amazon Nova,,,"To determine the relationship between **Albert** and **Kenneth**, we must analyze the provided lineage relationships and trace the connections between them.

---

### Step-by-Step Lineage Tracing

We are given the following relationships:

1. **Carl is Bradley's ancestor**  
   → Carl → Bradley

2. **Theresa is Carl's ancestor**  
   → Theresa → Carl → Bradley

3. **Bradley is Brittany's ancestor**  
   → Theresa → Carl → Bradley → Brittany

4. **Christian is Kenneth's ancestor**  
   → Christian → Kenneth

5. **Theresa is Jessica's ancestor**  
   → Theresa → Jessica

6. **Jessica is Christian's ancestor**  
   → Theresa → Jessica → Christian → Kenneth

7. **Brittany is Albert's ancestor**  
   → Theresa → Carl → Bradley → Brittany → Albert

---

### Constructing the Family Tree

From the above, we can build two **distinct branches** originating from **Theresa**:

#### Branch 1 (leading to Albert):
- **Theresa** → Carl → Bradley → Brittany → **Albert**

#### Branch 2 (leading to Kenneth):
- **Theresa** → Jessica → Christian → **Kenneth**

---

### Analyzing the Relationship Between Albert and Kenneth

- **Albert** is a descendant of **Theresa** through the line:  
  Theresa → Carl → Bradley → Brittany → Albert

- **Kenneth** is a descendant of **Theresa** through the line:  
  Theresa → Jessica → Christian → Kenneth

Thus, **both Albert and Kenneth share Theresa as a common ancestor**.

---

### Evaluating the Answer Choices

Let’s examine each option:

1. **Albert and Kenneth share a common ancestor.**  
   ✅ **Correct.** Theresa is a common ancestor of both.

2. **Albert and Kenneth share a common descendant.**  
   ❌ Incorrect. There is no indication of any individual who is a descendant of *both* Albert and Kenneth. They are both descendants of Theresa, but not of each other.

3. **Albert is Kenneth's ancestor.**  
   ❌ Incorrect. Albert is not on the path to Kenneth. They are on separate branches.

4. **Albert is Kenneth's descendant.**  
   ❌ Incorrect. Same reasoning as above — no direct lineage connecting them in that direction.

5. **None of the above is correct.**  
   ❌ Incorrect. Option 1 is valid.

---

### Conclusion

The only accurate statement is that **Albert and Kenneth share a common ancestor (Theresa)**.

<ANSWER>1</ANSWER>"
8,COMMON_DESCENDANT,2,"Given the following lineage relationships:
* Rachel is Henry's ancestor.
* Kayla is Keith's ancestor.
* Henry is Michelle's descendant.
* Ryan is Gloria's descendant.
* Jean is Keith's descendant.
* Jean is Michelle's ancestor.
* Ryan is Rachel's ancestor.
Determine the lineage relationship between Gloria and Kayla.
Select the correct answer:
1. Gloria and Kayla share a common ancestor.
2. Gloria and Kayla share a common descendant.
3. Gloria is Kayla's ancestor.
4. Gloria is Kayla's descendant.
5. None of the above is correct.
Enclose the selected answer number in the <ANSWER> tag, for example: <ANSWER>1</ANSWER>.",amazon/nova-2-lite-v1:free,Amazon Nova,,,<ANSWER>2</ANSWER>
8,ANCESTOR,1,"Given the following lineage relationships:
* Charles is Rachel's descendant.
* Joyce is Jacob's ancestor.
* Elijah is Charles's descendant.
* Karen is Anna's descendant.
* Joyce is Kathryn's descendant.
* Jacob is Rachel's ancestor.
* Anna is Elijah's descendant.
Determine the lineage relationship between Kathryn and Karen.
Select the correct answer:
1. Kathryn is Karen's ancestor.
2. Kathryn and Karen share a common descendant.
3. Kathryn and Karen share a common ancestor.
4. Kathryn is Karen's descendant.
5. None of the above is correct.
Enclose the selected answer number in the <ANSWER> tag, for example: <ANSWER>1</ANSWER>.",amazon/nova-2-lite-v1:free,Amazon Nova,,,"To determine the lineage relationship between **Kathryn** and **Karen**, we must analyze the given statements and trace the connections step by step, ensuring that each relationship is interpreted correctly in terms of **ancestor → descendant**.

---

### Step-by-Step Interpretation of Each Statement

We interpret each statement as follows (remember: *""X is Y's descendant""* means **Y → X**, and *""X is Y's ancestor""* means **X → Y**):

1. **Charles is Rachel's descendant**  
   → **Rachel → Charles**

2. **Joyce is Jacob's ancestor**  
   → **Joyce → Jacob**

3. **Elijah is Charles's descendant**  
   → **Charles → Elijah**

4. **Karen is Anna's descendant**  
   → **Anna → Karen**

5. **Joyce is Kathryn's descendant**  
   → **Kathryn → Joyce**

6. **Jacob is Rachel's ancestor**  
   → **Jacob → Rachel**

7. **Anna is Elijah's descendant**  
   → **Elijah → Anna**

---

### Building the Lineage Chain

Now, let’s chain these relationships together to see the full path from **Kathryn** to **Karen**:

- **Kathryn → Joyce** (from statement 5)  
- **Joyce → Jacob** (from statement 2)  
- **Jacob → Rachel** (from statement 6)  
- **Rachel → Charles** (from statement 1)  
- **Charles → Elijah** (from statement 3)  
- **Elijah → Anna** (from statement 7)  
- **Anna → Karen** (from statement 4)

So the complete lineage path is:

> **Kathryn → Joyce → Jacob → Rachel → Charles → Elijah → Anna → Karen**

This shows that **Kathryn is an ancestor of Karen**, with multiple generations in between.

---

### Evaluating the Answer Choices

Let’s now assess each of the provided options:

1. **Kathryn is Karen's ancestor.**  
   ✅ **Correct.** As shown above, Kathryn is an ancestor of Karen through a clear, unbroken lineage.

2. **Kathryn and Karen share a common descendant.**  
   ❌ Incorrect. There is no information about any common **descendant** of both. In fact, Karen is a **descendant** of Kathryn, so any descendant of Karen would also be a descendant of Kathryn — but the statement implies a **shared** descendant **between** them, which is not the case here.

3. **Kathryn and Karen share a common ancestor.**  
   ❌ Incorrect. If one is the ancestor of the other, they do **not** share a common ancestor — one **is** the ancestor of the other.

4. **Kathryn is Karen's descendant.**  
   ❌ Incorrect. This is the **opposite** of the actual relationship.

5. **None of the above is correct.**  
   ❌ Incorrect. Option 1 is correct.

---

### Conclusion

The only accurate and directly supported relationship between Kathryn and Karen is that **Kathryn is Karen's ancestor**.

<ANSWER>1</ANSWER>"
8,DESCENDANT,4,"Given the following lineage relationships:
* Michelle is Deborah's ancestor.
* Nancy is Danielle's descendant.
* Michelle is Nancy's descendant.
* Lauren is Pamela's descendant.
* Lori is Pamela's ancestor.
* Danielle is Olivia's descendant.
* Lori is Deborah's descendant.
Determine the lineage relationship between Lauren and Olivia.
Select the correct answer:
1. Lauren and Olivia share a common ancestor.
2. Lauren is Olivia's ancestor.
3. Lauren and Olivia share a common descendant.
4. Lauren is Olivia's descendant.
5. None of the above is correct.
Enclose the selected answer number in the <ANSWER> tag, for example: <ANSWER>1</ANSWER>.",amazon/nova-2-lite-v1:free,Amazon Nova,,,"To determine the relationship between **Lauren** and **Olivia**, we must analyze the given lineage relationships step by step and trace the connections between these two individuals.

---

### Step-by-Step Analysis of Given Relationships

We are provided with the following facts:

1. **Michelle is Deborah's ancestor**  
   → Michelle → Deborah (Michelle is above Deborah)

2. **Nancy is Danielle's descendant**  
   → Danielle → Nancy (Danielle is above Nancy)

3. **Michelle is Nancy's descendant**  
   → Nancy → Michelle (Nancy is above Michelle)

4. **Lauren is Pamela's descendant**  
   → Pamela → Lauren (Pamela is above Lauren)

5. **Lori is Pamela's ancestor**  
   → Lori → Pamela (Lori is above Pamela)

6. **Danielle is Olivia's descendant**  
   → Olivia → Danielle (Olivia is above Danielle)

7. **Lori is Deborah's descendant**  
   → Deborah → Lori (Deborah is above Lori)

---

### Building the Lineage Chain

Let’s now construct a **direct lineage path** from **Olivia** to **Lauren** using the above relationships.

#### Start from Olivia:
- **Olivia → Danielle** (from #6)
- **Danielle → Nancy** (from #2)
- **Nancy → Michelle** (from #3)
- **Michelle → Deborah** (from #1)
- **Deborah → Lori** (from #7)
- **Lori → Pamela** (from #5)
- **Pamela → Lauren** (from #4)

So the full chain is:

> **Olivia → Danielle → Nancy → Michelle → Deborah → Lori → Pamela → Lauren**

This shows that **Olivia is an ancestor of Lauren**, and **Lauren is a descendant of Olivia**.

---

### Evaluating the Answer Choices

Let’s now assess each of the provided options:

1. **Lauren and Olivia share a common ancestor**  
   → While this is *technically* true (Olivia is a common ancestor of herself and Lauren), this is **not the most precise** relationship. The question asks for the **specific relationship** between the two, and a direct ancestor-descendant relationship is stronger and more accurate.

2. **Lauren is Olivia's ancestor**  
   → This is **false**. Lauren is **not** an ancestor of Olivia; the chain clearly shows Olivia is above Lauren.

3. **Lauren and Olivia share a common descendant**  
   → This would mean there is someone **below both** Lauren and Olivia. But Olivia is **above** Lauren, so this is **not possible**.

4. **Lauren is Olivia's descendant**  
   → This is **true**. As shown in the chain, Lauren is directly below Olivia in the lineage.

5. **None of the above is correct**  
   → This is **not correct**, since option 4 is valid.

---

### Conclusion

The most accurate and specific relationship between **Lauren** and **Olivia** is that **Lauren is Olivia's descendant**.

<ANSWER>4</ANSWER>"
8,COMMON_ANCESTOR,4,"Given the following lineage relationships:
* Helen is Gerald's descendant.
* Carl is Julie's ancestor.
* Carl is Willie's descendant.
* Gerald is Jean's descendant.
* Randy is Roger's descendant.
* Roger is Willie's ancestor.
* Julie is Jean's ancestor.
Determine the lineage relationship between Randy and Helen.
Select the correct answer:
1. Randy and Helen share a common descendant.
2. Randy is Helen's descendant.
3. Randy is Helen's ancestor.
4. Randy and Helen share a common ancestor.
5. None of the above is correct.
Enclose the selected answer number in the <ANSWER> tag, for example: <ANSWER>1</ANSWER>.",amazon/nova-2-lite-v1:free,Amazon Nova,,,"To determine the relationship between **Randy** and **Helen**, we must analyze the given lineage relationships and trace the connections between the individuals involved.

---

### Step 1: Translate the Given Relationships

We interpret each statement in terms of **ancestor → descendant** (i.e., the direction of inheritance):

1. **Helen is Gerald's descendant**  
   → **Gerald → Helen**

2. **Carl is Julie's ancestor**  
   → **Carl → Julie**

3. **Carl is Willie's descendant**  
   → **Willie → Carl**

4. **Gerald is Jean's descendant**  
   → **Jean → Gerald**

5. **Randy is Roger's descendant**  
   → **Roger → Randy**

6. **Roger is Willie's ancestor**  
   → **Roger → Willie**

7. **Julie is Jean's ancestor**  
   → **Julie → Jean**

---

### Step 2: Build the Lineage Chain

Now, we chain these relationships together to form a continuous lineage from **Roger** to **Helen**:

- **Roger → Willie** (from 6)  
- **Willie → Carl** (from 3)  
- **Carl → Julie** (from 2)  
- **Julie → Jean** (from 7)  
- **Jean → Gerald** (from 4)  
- **Gerald → Helen** (from 1)

So the full lineage is:

> **Roger → Willie → Carl → Julie → Jean → Gerald → Helen**

---

### Step 3: Locate Randy in the Lineage

From statement (5):  
- **Roger → Randy**

This tells us that **Randy is a descendant of Roger**, but it does **not** specify *where* Randy falls in the lineage. He could be:

- A **direct descendant** of Roger **along the same line** as the chain above (e.g., between Roger and Willie, or even one of the named individuals like Willie, Carl, etc.), or  
- A **side branch** (e.g., a child of Roger who is **not** on the path to Helen).

However, **we are not told** that Randy is any of the named individuals in the chain (Willie, Carl, Julie, etc.), and the names are distinct. Therefore, we **cannot assume** that Randy is on the direct path to Helen.

---

### Step 4: Determine the Relationship Between Randy and Helen

We **do know** the following:

- **Helen** is a descendant of **Roger** (via the chain: Roger → Willie → ... → Helen)
- **Randy** is also a descendant of **Roger** (directly stated)

Thus, **both Randy and Helen share Roger as a common ancestor**.

Now, consider the answer choices:

1. **Randy and Helen share a common descendant**  
   → Not supported. We have no information that either is a descendant of the other.

2. **Randy is Helen's descendant**  
   → Not necessarily true. Randy could be on a side branch, not on the path to Helen.

3. **Randy is Helen's ancestor**  
   → Also not necessarily true. Randy could be on a side branch, not above Helen.

4. **Randy and Helen share a common ancestor**  
   → **Yes.** Both are descendants of **Roger**, so **Roger is a common ancestor**.

5. **None of the above is correct**  
   → Incorrect, because option 4 is valid.

---

### Conclusion

Based strictly on the provided information, the **only definite and supported relationship** is that **Randy and Helen share a common ancestor**, specifically **Roger**.

<ANSWER>4</ANSWER>"
8,COMMON_DESCENDANT,2,"Given the following lineage relationships:
* Jeremy is Sophia's descendant.
* Ralph is Amanda's descendant.
* Bryan is Jeremy's descendant.
* Christine is Amanda's ancestor.
* Catherine is Ralph's ancestor.
* Madison is Catherine's ancestor.
* Madison is Bryan's descendant.
Determine the lineage relationship between Sophia and Christine.
Select the correct answer:
1. Sophia is Christine's descendant.
2. Sophia and Christine share a common descendant.
3. Sophia and Christine share a common ancestor.
4. Sophia is Christine's ancestor.
5. None of the above is correct.
Enclose the selected answer number in the <ANSWER> tag, for example: <ANSWER>1</ANSWER>.",amazon/nova-2-lite-v1:free,Amazon Nova,,,<ANSWER>2</ANSWER>
8,ANCESTOR,4,"Given the following lineage relationships:
* Amber is Diane's ancestor.
* Beverly is Henry's descendant.
* Deborah is Gerald's ancestor.
* Henry is Jerry's descendant.
* Beverly is Deborah's ancestor.
* Diane is Brittany's ancestor.
* Amber is Gerald's descendant.
Determine the lineage relationship between Jerry and Brittany.
Select the correct answer:
1. Jerry and Brittany share a common ancestor.
2. Jerry is Brittany's descendant.
3. Jerry and Brittany share a common descendant.
4. Jerry is Brittany's ancestor.
5. None of the above is correct.
Enclose the selected answer number in the <ANSWER> tag, for example: <ANSWER>1</ANSWER>.",amazon/nova-2-lite-v1:free,Amazon Nova,,,"To determine the relationship between **Jerry** and **Brittany**, we must analyze the given lineage relationships step by step, tracing the connections from one individual to the other.

---

### Step-by-Step Chain of Descent

We are given the following relationships:

1. **Amber is Diane's ancestor**  
   → Diane is a *descendant* of Amber.

2. **Beverly is Henry's descendant**  
   → Henry is an *ancestor* of Beverly.

3. **Deborah is Gerald's ancestor**  
   → Gerald is a *descendant* of Deborah.

4. **Henry is Jerry's descendant**  
   → Jerry is an *ancestor* of Henry.

5. **Beverly is Deborah's ancestor**  
   → Deborah is a *descendant* of Beverly.

6. **Diane is Brittany's ancestor**  
   → Brittany is a *descendant* of Diane.

7. **Amber is Gerald's descendant**  
   → Gerald is an *ancestor* of Amber.

---

### Constructing the Full Lineage Path

Let’s now build a **continuous lineage path** from **Jerry** to **Brittany** using the above relationships:

- From **(4)**: **Jerry → Henry** (Jerry is ancestor of Henry)  
- From **(2)**: **Henry → Beverly** (Henry is ancestor of Beverly)  
- From **(5)**: **Beverly → Deborah** (Beverly is ancestor of Deborah)  
- From **(3)**: **Deborah → Gerald** (Deborah is ancestor of Gerald)  
- From **(7)**: **Gerald → Amber** (Gerald is ancestor of Amber)  
- From **(1)**: **Amber → Diane** (Amber is ancestor of Diane)  
- From **(6)**: **Diane → Brittany** (Diane is ancestor of Brittany)

---

### Full Chain of Descent

Putting it all together:

**Jerry → Henry → Beverly → Deborah → Gerald → Amber → Diane → Brittany**

This is a **direct, unbroken lineage** from **Jerry** to **Brittany**, where each person is an **ancestor** of the next.

---

### Interpreting the Relationship

Since **Jerry** is the **ancestor** of **Henry**, and **Henry** is the **ancestor** of **Beverly**, and so on, all the way to **Brittany**, it follows that **Jerry is an ancestor of Brittany**.

This means **Brittany is a descendant of Jerry**.

---

### Evaluating the Answer Choices

Let’s now evaluate the provided options:

1. **Jerry and Brittany share a common ancestor.**  
   → Incorrect. They are in a **direct ancestor-descendant** relationship, not just sharing a common ancestor.

2. **Jerry is Brittany's descendant.**  
   → Incorrect. Jerry is the **ancestor**, not the descendant.

3. **Jerry and Brittany share a common descendant.**  
   → Incorrect. There is no indication of a shared *descendant*; the chain goes from Jerry *to* Brittany.

4. **Jerry is Brittany's ancestor.**  
   → **Correct.** This matches our derived relationship.

5. **None of the above is correct.**  
   → Incorrect, since option 4 is valid.

---

### Final Answer

<ANSWER>4</ANSWER>"
8,DESCENDANT,1,"Given the following lineage relationships:
* Janet is Michael's ancestor.
* Frances is Nicholas's descendant.
* Nicholas is Andrea's descendant.
* Jason is Dorothy's ancestor.
* Michael is Jason's ancestor.
* Theresa is Dorothy's descendant.
* Andrea is Theresa's descendant.
Determine the lineage relationship between Frances and Janet.
Select the correct answer:
1. Frances is Janet's descendant.
2. Frances and Janet share a common descendant.
3. Frances and Janet share a common ancestor.
4. Frances is Janet's ancestor.
5. None of the above is correct.
Enclose the selected answer number in the <ANSWER> tag, for example: <ANSWER>1</ANSWER>.",amazon/nova-2-lite-v1:free,Amazon Nova,,,"To determine the lineage relationship between **Frances** and **Janet**, we must analyze the given statements and trace the ancestral-descendant chain connecting them.

---

### Step-by-Step Chain Construction

We interpret each statement in terms of **ancestor → descendant** relationships:

1. **Janet is Michael's ancestor**  
   → **Janet → Michael**

2. **Michael is Jason's ancestor**  
   → **Michael → Jason**

3. **Jason is Dorothy's ancestor**  
   → **Jason → Dorothy**

4. **Theresa is Dorothy's descendant**  
   → **Dorothy → Theresa**

5. **Andrea is Theresa's descendant**  
   → **Theresa → Andrea**

6. **Nicholas is Andrea's descendant**  
   → **Andrea → Nicholas**

7. **Frances is Nicholas's descendant**  
   → **Nicholas → Frances**

---

### Building the Full Lineage Path

Now, we chain these relationships together:

- **Janet → Michael** (from 1)  
- **Michael → Jason** (from 2)  
- **Jason → Dorothy** (from 3)  
- **Dorothy → Theresa** (from 4)  
- **Theresa → Andrea** (from 5)  
- **Andrea → Nicholas** (from 6)  
- **Nicholas → Frances** (from 7)

This gives us the full lineage path:

> **Janet → Michael → Jason → Dorothy → Theresa → Andrea → Nicholas → Frances**

---

### Conclusion

From this chain, it is clear that **Frances is a descendant of Janet**. Every step in the chain is a direct ancestor-descendant relationship, and Janet is at the top of the lineage, with Frances at the bottom.

Thus, **Frances is Janet's descendant**.

---

### Evaluating the Options

Let’s now evaluate the answer choices:

1. **Frances is Janet's descendant.**  
   ✅ **Correct** — This matches our derived relationship.

2. **Frances and Janet share a common descendant.**  
   ❌ Incorrect — They are in a direct ancestor-descendant relationship; Janet is the ancestor, not a peer.

3. **Frances and Janet share a common ancestor.**  
   ❌ Incorrect — Janet is the ancestor of Frances, so they don’t share a common ancestor *above* them.

4. **Frances is Janet's ancestor.**  
   ❌ Incorrect — The chain clearly shows Janet is the ancestor of Frances.

5. **None of the above is correct.**  
   ❌ Incorrect — Option 1 is correct.

---

### Final Answer

<ANSWER>1</ANSWER>"
8,COMMON_ANCESTOR,3,"Given the following lineage relationships:
* Scott is Rachel's descendant.
* Kevin is Walter's descendant.
* Jesse is Kevin's descendant.
* Rachel is Jesse's descendant.
* Helen is Jacob's descendant.
* Helen is Doris's ancestor.
* Walter is Jacob's ancestor.
Determine the lineage relationship between Scott and Doris.
Select the correct answer:
1. Scott and Doris share a common descendant.
2. Scott is Doris's ancestor.
3. Scott and Doris share a common ancestor.
4. Scott is Doris's descendant.
5. None of the above is correct.
Enclose the selected answer number in the <ANSWER> tag, for example: <ANSWER>1</ANSWER>.",amazon/nova-2-lite-v1:free,Amazon Nova,,,"To determine the relationship between **Scott** and **Doris**, we must analyze the provided lineage relationships and trace the connections between them.

---

### Step-by-Step Lineage Tracing

We are given the following relationships:

1. **Scott is Rachel's descendant.**  
   → Scott ← Rachel

2. **Kevin is Walter's descendant.**  
   → Kevin ← Walter

3. **Jesse is Kevin's descendant.**  
   → Jesse ← Kevin

4. **Rachel is Jesse's descendant.**  
   → Rachel ← Jesse

5. **Helen is Jacob's descendant.**  
   → Helen ← Jacob

6. **Helen is Doris's ancestor.**  
   → Doris ← Helen

7. **Walter is Jacob's ancestor.**  
   → Jacob ← Walter

---

### Building the Lineage Paths

#### Path from **Walter** to **Scott**:

- Walter → Kevin (from 2)  
- Kevin → Jesse (from 3)  
- Jesse → Rachel (from 4)  
- Rachel → Scott (from 1)  

**So: Walter → Kevin → Jesse → Rachel → Scott**

#### Path from **Walter** to **Doris**:

- Walter → Jacob (from 7)  
- Jacob → Helen (from 5)  
- Helen → Doris (from 6)  

**So: Walter → Jacob → Helen → Doris**

---

### Conclusion

Both **Scott** and **Doris** are **descendants of Walter**. There is **no indication** that Scott is an ancestor or descendant of Doris, nor that they share a common *descendant*. However, they **do share a common ancestor**: **Walter**.

This fits the definition of **sharing a common ancestor**, which is precisely what **option 3** states.

---

### Evaluation of Other Options

- **Option 1**: *Scott and Doris share a common descendant.*  
  → No evidence of any individual being a descendant of both Scott and Doris.

- **Option 2**: *Scott is Doris's ancestor.*  
  → Scott is a descendant of Walter, and Doris is also a descendant of Walter, but Scott is not in the line leading to Doris.

- **Option 4**: *Scott is Doris's descendant.*  
  → Same reasoning as above; Scott is not in Doris’s lineage.

- **Option 5**: *None of the above is correct.*  
  → Incorrect, because **Option 3 is valid**.

---

### Final Answer

<ANSWER>3</ANSWER>"
8,COMMON_DESCENDANT,3,"Given the following lineage relationships:
* Benjamin is Kenneth's ancestor.
* Christine is Joshua's descendant.
* Kenneth is Madison's descendant.
* Ethan is Patrick's descendant.
* Christine is Patrick's ancestor.
* Ethan is Benjamin's ancestor.
* Madison is Terry's descendant.
Determine the lineage relationship between Terry and Joshua.
Select the correct answer:
1. Terry and Joshua share a common ancestor.
2. Terry is Joshua's ancestor.
3. Terry and Joshua share a common descendant.
4. Terry is Joshua's descendant.
5. None of the above is correct.
Enclose the selected answer number in the <ANSWER> tag, for example: <ANSWER>1</ANSWER>.",amazon/nova-2-lite-v1:free,Amazon Nova,,,"To determine the lineage relationship between **Terry** and **Joshua**, we must analyze the given relationships and trace the connections between them.

---

### Step 1: Interpret the Given Relationships

Each statement is interpreted as follows (where ""A is B's descendant"" means **B → A**, and ""A is B's ancestor"" means **A → B**):

1. **Benjamin is Kenneth's ancestor** → **Benjamin → Kenneth**  
2. **Christine is Joshua's descendant** → **Joshua → Christine**  
3. **Kenneth is Madison's descendant** → **Madison → Kenneth**  
4. **Ethan is Patrick's descendant** → **Patrick → Ethan**  
5. **Christine is Patrick's ancestor** → **Christine → Patrick**  
6. **Ethan is Benjamin's ancestor** → **Ethan → Benjamin**  
7. **Madison is Terry's descendant** → **Terry → Madison**

---

### Step 2: Build the Lineage Chains

Let’s trace the lineage from **Joshua** and **Terry** to see where they intersect.

#### From **Joshua**:
- **Joshua → Christine** (from 2)
- **Christine → Patrick** (from 5)
- **Patrick → Ethan** (from 4)
- **Ethan → Benjamin** (from 6)
- **Benjamin → Kenneth** (from 1)

So, **Joshua → Christine → Patrick → Ethan → Benjamin → Kenneth**

#### From **Terry**:
- **Terry → Madison** (from 7)
- **Madison → Kenneth** (from 3)

So, **Terry → Madison → Kenneth**

---

### Step 3: Identify the Connection Between Terry and Joshua

Both **Terry** and **Joshua** have **Kenneth** as a **descendant**:

- **Terry → Madison → Kenneth**
- **Joshua → Christine → Patrick → Ethan → Benjamin → Kenneth**

This means **Kenneth is a common descendant** of both **Terry** and **Joshua**.

---

### Step 4: Evaluate the Answer Choices

Let’s assess each option:

1. **Terry and Joshua share a common ancestor.**  
   → There is **no evidence** of a common ancestor. Neither Terry nor Joshua has any known ancestors in the given data that overlap. ❌

2. **Terry is Joshua's ancestor.**  
   → There is **no path** from Terry to Joshua. Terry’s lineage goes **down** to Kenneth, and Joshua’s lineage goes **up** to Kenneth. No upward path from Terry to Joshua exists. ❌

3. **Terry and Joshua share a common descendant.**  
   → **Yes**, **Kenneth** is a **common descendant** of both Terry and Joshua. ✅

4. **Terry is Joshua's descendant.**  
   → There is **no path** from Joshua to Terry. Joshua’s descendants are Christine, Patrick, Ethan, Benjamin, and Kenneth — **not Terry**. ❌

5. **None of the above is correct.**  
   → Since **option 3 is correct**, this is **not** the case. ❌

---

### Conclusion

The only accurate statement is that **Terry and Joshua share a common descendant (Kenneth)**.

<ANSWER>3</ANSWER>"
8,ANCESTOR,4,"Given the following lineage relationships:
* Austin is Scott's descendant.
* Douglas is Samantha's descendant.
* Donald is Paul's descendant.
* Paul is Larry's descendant.
* Larry is Austin's descendant.
* Scott is Megan's descendant.
* Douglas is Megan's ancestor.
Determine the lineage relationship between Samantha and Donald.
Select the correct answer:
1. Samantha and Donald share a common descendant.
2. Samantha and Donald share a common ancestor.
3. Samantha is Donald's descendant.
4. Samantha is Donald's ancestor.
5. None of the above is correct.
Enclose the selected answer number in the <ANSWER> tag, for example: <ANSWER>1</ANSWER>.",amazon/nova-2-lite-v1:free,Amazon Nova,,,"To determine the lineage relationship between **Samantha** and **Donald**, we must analyze the given statements carefully and trace the ancestral and descendant relationships step by step.

---

### Step-by-Step Analysis of Given Relationships

We are given the following:

1. **Austin is Scott's descendant**  
   → Scott is Austin’s **ancestor** → **Scott → Austin**

2. **Douglas is Samantha's descendant**  
   → Samantha is Douglas’s **ancestor** → **Samantha → Douglas**

3. **Donald is Paul's descendant**  
   → Paul is Donald’s **ancestor** → **Paul → Donald**

4. **Paul is Larry's descendant**  
   → Larry is Paul’s **ancestor** → **Larry → Paul**

5. **Larry is Austin's descendant**  
   → Austin is Larry’s **ancestor** → **Austin → Larry**

6. **Scott is Megan's descendant**  
   → Megan is Scott’s **ancestor** → **Megan → Scott**

7. **Douglas is Megan's ancestor**  
   → Megan is Douglas’s **descendant** → **Douglas → Megan**

---

### Constructing the Lineage Chain

Now, let’s chain these relationships together to form a continuous path from **Samantha** to **Donald**:

- From (2): **Samantha → Douglas**  
- From (7): **Douglas → Megan**  
- From (6): **Megan → Scott**  
- From (1): **Scott → Austin**  
- From (5): **Austin → Larry**  
- From (4): **Larry → Paul**  
- From (3): **Paul → Donald**

Putting it all together:

$$
\text{Samantha} \rightarrow \text{Douglas} \rightarrow \text{Megan} \rightarrow \text{Scott} \rightarrow \text{Austin} \rightarrow \text{Larry} \rightarrow \text{Paul} \rightarrow \text{Donald}
$$

This is a **direct ancestral path** from **Samantha** to **Donald**. Therefore, **Samantha is an ancestor of Donald**.

---

### Evaluating the Answer Choices

Let’s now evaluate the provided options:

1. **Samantha and Donald share a common descendant.**  
   → Not applicable. We have a direct ancestor-descendant relationship, not a shared descendant.

2. **Samantha and Donald share a common ancestor.**  
   → Incorrect. Samantha **is** the ancestor of Donald; they do not share a common ancestor *above* both — Samantha is the ancestor.

3. **Samantha is Donald's descendant.**  
   → Incorrect. The chain shows the opposite: Samantha is the ancestor.

4. **Samantha is Donald's ancestor.**  
   → **Correct.** As shown by the chain above.

5. **None of the above is correct.**  
   → Incorrect, since option 4 is valid.

---

### Conclusion

The correct lineage relationship between **Samantha** and **Donald** is that **Samantha is Donald's ancestor**.

<ANSWER>4</ANSWER>"
8,DESCENDANT,3,"Given the following lineage relationships:
* Peter is Sara's descendant.
* Christian is Richard's descendant.
* Peter is George's ancestor.
* Maria is Diane's descendant.
* Richard is George's descendant.
* Maria is Sara's ancestor.
* Victoria is Christian's descendant.
Determine the lineage relationship between Victoria and Diane.
Select the correct answer:
1. Victoria is Diane's ancestor.
2. Victoria and Diane share a common descendant.
3. Victoria is Diane's descendant.
4. Victoria and Diane share a common ancestor.
5. None of the above is correct.
Enclose the selected answer number in the <ANSWER> tag, for example: <ANSWER>1</ANSWER>.",amazon/nova-2-lite-v1:free,Amazon Nova,,,"To determine the relationship between **Victoria** and **Diane**, we must analyze the given lineage statements carefully and trace the connections step by step.

---

### Step-by-Step Lineage Mapping

We interpret each statement in terms of **ancestor → descendant** relationships:

1. **Peter is Sara's descendant**  
   → **Sara → Peter**

2. **Christian is Richard's descendant**  
   → **Richard → Christian**

3. **Peter is George's ancestor**  
   → **Peter → George**

4. **Maria is Diane's descendant**  
   → **Diane → Maria**

5. **Richard is George's descendant**  
   → **George → Richard**

6. **Maria is Sara's ancestor**  
   → **Maria → Sara**

7. **Victoria is Christian's descendant**  
   → **Christian → Victoria**

---

### Building the Full Lineage Chain

Let’s now trace the full path from **Diane** to **Victoria** using the above relationships:

- From **Diane → Maria** (Statement 4)  
- From **Maria → Sara** (Statement 6)  
- From **Sara → Peter** (Statement 1)  
- From **Peter → George** (Statement 3)  
- From **George → Richard** (Statement 5)  
- From **Richard → Christian** (Statement 2)  
- From **Christian → Victoria** (Statement 7)

Now, chaining all these together:

$$
\text{Diane} \rightarrow \text{Maria} \rightarrow \text{Sara} \rightarrow \text{Peter} \rightarrow \text{George} \rightarrow \text{Richard} \rightarrow \text{Christian} \rightarrow \text{Victoria}
$$

This shows that **Victoria is a descendant of Diane**.

---

### Evaluating the Options

Let’s now assess each option in light of this chain:

1. **Victoria is Diane's ancestor**  
   ❌ Incorrect — Victoria is *below* Diane in the lineage, not above.

2. **Victoria and Diane share a common descendant**  
   ❌ Incorrect — There is no indication of any individual who is a descendant of *both* Victoria and Diane. Since Diane is an ancestor of Victoria, any descendant of Victoria would also be a descendant of Diane, but the statement refers to *shared* descendants *between* them, which is not the case here.

3. **Victoria is Diane's descendant**  
   ✅ **Correct** — As shown by the chain above, Victoria is directly descended from Diane through an unbroken lineage.

4. **Victoria and Diane share a common ancestor**  
   ❌ Incorrect — While it's true that they *do* share common ancestors (e.g., Diane herself), the phrase “share a common ancestor” typically implies a *different* ancestor than the direct line. Here, Diane is the **direct ancestor** of Victoria, so this is not the best description of their relationship.

5. **None of the above is correct**  
   ❌ Incorrect — Option 3 is correct.

---

### Conclusion

The correct relationship between **Victoria** and **Diane** is that **Victoria is Diane's descendant**.

<ANSWER>3</ANSWER>"
8,COMMON_ANCESTOR,2,"Given the following lineage relationships:
* Jason is Samuel's descendant.
* Rebecca is Sophia's descendant.
* Gloria is Jason's descendant.
* Gloria is Joe's ancestor.
* Barbara is Alan's descendant.
* Samuel is Alan's ancestor.
* Sophia is Barbara's descendant.
Determine the lineage relationship between Joe and Rebecca.
Select the correct answer:
1. Joe is Rebecca's descendant.
2. Joe and Rebecca share a common ancestor.
3. Joe is Rebecca's ancestor.
4. Joe and Rebecca share a common descendant.
5. None of the above is correct.
Enclose the selected answer number in the <ANSWER> tag, for example: <ANSWER>1</ANSWER>.",amazon/nova-2-lite-v1:free,Amazon Nova,,,"To determine the relationship between **Joe** and **Rebecca**, we must analyze the provided lineage relationships and trace the connections between the individuals involved.

---

### Step-by-Step Breakdown of the Given Relationships

We are given the following:

1. **Jason is Samuel's descendant**  
   → Samuel is an **ancestor** of Jason.

2. **Rebecca is Sophia's descendant**  
   → Sophia is an **ancestor** of Rebecca.

3. **Gloria is Jason's descendant**  
   → Jason is an **ancestor** of Gloria.

4. **Gloria is Joe's ancestor**  
   → Gloria is an **ancestor** of Joe → Joe is a **descendant** of Gloria.

5. **Barbara is Alan's descendant**  
   → Alan is an **ancestor** of Barbara.

6. **Samuel is Alan's ancestor**  
   → Alan is a **descendant** of Samuel.

7. **Sophia is Barbara's descendant**  
   → Barbara is an **ancestor** of Sophia.

---

### Constructing the Family Tree

Let’s map out the lineage paths:

#### Path from **Samuel** to **Joe**:
- Samuel → Jason (Jason is Samuel’s descendant)
- Jason → Gloria (Gloria is Jason’s descendant)
- Gloria → Joe (Joe is Gloria’s descendant)

**So: Samuel → Jason → Gloria → Joe**

#### Path from **Samuel** to **Rebecca**:
- Samuel → Alan (Alan is Samuel’s descendant)
- Alan → Barbara (Barbara is Alan’s descendant)
- Barbara → Sophia (Sophia is Barbara’s descendant)
- Sophia → Rebecca (Rebecca is Sophia’s descendant)

**So: Samuel → Alan → Barbara → Sophia → Rebecca**

---

### Analyzing the Relationship Between Joe and Rebecca

From the above, we see that **both Joe and Rebecca are descendants of Samuel**, but through **completely separate branches**:

- Joe: Samuel → Jason → Gloria → Joe  
- Rebecca: Samuel → Alan → Barbara → Sophia → Rebecca

There is **no indication** that Joe is an ancestor or descendant of Rebecca, nor that they share a common **descendant** (i.e., someone who is a descendant of both). However, they **do share a common ancestor**: **Samuel**.

This is the key point. The question asks for the **relationship between Joe and Rebecca**, and the correct characterization is that **they share a common ancestor**.

---

### Evaluating the Answer Choices

1. **Joe is Rebecca's descendant**  
   → **False**. Joe is not in Rebecca’s lineage path.

2. **Joe and Rebecca share a common ancestor**  
   → **True**. Samuel is a common ancestor.

3. **Joe is Rebecca's ancestor**  
   → **False**. Rebecca is not in Joe’s lineage path.

4. **Joe and Rebecca share a common descendant**  
   → **False**. There is no indication of any individual who is a descendant of both.

5. **None of the above is correct**  
   → **False**. Option 2 is correct.

---

### Final Answer

<ANSWER>2</ANSWER>"
8,COMMON_DESCENDANT,4,"Given the following lineage relationships:
* Mason is Angela's descendant.
* Sandra is Joan's ancestor.
* Sharon is Diana's ancestor.
* Brittany is Sandra's ancestor.
* Joan is Sharon's ancestor.
* Christina is Diana's descendant.
* Christina is Mason's ancestor.
Determine the lineage relationship between Angela and Brittany.
Select the correct answer:
1. Angela is Brittany's descendant.
2. Angela and Brittany share a common ancestor.
3. Angela is Brittany's ancestor.
4. Angela and Brittany share a common descendant.
5. None of the above is correct.
Enclose the selected answer number in the <ANSWER> tag, for example: <ANSWER>1</ANSWER>.",amazon/nova-2-lite-v1:free,Amazon Nova,,,"<ANSWER>4</ANSWER>

**Step-by-Step Explanation:**

1. **Map all given ancestor-descendant relationships as directed paths (ancestor → descendant):**
   - Angela → Mason (Mason is Angela's descendant)
   - Brittany → Sandra (Brittany is Sandra's ancestor)
   - Sandra → Joan (Sandra is Joan's ancestor)
   - Joan → Sharon (Joan is Sharon's ancestor)
   - Sharon → Diana (Sharon is Diana's ancestor)
   - Diana → Christina (Christina is Diana's descendant)
   - Christina → Mason (Christina is Mason's ancestor)

2. **Construct the full lineage chain starting from Brittany:**
   - Brittany → Sandra → Joan → Sharon → Diana → Christina → Mason  
     *Thus, Brittany is an ancestor of Mason.*

3. **Note Angela’s relationship:**
   - Angela → Mason  
     *Thus, Angela is also an ancestor of Mason.*

4. **Determine the relationship between Angela and Brittany:**
   - Both Angela and Brittany are **ancestors of Mason**.
   - Since Mason is a descendant of **both**, Mason qualifies as a **common descendant** of Angela and Brittany.

5. **Evaluate the answer choices:**
   - **Option 1 (Angela is Brittany’s descendant):** No evidence Angela descends from Brittany.
   - **Option 2 (Share a common ancestor):** No information about shared ancestors above Angela or Brittany.
   - **Option 3 (Angela is Brittany’s ancestor):** No evidence Angela ancestors Brittany.
   - **Option 4 (Share a common descendant):** **True** — Mason is a descendant of both.
   - **Option 5 (None):** Incorrect because Option 4 holds.

**Conclusion:** The only confirmed relationship is that Angela and Brittany share Mason as a common descendant.

<ANSWER>4</ANSWER>"
