64,ANCESTOR,4,"Given the following lineage relationships:
* Victoria is Alexis's ancestor.
* Zachary is Margaret's ancestor.
* Andrea is Jeffrey's ancestor.
* Gary is Pamela's descendant.
* Kyle is Cynthia's ancestor.
* Natalie is Cheryl's descendant.
* Richard is Jeffrey's descendant.
* Douglas is Jeremy's descendant.
* Charlotte is Albert's descendant.
* Mason is Jerry's ancestor.
* Jason is Janice's ancestor.
* George is Joseph's descendant.
* Peter is Julie's descendant.
* Terry is Daniel's ancestor.
* Brian is Samantha's descendant.
* Marilyn is Stephen's descendant.
* Natalie is Jessica's ancestor.
* Terry is Elijah's descendant.
* Daniel is Emily's ancestor.
* Amber is Benjamin's descendant.
* Diane is Carl's ancestor.
* Kenneth is Christine's ancestor.
* Robert is Carl's descendant.
* Jessica is Zachary's ancestor.
* Emily is Pamela's ancestor.
* Mason is Lawrence's descendant.
* Henry is Kyle's ancestor.
* Douglas is Stephen's ancestor.
* Benjamin is Robert's descendant.
* Jason is Marilyn's descendant.
* Brian is Olivia's ancestor.
* Brandon is Judy's ancestor.
* Beverly is Richard's descendant.
* Brandon is Martha's descendant.
* Beverly is Gerald's ancestor.
* Cynthia is Victoria's ancestor.
* Sarah is Thomas's ancestor.
* Willie is Martha's ancestor.
* Russell is Kenneth's ancestor.
* Ronald is Alice's descendant.
* Arthur is Maria's ancestor.
* Gary is Russell's ancestor.
* Thomas is Joseph's ancestor.
* Willie is Amber's descendant.
* Jerry is Andrew's ancestor.
* Arthur is Peter's descendant.
* Albert is Judy's descendant.
* Gerald is Jeremy's ancestor.
* Isabella is Bradley's ancestor.
* Vincent is Timothy's descendant.
* Elijah is Vincent's descendant.
* Alice is Maria's descendant.
* Timothy is Bradley's descendant.
* Sarah is Olivia's descendant.
* Alexis is Debra's ancestor.
* Andrew is Julie's ancestor.
* Janice is Samantha's ancestor.
* Debra is Tyler's ancestor.
* Lawrence is Christine's descendant.
* Charlotte is Isabella's ancestor.
* Margaret is Diane's ancestor.
* George is Henry's ancestor.
* Tyler is Cheryl's ancestor.
Determine the lineage relationship between Andrea and Ronald.
Select the correct answer:
1. Andrea is Ronald's descendant.
2. Andrea and Ronald share a common descendant.
3. Andrea and Ronald share a common ancestor.
4. Andrea is Ronald's ancestor.
5. None of the above is correct.
Enclose the selected answer number in the <ANSWER> tag, for example: <ANSWER>1</ANSWER>.",xiaomi/mimo-v2-flash:free,Xiaomi,,,"The lineage relationships provided show a direct ancestral line from Andrea to Ronald. Andrea is Jeffrey's ancestor (statement 3), and through a series of relationships, this line connects to Ronald, who is Alice's descendant (statement 40). The chain of relationships, though long, establishes that Andrea is an ancestor of Ronald. Therefore, the correct relationship is that Andrea is Ronald's ancestor.

<ANSWER>4</ANSWER>"
64,DESCENDANT,4,"Given the following lineage relationships:
* Beverly is Deborah's ancestor.
* Joshua is Sandra's descendant.
* Jeremy is Julia's descendant.
* George is Diana's descendant.
* Amanda is Maria's ancestor.
* Maria is Janet's ancestor.
* Nicole is Eric's descendant.
* Deborah is Charlotte's ancestor.
* Kathleen is Paul's ancestor.
* Barbara is Sarah's ancestor.
* Gloria is Stephanie's descendant.
* Margaret is Pamela's ancestor.
* Judith is Joshua's descendant.
* Linda is Donald's ancestor.
* Carl is Noah's ancestor.
* Martha is Lisa's descendant.
* Andrew is Thomas's descendant.
* Martha is Frances's ancestor.
* Janice is Raymond's descendant.
* Madison is Matthew's descendant.
* Marilyn is Matthew's ancestor.
* Carl is Gloria's descendant.
* Frances is Timothy's ancestor.
* Sarah is Randy's ancestor.
* Elizabeth is Dennis's descendant.
* Anthony is Michelle's ancestor.
* Noah is Kathleen's ancestor.
* Michael is Marilyn's ancestor.
* Thomas is Alan's descendant.
* Alice is Charlotte's descendant.
* Pamela is Jean's ancestor.
* Sandra is Katherine's descendant.
* Cheryl is Jennifer's ancestor.
* Ronald is Donald's descendant.
* Jacqueline is Megan's descendant.
* Edward is Walter's descendant.
* Jean is Jerry's ancestor.
* Timothy is Dennis's ancestor.
* Margaret is Stephen's descendant.
* Linda is Albert's descendant.
* Jerry is Walter's ancestor.
* Paul is Alan's ancestor.
* Amber is Janet's descendant.
* George is Michael's ancestor.
* Eric is Amber's descendant.
* Nathan is Stephanie's ancestor.
* Megan is Ronald's descendant.
* Theresa is Donna's descendant.
* Janice is Stephen's ancestor.
* Edward is Albert's ancestor.
* Gregory is Diana's ancestor.
* Judith is Donna's ancestor.
* Theresa is Raymond's ancestor.
* Barbara is Michelle's descendant.
* Elizabeth is Julia's ancestor.
* Anthony is Jacqueline's descendant.
* Alice is Gregory's ancestor.
* Madison is Katherine's ancestor.
* Amanda is Jeremy's descendant.
* Beverly is Jennifer's descendant.
* Andrew is Peter's ancestor.
* Lisa is Randy's descendant.
* Nicole is Nathan's ancestor.
Determine the lineage relationship between Peter and Cheryl.
Select the correct answer:
1. Peter and Cheryl share a common descendant.
2. Peter is Cheryl's ancestor.
3. Peter and Cheryl share a common ancestor.
4. Peter is Cheryl's descendant.
5. None of the above is correct.
Enclose the selected answer number in the <ANSWER> tag, for example: <ANSWER>1</ANSWER>.",xiaomi/mimo-v2-flash:free,Xiaomi,,,"The lineage relationships provided show a continuous chain from Cheryl to Peter. Specifically:

- Cheryl is Jennifer's ancestor (given).
- Beverly is Jennifer's descendant (given).
- Beverly is Deborah's ancestor (given).
- Deborah is Charlotte's ancestor (given).
- Alice is Charlotte's descendant (given).
- Alice is Gregory's ancestor (given).
- Gregory is Diana's ancestor (given).
- George is Diana's descendant (given).
- George is Michael's ancestor (given).
- Michael is Marilyn's ancestor (given).
- Marilyn is Matthew's ancestor (given).
- Madison is Matthew's descendant (given).
- Madison is Katherine's ancestor (given).
- Sandra is Katherine's descendant (given).
- Joshua is Sandra's descendant (given).
- Judith is Joshua's descendant (given).
- Judith is Donna's ancestor (given).
- Theresa is Donna's descendant (given).
- Theresa is Raymond's ancestor (given).
- Janice is Raymond's descendant (given).
- Janice is Stephen's ancestor (given).
- Margaret is Stephen's descendant (given).
- Margaret is Pamela's ancestor (given).
- Pamela is Jean's ancestor (given).
- Jean is Jerry's ancestor (given).
- Jerry is Walter's ancestor (given).
- Edward is Walter's descendant (given).
- Edward is Albert's ancestor (given).
- Linda is Albert's descendant (given).
- Linda is Donald's ancestor (given).
- Ronald is Donald's descendant (given).
- Megan is Ronald's descendant (given).
- Jacqueline is Megan's descendant (given).
- Anthony is Jacqueline's descendant (given).
- Anthony is Michelle's ancestor (given).
- Barbara is Michelle's descendant (given).
- Barbara is Sarah's ancestor (given).
- Sarah is Randy's ancestor (given).
- Lisa is Randy's descendant (given).
- Martha is Lisa's descendant (given).
- Martha is Frances's ancestor (given).
- Frances is Timothy's ancestor (given).
- Timothy is Dennis's ancestor (given).
- Elizabeth is Dennis's descendant (given).
- Elizabeth is Julia's ancestor (given).
- Jeremy is Julia's descendant (given).
- Amanda is Jeremy's descendant (given).
- Amanda is Maria's ancestor (given).
- Maria is Janet's ancestor (given).
- Amber is Janet's descendant (given).
- Eric is Amber's descendant (given).
- Nicole is Eric's descendant (given).
- Nicole is Nathan's ancestor (given).
- Nathan is Stephanie's ancestor (given).
- Gloria is Stephanie's descendant (given).
- Carl is Gloria's descendant (given).
- Carl is Noah's ancestor (given).
- Noah is Kathleen's ancestor (given).
- Kathleen is Paul's ancestor (given).
- Paul is Alan's ancestor (given).
- Thomas is Alan's descendant (given).
- Andrew is Thomas's descendant (given).
- Andrew is Peter's ancestor (given).

This chain establishes that Cheryl is an ancestor of Peter, meaning Peter is a descendant of Cheryl. Therefore, the correct relationship is that Peter is Cheryl's descendant.

<ANSWER>4</ANSWER>"
64,COMMON_ANCESTOR,1,"Given the following lineage relationships:
* Natalie is Kelly's ancestor.
* Benjamin is Austin's ancestor.
* Austin is Walter's ancestor.
* Julie is Joan's descendant.
* Nancy is Alice's ancestor.
* Frances is Alice's descendant.
* Bruce is Julie's descendant.
* Noah is Brandon's ancestor.
* Elijah is Bruce's descendant.
* Debra is Elizabeth's descendant.
* Elizabeth is Kelly's descendant.
* Roger is Ryan's ancestor.
* Martha is Beverly's ancestor.
* Daniel is Keith's ancestor.
* Hannah is Andrew's ancestor.
* Jennifer is Alan's descendant.
* Beverly is Douglas's ancestor.
* Zachary is Carol's ancestor.
* Gloria is Walter's descendant.
* Doris is Richard's ancestor.
* Pamela is Cheryl's ancestor.
* Jerry is Martha's ancestor.
* Janice is Amy's descendant.
* Gloria is Charlotte's ancestor.
* Noah is Samuel's descendant.
* Peter is Douglas's descendant.
* Barbara is Richard's descendant.
* Randy is Debra's descendant.
* James is Carolyn's descendant.
* Jean is Benjamin's ancestor.
* Hannah is Janice's descendant.
* Carolyn is Daniel's descendant.
* Doris is Juan's descendant.
* Emily is Aaron's ancestor.
* Pamela is Megan's descendant.
* Joan is Ruth's descendant.
* Barbara is Frank's ancestor.
* Carl is Andrew's descendant.
* Jean is Edward's descendant.
* Wayne is Emily's ancestor.
* Terry is Frances's descendant.
* Bryan is Wayne's ancestor.
* Philip is Dennis's descendant.
* Roger is Marilyn's descendant.
* Jerry is Jennifer's descendant.
* Bradley is Edward's ancestor.
* Frank is Samuel's ancestor.
* James is Shirley's ancestor.
* Christopher is Bradley's ancestor.
* Amy is Cheryl's descendant.
* Carol is Christopher's ancestor.
* Philip is Ruth's ancestor.
* Brandon is Natalie's ancestor.
* Bryan is Peter's descendant.
* Zachary is Aaron's descendant.
* Juan is Charlotte's descendant.
* Megan is Joseph's descendant.
* Dennis is Keith's descendant.
* Terry is Catherine's ancestor.
* Catherine is Marilyn's ancestor.
* Joseph is Ryan's descendant.
* Alan is Carl's descendant.
* Elijah is Nancy's ancestor.
Determine the lineage relationship between Randy and Shirley.
Select the correct answer:
1. Randy and Shirley share a common ancestor.
2. Randy is Shirley's ancestor.
3. Randy is Shirley's descendant.
4. Randy and Shirley share a common descendant.
5. None of the above is correct.
Enclose the selected answer number in the <ANSWER> tag, for example: <ANSWER>1</ANSWER>.",xiaomi/mimo-v2-flash:free,Xiaomi,,,"The lineage relationships provided show that Randy is a descendant of Debra, and Debra is a descendant of Elizabeth, who is a descendant of Kelly, and so on, through a long chain of ancestors and descendants. This chain eventually connects to James, who is an ancestor of Shirley. Specifically, the chain from Randy to James is:

- Randy is a descendant of Debra.
- Debra is a descendant of Elizabeth.
- Elizabeth is a descendant of Kelly.
- Kelly is a descendant of Natalie.
- Natalie is a descendant of Brandon.
- Brandon is a descendant of Noah.
- Noah is a descendant of Samuel.
- Samuel is a descendant of Frank.
- Frank is a descendant of Barbara.
- Barbara is a descendant of Richard.
- Richard is a descendant of Doris.
- Doris is a descendant of Juan.
- Juan is a descendant of Charlotte.
- Charlotte is a descendant of Gloria.
- Gloria is a descendant of Walter.
- Walter is a descendant of Austin.
- Austin is a descendant of Benjamin.
- Benjamin is a descendant of Jean.
- Jean is a descendant of Edward.
- Edward is a descendant of Bradley.
- Bradley is a descendant of Christopher.
- Christopher is a descendant of Carol.
- Carol is a descendant of Zachary.
- Zachary is a descendant of Aaron.
- Aaron is a descendant of Emily.
- Emily is a descendant of Wayne.
- Wayne is a descendant of Bryan.
- Bryan is a descendant of Peter.
- Peter is a descendant of Douglas.
- Douglas is a descendant of Beverly.
- Beverly is a descendant of Martha.
- Martha is a descendant of Jerry.
- Jerry is a descendant of Jennifer.
- Jennifer is a descendant of Alan.
- Alan is a descendant of Carl.
- Carl is a descendant of Andrew.
- Andrew is a descendant of Hannah.
- Hannah is a descendant of Janice.
- Janice is a descendant of Amy.
- Amy is a descendant of Cheryl.
- Cheryl is a descendant of Pamela.
- Pamela is a descendant of Megan.
- Megan is a descendant of Joseph.
- Joseph is a descendant of Ryan.
- Ryan is a descendant of Roger.
- Roger is a descendant of Marilyn.
- Marilyn is a descendant of Catherine.
- Catherine is a descendant of Terry.
- Terry is a descendant of Frances.
- Frances is a descendant of Alice.
- Alice is a descendant of Nancy.
- Nancy is a descendant of Elijah.
- Elijah is a descendant of Bruce.
- Bruce is a descendant of Julie.
- Julie is a descendant of Joan.
- Joan is a descendant of Ruth.
- Ruth is a descendant of Philip.
- Philip is a descendant of Dennis.
- Dennis is a descendant of Keith.
- Keith is a descendant of Daniel.
- Daniel is a descendant of Carolyn.
- Carolyn is a descendant of James.

Thus, James is an ancestor of both Randy (through the chain above) and Shirley (given: ""James is Shirley's ancestor""). Therefore, Randy and Shirley share a common ancestor, James.

The correct answer is option 1.

<ANSWER>1</ANSWER>"
64,COMMON_DESCENDANT,3,"Given the following lineage relationships:
* Douglas is Andrew's descendant.
* Brandon is William's ancestor.
* Mary is Richard's ancestor.
* Mary is Olivia's descendant.
* Janice is Linda's descendant.
* Victoria is Zachary's ancestor.
* Gregory is Michelle's descendant.
* Jonathan is Donna's descendant.
* Roger is Bradley's descendant.
* Nancy is Alexis's ancestor.
* David is Nicole's descendant.
* Sara is Kevin's descendant.
* Hannah is Kevin's ancestor.
* Natalie is Pamela's descendant.
* Karen is Hannah's ancestor.
* Jessica is Eugene's descendant.
* Karen is Jonathan's descendant.
* Nicole is Anthony's descendant.
* Jordan is Randy's descendant.
* Doris is Christian's descendant.
* Wayne is Anthony's ancestor.
* Theresa is Eugene's ancestor.
* Richard is Anna's ancestor.
* Gregory is Linda's ancestor.
* Andrew is Charles's descendant.
* Kayla is Albert's descendant.
* Stephanie is Beverly's ancestor.
* Logan is Nathan's descendant.
* Aaron is William's descendant.
* Albert is Gloria's descendant.
* Aaron is Walter's ancestor.
* Carl is Ann's ancestor.
* Bradley is Logan's descendant.
* Kelly is Kimberly's ancestor.
* Joseph is Alexis's descendant.
* Jessica is Pamela's ancestor.
* Sean is Beverly's descendant.
* Christina is Anna's descendant.
* Nicholas is Christina's descendant.
* Charles is Julia's descendant.
* Wayne is Douglas's descendant.
* Theresa is Jordan's descendant.
* Raymond is Matthew's descendant.
* Marilyn is Natalie's descendant.
* Gloria is Janice's descendant.
* Carol is David's descendant.
* Julia is Walter's descendant.
* Ann is Judy's ancestor.
* Doris is Carl's ancestor.
* Carol is Kenneth's ancestor.
* Matthew is Roger's descendant.
* Zachary is Stephanie's ancestor.
* Nicholas is Michelle's ancestor.
* Kenneth is Christian's ancestor.
* Kayla is Joseph's ancestor.
* Kelly is Judy's descendant.
* Olivia is Rachel's descendant.
* Nancy is Sean's descendant.
* Raymond is Donna's ancestor.
* Marilyn is Samantha's ancestor.
* Nathan is Kimberly's descendant.
* Sara is Rachel's ancestor.
* Victoria is Samantha's descendant.
Determine the lineage relationship between Randy and Brandon.
Select the correct answer:
1. Randy and Brandon share a common ancestor.
2. Randy is Brandon's ancestor.
3. Randy and Brandon share a common descendant.
4. Randy is Brandon's descendant.
5. None of the above is correct.
Enclose the selected answer number in the <ANSWER> tag, for example: <ANSWER>1</ANSWER>.",xiaomi/mimo-v2-flash:free,Xiaomi,,,"Based on the given lineage relationships, Randy is an ancestor of William through a long chain of descendants: Randy → Jordan → Theresa → Eugene → Jessica → Pamela → Natalie → Marilyn → Samantha → Victoria → Zachary → Stephanie → Beverly → Sean → Nancy → Alexis → Joseph → Kayla → Albert → Gloria → Janice → Linda → Gregory → Michelle → Nicholas → Christina → Anna → Richard → Mary → Olivia → Rachel → Sara → Kevin → Hannah → Karen → Jonathan → Donna → Raymond → Matthew → Roger → Bradley → Logan → Nathan → Kimberly → Kelly → Judy → Ann → Carl → Doris → Christian → Kenneth → Carol → David → Nicole → Anthony → Wayne → Douglas → Andrew → Charles → Julia → Walter → Aaron → William.

Additionally, Brandon is William's ancestor directly from the relationship ""Brandon is William's ancestor.""

Thus, both Randy and Brandon are ancestors of William, meaning they share William as a common descendant.

Therefore, the correct answer is option 3: Randy and Brandon share a common descendant.

<ANSWER>3</ANSWER>"
64,ANCESTOR,2,"Given the following lineage relationships:
* Christian is Isabella's ancestor.
* Natalie is Scott's ancestor.
* Nathan is Adam's descendant.
* Jason is Dorothy's descendant.
* Kenneth is Terry's descendant.
* Jesse is Kevin's ancestor.
* Susan is Helen's descendant.
* Patrick is Ethan's descendant.
* Jacqueline is Rachel's ancestor.
* Janet is Michael's descendant.
* Christine is Anthony's descendant.
* Arthur is Christine's descendant.
* Katherine is Joshua's descendant.
* Brittany is Jack's descendant.
* Anna is Nicholas's ancestor.
* Brittany is Christian's ancestor.
* Carol is Harold's descendant.
* Donald is Carolyn's descendant.
* Alexis is Frances's descendant.
* Julie is Ruth's descendant.
* Steven is Ryan's descendant.
* Karen is Bryan's ancestor.
* Jacqueline is Scott's descendant.
* Sandra is Jordan's ancestor.
* Karen is Diane's descendant.
* Carolyn is Bryan's descendant.
* Joshua is Patrick's descendant.
* Isabella is Ryan's ancestor.
* Jack is Willie's descendant.
* Kenneth is Benjamin's ancestor.
* Jennifer is Steven's descendant.
* Dorothy is Andrea's descendant.
* Gerald is Daniel's ancestor.
* Jordan is Diane's ancestor.
* Walter is Kevin's descendant.
* Betty is Melissa's descendant.
* Andrea is Alexis's descendant.
* Ashley is Sandra's ancestor.
* Rachel is Jesse's ancestor.
* Frances is Arthur's descendant.
* Marilyn is Paul's ancestor.
* Michael is Jason's descendant.
* Douglas is Julie's descendant.
* Jacob is Walter's descendant.
* Susan is Ruth's ancestor.
* Carol is Melissa's ancestor.
* Ronald is Adam's ancestor.
* Douglas is Shirley's ancestor.
* Anthony is Daniel's descendant.
* Maria is Evelyn's ancestor.
* Ethan is Benjamin's descendant.
* Donald is Ronald's ancestor.
* Bradley is Ashley's ancestor.
* Nathan is Terry's ancestor.
* Harold is Janet's descendant.
* Nicholas is Gerald's ancestor.
* Betty is Willie's ancestor.
* Natalie is Evelyn's descendant.
* Helen is Jacob's descendant.
* Bradley is Shirley's descendant.
* Maria is Paul's descendant.
* Marilyn is Jennifer's descendant.
* Anna is Judy's descendant.
Determine the lineage relationship between Judy and Katherine.
Select the correct answer:
1. Judy and Katherine share a common ancestor.
2. Judy is Katherine's ancestor.
3. Judy and Katherine share a common descendant.
4. Judy is Katherine's descendant.
5. None of the above is correct.
Enclose the selected answer number in the <ANSWER> tag, for example: <ANSWER>1</ANSWER>.",xiaomi/mimo-v2-flash:free,Xiaomi,,,"After analyzing the given lineage relationships, we can establish a connection between Judy and Katherine through the following chain:

- Anna is Judy's descendant, so Judy is an ancestor of Anna.
- Anna is Nicholas's ancestor, so Anna is an ancestor of Nicholas, meaning Judy is also an ancestor of Nicholas.
- Nicholas is Gerald's ancestor, so Nicholas is an ancestor of Gerald.
- Gerald is Daniel's ancestor, so Gerald is an ancestor of Daniel.
- Anthony is Daniel's descendant, so Daniel is an ancestor of Anthony.
- Christine is Anthony's descendant, so Anthony is an ancestor of Christine.
- Arthur is Christine's descendant, so Christine is an ancestor of Arthur.
- Frances is Arthur's descendant, so Arthur is an ancestor of Frances.
- Alexis is Frances's descendant, so Frances is an ancestor of Alexis.
- Andrea is Alexis's descendant, so Alexis is an ancestor of Andrea.
- Dorothy is Andrea's descendant, so Andrea is an ancestor of Dorothy.
- Jason is Dorothy's descendant, so Dorothy is an ancestor of Jason.
- Michael is Jason's descendant, so Jason is an ancestor of Michael.
- Janet is Michael's descendant, so Michael is an ancestor of Janet.
- Harold is Janet's descendant, so Janet is an ancestor of Harold.
- Carol is Harold's descendant, so Harold is an ancestor of Carol.
- Carol is Melissa's ancestor, so Carol is an ancestor of Melissa.
- Betty is Melissa's descendant, so Melissa is an ancestor of Betty.
- Betty is Willie's ancestor, so Betty is an ancestor of Willie.
- Jack is Willie's descendant, so Willie is an ancestor of Jack.
- Brittany is Jack's descendant, so Jack is an ancestor of Brittany.
- Brittany is Christian's ancestor, so Brittany is an ancestor of Christian.
- Christian is Isabella's ancestor, so Christian is an ancestor of Isabella.
- Isabella is Ryan's ancestor, so Isabella is an ancestor of Ryan.
- Steven is Ryan's descendant, so Ryan is an ancestor of Steven.
- Jennifer is Steven's descendant, so Steven is an ancestor of Jennifer.
- Marilyn is Jennifer's descendant, so Jennifer is an ancestor of Marilyn.
- Marilyn is Paul's ancestor, so Marilyn is an ancestor of Paul.
- Maria is Paul's descendant, so Paul is an ancestor of Maria.
- Maria is Evelyn's ancestor, so Maria is an ancestor of Evelyn.
- Natalie is Evelyn's descendant, so Evelyn is an ancestor of Natalie.
- Natalie is Scott's ancestor, so Natalie is an ancestor of Scott.
- Jacqueline is Scott's descendant, so Scott is an ancestor of Jacqueline.
- Jacqueline is Rachel's ancestor, so Jacqueline is an ancestor of Rachel.
- Rachel is Jesse's ancestor, so Rachel is an ancestor of Jesse.
- Jesse is Kevin's ancestor, so Jesse is an ancestor of Kevin.
- Walter is Kevin's descendant, so Kevin is an ancestor of Walter.
- Jacob is Walter's descendant, so Walter is an ancestor of Jacob.
- Helen is Jacob's descendant, so Jacob is an ancestor of Helen.
- Susan is Helen's descendant, so Helen is an ancestor of Susan.
- Susan is Ruth's ancestor, so Susan is an ancestor of Ruth.
- Julie is Ruth's descendant, so Ruth is an ancestor of Julie.
- Douglas is Julie's descendant, so Julie is an ancestor of Douglas.
- Douglas is Shirley's ancestor, so Douglas is an ancestor of Shirley.
- Bradley is Shirley's descendant, so Shirley is an ancestor of Bradley.
- Bradley is Ashley's ancestor, so Bradley is an ancestor of Ashley.
- Ashley is Sandra's ancestor, so Ashley is an ancestor of Sandra.
- Sandra is Jordan's ancestor, so Sandra is an ancestor of Jordan.
- Jordan is Diane's ancestor, so Jordan is an ancestor of Diane.
- Karen is Diane's descendant, so Diane is an ancestor of Karen.
- Karen is Bryan's ancestor, so Karen is an ancestor of Bryan.
- Carolyn is Bryan's descendant, so Bryan is an ancestor of Carolyn.
- Donald is Carolyn's descendant, so Carolyn is an ancestor of Donald.
- Donald is Ronald's ancestor, so Donald is an ancestor of Ronald.
- Ronald is Adam's ancestor, so Ronald is an ancestor of Adam.
- Nathan is Adam's descendant, so Adam is an ancestor of Nathan.
- Nathan is Terry's ancestor, so Nathan is an ancestor of Terry.
- Kenneth is Terry's descendant, so Terry is an ancestor of Kenneth.
- Kenneth is Benjamin's ancestor, so Kenneth is an ancestor of Benjamin.
- Ethan is Benjamin's descendant, so Benjamin is an ancestor of Ethan.
- Patrick is Ethan's descendant, so Ethan is an ancestor of Patrick.
- Joshua is Patrick's descendant, so Patrick is an ancestor of Joshua.
- Katherine is Joshua's descendant, so Joshua is an ancestor of Katherine.

This chain shows that Judy is an ancestor of Anna, who is an ancestor of Nicholas, and through the extended lineage, eventually leads to Katherine. Therefore, Judy is Katherine's ancestor.

The correct answer is 2.

<ANSWER>2</ANSWER>"
64,DESCENDANT,3,"Given the following lineage relationships:
* Julia is Betty's ancestor.
* Gabriel is Amanda's descendant.
* Susan is Willie's descendant.
* Elizabeth is Brandon's descendant.
* Daniel is Gabriel's descendant.
* Philip is Dennis's descendant.
* Pamela is Deborah's descendant.
* Deborah is Elijah's descendant.
* Daniel is Barbara's ancestor.
* Christine is Samantha's descendant.
* Jean is Rebecca's descendant.
* Brenda is Julia's ancestor.
* Martha is Catherine's ancestor.
* Joe is Lori's descendant.
* Laura is Olivia's descendant.
* Juan is Christine's descendant.
* James is Harold's descendant.
* Marie is Janet's ancestor.
* Kyle is Barbara's descendant.
* Ethan is Janet's descendant.
* Jean is Megan's ancestor.
* Patricia is Albert's ancestor.
* Christopher is Nicholas's descendant.
* Teresa is Michael's descendant.
* Catherine is Diane's ancestor.
* Gerald is Susan's descendant.
* Alan is Olivia's ancestor.
* Amber is Harold's ancestor.
* Kimberly is Joe's descendant.
* James is Austin's ancestor.
* Cynthia is Willie's ancestor.
* Natalie is Amy's ancestor.
* Larry is Elizabeth's descendant.
* Ronald is Betty's descendant.
* Joyce is Dennis's ancestor.
* Dorothy is Scott's descendant.
* Austin is Cynthia's ancestor.
* Kimberly is Russell's ancestor.
* Brenda is Teresa's descendant.
* Andrew is Gerald's descendant.
* Samantha is Russell's descendant.
* Andrew is Jonathan's ancestor.
* Jordan is Amber's ancestor.
* Dorothy is Martha's ancestor.
* Carol is Terry's descendant.
* Joshua is Carol's descendant.
* Diane is Jordan's ancestor.
* Natalie is Jonathan's descendant.
* Amanda is Bradley's descendant.
* Joyce is Amy's descendant.
* Brandon is Joshua's descendant.
* Ethan is Lori's ancestor.
* Alan is Ronald's descendant.
* Laura is Nicholas's ancestor.
* Megan is Bradley's ancestor.
* Margaret is Scott's ancestor.
* Elijah is Juan's descendant.
* Marie is Kyle's descendant.
* Albert is Terry's ancestor.
* Rebecca is Christopher's descendant.
* Kenneth is Patricia's ancestor.
* Margaret is Pamela's descendant.
* Larry is Michael's ancestor.
Determine the lineage relationship between Philip and Kenneth.
Select the correct answer:
1. Philip is Kenneth's ancestor.
2. Philip and Kenneth share a common ancestor.
3. Philip is Kenneth's descendant.
4. Philip and Kenneth share a common descendant.
5. None of the above is correct.
Enclose the selected answer number in the <ANSWER> tag, for example: <ANSWER>1</ANSWER>.",xiaomi/mimo-v2-flash:free,Xiaomi,,,"Based on the given lineage relationships, a chain can be traced from Kenneth to Philip through multiple steps. Kenneth is Patricia's ancestor, Patricia is Albert's ancestor, Albert is Terry's ancestor, and so on, eventually leading to Natalie, who is Amy's ancestor. Amy is Joyce's ancestor, Joyce is Dennis's ancestor, and Dennis is Philip's ancestor. Therefore, Kenneth is an ancestor of Philip, meaning Philip is Kenneth's descendant.

The correct answer is option 3.

<ANSWER>3</ANSWER>"
64,COMMON_ANCESTOR,4,"Given the following lineage relationships:
* Pamela is Noah's ancestor.
* Jesse is Cheryl's descendant.
* Sophia is Timothy's descendant.
* Alice is Rebecca's descendant.
* Carol is Kyle's ancestor.
* Daniel is Christopher's descendant.
* Cheryl is Elizabeth's descendant.
* George is Nathan's ancestor.
* Thomas is Hannah's ancestor.
* Thomas is Carl's descendant.
* Susan is Brandon's ancestor.
* Stephen is Ryan's ancestor.
* Daniel is Stephen's ancestor.
* Virginia is Zachary's descendant.
* Rebecca is Sophia's descendant.
* Patricia is Donald's descendant.
* Andrea is Bobby's descendant.
* Gary is Dennis's descendant.
* Samantha is Joyce's descendant.
* Hannah is Henry's ancestor.
* Mason is Charlotte's ancestor.
* Kimberly is Eugene's ancestor.
* Jonathan is Eugene's descendant.
* Sara is Kyle's descendant.
* Jonathan is Pamela's ancestor.
* Debra is Logan's descendant.
* Jean is Jesse's descendant.
* Sandra is Henry's descendant.
* Timothy is Noah's descendant.
* Christopher is Alice's descendant.
* Olivia is Madison's ancestor.
* Ronald is Dorothy's descendant.
* Frances is Dorothy's descendant.
* Amber is Gary's descendant.
* Carol is Richard's descendant.
* Logan is Virginia's descendant.
* Donna is Judith's ancestor.
* Kimberly is Ralph's descendant.
* Vincent is Donald's ancestor.
* Frances is Carl's ancestor.
* Jean is Donna's ancestor.
* Bradley is Heather's ancestor.
* George is Amber's descendant.
* Debra is Kelly's ancestor.
* Gerald is Patricia's descendant.
* Steven is Megan's ancestor.
* Samantha is Vincent's ancestor.
* Jessica is Diane's descendant.
* Charlotte is Joyce's ancestor.
* Ralph is Nicole's descendant.
* Olivia is Sandra's descendant.
* Edward is Sara's descendant.
* Megan is Zachary's ancestor.
* Nicole is Jessica's descendant.
* Dennis is Gerald's descendant.
* Richard is Kelly's descendant.
* Judith is Steven's ancestor.
* Ryan is Elizabeth's ancestor.
* Madison is Mason's ancestor.
* Bobby is Edward's descendant.
* Andrea is Bradley's ancestor.
* Brandon is Diane's ancestor.
* Susan is Ronald's descendant.
Determine the lineage relationship between Heather and Nathan.
Select the correct answer:
1. Heather and Nathan share a common descendant.
2. Heather is Nathan's descendant.
3. Heather is Nathan's ancestor.
4. Heather and Nathan share a common ancestor.
5. None of the above is correct.
Enclose the selected answer number in the <ANSWER> tag, for example: <ANSWER>1</ANSWER>.",xiaomi/mimo-v2-flash:free,Xiaomi,,,"After analyzing the given lineage relationships, we can determine the connection between Heather and Nathan.

- From the relationships, we know that Bradley is Heather's ancestor (statement 42: ""Bradley is Heather's ancestor"").
- Andrea is Bradley's ancestor (statement 61: ""Andrea is Bradley's ancestor"").
- Andrea is a descendant of Bobby (statement 17: ""Andrea is Bobby's descendant"").
- Therefore, Bobby is an ancestor of Andrea, and thus an ancestor of Bradley and Heather. So Bobby is an ancestor of Heather.

- George is Nathan's ancestor (statement 8: ""George is Nathan's ancestor"").
- We can trace a lineage from Bobby to George:
  - Bobby is a descendant of Edward (statement 60: ""Bobby is Edward's descendant"").
  - Edward is a descendant of Sara (statement 52: ""Edward is Sara's descendant"").
  - Sara is a descendant of Kyle (statement 24: ""Sara is Kyle's descendant"").
  - Carol is Kyle's ancestor (statement 5: ""Carol is Kyle's ancestor"").
  - Carol is a descendant of Richard (statement 35: ""Carol is Richard's descendant"").
  - Richard is a descendant of Kelly (statement 56: ""Richard is Kelly's descendant"").
  - Debra is Kelly's ancestor (statement 44: ""Debra is Kelly's ancestor"").
  - Debra is a descendant of Logan (statement 26: ""Debra is Logan's descendant"").
  - Logan is a descendant of Virginia (statement 36: ""Logan is Virginia's descendant"").
  - Virginia is a descendant of Zachary (statement 14: ""Virginia is Zachary's descendant"").
  - Megan is Zachary's ancestor (statement 53: ""Megan is Zachary's ancestor"").
  - Steven is Megan's ancestor (statement 46: ""Steven is Megan's ancestor"").
  - Judith is Steven's ancestor (statement 57: ""Judith is Steven's ancestor"").
  - Donna is Judith's ancestor (statement 37: ""Donna is Judith's ancestor"").
  - Jean is Donna's ancestor (statement 41: ""Jean is Donna's ancestor"").
  - Jean is a descendant of Jesse (statement 27: ""Jean is Jesse's descendant"").
  - Jesse is a descendant of Cheryl (statement 2: ""Jesse is Cheryl's descendant"").
  - Cheryl is a descendant of Elizabeth (statement 7: ""Cheryl is Elizabeth's descendant"").
  - Ryan is Elizabeth's ancestor (statement 58: ""Ryan is Elizabeth's ancestor"").
  - Stephen is Ryan's ancestor (statement 12: ""Stephen is Ryan's ancestor"").
  - Daniel is Stephen's ancestor (statement 13: ""Daniel is Stephen's ancestor"").
  - Daniel is a descendant of Christopher (statement 6: ""Daniel is Christopher's descendant"").
  - Christopher is a descendant of Alice (statement 30: ""Christopher is Alice's descendant"").
  - Alice is a descendant of Rebecca (statement 4: ""Alice is Rebecca's descendant"").
  - Rebecca is a descendant of Sophia (statement 15: ""Rebecca is Sophia's descendant"").
  - Sophia is a descendant of Timothy (statement 3: ""Sophia is Timothy's descendant"").
  - Timothy is a descendant of Noah (statement 29: ""Timothy is Noah's descendant"").
  - Pamela is Noah's ancestor (statement 1: ""Pamela is Noah's ancestor"").
  - Jonathan is Pamela's ancestor (statement 25: ""Jonathan is Pamela's ancestor"").
  - Jonathan is a descendant of Eugene (statement 23: ""Jonathan is Eugene's descendant"").
  - Kimberly is Eugene's ancestor (statement 22: ""Kimberly is Eugene's ancestor"").
  - Kimberly is a descendant of Ralph (statement 38: ""Kimberly is Ralph's descendant"").
  - Ralph is a descendant of Nicole (statement 50: ""Ralph is Nicole's descendant"").
  - Nicole is a descendant of Jessica (statement 54: ""Nicole is Jessica's descendant"").
  - Jessica is a descendant of Diane (statement 48: ""Jessica is Diane's descendant"").
  - Brandon is Diane's ancestor (statement 62: ""Brandon is Diane's ancestor"").
  - Susan is Brandon's ancestor (statement 11: ""Susan is Brandon's ancestor"").
  - Susan is a descendant of Ronald (statement 63: ""Susan is Ronald's descendant"").
  - Ronald is a descendant of Dorothy (statement 32: ""Ronald is Dorothy's descendant"").
  - Frances is a descendant of Dorothy (statement 33: ""Frances is Dorothy's descendant"").
  - Frances is Carl's ancestor (statement 40: ""Frances is Carl's ancestor"").
  - Thomas is Carl's descendant (statement 10: ""Thomas is Carl's descendant"").
  - Thomas is Hannah's ancestor (statement 9: ""Thomas is Hannah's ancestor"").
  - Hannah is Henry's ancestor (statement 20: ""Hannah is Henry's ancestor"").
  - Sandra is Henry's descendant (statement 28: ""Sandra is Henry's descendant"").
  - Olivia is Sandra's descendant (statement 51: ""Olivia is Sandra's descendant"").
  - Olivia is Madison's ancestor (statement 31: ""Olivia is Madison's ancestor"").
  - Madison is Mason's ancestor (statement 59: ""Madison is Mason's ancestor"").
  - Mason is Charlotte's ancestor (statement 21: ""Mason is Charlotte's ancestor"").
  - Charlotte is Joyce's ancestor (statement 49: ""Charlotte is Joyce's ancestor"").
  - Samantha is Joyce's descendant (statement 19: ""Samantha is Joyce's descendant"").
  - Samantha is Vincent's ancestor (statement 47: ""Samantha is Vincent's ancestor"").
  - Vincent is Donald's ancestor (statement 39: ""Vincent is Donald's ancestor"").
  - Patricia is Donald's descendant (statement 16: ""Patricia is Donald's descendant"").
  - Gerald is Patricia's descendant (statement 45: ""Gerald is Patricia's descendant"").
  - Dennis is Gerald's descendant (statement 55: ""Dennis is Gerald's descendant"").
  - Gary is Dennis's descendant (statement 18: ""Gary is Dennis's descendant"").
  - Amber is Gary's descendant (statement 34: ""Amber is Gary's descendant"").
  - George is Amber's descendant (statement 43: ""George is Amber's descendant"").
- Therefore, Bobby is an ancestor of George, and since George is an ancestor of Nathan, Bobby is also an ancestor of Nathan.

Since Bobby is an ancestor of both Heather and Nathan, Heather and Nathan share a common ancestor (Bobby). There is no evidence that one is a direct ancestor or descendant of the other, nor that they share a common descendant.

Thus, the correct answer is option 4: ""Heather and Nathan share a common ancestor.""

<ANSWER>4</ANSWER>"
64,COMMON_DESCENDANT,4,"Given the following lineage relationships:
* Ralph is Judy's ancestor.
* Willie is Kimberly's descendant.
* Sean is Raymond's descendant.
* Brandon is Evelyn's descendant.
* Catherine is Stephanie's ancestor.
* Carolyn is Logan's descendant.
* Judith is Amber's ancestor.
* Sara is Hannah's ancestor.
* Abigail is Judith's ancestor.
* Anthony is Kevin's ancestor.
* Jeffrey is Harold's descendant.
* Billy is Jean's descendant.
* Jeffrey is Lisa's ancestor.
* Lauren is Sara's ancestor.
* Jennifer is Andrew's ancestor.
* Julia is Kenneth's ancestor.
* Sarah is Stephanie's descendant.
* Richard is Ruth's ancestor.
* Robert is Grace's ancestor.
* Sophia is Austin's ancestor.
* Elijah is Ryan's ancestor.
* Amber is George's ancestor.
* Anthony is Brandon's descendant.
* Martha is Ruth's descendant.
* Heather is Cheryl's descendant.
* Kimberly is Jessica's descendant.
* Kathleen is Ryan's descendant.
* Kenneth is Matthew's ancestor.
* Karen is Douglas's descendant.
* Larry is Rachel's ancestor.
* Logan is Judy's descendant.
* Catherine is Susan's descendant.
* Lauren is Christina's descendant.
* Larry is Grace's descendant.
* Emma is Henry's ancestor.
* Susan is Heather's descendant.
* Russell is Jessica's ancestor.
* Marilyn is Rachel's descendant.
* Evelyn is Matthew's descendant.
* Sophia is Martha's descendant.
* Andrew is Abigail's ancestor.
* Lisa is Elijah's ancestor.
* Sandra is Sarah's descendant.
* Helen is Hannah's descendant.
* Wayne is Robert's ancestor.
* Billy is Albert's ancestor.
* Jean is Sean's descendant.
* Richard is Helen's descendant.
* Sandra is Julia's ancestor.
* Cheryl is Kathleen's descendant.
* Austin is Joseph's ancestor.
* Douglas is Janet's descendant.
* Christina is Debra's descendant.
* Benjamin is Ralph's ancestor.
* Marilyn is Jennifer's ancestor.
* Raymond is Joseph's descendant.
* Karen is Debra's ancestor.
* Wayne is Albert's descendant.
* Carolyn is Julie's ancestor.
* Henry is Russell's ancestor.
* George is Emma's ancestor.
* Willie is Benjamin's ancestor.
* Kevin is Julie's descendant.
Determine the lineage relationship between Janet and Harold.
Select the correct answer:
1. Janet is Harold's descendant.
2. Janet is Harold's ancestor.
3. Janet and Harold share a common ancestor.
4. Janet and Harold share a common descendant.
5. None of the above is correct.
Enclose the selected answer number in the <ANSWER> tag, for example: <ANSWER>1</ANSWER>.",xiaomi/mimo-v2-flash:free,Xiaomi,,,"Based on the given lineage relationships, we can trace a path from Harold to Janet:

- Harold is an ancestor of Jeffrey (since Jeffrey is Harold's descendant).
- Jeffrey is an ancestor of Lisa (since Jeffrey is Lisa's ancestor).
- Lisa is an ancestor of Elijah (since Lisa is Elijah's ancestor).
- Elijah is an ancestor of Ryan (since Elijah is Ryan's ancestor).
- Ryan is an ancestor of Kathleen (since Kathleen is Ryan's descendant).
- Kathleen is an ancestor of Cheryl (since Cheryl is Kathleen's descendant).
- Cheryl is an ancestor of Heather (since Heather is Cheryl's descendant).
- Heather is an ancestor of Susan (since Susan is Heather's descendant).
- Susan is an ancestor of Catherine (since Catherine is Susan's descendant).
- Catherine is an ancestor of Stephanie (since Catherine is Stephanie's ancestor).
- Stephanie is an ancestor of Sarah (since Sarah is Stephanie's descendant).
- Sarah is an ancestor of Sandra (since Sandra is Sarah's descendant).
- Sandra is an ancestor of Julia (since Sandra is Julia's ancestor).
- Julia is an ancestor of Kenneth (since Julia is Kenneth's ancestor).
- Kenneth is an ancestor of Matthew (since Kenneth is Matthew's ancestor).
- Matthew is an ancestor of Evelyn (since Evelyn is Matthew's descendant).
- Evelyn is an ancestor of Brandon (since Brandon is Evelyn's descendant).
- Brandon is an ancestor of Anthony (since Anthony is Brandon's descendant).
- Anthony is an ancestor of Kevin (since Anthony is Kevin's ancestor).
- Kevin is an ancestor of Julie (since Kevin is Julie's descendant).
- Julie is an ancestor of Carolyn (since Carolyn is Julie's ancestor).
- Carolyn is an ancestor of Logan (since Carolyn is Logan's descendant).
- Logan is an ancestor of Judy (since Logan is Judy's descendant).
- Judy is an ancestor of Ralph (since Ralph is Judy's ancestor).
- Ralph is an ancestor of Benjamin (since Benjamin is Ralph's ancestor).
- Benjamin is an ancestor of Willie (since Willie is Benjamin's ancestor).
- Willie is an ancestor of Kimberly (since Willie is Kimberly's descendant).
- Kimberly is an ancestor of Jessica (since Kimberly is Jessica's descendant).
- Jessica is an ancestor of Russell (since Russell is Jessica's ancestor).
- Russell is an ancestor of Henry (since Henry is Russell's ancestor).
- Henry is an ancestor of Emma (since Emma is Henry's ancestor).
- Emma is an ancestor of George (since George is Emma's ancestor).
- George is an ancestor of Amber (since Amber is George's ancestor).
- Amber is an ancestor of Judith (since Judith is Amber's ancestor).
- Judith is an ancestor of Abigail (since Abigail is Judith's ancestor).
- Abigail is an ancestor of Andrew (since Andrew is Abigail's ancestor).
- Andrew is an ancestor of Jennifer (since Jennifer is Andrew's ancestor).
- Jennifer is an ancestor of Marilyn (since Marilyn is Jennifer's ancestor).
- Marilyn is an ancestor of Rachel (since Marilyn is Rachel's descendant).
- Rachel is an ancestor of Larry (since Larry is Rachel's ancestor).
- Larry is an ancestor of Grace (since Larry is Grace's descendant).
- Grace is an ancestor of Robert (since Robert is Grace's ancestor).
- Robert is an ancestor of Wayne (since Wayne is Robert's ancestor).
- Wayne is an ancestor of Albert (since Wayne is Albert's descendant).
- Albert is an ancestor of Billy (since Billy is Albert's ancestor).
- Billy is an ancestor of Jean (since Billy is Jean's descendant).
- Jean is an ancestor of Sean (since Jean is Sean's descendant).
- Sean is an ancestor of Raymond (since Sean is Raymond's descendant).
- Raymond is an ancestor of Joseph (since Raymond is Joseph's descendant).
- Joseph is an ancestor of Austin (since Austin is Joseph's ancestor).
- Austin is an ancestor of Sophia (since Sophia is Austin's ancestor).
- Sophia is an ancestor of Martha (since Sophia is Martha's descendant).
- Martha is an ancestor of Ruth (since Martha is Ruth's descendant).
- Ruth is an ancestor of Richard (since Richard is Ruth's ancestor).
- Richard is an ancestor of Helen (since Richard is Helen's descendant).
- Helen is an ancestor of Hannah (since Helen is Hannah's descendant).
- Hannah is an ancestor of Sara (since Sara is Hannah's ancestor).
- Sara is an ancestor of Lauren (since Lauren is Sara's ancestor).
- Lauren is an ancestor of Christina (since Lauren is Christina's descendant).
- Christina is an ancestor of Debra (since Christina is Debra's descendant).
- Debra is an ancestor of Karen (since Karen is Debra's ancestor).
- Karen is an ancestor of Douglas (since Karen is Douglas's descendant).
- Douglas is an ancestor of Janet (since Douglas is Janet's descendant).

This chain shows that Harold is an ancestor of Janet, meaning Janet is a descendant of Harold.

Therefore, the correct answer is option 1.

<ANSWER>1</ANSWER>"
64,ANCESTOR,1,"Given the following lineage relationships:
* Eric is Mary's descendant.
* Billy is Jacqueline's ancestor.
* Martha is Victoria's ancestor.
* Elizabeth is Eugene's descendant.
* Nathan is Raymond's descendant.
* Heather is Madison's ancestor.
* Bobby is Roy's descendant.
* Philip is Alexis's ancestor.
* Wayne is Larry's descendant.
* Brandon is Stephen's descendant.
* Teresa is Debra's ancestor.
* Kevin is Julie's descendant.
* Debra is Russell's ancestor.
* Anthony is Joyce's descendant.
* Stephanie is Jerry's ancestor.
* Bobby is Harold's ancestor.
* Nicole is Cynthia's descendant.
* Elizabeth is Albert's ancestor.
* Joyce is Janice's descendant.
* Albert is Janice's ancestor.
* Alan is Timothy's ancestor.
* Scott is Marilyn's ancestor.
* Philip is Diana's descendant.
* Julie is Eric's descendant.
* David is Ruth's ancestor.
* Brittany is Christopher's descendant.
* Ronald is Lawrence's descendant.
* Ronald is Cynthia's ancestor.
* Russell is Denise's ancestor.
* Brenda is George's ancestor.
* Scott is Victoria's descendant.
* Jerry is Douglas's ancestor.
* Steven is Alan's ancestor.
* Mary is Jacqueline's descendant.
* Christian is Martha's ancestor.
* Amy is Sarah's descendant.
* Kevin is Teresa's ancestor.
* Helen is Timothy's descendant.
* George is Sarah's ancestor.
* Alexis is Christian's ancestor.
* Willie is Stephanie's ancestor.
* Raymond is Hannah's descendant.
* Diana is Helen's descendant.
* Amy is Mason's ancestor.
* Marilyn is Kenneth's ancestor.
* Larry is Madison's descendant.
* Harold is Eugene's ancestor.
* Wayne is Billy's ancestor.
* Ruth is Hannah's ancestor.
* Joshua is Brandon's descendant.
* Christina is Nicole's descendant.
* Christina is Christopher's ancestor.
* David is Mason's descendant.
* Douglas is Stephen's ancestor.
* Steven is Juan's descendant.
* Megan is Juan's ancestor.
* Evelyn is Megan's ancestor.
* Heather is Kenneth's descendant.
* Denise is Nicholas's ancestor.
* Anthony is Evelyn's ancestor.
* Brenda is Nicholas's descendant.
* Willie is Nathan's descendant.
* Joshua is Lawrence's ancestor.
Determine the lineage relationship between Roy and Brittany.
Select the correct answer:
1. Roy is Brittany's ancestor.
2. Roy and Brittany share a common ancestor.
3. Roy is Brittany's descendant.
4. Roy and Brittany share a common descendant.
5. None of the above is correct.
Enclose the selected answer number in the <ANSWER> tag, for example: <ANSWER>1</ANSWER>.",xiaomi/mimo-v2-flash:free,Xiaomi,,,"The lineage relationships provided show a clear chain of descent from Roy to Brittany. Starting from Roy:

- Bobby is Roy's descendant (given).
- Bobby is Harold's ancestor (given), so Harold is a descendant of Roy.
- Harold is Eugene's ancestor (given), so Eugene is a descendant of Roy.
- Elizabeth is Eugene's descendant (given), so Elizabeth is a descendant of Roy.
- Elizabeth is Albert's ancestor (given), so Albert is a descendant of Roy.
- Albert is Janice's ancestor (given), so Janice is a descendant of Roy.
- Joyce is Janice's descendant (given), so Joyce is a descendant of Roy.
- Anthony is Joyce's descendant (given), so Anthony is a descendant of Roy.
- Anthony is Evelyn's ancestor (given), so Evelyn is a descendant of Roy.
- Evelyn is Megan's ancestor (given), so Megan is a descendant of Roy.
- Megan is Juan's ancestor (given), so Juan is a descendant of Roy.
- Steven is Juan's descendant (given), so Steven is a descendant of Roy.
- Steven is Alan's ancestor (given), so Alan is a descendant of Roy.
- Alan is Timothy's ancestor (given), so Timothy is a descendant of Roy.
- Helen is Timothy's descendant (given), so Helen is a descendant of Roy.
- Diana is Helen's descendant (given), so Diana is a descendant of Roy.
- Philip is Diana's descendant (given), so Philip is a descendant of Roy.
- Philip is Alexis's ancestor (given), so Alexis is a descendant of Roy.
- Alexis is Christian's ancestor (given), so Christian is a descendant of Roy.
- Christian is Martha's ancestor (given), so Martha is a descendant of Roy.
- Martha is Victoria's ancestor (given), so Victoria is a descendant of Roy.
- Scott is Victoria's descendant (given), so Scott is a descendant of Roy.
- Scott is Marilyn's ancestor (given), so Marilyn is a descendant of Roy.
- Marilyn is Kenneth's ancestor (given), so Kenneth is a descendant of Roy.
- Heather is Kenneth's descendant (given), so Heather is a descendant of Roy.
- Heather is Madison's ancestor (given), so Madison is a descendant of Roy.
- Larry is Madison's descendant (given), so Larry is a descendant of Roy.
- Wayne is Larry's descendant (given), so Wayne is a descendant of Roy.
- Wayne is Billy's ancestor (given), so Billy is a descendant of Roy.
- Billy is Jacqueline's ancestor (given), so Jacqueline is a descendant of Roy.
- Mary is Jacqueline's descendant (given), so Mary is a descendant of Roy.
- Eric is Mary's descendant (given), so Eric is a descendant of Roy.
- Julie is Eric's descendant (given), so Julie is a descendant of Roy.
- Kevin is Julie's descendant (given), so Kevin is a descendant of Roy.
- Kevin is Teresa's ancestor (given), so Teresa is a descendant of Roy.
- Teresa is Debra's ancestor (given), so Debra is a descendant of Roy.
- Debra is Russell's ancestor (given), so Russell is a descendant of Roy.
- Russell is Denise's ancestor (given), so Denise is a descendant of Roy.
- Denise is Nicholas's ancestor (given), so Nicholas is a descendant of Roy.
- Brenda is Nicholas's descendant (given), so Brenda is a descendant of Roy.
- Brenda is George's ancestor (given), so George is a descendant of Roy.
- George is Sarah's ancestor (given), so Sarah is a descendant of Roy.
- Amy is Sarah's descendant (given), so Amy is a descendant of Roy.
- Amy is Mason's ancestor (given), so Mason is a descendant of Roy.
- David is Mason's descendant (given), so David is a descendant of Roy.
- David is Ruth's ancestor (given), so Ruth is a descendant of Roy.
- Ruth is Hannah's ancestor (given), so Hannah is a descendant of Roy.
- Raymond is Hannah's descendant (given), so Raymond is a descendant of Roy.
- Nathan is Raymond's descendant (given), so Nathan is a descendant of Roy.
- Willie is Nathan's descendant (given), so Willie is a descendant of Roy.
- Willie is Stephanie's ancestor (given), so Stephanie is a descendant of Roy.
- Stephanie is Jerry's ancestor (given), so Jerry is a descendant of Roy.
- Jerry is Douglas's ancestor (given), so Douglas is a descendant of Roy.
- Douglas is Stephen's ancestor (given), so Stephen is a descendant of Roy.
- Brandon is Stephen's descendant (given), so Brandon is a descendant of Roy.
- Joshua is Brandon's descendant (given), so Joshua is a descendant of Roy.
- Joshua is Lawrence's ancestor (given), so Lawrence is a descendant of Roy.
- Ronald is Lawrence's descendant (given), so Ronald is a descendant of Roy.
- Ronald is Cynthia's ancestor (given), so Cynthia is a descendant of Roy.
- Nicole is Cynthia's descendant (given), so Nicole is a descendant of Roy.
- Christina is Nicole's descendant (given), so Christina is a descendant of Roy.
- Christina is Christopher's ancestor (given), so Christopher is a descendant of Roy.
- Brittany is Christopher's descendant (given), so Brittany is a descendant of Roy.

Thus, Roy is an ancestor of Brittany. The correct answer is option 1.

<ANSWER>1</ANSWER>"
64,DESCENDANT,2,"Given the following lineage relationships:
* Sharon is Jack's ancestor.
* Randy is Samantha's descendant.
* Lawrence is Aaron's descendant.
* Catherine is Jason's ancestor.
* Raymond is Denise's descendant.
* Joan is Jason's descendant.
* Kathleen is Patricia's descendant.
* Betty is Jennifer's ancestor.
* Diane is Angela's descendant.
* Samantha is Albert's descendant.
* Daniel is Jonathan's ancestor.
* Julia is Patricia's ancestor.
* Jack is Isabella's ancestor.
* Isabella is Philip's ancestor.
* Amber is Madison's descendant.
* Christian is Amanda's ancestor.
* Charles is Bruce's descendant.
* Jonathan is Juan's ancestor.
* Steven is Emily's descendant.
* Angela is Austin's descendant.
* Joan is Martha's ancestor.
* Christian is Gloria's descendant.
* Gloria is Dennis's descendant.
* Vincent is David's ancestor.
* Randy is Daniel's ancestor.
* Donna is Melissa's descendant.
* Jennifer is Nancy's ancestor.
* Ralph is Gary's ancestor.
* Kathleen is Billy's ancestor.
* David is Natalie's ancestor.
* Amber is Aaron's ancestor.
* Sean is Gary's descendant.
* Charles is Madison's ancestor.
* Evelyn is Raymond's descendant.
* Denise is Steven's descendant.
* Elijah is Ethan's descendant.
* Elijah is Andrew's ancestor.
* Hannah is Albert's ancestor.
* Sean is Alan's ancestor.
* Austin is Kevin's descendant.
* Vincent is Andrew's descendant.
* Dylan is Alexis's descendant.
* Melissa is Evelyn's descendant.
* Ralph is Nancy's descendant.
* Matthew is Alexis's ancestor.
* Marilyn is Catherine's ancestor.
* Sarah is Kenneth's descendant.
* Alan is Matthew's ancestor.
* Kevin is Sarah's descendant.
* Christopher is Lawrence's descendant.
* Patrick is Kathryn's descendant.
* Diane is Debra's ancestor.
* Dylan is Dennis's ancestor.
* Debra is Sharon's ancestor.
* Ethan is Danielle's descendant.
* Martha is Danielle's ancestor.
* Donna is Kathryn's ancestor.
* Patrick is Hannah's ancestor.
* Bruce is Billy's descendant.
* Juan is Marilyn's ancestor.
* Philip is Betty's ancestor.
* Julia is Amanda's descendant.
* Christopher is Emily's ancestor.
Determine the lineage relationship between Natalie and Kenneth.
Select the correct answer:
1. Natalie is Kenneth's ancestor.
2. Natalie is Kenneth's descendant.
3. Natalie and Kenneth share a common descendant.
4. Natalie and Kenneth share a common ancestor.
5. None of the above is correct.
Enclose the selected answer number in the <ANSWER> tag, for example: <ANSWER>1</ANSWER>.",xiaomi/mimo-v2-flash:free,Xiaomi,,,<ANSWER>2</ANSWER>
64,COMMON_ANCESTOR,4,"Given the following lineage relationships:
* Lauren is Jesse's ancestor.
* Hannah is Alexander's descendant.
* Paul is Kimberly's descendant.
* Rachel is Charles's descendant.
* Arthur is Natalie's ancestor.
* Jose is Willie's ancestor.
* Natalie is Deborah's ancestor.
* Terry is Cheryl's descendant.
* Arthur is Samantha's descendant.
* Sharon is Ann's descendant.
* Theresa is Sharon's descendant.
* Susan is Kelly's ancestor.
* Gerald is Christine's ancestor.
* Tyler is Judith's descendant.
* Denise is Daniel's ancestor.
* Betty is Megan's ancestor.
* Christian is Kenneth's ancestor.
* Willie is Larry's ancestor.
* Albert is Rachel's descendant.
* Victoria is Albert's descendant.
* Ralph is Eric's descendant.
* Jordan is Kimberly's ancestor.
* Virginia is Donna's ancestor.
* Benjamin is Donald's descendant.
* Susan is Janet's descendant.
* Laura is George's ancestor.
* Betty is Benjamin's descendant.
* Virginia is Megan's descendant.
* Bruce is Larry's descendant.
* Alexander is Olivia's descendant.
* Catherine is Brandon's descendant.
* Joseph is Marie's descendant.
* Nicholas is Gerald's ancestor.
* Christian is Tyler's descendant.
* Jeremy is Deborah's descendant.
* Christina is Martha's ancestor.
* Donald is Paul's descendant.
* Gabriel is Bruce's descendant.
* Janet is Adam's ancestor.
* Cheryl is Adam's descendant.
* Jordan is Linda's descendant.
* Hannah is Laura's ancestor.
* Jeremy is Linda's ancestor.
* Ann is Andrea's descendant.
* Elijah is Jennifer's ancestor.
* Anna is George's descendant.
* Donna is Jose's ancestor.
* Daniel is Marie's ancestor.
* Theresa is Samantha's ancestor.
* Joseph is Charles's ancestor.
* Martha is Amber's ancestor.
* Christine is Judith's ancestor.
* Eric is Jennifer's descendant.
* Lauren is Anna's descendant.
* Elijah is Gabriel's descendant.
* Maria is Denise's ancestor.
* Brandon is Amber's descendant.
* Jesse is Joan's ancestor.
* Maria is Terry's descendant.
* Olivia is Catherine's descendant.
* Victoria is Christina's ancestor.
* Joan is Nicholas's ancestor.
* Kelly is Andrea's ancestor.
Determine the lineage relationship between Kenneth and Ralph.
Select the correct answer:
1. Kenneth is Ralph's ancestor.
2. Kenneth is Ralph's descendant.
3. Kenneth and Ralph share a common descendant.
4. Kenneth and Ralph share a common ancestor.
5. None of the above is correct.
Enclose the selected answer number in the <ANSWER> tag, for example: <ANSWER>1</ANSWER>.",xiaomi/mimo-v2-flash:free,Xiaomi,,,"Based on the given lineage relationships, Kenneth and Ralph share a common ancestor. Specifically, Tyler is an ancestor of both Kenneth and Ralph. From the relationships, Christian is Kenneth's ancestor (point 17), and Christian is Tyler's descendant (point 34), so Tyler is an ancestor of Kenneth. Similarly, Ralph is Eric's descendant (point 21), and through a long chain of relationships, Eric is Tyler's descendant, so Tyler is also an ancestor of Ralph. Therefore, Kenneth and Ralph share Tyler as a common ancestor.

The other options are incorrect:
- Kenneth is not Ralph's ancestor, as Kenneth is a descendant of Christian and Tyler, while Ralph is a descendant of Eric and Tyler, but they are from different branches.
- Kenneth is not Ralph's descendant, for similar reasons.
- They do not share a common descendant, as there is no information suggesting that both have a common descendant.

Thus, the correct answer is option 4.

<ANSWER>4</ANSWER>"
64,COMMON_DESCENDANT,1,"Given the following lineage relationships:
* Denise is Emma's ancestor.
* Adam is Dylan's descendant.
* Anthony is Ronald's descendant.
* Sophia is Terry's ancestor.
* Douglas is Frances's ancestor.
* Elijah is Justin's descendant.
* Gloria is Nathan's descendant.
* Jeremy is Matthew's descendant.
* Gary is Kathryn's ancestor.
* Kyle is Anthony's descendant.
* Emily is Anna's ancestor.
* Samantha is Randy's ancestor.
* Jeremy is Ethan's ancestor.
* Gary is Janet's descendant.
* Walter is Jerry's descendant.
* Virginia is Deborah's ancestor.
* Deborah is Jerry's ancestor.
* Justin is Arthur's descendant.
* Melissa is Wayne's descendant.
* Stephen is Catherine's ancestor.
* Jacqueline is Kenneth's descendant.
* Helen is Carl's descendant.
* Evelyn is Sandra's descendant.
* Stephen is Edward's descendant.
* Ethan is Edward's ancestor.
* Bruce is Russell's descendant.
* Grace is Janice's descendant.
* Melissa is Gabriel's ancestor.
* Frances is Dylan's ancestor.
* Debra is Wayne's ancestor.
* Matthew is Emma's descendant.
* Gerald is Kathryn's descendant.
* Adam is Dorothy's ancestor.
* Patricia is Elijah's descendant.
* Arthur is Charles's descendant.
* Catherine is Madison's ancestor.
* Hannah is Ann's descendant.
* Patrick is Bruce's descendant.
* Theresa is Janet's ancestor.
* Terry is Virginia's ancestor.
* Patricia is Bradley's ancestor.
* Willie is Anna's descendant.
* Patrick is Emily's ancestor.
* Nathan is Aaron's descendant.
* Keith is Gloria's descendant.
* Jordan is Helen's descendant.
* Carl is Walter's descendant.
* Hannah is Sophia's ancestor.
* Madison is Sean's ancestor.
* Sean is Pamela's ancestor.
* Denise is Kyle's descendant.
* Charles is Jacqueline's descendant.
* Dorothy is Gabriel's ancestor.
* Grace is Ann's ancestor.
* Bradley is Theresa's ancestor.
* Brenda is Russell's ancestor.
* Randy is Janice's ancestor.
* Pamela is Aaron's ancestor.
* Kenneth is Evelyn's descendant.
* Samantha is Willie's descendant.
* Gerald is Debra's ancestor.
* Keith is Sandra's ancestor.
* Douglas is Jordan's descendant.
Determine the lineage relationship between Brenda and Ronald.
Select the correct answer:
1. Brenda and Ronald share a common descendant.
2. Brenda is Ronald's descendant.
3. Brenda and Ronald share a common ancestor.
4. Brenda is Ronald's ancestor.
5. None of the above is correct.
Enclose the selected answer number in the <ANSWER> tag, for example: <ANSWER>1</ANSWER>.",xiaomi/mimo-v2-flash:free,Xiaomi,,,"Based on the given lineage relationships, there is a chain of descendants from Brenda to Ronald. Brenda is Russell's ancestor, and through a series of relationships, Russell is connected to Anthony, who is Ronald's descendant. The complete chain is: Brenda → Russell → Bruce → Patrick → Emily → Anna → Willie → Samantha → Randy → Janice → Grace → Ann → Hannah → Sophia → Terry → Virginia → Deborah → Jerry → Walter → Carl → Helen → Jordan → Douglas → Frances → Dylan → Adam → Dorothy → Gabriel → Melissa → Wayne → Debra → Gerald → Kathryn → Gary → Janet → Theresa → Bradley → Patricia → Elijah → Justin → Arthur → Charles → Jacqueline → Kenneth → Evelyn → Sandra → Keith → Gloria → Nathan → Aaron → Pamela → Sean → Madison → Catherine → Stephen → Edward → Ethan → Jeremy → Matthew → Emma → Denise → Kyle → Anthony → Ronald. This chain shows that Brenda is an ancestor of Ronald.

<ANSWER>4</ANSWER>"
64,ANCESTOR,3,"Given the following lineage relationships:
* Kenneth is Joan's descendant.
* Judith is Anna's descendant.
* Rachel is Lori's descendant.
* Daniel is Sarah's ancestor.
* Amber is Bryan's descendant.
* Hannah is Jonathan's descendant.
* Peter is Walter's ancestor.
* Jessica is Megan's descendant.
* Bradley is Margaret's ancestor.
* Carol is Thomas's ancestor.
* Jonathan is Raymond's descendant.
* Mark is Kimberly's ancestor.
* Megan is Hannah's descendant.
* Walter is Emily's ancestor.
* Jacob is Wayne's descendant.
* Steven is Elijah's descendant.
* Elizabeth is Raymond's ancestor.
* Frank is Jacob's descendant.
* Dylan is Elizabeth's ancestor.
* Bobby is Jessica's descendant.
* Nicole is Donald's ancestor.
* Elijah is Sarah's descendant.
* Paul is Daniel's ancestor.
* Bradley is Bobby's descendant.
* Bryan is Sara's descendant.
* Catherine is Paul's ancestor.
* Steven is Nicole's ancestor.
* Denise is Jordan's ancestor.
* Samantha is Charlotte's descendant.
* Sophia is Emily's descendant.
* James is Henry's ancestor.
* Debra is Donna's ancestor.
* Nicholas is Douglas's ancestor.
* Frances is Anna's ancestor.
* Keith is Patricia's descendant.
* Kenneth is Kathryn's ancestor.
* Andrew is Donald's descendant.
* Denise is Julia's descendant.
* Pamela is Mary's ancestor.
* Kathleen is Susan's ancestor.
* Jacqueline is Wayne's ancestor.
* Thomas is Dylan's ancestor.
* Charlotte is Jordan's descendant.
* Margaret is Russell's ancestor.
* Rachel is Marie's ancestor.
* Lori is Susan's descendant.
* William is Patricia's ancestor.
* James is Keith's descendant.
* Eric is Kimberly's descendant.
* Nicholas is Emma's descendant.
* Joan is Russell's descendant.
* Carol is Andrew's descendant.
* Jacqueline is Kathryn's descendant.
* Julia is Douglas's descendant.
* Kathleen is Eric's descendant.
* Debra is Marie's descendant.
* Emma is Mary's descendant.
* Frank is Pamela's ancestor.
* Frances is Samantha's descendant.
* Peter is Judith's descendant.
* Amber is William's ancestor.
* Catherine is Henry's descendant.
* Sara is Donna's descendant.
Determine the lineage relationship between Mark and Sophia.
Select the correct answer:
1. Mark is Sophia's descendant.
2. Mark and Sophia share a common ancestor.
3. Mark is Sophia's ancestor.
4. Mark and Sophia share a common descendant.
5. None of the above is correct.
Enclose the selected answer number in the <ANSWER> tag, for example: <ANSWER>1</ANSWER>.",xiaomi/mimo-v2-flash:free,Xiaomi,,,"Based on the given lineage relationships, there is a chain of descendants that connects Kimberly to Sophia. Specifically, Kimberly is an ancestor of Sophia through a series of relationships: Kimberly → Eric → Kathleen → Susan → Lori → Rachel → Marie → Debra → Donna → Sara → Bryan → Amber → William → Patricia → Keith → James → Henry → Catherine → Paul → Daniel → Sarah → Elijah → Steven → Nicole → Donald → Andrew → Carol → Thomas → Dylan → Elizabeth → Raymond → Jonathan → Hannah → Megan → Jessica → Bobby → Bradley → Margaret → Russell → Joan → Kenneth → Kathryn → Jacqueline → Wayne → Jacob → Frank → Pamela → Mary → Emma → Nicholas → Douglas → Julia → Denise → Jordan → Charlotte → Samantha → Frances → Anna → Judith → Peter → Walter → Emily → Sophia.

Since Mark is Kimberly's ancestor, and Kimberly is an ancestor of Sophia, Mark is also an ancestor of Sophia. Therefore, Mark is Sophia's ancestor.

<ANSWER>3</ANSWER>"
64,DESCENDANT,3,"Given the following lineage relationships:
* Alexis is Stephanie's ancestor.
* Alexander is Emily's ancestor.
* Emma is Rachel's ancestor.
* Susan is Lawrence's descendant.
* Kelly is Alexis's ancestor.
* Scott is John's descendant.
* Keith is Albert's ancestor.
* Scott is Andrew's ancestor.
* Kelly is Anna's descendant.
* Christine is Heather's descendant.
* Grace is Susan's descendant.
* Kimberly is Cynthia's ancestor.
* Stephanie is Deborah's ancestor.
* Emma is Gerald's descendant.
* Doris is Anna's ancestor.
* Abigail is Hannah's ancestor.
* Roger is Christine's descendant.
* Tyler is Brandon's ancestor.
* Bradley is Peter's ancestor.
* Thomas is Joshua's descendant.
* Stephen is Samantha's descendant.
* Lauren is Michael's descendant.
* Justin is Beverly's ancestor.
* Kathryn is Albert's descendant.
* Michael is Rachel's descendant.
* Jean is Donald's descendant.
* Madison is Barbara's ancestor.
* Randy is Sara's descendant.
* Brenda is Thomas's descendant.
* John is Henry's descendant.
* Ann is Samantha's ancestor.
* David is Roger's descendant.
* Robert is Matthew's ancestor.
* Jacqueline is Kathryn's descendant.
* Carolyn is Bradley's ancestor.
* Cynthia is Henry's ancestor.
* Brenda is Donald's ancestor.
* Sara is Stephen's descendant.
* Barbara is Robert's ancestor.
* Dorothy is Hannah's descendant.
* Catherine is Heather's ancestor.
* Abigail is Emily's descendant.
* Sharon is Katherine's descendant.
* Keith is Dorothy's descendant.
* Sharon is Jeremy's ancestor.
* Bobby is Kimberly's ancestor.
* Matthew is Joshua's ancestor.
* Alan is Peter's descendant.
* Carolyn is Jeremy's descendant.
* Lawrence is Brandon's descendant.
* Jack is Nicole's descendant.
* Lauren is Doris's ancestor.
* Grace is Catherine's ancestor.
* Alan is Tyler's ancestor.
* Andrea is Bobby's ancestor.
* Alexander is Randy's descendant.
* Madison is Kyle's descendant.
* Kyle is Andrew's descendant.
* Deborah is Andrea's ancestor.
* Jack is Ann's ancestor.
* David is Justin's ancestor.
* Katherine is Jacqueline's descendant.
* Jean is Nicole's ancestor.
Determine the lineage relationship between Beverly and Gerald.
Select the correct answer:
1. Beverly and Gerald share a common descendant.
2. Beverly is Gerald's ancestor.
3. Beverly is Gerald's descendant.
4. Beverly and Gerald share a common ancestor.
5. None of the above is correct.
Enclose the selected answer number in the <ANSWER> tag, for example: <ANSWER>1</ANSWER>.",xiaomi/mimo-v2-flash:free,Xiaomi,,,"Based on the given lineage relationships, I traced the connections between Beverly and Gerald. Beverly is a descendant of Justin (from ""Justin is Beverly's ancestor""), and Justin is a descendant of David (from ""David is Justin's ancestor""). Continuing through the chain, David is a descendant of Roger, Roger is a descendant of Christine, Christine is a descendant of Heather, Heather is a descendant of Catherine, Catherine is a descendant of Grace, Grace is a descendant of Susan, Susan is a descendant of Lawrence, Lawrence is a descendant of Brandon, Brandon is a descendant of Tyler, Tyler is a descendant of Alan, Alan is a descendant of Peter, Peter is a descendant of Bradley, Bradley is a descendant of Carolyn, Carolyn is a descendant of Jeremy, Jeremy is a descendant of Sharon, Sharon is a descendant of Katherine, Katherine is a descendant of Jacqueline, Jacqueline is a descendant of Kathryn, Kathryn is a descendant of Albert, Albert is a descendant of Keith, Keith is a descendant of Dorothy, Dorothy is a descendant of Hannah, Hannah is a descendant of Abigail, Abigail is a descendant of Emily, Emily is a descendant of Alexander, Alexander is a descendant of Randy, Randy is a descendant of Sara, Sara is a descendant of Stephen, Stephen is a descendant of Samantha, Samantha is a descendant of Ann, Ann is a descendant of Jack, Jack is a descendant of Nicole, Nicole is a descendant of Jean, Jean is a descendant of Donald, Donald is a descendant of Brenda, Brenda is a descendant of Thomas, Thomas is a descendant of Joshua, Joshua is a descendant of Matthew, Matthew is a descendant of Robert, Robert is a descendant of Barbara, Barbara is a descendant of Madison, Madison is a descendant of Kyle, Kyle is a descendant of Andrew, Andrew is a descendant of Scott, Scott is a descendant of John, John is a descendant of Henry, Henry is a descendant of Cynthia, Cynthia is a descendant of Kimberly, Kimberly is a descendant of Bobby, Bobby is a descendant of Andrea, Andrea is a descendant of Deborah, Deborah is a descendant of Stephanie, Stephanie is a descendant of Alexis, Alexis is a descendant of Kelly, Kelly is a descendant of Anna, Anna is a descendant of Doris, Doris is a descendant of Lauren, Lauren is a descendant of Michael, Michael is a descendant of Rachel, Rachel is a descendant of Emma, and Emma is a descendant of Gerald (from ""Emma is Gerald's descendant""). Thus, Beverly is a descendant of Gerald through this extensive lineage.

Therefore, Beverly is Gerald's descendant.

<ANSWER>3</ANSWER>"
64,COMMON_ANCESTOR,4,"Given the following lineage relationships:
* Jessica is Jordan's descendant.
* Alan is Marilyn's descendant.
* Tyler is Lauren's descendant.
* Gregory is Nancy's descendant.
* Juan is Marilyn's ancestor.
* Nancy is Gerald's descendant.
* Joe is Aaron's ancestor.
* Frank is Bruce's descendant.
* Grace is Robert's ancestor.
* Jeremy is Janet's descendant.
* Austin is Jesse's descendant.
* Deborah is Joshua's ancestor.
* Barbara is Arthur's ancestor.
* Logan is Russell's ancestor.
* Kathryn is Bradley's descendant.
* Debra is Jeremy's descendant.
* Gabriel is Christina's descendant.
* Mary is Carl's descendant.
* Amber is Kevin's ancestor.
* Eugene is Kevin's descendant.
* Patricia is Robert's descendant.
* Dorothy is Marie's descendant.
* Gabriel is Marie's ancestor.
* Bruce is Melissa's descendant.
* Lauren is Julie's descendant.
* Beverly is Judith's descendant.
* Jessica is Gerald's ancestor.
* Diana is Dorothy's descendant.
* Justin is Rebecca's ancestor.
* Russell is Carl's ancestor.
* Aaron is Melissa's ancestor.
* Isabella is Joan's descendant.
* Jacqueline is Judith's ancestor.
* Frank is Christina's ancestor.
* Jordan is Deborah's ancestor.
* Mason is Christian's ancestor.
* Kathryn is Alexander's ancestor.
* Doris is Rebecca's descendant.
* Jesse is Doris's descendant.
* Steven is Gregory's descendant.
* Patricia is Juan's ancestor.
* Shirley is Alexander's descendant.
* Isabella is Julie's ancestor.
* Joshua is Mason's ancestor.
* Amber is Debra's descendant.
* Kelly is Betty's descendant.
* Steven is Justin's ancestor.
* Christian is Walter's ancestor.
* Stephen is Austin's descendant.
* Lisa is Kelly's descendant.
* Joan is Walter's descendant.
* Lisa is Jacqueline's ancestor.
* Eugene is Barbara's ancestor.
* Emily is Edward's ancestor.
* Joe is Beverly's descendant.
* Alan is Betty's ancestor.
* Charlotte is Bradley's ancestor.
* Tyler is Emily's ancestor.
* Grace is Jonathan's descendant.
* Charlotte is Stephen's descendant.
* Edward is Jonathan's ancestor.
* Logan is Diana's descendant.
* Shirley is Janet's ancestor.
Determine the lineage relationship between Arthur and Mary.
Select the correct answer:
1. Arthur is Mary's ancestor.
2. Arthur is Mary's descendant.
3. Arthur and Mary share a common descendant.
4. Arthur and Mary share a common ancestor.
5. None of the above is correct.
Enclose the selected answer number in the <ANSWER> tag, for example: <ANSWER>1</ANSWER>.",xiaomi/mimo-v2-flash:free,Xiaomi,,,"Based on the given lineage relationships, there is a path connecting Arthur and Mary through a common ancestor. Arthur is a descendant of Barbara, and Barbara is a descendant of Jordan. Mary is a descendant of Carl, and Carl is a descendant of Jordan. Therefore, both Arthur and Mary share Jordan as a common ancestor. This means that Arthur and Mary are not directly in an ancestor-descendant relationship but share a common ancestor.

The correct answer is option 4: Arthur and Mary share a common ancestor.

<ANSWER>4</ANSWER>"
64,COMMON_DESCENDANT,1,"Given the following lineage relationships:
* Eugene is Virginia's ancestor.
* Sandra is Samantha's descendant.
* Pamela is Denise's descendant.
* Alexis is Jacob's descendant.
* Andrea is Emma's descendant.
* Dylan is Dorothy's ancestor.
* Amber is Kevin's ancestor.
* Vincent is John's descendant.
* Patrick is Kelly's ancestor.
* Dylan is Megan's descendant.
* Lauren is Jordan's ancestor.
* Ruth is Elizabeth's ancestor.
* Natalie is Bryan's ancestor.
* Jordan is Alice's ancestor.
* Kayla is Stephen's descendant.
* Alexis is Jonathan's ancestor.
* Megan is Evelyn's descendant.
* Rebecca is Elizabeth's descendant.
* Julie is Eugene's ancestor.
* Amy is Doris's descendant.
* Helen is Gregory's descendant.
* Emily is Kelly's descendant.
* Wayne is Ryan's descendant.
* Frances is Joan's ancestor.
* Susan is Ruth's ancestor.
* Randy is Wayne's descendant.
* Denise is Helen's descendant.
* Ethan is Bryan's descendant.
* Amber is Jonathan's descendant.
* Natalie is Raymond's descendant.
* Jack is Stephanie's descendant.
* Mary is Diane's ancestor.
* Bobby is Raymond's ancestor.
* Patrick is Sara's descendant.
* Sarah is Jack's descendant.
* Larry is Bobby's ancestor.
* Jerry is Lori's descendant.
* Pamela is Stephanie's ancestor.
* Jacob is Ethan's descendant.
* Joan is John's ancestor.
* Frances is Jerry's descendant.
* Gregory is Dorothy's descendant.
* Evelyn is Sophia's descendant.
* Ryan is Diane's descendant.
* Jessica is Kayla's descendant.
* Philip is Maria's ancestor.
* Doris is Jessica's descendant.
* Susan is Sandra's descendant.
* Amy is Larry's ancestor.
* Anthony is Ashley's ancestor.
* Randy is Emily's ancestor.
* Lori is Cynthia's descendant.
* Maria is Stephen's ancestor.
* Rebecca is Cynthia's ancestor.
* Olivia is Lauren's ancestor.
* Julie is Bruce's descendant.
* Olivia is Kevin's descendant.
* Alice is Sara's ancestor.
* Sophia is Ashley's descendant.
* Vincent is Anthony's ancestor.
* Andrea is Bruce's ancestor.
* Philip is Sarah's descendant.
* Virginia is Mary's ancestor.
Determine the lineage relationship between Emma and Samantha.
Select the correct answer:
1. Emma and Samantha share a common descendant.
2. Emma is Samantha's descendant.
3. Emma is Samantha's ancestor.
4. Emma and Samantha share a common ancestor.
5. None of the above is correct.
Enclose the selected answer number in the <ANSWER> tag, for example: <ANSWER>1</ANSWER>.",xiaomi/mimo-v2-flash:free,Xiaomi,,,"Emma and Samantha share a common descendant, Emily. This is determined through the lineage relationships: Andrea is Emma's descendant, and Andrea is an ancestor of Emily. Similarly, Sandra is Samantha's descendant, and Sandra is an ancestor of Emily. Thus, Emily is a common descendant of both Emma and Samantha.

<ANSWER>1</ANSWER>"
64,ANCESTOR,1,"Given the following lineage relationships:
* Sarah is Jacob's descendant.
* Patricia is Anthony's descendant.
* Willie is Sara's descendant.
* Ronald is Virginia's ancestor.
* Scott is Barbara's ancestor.
* Henry is Janice's descendant.
* Philip is Brian's ancestor.
* Eric is Joshua's descendant.
* Evelyn is Bruce's ancestor.
* Bryan is Amber's ancestor.
* Olivia is Douglas's ancestor.
* Larry is Jonathan's descendant.
* George is Jacqueline's descendant.
* Willie is Jacob's ancestor.
* John is Sandra's descendant.
* Julia is Wayne's descendant.
* Gary is Andrea's ancestor.
* Julia is Scott's ancestor.
* Brittany is Betty's ancestor.
* Brian is Jason's ancestor.
* Gregory is Cheryl's descendant.
* Amber is Jean's ancestor.
* Kyle is Jean's descendant.
* Christian is Kevin's ancestor.
* Timothy is Alice's descendant.
* Bobby is Teresa's ancestor.
* Stephen is Bradley's ancestor.
* Judith is Ronald's ancestor.
* Bruce is Ralph's ancestor.
* Patricia is Joan's ancestor.
* Paul is Peter's ancestor.
* Angela is Douglas's descendant.
* Sophia is Sarah's descendant.
* Wayne is Betty's descendant.
* Teresa is Cheryl's ancestor.
* Rachel is Emma's descendant.
* Angela is Sandra's ancestor.
* Karen is Kyle's descendant.
* Sophia is Marilyn's ancestor.
* Andrew is Emma's ancestor.
* Paul is Marilyn's descendant.
* Jacqueline is Karen's descendant.
* Melissa is Nathan's descendant.
* Jordan is Stephen's ancestor.
* Bobby is Kevin's descendant.
* Bradley is Jonathan's ancestor.
* Nathan is James's descendant.
* Gloria is Rachel's descendant.
* Andrew is Larry's descendant.
* Henry is Judith's ancestor.
* Evelyn is Jason's descendant.
* Peter is Philip's ancestor.
* Janice is Barbara's descendant.
* Gregory is Anthony's ancestor.
* Jordan is Ralph's descendant.
* Timothy is James's ancestor.
* George is Alice's ancestor.
* Joan is Bryan's ancestor.
* Gloria is Brittany's ancestor.
* Melissa is Joshua's ancestor.
* John is Sara's ancestor.
* Virginia is Gary's ancestor.
* Eric is Olivia's ancestor.
Determine the lineage relationship between Christian and Andrea.
Select the correct answer:
1. Christian is Andrea's ancestor.
2. Christian and Andrea share a common ancestor.
3. Christian is Andrea's descendant.
4. Christian and Andrea share a common descendant.
5. None of the above is correct.
Enclose the selected answer number in the <ANSWER> tag, for example: <ANSWER>1</ANSWER>.",xiaomi/mimo-v2-flash:free,Xiaomi,,,"Based on the given lineage relationships, tracing from Andrea to Christian shows that Andrea is a descendant of Christian. Specifically, through a series of ancestor-descendant links, Christian is an ancestor of Andrea. Therefore, Christian is Andrea's ancestor.

<ANSWER>1</ANSWER>"
64,DESCENDANT,3,"Given the following lineage relationships:
* Frank is Scott's ancestor.
* Richard is Elizabeth's ancestor.
* Grace is Susan's ancestor.
* Gabriel is Sean's descendant.
* Bryan is Russell's ancestor.
* Lori is Anthony's ancestor.
* Juan is James's descendant.
* Harold is Michelle's ancestor.
* Elizabeth is Robert's ancestor.
* Olivia is Andrea's ancestor.
* Tyler is Samantha's descendant.
* Billy is Logan's descendant.
* Anthony is Sara's ancestor.
* Laura is Sara's descendant.
* Frank is Christopher's descendant.
* Hannah is Elijah's ancestor.
* Rachel is Arthur's ancestor.
* Rachel is Jesse's descendant.
* Marie is Robert's descendant.
* Nicole is Kyle's ancestor.
* Douglas is Jessica's ancestor.
* Kimberly is John's descendant.
* Kyle is Richard's ancestor.
* Daniel is Angela's ancestor.
* Kelly is Samantha's ancestor.
* Marie is Kelly's ancestor.
* Natalie is Lori's ancestor.
* Gabriel is Grace's ancestor.
* Donna is Jeremy's ancestor.
* Susan is Walter's ancestor.
* John is Ralph's descendant.
* Janet is Bobby's descendant.
* Laura is Jacob's ancestor.
* Jason is Jose's descendant.
* Andrea is Donna's ancestor.
* Michelle is Andrew's ancestor.
* Russell is James's ancestor.
* Aaron is Ralph's ancestor.
* Hannah is Juan's descendant.
* Beverly is Isabella's ancestor.
* Jennifer is Daniel's ancestor.
* Jesse is Jeremy's descendant.
* Joe is Douglas's ancestor.
* Kayla is Brian's ancestor.
* Jacqueline is Jessica's descendant.
* Arthur is Aaron's ancestor.
* Elijah is Nicole's ancestor.
* Harold is Billy's descendant.
* Natalie is Angela's descendant.
* Olivia is Rebecca's descendant.
* Jason is Bryan's ancestor.
* Kayla is Kimberly's descendant.
* Sean is Joshua's descendant.
* Christine is Christopher's ancestor.
* Beverly is Jacqueline's descendant.
* Jacob is Bobby's ancestor.
* Tyler is Rebecca's ancestor.
* Joe is Walter's descendant.
* Christine is Isabella's descendant.
* Logan is Brian's descendant.
* Andrew is Jennifer's ancestor.
* Janet is Joshua's ancestor.
* Emma is Jose's ancestor.
Determine the lineage relationship between Scott and Emma.
Select the correct answer:
1. Scott is Emma's ancestor.
2. Scott and Emma share a common descendant.
3. Scott is Emma's descendant.
4. Scott and Emma share a common ancestor.
5. None of the above is correct.
Enclose the selected answer number in the <ANSWER> tag, for example: <ANSWER>1</ANSWER>.",xiaomi/mimo-v2-flash:free,Xiaomi,,,<ANSWER>3</ANSWER>
64,COMMON_ANCESTOR,3,"Given the following lineage relationships:
* Vincent is Isabella's ancestor.
* Austin is Anna's ancestor.
* Ronald is Benjamin's descendant.
* Ethan is Austin's ancestor.
* Randy is Ann's descendant.
* Richard is Raymond's ancestor.
* Joseph is Zachary's ancestor.
* Dennis is Larry's descendant.
* Teresa is Noah's descendant.
* Joseph is Doris's ancestor.
* Billy is Catherine's ancestor.
* Larry is Danielle's descendant.
* Sean is Raymond's descendant.
* Denise is Lori's ancestor.
* Gabriel is Julie's descendant.
* Randy is Patrick's ancestor.
* Laura is Rachel's ancestor.
* Patrick is Frank's ancestor.
* Martha is Megan's descendant.
* Vincent is Lori's descendant.
* Gabriel is Richard's ancestor.
* Teresa is Judith's ancestor.
* Eugene is Joe's ancestor.
* Bradley is Isabella's descendant.
* Maria is Martha's descendant.
* Carol is Mark's descendant.
* David is Samantha's ancestor.
* Emma is Carol's descendant.
* Billy is Nicole's descendant.
* Julia is Emma's descendant.
* Brenda is Walter's descendant.
* Denise is Stephanie's descendant.
* Maria is Ann's ancestor.
* Stephen is Jessica's descendant.
* Sean is Eugene's ancestor.
* Ronald is Marilyn's ancestor.
* Carl is Philip's descendant.
* Joe is Laura's ancestor.
* Judith is Jacqueline's ancestor.
* Jessica is Aaron's descendant.
* Marilyn is Ethan's ancestor.
* Heather is Julia's descendant.
* Hannah is Brenda's descendant.
* Jacqueline is Danielle's ancestor.
* Rebecca is Nicole's ancestor.
* Stephanie is Elijah's descendant.
* Evelyn is Walter's ancestor.
* Megan is Anna's descendant.
* Frank is Noah's ancestor.
* Hannah is Aaron's ancestor.
* Samantha is Evelyn's ancestor.
* Benjamin is Kyle's descendant.
* Elijah is Rachel's descendant.
* Melissa is Katherine's ancestor.
* Julie is Zachary's descendant.
* Doris is Mark's ancestor.
* Melissa is Donald's descendant.
* Dennis is Rebecca's ancestor.
* Heather is Kyle's ancestor.
* Bradley is David's ancestor.
* Brian is Carl's descendant.
* Stephen is Philip's ancestor.
* Brian is Donald's ancestor.
Determine the lineage relationship between Katherine and Catherine.
Select the correct answer:
1. Katherine is Catherine's ancestor.
2. Katherine is Catherine's descendant.
3. Katherine and Catherine share a common ancestor.
4. Katherine and Catherine share a common descendant.
5. None of the above is correct.
Enclose the selected answer number in the <ANSWER> tag, for example: <ANSWER>1</ANSWER>.",xiaomi/mimo-v2-flash:free,Xiaomi,,,"Based on the given lineage relationships, Katherine and Catherine share a common ancestor, Joseph. This is determined by tracing the ancestry of both individuals back to Joseph through various paths:

- Katherine is a descendant of Melissa (from relationship 54), and Melissa is a descendant of Donald (from relationship 57). Donald is a descendant of Brian (from relationship 63), Brian is a descendant of Carl (from relationship 61), Carl is a descendant of Philip (from relationship 37), Philip is a descendant of Stephen (from relationship 62), Stephen is a descendant of Jessica (from relationship 34), Jessica is a descendant of Aaron (from relationship 40), Aaron is a descendant of Hannah (from relationship 50), Hannah is a descendant of Brenda (from relationship 43), Brenda is a descendant of Walter (from relationship 31), Walter is a descendant of Evelyn (from relationship 47), Evelyn is a descendant of Samantha (from relationship 51), Samantha is a descendant of David (from relationship 27), David is a descendant of Bradley (from relationship 60), Bradley is a descendant of Isabella (from relationship 24), Isabella is a descendant of Vincent (from relationship 1), Vincent is a descendant of Lori (from relationship 20), Lori is a descendant of Denise (from relationship 14), Denise is a descendant of Stephanie (from relationship 32), Stephanie is a descendant of Elijah (from relationship 46), Elijah is a descendant of Rachel (from relationship 53), Rachel is a descendant of Laura (from relationship 17), Laura is a descendant of Joe (from relationship 38), Joe is a descendant of Eugene (from relationship 23), Eugene is a descendant of Sean (from relationship 35), Sean is a descendant of Raymond (from relationship 13), Raymond is a descendant of Richard (from relationship 6), Richard is a descendant of Gabriel (from relationship 21), Gabriel is a descendant of Julie (from relationship 15), Julie is a descendant of Zachary (from relationship 55), and Zachary is a descendant of Joseph (from relationship 7).

- Catherine is a descendant of Billy (from relationship 11), and Billy is a descendant of Nicole (from relationship 29). Nicole is a descendant of Rebecca (from relationship 45), Rebecca is a descendant of Dennis (from relationship 58), Dennis is a descendant of Larry (from relationship 8), Larry is a descendant of Danielle (from relationship 12), Danielle is a descendant of Jacqueline (from relationship 44), Jacqueline is a descendant of Judith (from relationship 39), Judith is a descendant of Teresa (from relationship 22), Teresa is a descendant of Noah (from relationship 9), Noah is a descendant of Frank (from relationship 49), Frank is a descendant of Patrick (from relationship 18), Patrick is a descendant of Randy (from relationship 16), Randy is a descendant of Ann (from relationship 5), Ann is a descendant of Maria (from relationship 33), Maria is a descendant of Martha (from relationship 25), Martha is a descendant of Megan (from relationship 19), Megan is a descendant of Anna (from relationship 48), Anna is a descendant of Austin (from relationship 2), Austin is a descendant of Ethan (from relationship 4), Ethan is a descendant of Marilyn (from relationship 41), Marilyn is a descendant of Ronald (from relationship 36), Ronald is a descendant of Benjamin (from relationship 3), Benjamin is a descendant of Kyle (from relationship 52), Kyle is a descendant of Heather (from relationship 59), Heather is a descendant of Julia (from relationship 42), Julia is a descendant of Emma (from relationship 30), Emma is a descendant of Carol (from relationship 28), Carol is a descendant of Mark (from relationship 26), Mark is a descendant of Doris (from relationship 56), and Doris is a descendant of Joseph (from relationship 10).

Thus, both Katherine and Catherine are descendants of Joseph, making Joseph their common ancestor. There is no direct ancestor-descendant relationship between Katherine and Catherine themselves, as they are from different branches of Joseph's lineage.

Therefore, the correct answer is option 3.

<ANSWER>3</ANSWER>"
64,COMMON_DESCENDANT,4,"Given the following lineage relationships:
* Alice is Michelle's ancestor.
* Eugene is Samantha's ancestor.
* Doris is Aaron's descendant.
* Bryan is Patricia's descendant.
* Jordan is Harold's descendant.
* Timothy is Noah's descendant.
* Joyce is Joan's descendant.
* Scott is Sophia's descendant.
* Brian is Karen's descendant.
* Lawrence is Marie's ancestor.
* Judy is Christina's ancestor.
* Margaret is Daniel's descendant.
* Harold is Madison's descendant.
* Christina is Bradley's ancestor.
* Barbara is Peter's descendant.
* Jose is Alexander's ancestor.
* Jose is Richard's descendant.
* Austin is Rachel's descendant.
* Bradley is Ralph's ancestor.
* Marie is Joan's ancestor.
* Douglas is Austin's descendant.
* Richard is Doris's descendant.
* Evelyn is Shirley's descendant.
* Jack is Eugene's ancestor.
* Terry is George's descendant.
* Donald is Scott's descendant.
* Amanda is Ryan's descendant.
* Matthew is Timothy's descendant.
* Aaron is Melissa's descendant.
* Andrea is Arthur's ancestor.
* Mary is Janet's ancestor.
* Betty is Hannah's ancestor.
* Rachel is Donald's descendant.
* Arthur is Kenneth's descendant.
* Alice is Douglas's descendant.
* Dorothy is Katherine's descendant.
* James is Mason's descendant.
* James is Karen's ancestor.
* Brandon is Anthony's ancestor.
* Mason is Anthony's descendant.
* Amanda is Kenneth's ancestor.
* Katherine is Janet's descendant.
* Brandon is Dorothy's descendant.
* Jack is Ralph's descendant.
* Theresa is Peter's ancestor.
* Michelle is Betty's ancestor.
* Charlotte is Carol's ancestor.
* Elijah is Nicole's descendant.
* Patricia is Carol's descendant.
* Jordan is Noah's ancestor.
* Hannah is Daniel's ancestor.
* Alexander is Andrea's ancestor.
* Matthew is Mary's ancestor.
* Joyce is Melissa's ancestor.
* Barbara is Nicole's ancestor.
* Brian is Lawrence's ancestor.
* Elijah is Kevin's ancestor.
* George is Samantha's descendant.
* Bryan is Ryan's ancestor.
* Sophia is Kevin's descendant.
* Margaret is Judy's ancestor.
* Charlotte is Terry's descendant.
* Theresa is Evelyn's descendant.
Determine the lineage relationship between Madison and Shirley.
Select the correct answer:
1. Madison is Shirley's ancestor.
2. Madison is Shirley's descendant.
3. Madison and Shirley share a common ancestor.
4. Madison and Shirley share a common descendant.
5. None of the above is correct.
Enclose the selected answer number in the <ANSWER> tag, for example: <ANSWER>1</ANSWER>.",xiaomi/mimo-v2-flash:free,Xiaomi,,,"Based on the given lineage relationships, there is no direct ancestor-descendant relationship between Madison and Shirley. However, through a series of connections, both Madison and Shirley are ancestors of Arthur. Specifically:

- Madison is an ancestor of Andrea, and Andrea is an ancestor of Arthur.
- Shirley is an ancestor of Evelyn, Evelyn is an ancestor of Theresa, and so on, up to Kenneth, who is an ancestor of Arthur.

Thus, Madison and Shirley share a common descendant, Arthur.

Therefore, the correct answer is option 4.

<ANSWER>4</ANSWER>"
64,ANCESTOR,4,"Given the following lineage relationships:
* Gary is Judith's descendant.
* John is William's descendant.
* Kathleen is Elizabeth's descendant.
* Diane is Amanda's descendant.
* Dorothy is Julie's ancestor.
* Cheryl is Austin's descendant.
* Elijah is Samuel's ancestor.
* Brittany is Alice's ancestor.
* Shirley is Jesse's descendant.
* Wayne is Elijah's ancestor.
* Michelle is Jesse's ancestor.
* Deborah is Edward's descendant.
* Austin is Jose's descendant.
* Emily is Denise's descendant.
* Douglas is Jose's ancestor.
* Sarah is Russell's ancestor.
* John is Beverly's ancestor.
* Henry is Michelle's ancestor.
* Eric is Beverly's descendant.
* Dorothy is Bobby's descendant.
* Lauren is Emily's descendant.
* Eric is Patrick's ancestor.
* Christine is Diane's descendant.
* Megan is Douglas's ancestor.
* Russell is Denise's ancestor.
* Bryan is Ruth's descendant.
* Robert is Jason's descendant.
* Joyce is Hannah's ancestor.
* Margaret is Julie's descendant.
* Matthew is Grace's ancestor.
* Grace is Janet's ancestor.
* Edward is Jordan's descendant.
* Henry is Lauren's descendant.
* Ann is Joseph's ancestor.
* Janet is Nathan's ancestor.
* Bryan is Gerald's ancestor.
* Megan is Zachary's descendant.
* Robert is Amy's ancestor.
* George is Harold's ancestor.
* Elizabeth is Cheryl's descendant.
* Ann is Gary's descendant.
* Frank is Margaret's descendant.
* Brittany is Amy's descendant.
* Ruth is Christian's descendant.
* Zachary is Nathan's descendant.
* Patrick is Joyce's ancestor.
* Joseph is Ethan's ancestor.
* Samuel is Roger's ancestor.
* William is Kathleen's descendant.
* Frank is Amanda's ancestor.
* Wayne is Christine's descendant.
* Harold is Kayla's ancestor.
* Shirley is Patricia's ancestor.
* Gerald is Sarah's ancestor.
* Gloria is Christian's ancestor.
* Roger is Abigail's ancestor.
* Jordan is Alice's descendant.
* Jason is Patricia's descendant.
* Kayla is Philip's ancestor.
* Hannah is Gloria's ancestor.
* George is Abigail's descendant.
* Matthew is Philip's descendant.
* Ethan is Bobby's ancestor.
Determine the lineage relationship between Judith and Deborah.
Select the correct answer:
1. Judith and Deborah share a common ancestor.
2. Judith is Deborah's descendant.
3. Judith and Deborah share a common descendant.
4. Judith is Deborah's ancestor.
5. None of the above is correct.
Enclose the selected answer number in the <ANSWER> tag, for example: <ANSWER>1</ANSWER>.",xiaomi/mimo-v2-flash:free,Xiaomi,,,"Based on the given lineage relationships, we can trace a path from Judith to Deborah through multiple connections. 

- Gary is Judith's descendant, so Judith is an ancestor of Gary.
- Ann is Gary's descendant, so Judith is an ancestor of Ann.
- Ann is Joseph's ancestor, so Judith is an ancestor of Joseph.
- Joseph is Ethan's ancestor, so Judith is an ancestor of Ethan.
- Ethan is Bobby's ancestor, so Judith is an ancestor of Bobby.
- Bobby is Dorothy's ancestor, so Judith is an ancestor of Dorothy.
- Dorothy is Julie's ancestor, so Judith is an ancestor of Julie.
- Julie is Margaret's ancestor, so Judith is an ancestor of Margaret.
- Margaret is Frank's ancestor, so Judith is an ancestor of Frank.
- Frank is Amanda's ancestor, so Judith is an ancestor of Amanda.
- Amanda is Diane's ancestor, so Judith is an ancestor of Diane.
- Diane is Christine's ancestor, so Judith is an ancestor of Christine.
- Christine is Wayne's ancestor, so Judith is an ancestor of Wayne.
- Wayne is Elijah's ancestor, so Judith is an ancestor of Elijah.
- Elijah is Samuel's ancestor, so Judith is an ancestor of Samuel.
- Samuel is Roger's ancestor, so Judith is an ancestor of Roger.
- Roger is Abigail's ancestor, so Judith is an ancestor of Abigail.
- Abigail is George's ancestor, so Judith is an ancestor of George.
- George is Harold's ancestor, so Judith is an ancestor of Harold.
- Harold is Kayla's ancestor, so Judith is an ancestor of Kayla.
- Kayla is Philip's ancestor, so Judith is an ancestor of Philip.
- Philip is Matthew's ancestor, so Judith is an ancestor of Matthew.
- Matthew is Grace's ancestor, so Judith is an ancestor of Grace.
- Grace is Janet's ancestor, so Judith is an ancestor of Janet.
- Janet is Nathan's ancestor, so Judith is an ancestor of Nathan.
- Nathan is Zachary's ancestor, so Judith is an ancestor of Zachary.
- Zachary is Megan's ancestor, so Judith is an ancestor of Megan.
- Megan is Douglas's ancestor, so Judith is an ancestor of Douglas.
- Douglas is Jose's ancestor, so Judith is an ancestor of Jose.
- Jose is Austin's ancestor, so Judith is an ancestor of Austin.
- Austin is Cheryl's ancestor, so Judith is an ancestor of Cheryl.
- Cheryl is Elizabeth's ancestor, so Judith is an ancestor of Elizabeth.
- Elizabeth is Kathleen's ancestor, so Judith is an ancestor of Kathleen.
- Kathleen is William's ancestor, so Judith is an ancestor of William.
- William is John's ancestor, so Judith is an ancestor of John.
- John is Beverly's ancestor, so Judith is an ancestor of Beverly.
- Beverly is Eric's ancestor, so Judith is an ancestor of Eric.
- Eric is Patrick's ancestor, so Judith is an ancestor of Patrick.
- Patrick is Joyce's ancestor, so Judith is an ancestor of Joyce.
- Joyce is Hannah's ancestor, so Judith is an ancestor of Hannah.
- Hannah is Gloria's ancestor, so Judith is an ancestor of Gloria.
- Gloria is Christian's ancestor, so Judith is an ancestor of Christian.
- Christian is Ruth's ancestor, so Judith is an ancestor of Ruth.
- Ruth is Bryan's ancestor, so Judith is an ancestor of Bryan.
- Bryan is Gerald's ancestor, so Judith is an ancestor of Gerald.
- Gerald is Sarah's ancestor, so Judith is an ancestor of Sarah.
- Sarah is Russell's ancestor, so Judith is an ancestor of Russell.
- Russell is Denise's ancestor, so Judith is an ancestor of Denise.
- Denise is Emily's ancestor, so Judith is an ancestor of Emily.
- Emily is Lauren's ancestor, so Judith is an ancestor of Lauren.
- Lauren is Henry's ancestor, so Judith is an ancestor of Henry.
- Henry is Michelle's ancestor, so Judith is an ancestor of Michelle.
- Michelle is Jesse's ancestor, so Judith is an ancestor of Jesse.
- Jesse is Shirley's ancestor, so Judith is an ancestor of Shirley.
- Shirley is Patricia's ancestor, so Judith is an ancestor of Patricia.
- Patricia is Jason's ancestor, so Judith is an ancestor of Jason.
- Jason is Robert's ancestor, so Judith is an ancestor of Robert.
- Robert is Amy's ancestor, so Judith is an ancestor of Amy.
- Amy is Brittany's ancestor, so Judith is an ancestor of Brittany.
- Brittany is Alice's ancestor, so Judith is an ancestor of Alice.
- Alice is Jordan's ancestor, so Judith is an ancestor of Jordan.
- Jordan is Edward's ancestor, so Judith is an ancestor of Edward.
- Edward is Deborah's ancestor, so Judith is an ancestor of Deborah.

Thus, Judith is Deborah's ancestor.

<ANSWER>4</ANSWER>"
64,DESCENDANT,3,"Given the following lineage relationships:
* Gary is Roy's descendant.
* Nathan is Eric's ancestor.
* Amanda is Brandon's descendant.
* Brandon is Jose's descendant.
* Bradley is Sandra's ancestor.
* Jason is Maria's ancestor.
* Susan is Sandra's descendant.
* Stephen is Maria's descendant.
* Madison is Ryan's descendant.
* Jessica is Ronald's descendant.
* Peter is Douglas's descendant.
* Albert is Nancy's descendant.
* John is Jesse's descendant.
* Amy is Jason's ancestor.
* Sean is Kayla's ancestor.
* Vincent is Dorothy's ancestor.
* Andrea is Russell's ancestor.
* Jessica is Jesse's ancestor.
* Stephen is Sean's ancestor.
* Christopher is Russell's descendant.
* Kimberly is Denise's descendant.
* Alexander is Gary's descendant.
* Christopher is Cheryl's ancestor.
* Matthew is Doris's descendant.
* Gregory is Linda's descendant.
* Frances is Edward's ancestor.
* William is Nathan's ancestor.
* Kathryn is Jonathan's descendant.
* Shirley is Julie's descendant.
* Ann is Bradley's ancestor.
* Cynthia is Alexander's descendant.
* Julie is Brenda's descendant.
* Christina is Anna's ancestor.
* Harold is Jacob's ancestor.
* Jonathan is Willie's descendant.
* Christian is Amanda's descendant.
* Edward is Megan's ancestor.
* Kathryn is Nancy's ancestor.
* Brenda is Albert's descendant.
* Susan is Ryan's ancestor.
* Arthur is Kimberly's descendant.
* David is Linda's ancestor.
* William is Diane's descendant.
* Andrea is Keith's descendant.
* Ann is Katherine's descendant.
* Gregory is Dennis's ancestor.
* Judith is Sara's ancestor.
* Megan is Doris's ancestor.
* Shirley is Denise's ancestor.
* Willie is Dorothy's descendant.
* Douglas is Eric's descendant.
* Cheryl is Roy's ancestor.
* Christian is Katherine's ancestor.
* Diane is Cynthia's descendant.
* Amy is Jacob's descendant.
* Matthew is Christina's ancestor.
* Ronald is Kayla's descendant.
* David is Peter's descendant.
* John is Jose's ancestor.
* Sara is Harold's ancestor.
* Frances is Madison's descendant.
* Vincent is Dennis's descendant.
* Anna is Keith's ancestor.
Determine the lineage relationship between Arthur and Judith.
Select the correct answer:
1. Arthur and Judith share a common descendant.
2. Arthur and Judith share a common ancestor.
3. Arthur is Judith's descendant.
4. Arthur is Judith's ancestor.
5. None of the above is correct.
Enclose the selected answer number in the <ANSWER> tag, for example: <ANSWER>1</ANSWER>.",xiaomi/mimo-v2-flash:free,Xiaomi,,,"Based on the given lineage relationships, we can trace the connection between Arthur and Judith.

- Judith is Sara's ancestor (from ""Judith is Sara's ancestor"").
- Sara is Harold's ancestor (from ""Sara is Harold's ancestor"").
- Harold is Jacob's ancestor (from ""Harold is Jacob's ancestor"").
- Jacob is an ancestor of Amy (from ""Amy is Jacob's descendant"").
- Amy is Jason's ancestor (from ""Amy is Jason's ancestor"").
- Jason is Maria's ancestor (from ""Jason is Maria's ancestor"").
- Maria is an ancestor of Stephen (from ""Stephen is Maria's descendant"").
- Stephen is Sean's ancestor (from ""Stephen is Sean's ancestor"").
- Sean is Kayla's ancestor (from ""Sean is Kayla's ancestor"").
- Kayla is an ancestor of Ronald (from ""Ronald is Kayla's descendant"").
- Ronald is an ancestor of Jessica (from ""Jessica is Ronald's descendant"").
- Jessica is Jesse's ancestor (from ""Jessica is Jesse's ancestor"").
- Jesse is an ancestor of John (from ""John is Jesse's descendant"").
- John is Jose's ancestor (from ""John is Jose's ancestor"").
- Jose is an ancestor of Brandon (from ""Brandon is Jose's descendant"").
- Brandon is an ancestor of Amanda (from ""Amanda is Brandon's descendant"").
- Amanda is an ancestor of Christian (from ""Christian is Amanda's descendant"").
- Christian is Katherine's ancestor (from ""Christian is Katherine's ancestor"").
- Katherine is an ancestor of Ann (from ""Ann is Katherine's descendant"").
- Ann is Bradley's ancestor (from ""Ann is Bradley's ancestor"").
- Bradley is Sandra's ancestor (from ""Bradley is Sandra's ancestor"").
- Sandra is an ancestor of Susan (from ""Susan is Sandra's descendant"").
- Susan is Ryan's ancestor (from ""Susan is Ryan's ancestor"").
- Ryan is an ancestor of Madison (from ""Madison is Ryan's descendant"").
- Madison is an ancestor of Frances (from ""Frances is Madison's descendant"").
- Frances is Edward's ancestor (from ""Frances is Edward's ancestor"").
- Edward is Megan's ancestor (from ""Edward is Megan's ancestor"").
- Megan is Doris's ancestor (from ""Megan is Doris's ancestor"").
- Doris is an ancestor of Matthew (from ""Matthew is Doris's descendant"").
- Matthew is Christina's ancestor (from ""Matthew is Christina's ancestor"").
- Christina is Anna's ancestor (from ""Christina is Anna's ancestor"").
- Anna is Keith's ancestor (from ""Anna is Keith's ancestor"").
- Keith is an ancestor of Andrea (from ""Andrea is Keith's descendant"").
- Andrea is Russell's ancestor (from ""Andrea is Russell's ancestor"").
- Russell is an ancestor of Christopher (from ""Christopher is Russell's descendant"").
- Christopher is Cheryl's ancestor (from ""Christopher is Cheryl's ancestor"").
- Cheryl is Roy's ancestor (from ""Cheryl is Roy's ancestor"").
- Roy is an ancestor of Gary (from ""Gary is Roy's descendant"").
- Gary is an ancestor of Alexander (from ""Alexander is Gary's descendant"").
- Alexander is an ancestor of Cynthia (from ""Cynthia is Alexander's descendant"").
- Cynthia is an ancestor of Diane (from ""Diane is Cynthia's descendant"").
- Diane is an ancestor of William (from ""William is Diane's descendant"").
- William is Nathan's ancestor (from ""William is Nathan's ancestor"").
- Nathan is Eric's ancestor (from ""Nathan is Eric's ancestor"").
- Eric is an ancestor of Douglas (from ""Douglas is Eric's descendant"").
- Douglas is an ancestor of Peter (from ""Peter is Douglas's descendant"").
- Peter is an ancestor of David (from ""David is Peter's descendant"").
- David is Linda's ancestor (from ""David is Linda's ancestor"").
- Linda is an ancestor of Gregory (from ""Gregory is Linda's descendant"").
- Gregory is Dennis's ancestor (from ""Gregory is Dennis's ancestor"").
- Dennis is an ancestor of Vincent (from ""Vincent is Dennis's descendant"").
- Vincent is Dorothy's ancestor (from ""Vincent is Dorothy's ancestor"").
- Dorothy is an ancestor of Willie (from ""Willie is Dorothy's descendant"").
- Willie is an ancestor of Jonathan (from ""Jonathan is Willie's descendant"").
- Jonathan is an ancestor of Kathryn (from ""Kathryn is Jonathan's descendant"").
- Kathryn is Nancy's ancestor (from ""Kathryn is Nancy's ancestor"").
- Nancy is an ancestor of Albert (from ""Albert is Nancy's descendant"").
- Albert is an ancestor of Brenda (from ""Brenda is Albert's descendant"").
- Brenda is an ancestor of Julie (from ""Julie is Brenda's descendant"").
- Julie is an ancestor of Shirley (from ""Shirley is Julie's descendant"").
- Shirley is Denise's ancestor (from ""Shirley is Denise's ancestor"").
- Denise is an ancestor of Kimberly (from ""Kimberly is Denise's descendant"").
- Kimberly is an ancestor of Arthur (from ""Arthur is Kimberly's descendant"").

Thus, Judith is an ancestor of Arthur, meaning Arthur is Judith's descendant.

Therefore, the correct answer is 3.

<ANSWER>3</ANSWER>"
64,COMMON_ANCESTOR,4,"Given the following lineage relationships:
* Ashley is Madison's descendant.
* Jose is Natalie's descendant.
* Ryan is Timothy's ancestor.
* Brian is Margaret's ancestor.
* Jesse is Amy's descendant.
* Debra is Amy's ancestor.
* Julia is Arthur's descendant.
* Bruce is Jacob's descendant.
* George is Victoria's descendant.
* Helen is Katherine's descendant.
* Kelly is Andrea's descendant.
* Gregory is Rebecca's ancestor.
* George is James's ancestor.
* Randy is Arthur's ancestor.
* Stephen is Rebecca's descendant.
* Bruce is Lori's ancestor.
* Helen is Christopher's ancestor.
* David is Jacqueline's ancestor.
* Stephen is Elizabeth's ancestor.
* Debra is Jose's descendant.
* Amanda is Madison's ancestor.
* Mary is Diana's descendant.
* Dennis is Tyler's descendant.
* Christopher is Barbara's ancestor.
* Jean is Joyce's ancestor.
* Katherine is James's descendant.
* Jason is David's ancestor.
* Elizabeth is Catherine's ancestor.
* Victoria is Kelly's descendant.
* Tyler is Keith's descendant.
* Dennis is Diana's ancestor.
* Catherine is Keith's ancestor.
* Henry is Mary's descendant.
* Alan is Kathryn's ancestor.
* Jason is Linda's descendant.
* Isabella is Teresa's ancestor.
* Anthony is Roy's descendant.
* Gloria is Kimberly's descendant.
* Jean is Kathryn's descendant.
* Sharon is Lori's descendant.
* Sara is Alan's ancestor.
* Margaret is Janet's ancestor.
* Douglas is Anthony's descendant.
* Jacqueline is Charlotte's ancestor.
* Sara is Douglas's descendant.
* Edward is Daniel's ancestor.
* Zachary is Timothy's descendant.
* Roy is Willie's ancestor.
* Willie is Kimberly's ancestor.
* Bobby is Shirley's descendant.
* Kayla is Charlotte's descendant.
* Joyce is Amanda's ancestor.
* Zachary is Isabella's ancestor.
* Ashley is Ryan's ancestor.
* Sharon is Brian's ancestor.
* Gloria is Natalie's ancestor.
* Shirley is Julia's descendant.
* Kayla is Jacob's ancestor.
* Andrea is Jesse's descendant.
* Randy is Teresa's descendant.
* Linda is Barbara's descendant.
* Bobby is Edward's ancestor.
* Daniel is Gregory's ancestor.
Determine the lineage relationship between Janet and Henry.
Select the correct answer:
1. Janet and Henry share a common descendant.
2. Janet is Henry's descendant.
3. Janet is Henry's ancestor.
4. Janet and Henry share a common ancestor.
5. None of the above is correct.
Enclose the selected answer number in the <ANSWER> tag, for example: <ANSWER>1</ANSWER>.",xiaomi/mimo-v2-flash:free,Xiaomi,,,"Based on the given lineage relationships, there is no direct or indirect connection between Janet and Henry. The lineage chains for Janet and Henry are separate, with no common ancestors or descendants mentioned in the provided relationships. Therefore, none of the first four options apply.

<ANSWER>5</ANSWER>"
64,COMMON_DESCENDANT,2,"Given the following lineage relationships:
* Alexis is Charles's ancestor.
* Lawrence is Henry's descendant.
* Henry is Kelly's descendant.
* Paul is Lori's descendant.
* Cynthia is Benjamin's descendant.
* Andrew is Shirley's ancestor.
* Pamela is Linda's descendant.
* Lawrence is Mason's ancestor.
* Dorothy is Jesse's ancestor.
* Cynthia is Andrew's ancestor.
* Nathan is Alan's descendant.
* Kelly is Emma's descendant.
* Paul is Vincent's ancestor.
* Kathleen is Amy's descendant.
* Brittany is Bradley's descendant.
* Nicole is Keith's ancestor.
* Bobby is Angela's ancestor.
* Zachary is Brenda's ancestor.
* Vincent is Katherine's ancestor.
* Kathleen is Bobby's ancestor.
* Elijah is Margaret's descendant.
* Samantha is Susan's ancestor.
* Anthony is Joan's descendant.
* Stephanie is Joyce's ancestor.
* George is Wayne's descendant.
* Gabriel is Lori's ancestor.
* Joan is Lauren's descendant.
* Susan is Benjamin's ancestor.
* Jean is Wayne's ancestor.
* Mason is Megan's ancestor.
* Joyce is Amy's ancestor.
* Harold is Richard's descendant.
* Brandon is Charles's ancestor.
* Shirley is Jack's ancestor.
* George is Linda's ancestor.
* Judy is Brandon's ancestor.
* Lauren is Madison's descendant.
* Kayla is Jeremy's ancestor.
* Margaret is Ethan's descendant.
* Ruth is Bradley's ancestor.
* Ryan is Elijah's descendant.
* Harold is Nicole's ancestor.
* Pamela is Samantha's ancestor.
* John is Ryan's descendant.
* Ethan is Jeremy's descendant.
* Philip is Keith's descendant.
* John is Debra's ancestor.
* Katherine is Janet's ancestor.
* Joe is Alexis's ancestor.
* Emma is Amanda's descendant.
* Michelle is Judy's ancestor.
* Philip is Ruth's ancestor.
* Alan is Megan's descendant.
* Kayla is Brittany's descendant.
* Madison is Jesse's descendant.
* Julie is Anthony's descendant.
* Joe is Julie's descendant.
* Nathan is Jean's ancestor.
* Zachary is Jack's descendant.
* Dorothy is Janet's descendant.
* Amanda is Debra's descendant.
* Angela is Richard's ancestor.
* Brenda is Gabriel's ancestor.
Determine the lineage relationship between Michelle and Stephanie.
Select the correct answer:
1. Michelle is Stephanie's descendant.
2. Michelle and Stephanie share a common descendant.
3. Michelle is Stephanie's ancestor.
4. Michelle and Stephanie share a common ancestor.
5. None of the above is correct.
Enclose the selected answer number in the <ANSWER> tag, for example: <ANSWER>1</ANSWER>.",xiaomi/mimo-v2-flash:free,Xiaomi,,,"Based on the given lineage relationships, both Michelle and Stephanie are ancestors of Charles. Specifically, Michelle is an ancestor of Charles through the path: Michelle → Judy → Brandon → Charles. Similarly, Stephanie is an ancestor of Charles through a long chain of relationships, including Stephanie → Joyce → Amy → ... → Charles. Therefore, Michelle and Stephanie share a common descendant, which is Charles.

The correct answer is option 2.

<ANSWER>2</ANSWER>"
64,ANCESTOR,4,"Given the following lineage relationships:
* Alice is Linda's ancestor.
* Patricia is Joyce's ancestor.
* Roger is Julia's descendant.
* Beverly is Hannah's ancestor.
* Janet is John's ancestor.
* Isabella is Beverly's ancestor.
* Scott is Roy's ancestor.
* Carl is Kenneth's descendant.
* Janice is Danielle's ancestor.
* Gregory is Kathleen's ancestor.
* Abigail is Kathleen's descendant.
* Janet is Joyce's descendant.
* Stephanie is Christine's ancestor.
* Gerald is Nancy's descendant.
* George is Amy's descendant.
* Nathan is Olivia's descendant.
* Christopher is Julia's ancestor.
* Ethan is Gregory's ancestor.
* Ruth is Megan's descendant.
* Margaret is Vincent's ancestor.
* Mason is Jonathan's ancestor.
* Tyler is Terry's ancestor.
* Edward is Patrick's ancestor.
* Patrick is Megan's ancestor.
* Joan is Joshua's ancestor.
* Nathan is Christopher's ancestor.
* Danielle is Alan's ancestor.
* Terry is Joan's ancestor.
* Evelyn is Joseph's ancestor.
* Scott is Carol's descendant.
* Diana is Marilyn's ancestor.
* Janice is Jonathan's descendant.
* Ruth is Kenneth's ancestor.
* Alice is Catherine's descendant.
* Roger is Samantha's ancestor.
* Gloria is David's ancestor.
* Laura is Marilyn's descendant.
* Tyler is Pamela's descendant.
* Carol is Nicole's descendant.
* Joseph is Catherine's ancestor.
* Vincent is Bryan's ancestor.
* Diana is Arthur's descendant.
* Laura is Amy's ancestor.
* Stephen is Pamela's ancestor.
* Edward is Christine's descendant.
* Gerald is Mason's ancestor.
* Arthur is Diane's descendant.
* Evelyn is Cynthia's descendant.
* Douglas is Diane's ancestor.
* Bryan is Stephanie's ancestor.
* Nancy is Hannah's descendant.
* Stephen is Carl's descendant.
* David is Cynthia's ancestor.
* Roy is Mary's ancestor.
* Mary is Douglas's ancestor.
* Alan is Melissa's ancestor.
* Patricia is George's descendant.
* Samantha is Nicole's ancestor.
* John is Ethan's ancestor.
* Linda is Olivia's ancestor.
* Margaret is Donna's descendant.
* Melissa is Donna's ancestor.
* Joshua is Gloria's ancestor.
Determine the lineage relationship between Isabella and Abigail.
Select the correct answer:
1. Isabella and Abigail share a common ancestor.
2. Isabella and Abigail share a common descendant.
3. Isabella is Abigail's descendant.
4. Isabella is Abigail's ancestor.
5. None of the above is correct.
Enclose the selected answer number in the <ANSWER> tag, for example: <ANSWER>1</ANSWER>.",xiaomi/mimo-v2-flash:free,Xiaomi,,,<ANSWER>4</ANSWER>
64,DESCENDANT,2,"Given the following lineage relationships:
* Christian is Heather's ancestor.
* Roger is Pamela's descendant.
* Harold is Kevin's ancestor.
* Beverly is Diane's ancestor.
* Sarah is Ronald's ancestor.
* Maria is Beverly's ancestor.
* Brandon is Danielle's descendant.
* Barbara is Amber's descendant.
* Rachel is Roy's descendant.
* Cheryl is Lisa's descendant.
* Samantha is Elizabeth's descendant.
* Megan is Andrea's ancestor.
* Jose is Russell's ancestor.
* Katherine is Natalie's ancestor.
* Frank is Amber's ancestor.
* Bradley is Wayne's descendant.
* Abigail is Dennis's descendant.
* Jacob is Andrea's descendant.
* Doris is Alice's descendant.
* Diane is Wayne's ancestor.
* Mason is Madison's ancestor.
* Frank is Natalie's descendant.
* Karen is Peter's descendant.
* Melissa is Keith's ancestor.
* Nicole is James's descendant.
* Isabella is Katherine's ancestor.
* Robert is Doris's descendant.
* Karen is Emma's ancestor.
* Rachel is Judy's ancestor.
* Gerald is Patricia's descendant.
* James is Janice's descendant.
* Bruce is Jose's ancestor.
* Harold is Joyce's descendant.
* Elizabeth is Abigail's descendant.
* Daniel is Frances's descendant.
* Lisa is Shirley's descendant.
* Victoria is Nicole's descendant.
* Kyle is Melissa's ancestor.
* Pamela is Judy's descendant.
* Janice is Cheryl's descendant.
* Megan is Russell's descendant.
* Diana is Alice's ancestor.
* Sarah is Jonathan's descendant.
* Barbara is Kelly's ancestor.
* Dennis is Robert's descendant.
* Deborah is Peter's ancestor.
* Shirley is Jessica's descendant.
* Emma is Frances's ancestor.
* Edward is Mason's ancestor.
* Joyce is Samantha's descendant.
* Deborah is Bradley's descendant.
* Patricia is Kelly's descendant.
* Ralph is Jessica's ancestor.
* Bruce is Madison's descendant.
* Gerald is Roy's ancestor.
* Ralph is Daniel's descendant.
* Heather is Danielle's ancestor.
* Kyle is Kevin's descendant.
* Edward is Brandon's descendant.
* Roger is Christian's ancestor.
* Keith is Jonathan's ancestor.
* Diana is Jacob's descendant.
* Maria is Ronald's descendant.
Determine the lineage relationship between Victoria and Isabella.
Select the correct answer:
1. Victoria and Isabella share a common descendant.
2. Victoria is Isabella's descendant.
3. Victoria is Isabella's ancestor.
4. Victoria and Isabella share a common ancestor.
5. None of the above is correct.
Enclose the selected answer number in the <ANSWER> tag, for example: <ANSWER>1</ANSWER>.",xiaomi/mimo-v2-flash:free,Xiaomi,,,"Based on the given lineage relationships, there is no direct or indirect connection between Victoria and Isabella. The chains of ancestry and descent for Victoria and Isabella do not intersect, meaning they do not share a common ancestor or descendant, and neither is an ancestor or descendant of the other. Therefore, none of the first four options are correct.

<ANSWER>5</ANSWER>"
64,COMMON_ANCESTOR,3,"Given the following lineage relationships:
* Emily is Patrick's descendant.
* Alice is Emily's descendant.
* Kenneth is Janice's descendant.
* Dennis is Sharon's descendant.
* Noah is Brittany's descendant.
* Grace is Bobby's descendant.
* Gerald is Maria's descendant.
* Dennis is Ann's ancestor.
* Natalie is Ann's descendant.
* Zachary is Cheryl's ancestor.
* Madison is Rebecca's descendant.
* Terry is Ethan's ancestor.
* Amy is Carl's ancestor.
* Michael is John's descendant.
* Edward is Jacob's descendant.
* Jacob is Kenneth's descendant.
* Terry is Jose's descendant.
* John is Martha's descendant.
* Lauren is Robert's ancestor.
* Frances is Melissa's descendant.
* Thomas is Frances's descendant.
* Marilyn is Aaron's descendant.
* Natalie is Raymond's ancestor.
* Abigail is Maria's ancestor.
* Angela is Alice's descendant.
* Brenda is Anthony's descendant.
* Anthony is Nicholas's descendant.
* Marilyn is Sharon's ancestor.
* Gerald is Dorothy's ancestor.
* Diana is Peter's ancestor.
* Elijah is Laura's descendant.
* Thomas is Laura's ancestor.
* Martha is Janet's descendant.
* Nicholas is Cheryl's descendant.
* Aaron is Noah's descendant.
* Walter is Kelly's descendant.
* Patricia is Carl's descendant.
* Brittany is Ethan's descendant.
* Amy is Marie's descendant.
* Mary is Elijah's descendant.
* Bobby is Deborah's descendant.
* Ronald is Bradley's descendant.
* Robert is Nicole's ancestor.
* Sarah is Melissa's ancestor.
* Mary is Patrick's ancestor.
* Brenda is Sarah's ancestor.
* Nicole is Charles's ancestor.
* Diana is Walter's descendant.
* Charles is Deborah's ancestor.
* Bruce is Abigail's ancestor.
* Michael is Adam's ancestor.
* Rebecca is Lauren's descendant.
* Madison is Janice's ancestor.
* Ronald is Logan's ancestor.
* Grace is Bruce's ancestor.
* Brandon is Edward's descendant.
* Vincent is Kelly's ancestor.
* Adam is Bradley's ancestor.
* Marie is Dorothy's descendant.
* Peter is Jose's ancestor.
* Brandon is Vincent's ancestor.
* Janet is Angela's descendant.
* Patricia is Zachary's ancestor.
Determine the lineage relationship between Raymond and Logan.
Select the correct answer:
1. Raymond and Logan share a common descendant.
2. Raymond is Logan's descendant.
3. Raymond and Logan share a common ancestor.
4. Raymond is Logan's ancestor.
5. None of the above is correct.
Enclose the selected answer number in the <ANSWER> tag, for example: <ANSWER>1</ANSWER>.",xiaomi/mimo-v2-flash:free,Xiaomi,,,"Based on the given lineage relationships, we can trace the ancestry of both Raymond and Logan to find a common ancestor. 

- Natalie is Raymond's ancestor, meaning Raymond is a descendant of Natalie.
- Natalie is Ann's descendant, so Ann is an ancestor of Natalie.
- Following the chain of ancestors from Natalie, we find that Bradley is an ancestor of Natalie (through multiple steps involving Adam, Michael, etc.).
- Ronald is Logan's ancestor, meaning Logan is a descendant of Ronald.
- Ronald is Bradley's descendant, so Bradley is an ancestor of Ronald.

Thus, both Raymond and Logan are descendants of Bradley, meaning they share a common ancestor in Bradley. Therefore, the correct relationship is that Raymond and Logan share a common ancestor.

<ANSWER>3</ANSWER>"
64,COMMON_DESCENDANT,3,"Given the following lineage relationships:
* Rachel is Judith's descendant.
* Brandon is Roger's ancestor.
* Judith is Evelyn's descendant.
* Jonathan is Brittany's descendant.
* Charlotte is Nancy's descendant.
* Vincent is Madison's descendant.
* Bryan is Roy's descendant.
* Eric is Nicholas's descendant.
* Lori is Abigail's ancestor.
* Deborah is Elijah's descendant.
* Barbara is Roy's ancestor.
* Bryan is Frances's ancestor.
* Walter is Marilyn's ancestor.
* Carol is Hannah's descendant.
* Dorothy is Melissa's descendant.
* Peter is Walter's ancestor.
* Nancy is Rachel's descendant.
* Helen is Jordan's ancestor.
* Sophia is Shirley's ancestor.
* Nicholas is Joan's descendant.
* Jesse is John's descendant.
* Dylan is Teresa's ancestor.
* Jonathan is Judy's ancestor.
* Eric is Brenda's ancestor.
* Elijah is Marie's descendant.
* Katherine is Sean's descendant.
* Lisa is Helen's ancestor.
* Katherine is Brittany's ancestor.
* Marilyn is Harold's ancestor.
* Alexander is Brenda's descendant.
* Charlotte is Andrea's ancestor.
* Joseph is Thomas's ancestor.
* Sandra is Harold's descendant.
* Diane is Dorothy's descendant.
* Hannah is Diane's descendant.
* Abigail is Deborah's descendant.
* Cheryl is Anna's ancestor.
* Nicole is Sean's ancestor.
* Michelle is Nicole's ancestor.
* Cheryl is Andrea's descendant.
* Sophia is Teresa's descendant.
* Lori is Brian's descendant.
* Carol is Dylan's ancestor.
* Joan is Sandra's descendant.
* Amanda is Michelle's ancestor.
* Arthur is Lisa's ancestor.
* James is John's ancestor.
* Frank is Olivia's ancestor.
* Brian is Frances's descendant.
* Brandon is Jesse's descendant.
* Roger is Barbara's ancestor.
* Alexander is Joseph's ancestor.
* Amanda is Logan's descendant.
* Olivia is Julie's ancestor.
* Evelyn is Kimberly's descendant.
* Jordan is Melissa's ancestor.
* Julie is Kimberly's ancestor.
* Thomas is Madison's ancestor.
* Frank is Judy's descendant.
* Anna is Marie's ancestor.
* Peter is Billy's descendant.
* Shirley is James's ancestor.
* Vincent is Logan's ancestor.
Determine the lineage relationship between Billy and Arthur.
Select the correct answer:
1. Billy and Arthur share a common ancestor.
2. Billy is Arthur's ancestor.
3. Billy and Arthur share a common descendant.
4. Billy is Arthur's descendant.
5. None of the above is correct.
Enclose the selected answer number in the <ANSWER> tag, for example: <ANSWER>1</ANSWER>.",xiaomi/mimo-v2-flash:free,Xiaomi,,,"Based on the given lineage relationships, Billy and Arthur both have Lisa as a descendant. Billy is an ancestor of Lisa through a long chain of relationships, and Arthur is directly stated to be an ancestor of Lisa. Therefore, Billy and Arthur share a common descendant, Lisa.

The correct answer is 3.

<ANSWER>3</ANSWER>"
64,ANCESTOR,3,"Given the following lineage relationships:
* Charles is Christian's descendant.
* Amber is Beverly's ancestor.
* Lawrence is Nicole's ancestor.
* David is Judith's descendant.
* Nicholas is Stephanie's ancestor.
* Terry is Cheryl's ancestor.
* Andrew is Emma's ancestor.
* Donald is Kayla's ancestor.
* Theresa is Jonathan's ancestor.
* Amber is Charles's descendant.
* Abigail is Russell's ancestor.
* Helen is Natalie's ancestor.
* Jean is Pamela's ancestor.
* Brittany is Joan's ancestor.
* Kyle is Stephanie's descendant.
* Kathryn is Kelly's ancestor.
* Ethan is Janet's descendant.
* Samuel is Christine's descendant.
* Wayne is Samantha's descendant.
* Kelly is Albert's ancestor.
* Jacqueline is Terry's ancestor.
* Beverly is Debra's ancestor.
* Abigail is William's descendant.
* Betty is Elijah's descendant.
* Gabriel is Helen's ancestor.
* Gabriel is Kyle's descendant.
* William is Jerry's descendant.
* Steven is Christina's descendant.
* Charlotte is Emma's descendant.
* Andrew is Samuel's descendant.
* Kimberly is Roy's descendant.
* Samantha is Jack's descendant.
* Janet is David's descendant.
* Carolyn is Jack's ancestor.
* Kimberly is James's ancestor.
* Cynthia is James's descendant.
* Judith is Bradley's descendant.
* Michelle is Joe's descendant.
* Edward is Pamela's descendant.
* Brandon is Megan's descendant.
* Brittany is Albert's descendant.
* Joan is Donald's ancestor.
* Cynthia is Bradley's ancestor.
* Vincent is Kayla's descendant.
* Vincent is Megan's ancestor.
* Charlotte is Ashley's ancestor.
* Gerald is Michelle's descendant.
* Jonathan is Christian's ancestor.
* Jerry is Betty's descendant.
* Natalie is Elijah's ancestor.
* Wayne is Joe's ancestor.
* Jean is Brandon's descendant.
* Dennis is Carolyn's ancestor.
* Jacqueline is Ashley's descendant.
* Debra is Lawrence's ancestor.
* Joyce is Christine's ancestor.
* Nicole is Dorothy's ancestor.
* Nicholas is Edward's descendant.
* Theresa is Russell's descendant.
* Cheryl is Roy's ancestor.
* Dorothy is Dennis's ancestor.
* Christina is Ethan's descendant.
* Joyce is Gerald's descendant.
Determine the lineage relationship between Kathryn and Steven.
Select the correct answer:
1. Kathryn and Steven share a common ancestor.
2. Kathryn and Steven share a common descendant.
3. Kathryn is Steven's ancestor.
4. Kathryn is Steven's descendant.
5. None of the above is correct.
Enclose the selected answer number in the <ANSWER> tag, for example: <ANSWER>1</ANSWER>.",xiaomi/mimo-v2-flash:free,Xiaomi,,,"Based on the given lineage relationships, a chain of ancestry can be traced from Kathryn to Steven. Kathryn is Kelly's ancestor, and through a series of relationships, Kelly is an ancestor of Albert, who is an ancestor of Brittany, and so on, eventually leading to Steven. This establishes that Kathryn is an ancestor of Steven.

Thus, the correct answer is option 3: Kathryn is Steven's ancestor.

<ANSWER>3</ANSWER>"
64,DESCENDANT,2,"Given the following lineage relationships:
* Janet is George's ancestor.
* Rachel is Nicole's ancestor.
* Charles is Gabriel's descendant.
* Charles is Brenda's ancestor.
* Arthur is Heather's descendant.
* Cynthia is Frances's ancestor.
* Mark is Juan's descendant.
* Bryan is Brenda's descendant.
* Judith is Evelyn's descendant.
* Mark is Kenneth's ancestor.
* Albert is Kevin's descendant.
* Peter is Jacob's ancestor.
* Amber is Joshua's ancestor.
* Jennifer is Janet's ancestor.
* Hannah is Marie's descendant.
* Jean is Maria's descendant.
* Kenneth is Bradley's ancestor.
* Frances is Margaret's ancestor.
* Logan is Deborah's descendant.
* George is Jordan's ancestor.
* Lori is Isabella's descendant.
* Christopher is Marie's ancestor.
* Scott is Rachel's ancestor.
* Deborah is Patrick's descendant.
* Joshua is Danielle's ancestor.
* Wayne is Nancy's descendant.
* Stephanie is Patrick's ancestor.
* Susan is Jacob's descendant.
* Jean is Abigail's ancestor.
* Bradley is Grace's ancestor.
* Eric is Albert's descendant.
* Lisa is Arthur's descendant.
* Christopher is Grace's descendant.
* Lori is Cynthia's ancestor.
* Hannah is Julie's ancestor.
* Carolyn is Henry's descendant.
* Anthony is Bryan's descendant.
* Timothy is Maria's ancestor.
* John is Judith's descendant.
* Zachary is Laura's ancestor.
* Charlotte is Laura's descendant.
* Kevin is Amanda's descendant.
* Nicole is Gabriel's ancestor.
* Lisa is Isabella's ancestor.
* Victoria is Jacqueline's ancestor.
* Stephanie is Abigail's descendant.
* Eric is Justin's ancestor.
* Jacqueline is Peter's ancestor.
* Margaret is Mary's ancestor.
* Brandon is Matthew's descendant.
* Amber is Logan's descendant.
* Scott is Charlotte's descendant.
* Matthew is Mary's descendant.
* Susan is Nancy's ancestor.
* John is Victoria's ancestor.
* Heather is Justin's descendant.
* Henry is Danielle's descendant.
* Timothy is Julie's descendant.
* Juan is Wayne's descendant.
* Sophia is Evelyn's ancestor.
* Jennifer is Carolyn's descendant.
* Brandon is Zachary's ancestor.
* Sophia is Anthony's descendant.
Determine the lineage relationship between Jordan and Amanda.
Select the correct answer:
1. Jordan and Amanda share a common ancestor.
2. Jordan is Amanda's descendant.
3. Jordan is Amanda's ancestor.
4. Jordan and Amanda share a common descendant.
5. None of the above is correct.
Enclose the selected answer number in the <ANSWER> tag, for example: <ANSWER>1</ANSWER>.",xiaomi/mimo-v2-flash:free,Xiaomi,,,"Based on the given lineage relationships, there is a chain of relationships connecting Jordan to Amanda. Starting from Jordan, we have George as Jordan's ancestor. Through a series of relationships, we can trace from Jordan to Amanda via multiple steps, ultimately showing that Amanda is an ancestor of Jordan. Therefore, Jordan is a descendant of Amanda.

The correct answer is option 2.

<ANSWER>2</ANSWER>"
64,COMMON_ANCESTOR,3,"Given the following lineage relationships:
* Victoria is Alan's ancestor.
* Judith is Christina's descendant.
* Andrew is Gabriel's descendant.
* Shirley is Janice's descendant.
* Lori is Gerald's descendant.
* Rachel is Justin's descendant.
* Richard is Frances's descendant.
* Denise is Brian's ancestor.
* Ann is Edward's descendant.
* Mary is Martha's descendant.
* Sandra is Gerald's ancestor.
* Ethan is Janet's ancestor.
* Jose is Eric's descendant.
* Justin is Lisa's descendant.
* Ann is Frances's ancestor.
* Brittany is Catherine's ancestor.
* Brandon is Karen's ancestor.
* Judith is Joseph's ancestor.
* Victoria is Billy's descendant.
* Kyle is Austin's descendant.
* Jonathan is Brenda's descendant.
* Brenda is Jean's descendant.
* Bradley is Denise's ancestor.
* Heather is Jesse's ancestor.
* Pamela is Kyle's descendant.
* Richard is Austin's ancestor.
* Ethan is Susan's descendant.
* Karen is Billy's ancestor.
* Brittany is Jacqueline's descendant.
* Lisa is Jonathan's descendant.
* Catherine is Theresa's ancestor.
* Joseph is Joyce's ancestor.
* Stephen is Martha's ancestor.
* Peter is Kathryn's ancestor.
* Anna is Helen's descendant.
* Heather is Barbara's descendant.
* Benjamin is Gabriel's ancestor.
* Brandon is Janet's descendant.
* Scott is Douglas's ancestor.
* Jacqueline is Jose's descendant.
* Willie is Mary's descendant.
* Susan is Peter's ancestor.
* Kathryn is Joan's ancestor.
* Janice is Virginia's descendant.
* Lori is Dennis's ancestor.
* Jesse is Sandra's ancestor.
* Aaron is Gloria's ancestor.
* Nicole is Eric's ancestor.
* Joan is Virginia's ancestor.
* Nicole is Margaret's descendant.
* Helen is Andrew's descendant.
* Christina is Jack's descendant.
* Edward is Dennis's descendant.
* Benjamin is Rachel's descendant.
* Gloria is Jean's ancestor.
* Shirley is Bradley's ancestor.
* Theresa is Aaron's ancestor.
* Joyce is Barbara's ancestor.
* Jacob is Jack's ancestor.
* Stephen is Brian's descendant.
* Alan is Margaret's ancestor.
* Scott is Willie's descendant.
* Jacob is Anna's descendant.
Determine the lineage relationship between Douglas and Pamela.
Select the correct answer:
1. Douglas is Pamela's descendant.
2. Douglas is Pamela's ancestor.
3. Douglas and Pamela share a common ancestor.
4. Douglas and Pamela share a common descendant.
5. None of the above is correct.
Enclose the selected answer number in the <ANSWER> tag, for example: <ANSWER>1</ANSWER>.",xiaomi/mimo-v2-flash:free,Xiaomi,,,"Based on the given lineage relationships, Douglas and Pamela are both descendants of Richard. Richard is an ancestor of Douglas through a long chain of relationships, and Richard is also an ancestor of Pamela through Austin, Kyle, and others. Since they share Richard as a common ancestor but are not in a direct ancestor-descendant relationship with each other, the correct answer is that they share a common ancestor.

<ANSWER>3</ANSWER>"
64,COMMON_DESCENDANT,1,"Given the following lineage relationships:
* Joe is Ann's ancestor.
* Katherine is Carl's ancestor.
* Robert is Marilyn's descendant.
* Mason is Sara's descendant.
* Catherine is Mason's descendant.
* Gary is Jonathan's ancestor.
* Noah is Henry's ancestor.
* Diane is Martha's ancestor.
* Jordan is Alan's descendant.
* Janet is Debra's descendant.
* Thomas is Maria's descendant.
* Joyce is Kenneth's descendant.
* Janet is Julie's ancestor.
* Matthew is Jack's ancestor.
* Sara is George's descendant.
* Rebecca is Noah's ancestor.
* Joan is Kelly's descendant.
* Grace is Steven's descendant.
* Jacqueline is Wayne's descendant.
* Justin is Mark's descendant.
* Julie is Virginia's ancestor.
* Katherine is Jeremy's descendant.
* Mark is Jacqueline's descendant.
* Karen is Andrew's ancestor.
* Ruth is Rebecca's ancestor.
* Bradley is Andrew's descendant.
* Kenneth is Sandra's descendant.
* Frank is Susan's ancestor.
* Kimberly is Elizabeth's ancestor.
* Adam is Helen's descendant.
* Thomas is Abigail's ancestor.
* Marilyn is Joyce's descendant.
* Brian is Frances's descendant.
* Edward is Frances's ancestor.
* Karen is Grace's descendant.
* Jordan is Victoria's ancestor.
* Elizabeth is Sandra's ancestor.
* Jack is Justin's descendant.
* Ralph is Bradley's descendant.
* Ann is George's ancestor.
* Kelly is Carl's descendant.
* Matthew is Adam's descendant.
* Theresa is Evelyn's ancestor.
* Christopher is Abigail's descendant.
* Joan is Helen's ancestor.
* Frank is Samuel's descendant.
* Steven is Arthur's descendant.
* Joe is Ralph's descendant.
* Victoria is Maria's ancestor.
* Amanda is Martha's descendant.
* Jonathan is Carol's ancestor.
* Virginia is Harold's ancestor.
* Theresa is Catherine's descendant.
* Susan is Edward's ancestor.
* Amanda is Kimberly's ancestor.
* Henry is Diane's ancestor.
* Samuel is Harold's descendant.
* Carol is Arthur's ancestor.
* Debra is Evelyn's descendant.
* Robert is Jeremy's ancestor.
* Gerald is Gary's ancestor.
* Wayne is Christopher's descendant.
* Alan is Brian's descendant.
Determine the lineage relationship between Ruth and Gerald.
Select the correct answer:
1. Ruth and Gerald share a common descendant.
2. Ruth is Gerald's ancestor.
3. Ruth is Gerald's descendant.
4. Ruth and Gerald share a common ancestor.
5. None of the above is correct.
Enclose the selected answer number in the <ANSWER> tag, for example: <ANSWER>1</ANSWER>.",xiaomi/mimo-v2-flash:free,Xiaomi,,,"Based on the given lineage relationships, Ruth is Rebecca's ancestor, and Gerald is Gary's ancestor. Through a series of connections, both Ruth and Gerald are ancestors of Jack. Specifically:

- Ruth → Rebecca → Noah → Henry → Diane → Martha → Amanda → Kimberly → Elizabeth → Sandra → Kenneth → Joyce → Marilyn → Robert → Jeremy → Katherine → Carl → Kelly → Joan → Helen → Adam → Matthew → Jack
- Gerald → Gary → Jonathan → Carol → Arthur → Steven → Grace → Karen → Andrew → Bradley → Ralph → Joe → Ann → George → Sara → Mason → Catherine → Theresa → Evelyn → Debra → Janet → Julie → Virginia → Harold → Samuel → Frank → Susan → Edward → Frances → Brian → Alan → Jordan → Victoria → Maria → Thomas → Abigail → Christopher → Wayne → Jacqueline → Mark → Justin → Jack

Since both paths lead to Jack, Jack is a common descendant of Ruth and Gerald. Therefore, Ruth and Gerald share a common descendant.

<ANSWER>1</ANSWER>"
64,ANCESTOR,4,"Given the following lineage relationships:
* Judith is Katherine's descendant.
* Katherine is Wayne's descendant.
* Aaron is Jerry's ancestor.
* Joe is Aaron's ancestor.
* Janice is Angela's descendant.
* Brian is Juan's ancestor.
* Larry is Christina's descendant.
* Albert is Sandra's ancestor.
* Ronald is Kayla's descendant.
* Billy is Robert's descendant.
* Paul is Alexander's descendant.
* Julie is Kathryn's descendant.
* Marilyn is Martha's ancestor.
* Isabella is Shirley's ancestor.
* Julie is Brian's ancestor.
* Dylan is Jerry's descendant.
* Brittany is Sophia's descendant.
* Nicole is Wayne's ancestor.
* Sophia is Kathleen's descendant.
* Debra is Kathleen's ancestor.
* Jose is Eric's descendant.
* Maria is William's descendant.
* Emily is Christopher's descendant.
* Daniel is Kathryn's ancestor.
* Gloria is Albert's ancestor.
* Larry is Harold's ancestor.
* Benjamin is Scott's descendant.
* Michelle is Grace's ancestor.
* Hannah is Benjamin's descendant.
* Isabella is Eugene's descendant.
* Billy is Daniel's ancestor.
* Jeremy is Harold's descendant.
* Gerald is Anna's ancestor.
* Gabriel is Anna's descendant.
* Matthew is Sandra's descendant.
* Andrea is Adam's ancestor.
* Judith is Christina's ancestor.
* Gerald is Dylan's descendant.
* Robert is Ryan's descendant.
* Jason is Grace's descendant.
* Juan is Michelle's ancestor.
* Jason is Marilyn's ancestor.
* Jacob is Sean's ancestor.
* Ann is Andrea's ancestor.
* Brittany is Nicole's ancestor.
* Danielle is Michael's ancestor.
* Sean is Scott's ancestor.
* Betty is Gabriel's descendant.
* Jacob is Betty's descendant.
* Debra is Michael's descendant.
* Ryan is Shirley's descendant.
* Diana is William's ancestor.
* Maria is Ann's ancestor.
* Amber is Jose's descendant.
* Gloria is Paul's descendant.
* Diana is Martha's descendant.
* Christopher is Amber's descendant.
* Eric is Janice's descendant.
* Hannah is Danielle's ancestor.
* Jeremy is Alexander's ancestor.
* Joe is Adam's descendant.
* Ronald is Angela's ancestor.
* Eugene is Emily's descendant.
Determine the lineage relationship between Kayla and Matthew.
Select the correct answer:
1. Kayla and Matthew share a common ancestor.
2. Kayla and Matthew share a common descendant.
3. Kayla is Matthew's descendant.
4. Kayla is Matthew's ancestor.
5. None of the above is correct.
Enclose the selected answer number in the <ANSWER> tag, for example: <ANSWER>1</ANSWER>.",xiaomi/mimo-v2-flash:free,Xiaomi,,,"Based on the given lineage relationships, a chain of ancestry can be traced from Matthew to Kayla, establishing that Kayla is Matthew's ancestor. The path involves multiple individuals, but the key connections are:

- Matthew is Sandra's descendant (from statement 35).
- Sandra is Albert's descendant (from statement 8, since Albert is Sandra's ancestor).
- Continuing through various relationships, eventually Ronald is Angela's ancestor (from statement 62).
- Ronald is Kayla's descendant (from statement 9), meaning Kayla is Ronald's ancestor.

Thus, Kayla is an ancestor of Matthew through this chain. Therefore, the correct relationship is that Kayla is Matthew's ancestor.

<ANSWER>4</ANSWER>"
64,DESCENDANT,3,"Given the following lineage relationships:
* Jonathan is Nicholas's ancestor.
* Noah is Joseph's ancestor.
* Helen is Dennis's ancestor.
* Dylan is Nicholas's descendant.
* Helen is Philip's descendant.
* Jean is Lisa's ancestor.
* Jack is Heather's descendant.
* Patrick is Amanda's descendant.
* Heather is Robert's descendant.
* Sara is Ashley's ancestor.
* Susan is Mason's ancestor.
* David is Paul's ancestor.
* Kimberly is Teresa's ancestor.
* Joan is Gabriel's descendant.
* Nathan is Madison's descendant.
* Randy is Sara's ancestor.
* Alice is Debra's descendant.
* Judy is Stephanie's ancestor.
* Cheryl is Kevin's descendant.
* Ruth is Raymond's ancestor.
* Joan is Mary's ancestor.
* Gabriel is Isabella's descendant.
* Mary is Olivia's ancestor.
* Samantha is Nancy's ancestor.
* Mason is Philip's ancestor.
* Linda is Grace's descendant.
* Isabella is Bradley's descendant.
* Christine is Ashley's descendant.
* Alice is James's ancestor.
* Stephen is Dennis's descendant.
* Joyce is Amy's ancestor.
* Patrick is Madison's ancestor.
* Vincent is Jeffrey's descendant.
* Nathan is Samantha's ancestor.
* Laura is Austin's descendant.
* Harold is Jeffrey's ancestor.
* Christine is Joyce's ancestor.
* Linda is Bradley's ancestor.
* Kevin is Kathryn's descendant.
* Judy is Cheryl's descendant.
* Kathryn is Teresa's descendant.
* Ruth is Amy's descendant.
* Randy is Douglas's descendant.
* Brandon is Susan's ancestor.
* Grace is Nancy's descendant.
* Jonathan is John's descendant.
* Sarah is Raymond's descendant.
* Jean is Olivia's descendant.
* Joseph is Harold's ancestor.
* Kimberly is Victoria's descendant.
* Jack is Douglas's ancestor.
* Larry is Stephanie's descendant.
* Noah is Lisa's descendant.
* Austin is Barbara's descendant.
* Victoria is Sarah's descendant.
* Dylan is Brandon's ancestor.
* Laura is Theresa's ancestor.
* Robert is Sharon's descendant.
* Debra is Vincent's descendant.
* Amanda is Stephen's descendant.
* David is Larry's descendant.
* John is Paul's descendant.
* Sharon is Theresa's descendant.
Determine the lineage relationship between James and Barbara.
Select the correct answer:
1. James and Barbara share a common descendant.
2. James and Barbara share a common ancestor.
3. James is Barbara's descendant.
4. James is Barbara's ancestor.
5. None of the above is correct.
Enclose the selected answer number in the <ANSWER> tag, for example: <ANSWER>1</ANSWER>.",xiaomi/mimo-v2-flash:free,Xiaomi,,,"Based on the given lineage relationships, tracing the connections from James to Barbara shows that James is a descendant of Barbara. The path from Barbara to James is as follows:

- Barbara is the ancestor of Austin (from ""Austin is Barbara's descendant"").
- Austin is the ancestor of Laura (from ""Laura is Austin's descendant"").
- Laura is the ancestor of Theresa (from ""Laura is Theresa's ancestor"").
- Theresa is the ancestor of Sharon (from ""Sharon is Theresa's descendant"").
- Sharon is the ancestor of Robert (from ""Robert is Sharon's descendant"").
- Robert is the ancestor of Heather (from ""Heather is Robert's descendant"").
- Heather is the ancestor of Jack (from ""Jack is Heather's descendant"").
- Jack is the ancestor of Douglas (from ""Jack is Douglas's ancestor"").
- Douglas is the ancestor of Randy (from ""Randy is Douglas's descendant"").
- Randy is the ancestor of Sara (from ""Randy is Sara's ancestor"").
- Sara is the ancestor of Ashley (from ""Sara is Ashley's ancestor"").
- Ashley is the ancestor of Christine (from ""Christine is Ashley's descendant"").
- Christine is the ancestor of Joyce (from ""Christine is Joyce's ancestor"").
- Joyce is the ancestor of Amy (from ""Joyce is Amy's ancestor"").
- Amy is the ancestor of Ruth (from ""Ruth is Amy's descendant"").
- Ruth is the ancestor of Raymond (from ""Ruth is Raymond's ancestor"").
- Raymond is the ancestor of Sarah (from ""Sarah is Raymond's descendant"").
- Sarah is the ancestor of Victoria (from ""Victoria is Sarah's descendant"").
- Victoria is the ancestor of Kimberly (from ""Kimberly is Victoria's descendant"").
- Kimberly is the ancestor of Teresa (from ""Kimberly is Teresa's ancestor"").
- Teresa is the ancestor of Kathryn (from ""Kathryn is Teresa's descendant"").
- Kathryn is the ancestor of Kevin (from ""Kevin is Kathryn's descendant"").
- Kevin is the ancestor of Cheryl (from ""Cheryl is Kevin's descendant"").
- Cheryl is the ancestor of Judy (from ""Judy is Cheryl's descendant"").
- Judy is the ancestor of Stephanie (from ""Judy is Stephanie's ancestor"").
- Stephanie is the ancestor of Larry (from ""Larry is Stephanie's descendant"").
- Larry is the ancestor of David (from ""David is Larry's descendant"").
- David is the ancestor of Paul (from ""David is Paul's ancestor"").
- Paul is the ancestor of John (from ""John is Paul's descendant"").
- John is the ancestor of Jonathan (from ""Jonathan is John's descendant"").
- Jonathan is the ancestor of Nicholas (from ""Jonathan is Nicholas's ancestor"").
- Nicholas is the ancestor of Dylan (from ""Dylan is Nicholas's descendant"").
- Dylan is the ancestor of Brandon (from ""Dylan is Brandon's ancestor"").
- Brandon is the ancestor of Susan (from ""Brandon is Susan's ancestor"").
- Susan is the ancestor of Mason (from ""Susan is Mason's ancestor"").
- Mason is the ancestor of Philip (from ""Mason is Philip's ancestor"").
- Philip is the ancestor of Helen (from ""Helen is Philip's descendant"").
- Helen is the ancestor of Dennis (from ""Helen is Dennis's ancestor"").
- Dennis is the ancestor of Stephen (from ""Stephen is Dennis's descendant"").
- Stephen is the ancestor of Amanda (from ""Amanda is Stephen's descendant"").
- Amanda is the ancestor of Patrick (from ""Patrick is Amanda's descendant"").
- Patrick is the ancestor of Madison (from ""Patrick is Madison's ancestor"").
- Madison is the ancestor of Nathan (from ""Nathan is Madison's descendant"").
- Nathan is the ancestor of Samantha (from ""Nathan is Samantha's ancestor"").
- Samantha is the ancestor of Nancy (from ""Samantha is Nancy's ancestor"").
- Nancy is the ancestor of Grace (from ""Grace is Nancy's descendant"").
- Grace is the ancestor of Linda (from ""Linda is Grace's descendant"").
- Linda is the ancestor of Bradley (from ""Linda is Bradley's ancestor"").
- Bradley is the ancestor of Isabella (from ""Isabella is Bradley's descendant"").
- Isabella is the ancestor of Gabriel (from ""Gabriel is Isabella's descendant"").
- Gabriel is the ancestor of Joan (from ""Joan is Gabriel's descendant"").
- Joan is the ancestor of Mary (from ""Joan is Mary's ancestor"").
- Mary is the ancestor of Olivia (from ""Mary is Olivia's ancestor"").
- Olivia is the ancestor of Jean (from ""Jean is Olivia's descendant"").
- Jean is the ancestor of Lisa (from ""Jean is Lisa's ancestor"").
- Lisa is the ancestor of Noah (from ""Noah is Lisa's descendant"").
- Noah is the ancestor of Joseph (from ""Noah is Joseph's ancestor"").
- Joseph is the ancestor of Harold (from ""Joseph is Harold's ancestor"").
- Harold is the ancestor of Jeffrey (from ""Harold is Jeffrey's ancestor"").
- Jeffrey is the ancestor of Vincent (from ""Vincent is Jeffrey's descendant"").
- Vincent is the ancestor of Debra (from ""Debra is Vincent's descendant"").
- Debra is the ancestor of Alice (from ""Alice is Debra's descendant"").
- Alice is the ancestor of James (from ""Alice is James's ancestor"").

Thus, James is a descendant of Barbara, confirming option 3.

<ANSWER>3</ANSWER>"
64,COMMON_ANCESTOR,3,"Given the following lineage relationships:
* Brenda is Ronald's descendant.
* Jerry is Diane's ancestor.
* Kelly is George's ancestor.
* Joyce is Henry's descendant.
* Donald is Carolyn's descendant.
* Jeffrey is Evelyn's ancestor.
* Danielle is Lori's descendant.
* Rachel is Russell's descendant.
* Michael is Andrew's ancestor.
* Bradley is Eugene's ancestor.
* Brenda is Jason's ancestor.
* Zachary is Wayne's descendant.
* Michelle is Joshua's ancestor.
* Bruce is Katherine's descendant.
* Gary is Joyce's descendant.
* Julia is Diana's ancestor.
* Katherine is John's descendant.
* Jeffrey is Jack's descendant.
* Rachel is Jack's ancestor.
* Julia is Andrew's descendant.
* Jason is Margaret's ancestor.
* Janice is Albert's ancestor.
* Kayla is Thomas's ancestor.
* Shirley is Jerry's ancestor.
* Gerald is Karen's ancestor.
* Ronald is Barbara's ancestor.
* Kelly is Richard's descendant.
* Donna is Alexis's descendant.
* Christian is Kayla's ancestor.
* Michael is Barbara's descendant.
* Julie is Mark's descendant.
* Lawrence is Teresa's descendant.
* Sara is Alexis's ancestor.
* Jacob is Brian's ancestor.
* Russell is Eric's descendant.
* Julie is Henry's ancestor.
* Keith is Joe's descendant.
* Natalie is Sara's ancestor.
* Eric is Victoria's descendant.
* Paul is Carolyn's ancestor.
* Keith is Samuel's ancestor.
* Teresa is Evelyn's descendant.
* Lawrence is Michelle's ancestor.
* Kimberly is Gerald's ancestor.
* Bruce is Raymond's ancestor.
* Zachary is Harold's ancestor.
* George is Mark's ancestor.
* Shirley is Albert's descendant.
* Diane is Lori's ancestor.
* Joe is Karen's descendant.
* Brian is Victoria's ancestor.
* Samuel is Paul's ancestor.
* Margaret is Wayne's ancestor.
* Gary is Jacob's ancestor.
* Raymond is Abigail's ancestor.
* Thomas is Richard's ancestor.
* Ethan is Danielle's descendant.
* Harold is Christian's ancestor.
* Janice is Abigail's descendant.
* Donald is Bradley's ancestor.
* Joshua is Kimberly's ancestor.
* Diana is John's ancestor.
* Ethan is Natalie's ancestor.
Determine the lineage relationship between Donna and Eugene.
Select the correct answer:
1. Donna is Eugene's descendant.
2. Donna is Eugene's ancestor.
3. Donna and Eugene share a common ancestor.
4. Donna and Eugene share a common descendant.
5. None of the above is correct.
Enclose the selected answer number in the <ANSWER> tag, for example: <ANSWER>1</ANSWER>.",xiaomi/mimo-v2-flash:free,Xiaomi,,,"Based on the given lineage relationships, both Donna and Eugene share Shirley as a common ancestor. Donna is a descendant of Shirley through the chain: Shirley → Jerry → Diane → Lori → Danielle → Ethan → Natalie → Sara → Alexis → Donna. Eugene is also a descendant of Shirley through the chain: Shirley → Albert → Janice → Abigail → Raymond → Bruce → Katherine → John → Diana → Julia → Andrew → Michael → Barbara → Ronald → Brenda → Jason → Margaret → Wayne → Zachary → Harold → Christian → Kayla → Thomas → Richard → Kelly → George → Mark → Julie → Henry → Joyce → Gary → Jacob → Brian → Victoria → Eric → Russell → Rachel → Jack → Jeffrey → Evelyn → Teresa → Lawrence → Michelle → Joshua → Kimberly → Gerald → Karen → Joe → Keith → Samuel → Paul → Carolyn → Donald → Bradley → Eugene. Since both share Shirley as an ancestor, they do not have a direct ancestor-descendant relationship with each other.

Therefore, the correct answer is option 3.

<ANSWER>3</ANSWER>"
64,COMMON_DESCENDANT,4,"Given the following lineage relationships:
* Marilyn is Janice's ancestor.
* Sean is Sophia's ancestor.
* Christopher is Isabella's ancestor.
* Frank is Brian's descendant.
* Benjamin is Russell's ancestor.
* Shirley is Ashley's descendant.
* Ethan is Barbara's ancestor.
* Isabella is Ethan's ancestor.
* Betty is Jeremy's descendant.
* Nicholas is Jose's descendant.
* Kelly is Robert's ancestor.
* Abigail is Amanda's descendant.
* Stephanie is David's ancestor.
* Gerald is Larry's ancestor.
* Susan is Larry's descendant.
* Shirley is Sean's ancestor.
* Patrick is Olivia's descendant.
* Sharon is Ruth's descendant.
* Wayne is Jesse's ancestor.
* Gerald is Natalie's descendant.
* Janice is Jennifer's ancestor.
* Julia is Harold's descendant.
* Gregory is Christine's descendant.
* Jesse is Ruth's ancestor.
* Karen is Aaron's descendant.
* Sophia is Jose's ancestor.
* Alexander is Ralph's ancestor.
* Ralph is Christine's ancestor.
* Natalie is Marie's descendant.
* David is Benjamin's ancestor.
* Jacob is Kathryn's ancestor.
* Gregory is Betty's descendant.
* Harold is Abigail's descendant.
* Marie is Juan's descendant.
* Barbara is Ashley's ancestor.
* Brian is Julia's descendant.
* Karen is Albert's ancestor.
* Samantha is Maria's descendant.
* Samantha is Stephen's ancestor.
* Jonathan is Charles's ancestor.
* Charles is Catherine's ancestor.
* Kathryn is Maria's ancestor.
* Christopher is Raymond's descendant.
* Raymond is Sharon's descendant.
* Albert is Marilyn's ancestor.
* Juan is Patrick's descendant.
* Nathan is Joe's descendant.
* Kelly is Frank's descendant.
* Robert is Kenneth's ancestor.
* Jeremy is Catherine's descendant.
* Nathan is Daniel's ancestor.
* Ronald is Jonathan's ancestor.
* Evelyn is Virginia's descendant.
* Amanda is Nicholas's descendant.
* Susan is Alexander's ancestor.
* Kenneth is Stephanie's ancestor.
* Jennifer is Logan's ancestor.
* Ronald is Evelyn's descendant.
* Logan is Jacob's ancestor.
* Stephen is Joe's ancestor.
* Olivia is Daniel's descendant.
* Russell is Virginia's ancestor.
* Aaron is Steven's descendant.
Determine the lineage relationship between Steven and Wayne.
Select the correct answer:
1. Steven and Wayne share a common ancestor.
2. Steven is Wayne's ancestor.
3. Steven is Wayne's descendant.
4. Steven and Wayne share a common descendant.
5. None of the above is correct.
Enclose the selected answer number in the <ANSWER> tag, for example: <ANSWER>1</ANSWER>.",xiaomi/mimo-v2-flash:free,Xiaomi,,,<ANSWER>4</ANSWER>
64,ANCESTOR,1,"Given the following lineage relationships:
* Jose is Andrew's descendant.
* Kimberly is Richard's descendant.
* Ashley is Rebecca's ancestor.
* Juan is Philip's descendant.
* Thomas is Emma's descendant.
* Katherine is Debra's descendant.
* Michael is Theresa's descendant.
* Henry is Eric's ancestor.
* Patrick is Katherine's descendant.
* Kathleen is Roy's ancestor.
* James is Jacqueline's ancestor.
* Rebecca is Ethan's ancestor.
* Juan is Emma's ancestor.
* David is George's descendant.
* Gloria is Melissa's descendant.
* Lawrence is Vincent's descendant.
* Karen is Denise's descendant.
* Adam is Maria's descendant.
* Richard is Heather's descendant.
* Sophia is Michael's descendant.
* Kevin is Ethan's descendant.
* Jacqueline is Paul's ancestor.
* Vincent is Eric's descendant.
* Gloria is Bryan's ancestor.
* Mark is Andrea's descendant.
* Elizabeth is Henry's ancestor.
* Jack is Linda's descendant.
* Donna is Kimberly's descendant.
* Andrew is Patrick's descendant.
* Michelle is Charles's ancestor.
* Anthony is Jeffrey's ancestor.
* Michelle is Joyce's descendant.
* Debra is Charles's descendant.
* Judith is Sara's descendant.
* Karen is Sean's ancestor.
* Ralph is Joan's ancestor.
* Linda is Stephen's descendant.
* Nicole is Maria's ancestor.
* Janet is Heather's ancestor.
* Helen is Theresa's ancestor.
* Kevin is Helen's ancestor.
* Roy is Anthony's ancestor.
* Donna is Stephen's ancestor.
* Joan is Sara's ancestor.
* Melissa is David's descendant.
* Emily is Janet's ancestor.
* Samuel is Bryan's descendant.
* Megan is Alexis's descendant.
* Kathleen is Mark's descendant.
* Evelyn is Joyce's ancestor.
* Jeffrey is Evelyn's ancestor.
* Lawrence is Alexis's ancestor.
* Nicole is Sean's descendant.
* Philip is Paul's descendant.
* Kenneth is Andrea's ancestor.
* Kenneth is Adam's descendant.
* Ralph is Jack's descendant.
* Thomas is Denise's ancestor.
* Danielle is Sophia's descendant.
* Judith is James's ancestor.
* Megan is George's ancestor.
* Emily is Samuel's descendant.
* Elizabeth is Danielle's descendant.
Determine the lineage relationship between Ashley and Jose.
Select the correct answer:
1. Ashley is Jose's ancestor.
2. Ashley and Jose share a common ancestor.
3. Ashley and Jose share a common descendant.
4. Ashley is Jose's descendant.
5. None of the above is correct.
Enclose the selected answer number in the <ANSWER> tag, for example: <ANSWER>1</ANSWER>.",xiaomi/mimo-v2-flash:free,Xiaomi,,,"Based on the given lineage relationships, there is a direct path from Ashley to Jose through a series of ancestor-descendant connections. Ashley is Rebecca's ancestor, Rebecca is Ethan's ancestor, and Ethan is connected to Jose through multiple generations as outlined in the chain. Therefore, Ashley is Jose's ancestor.

<ANSWER>1</ANSWER>"
64,DESCENDANT,3,"Given the following lineage relationships:
* Mary is Andrea's descendant.
* Samantha is Beverly's ancestor.
* Samantha is Cynthia's descendant.
* Zachary is Margaret's descendant.
* Kevin is William's ancestor.
* Vincent is George's descendant.
* Abigail is Albert's ancestor.
* Teresa is Janet's ancestor.
* Gabriel is Dorothy's ancestor.
* Alice is Lawrence's descendant.
* Christine is Ryan's descendant.
* Richard is Bryan's ancestor.
* Ralph is Philip's descendant.
* Jerry is Heather's descendant.
* Diana is Mason's descendant.
* Robert is Beverly's descendant.
* Sandra is Albert's descendant.
* Tyler is Carl's ancestor.
* Teresa is Justin's descendant.
* Brian is Madison's ancestor.
* Megan is Alice's descendant.
* Ruth is Mark's ancestor.
* Dorothy is Andrea's ancestor.
* Elijah is Harold's ancestor.
* Rachel is Sandra's descendant.
* Abigail is Jeffrey's descendant.
* Logan is George's ancestor.
* Kevin is Pamela's descendant.
* Madison is Pamela's ancestor.
* Stephen is Charles's ancestor.
* Danielle is Carl's descendant.
* Brandon is Robert's descendant.
* Tyler is William's descendant.
* Ryan is Bryan's descendant.
* Alan is Cynthia's ancestor.
* Stephen is Janice's descendant.
* Logan is Mark's descendant.
* Vincent is Margaret's ancestor.
* Harold is Michael's ancestor.
* Karen is Denise's ancestor.
* Arthur is Amanda's ancestor.
* Ralph is Karen's ancestor.
* Brenda is Danielle's descendant.
* Heather is Brenda's descendant.
* Lawrence is Amanda's descendant.
* Amy is Diana's descendant.
* Jennifer is Kelly's descendant.
* Bobby is Philip's ancestor.
* Arthur is Janet's descendant.
* Melissa is Jeffrey's ancestor.
* Patricia is Mason's ancestor.
* Amy is Gabriel's ancestor.
* Richard is Jennifer's descendant.
* Kathleen is Mary's descendant.
* Bobby is Michael's descendant.
* Brian is Kathleen's descendant.
* Justin is Rachel's descendant.
* Megan is Alan's ancestor.
* Jerry is Ruth's ancestor.
* Denise is Patricia's ancestor.
* Zachary is Kelly's ancestor.
* Charles is Melissa's ancestor.
* Christine is Janice's ancestor.
Determine the lineage relationship between Brandon and Elijah.
Select the correct answer:
1. Brandon and Elijah share a common descendant.
2. Brandon and Elijah share a common ancestor.
3. Brandon is Elijah's descendant.
4. Brandon is Elijah's ancestor.
5. None of the above is correct.
Enclose the selected answer number in the <ANSWER> tag, for example: <ANSWER>1</ANSWER>.",xiaomi/mimo-v2-flash:free,Xiaomi,,,<ANSWER>3</ANSWER>
64,COMMON_ANCESTOR,4,"Given the following lineage relationships:
* Christian is Grace's ancestor.
* David is Eric's ancestor.
* Mason is Stephen's descendant.
* Bryan is Jean's descendant.
* Jacob is Joseph's ancestor.
* Larry is Sophia's ancestor.
* Jeffrey is Marie's descendant.
* Sophia is Nicholas's ancestor.
* Jack is Aaron's descendant.
* Zachary is Nicholas's descendant.
* Olivia is Kathleen's ancestor.
* Gary is Jose's ancestor.
* Justin is Carl's ancestor.
* Wayne is Billy's descendant.
* Steven is Julia's descendant.
* Eric is Ryan's ancestor.
* Sandra is Stephen's ancestor.
* Timothy is John's ancestor.
* Randy is Rachel's descendant.
* George is Justin's ancestor.
* Kenneth is Sarah's descendant.
* Randy is Samuel's ancestor.
* Patrick is Judy's descendant.
* Adam is Jean's ancestor.
* Samuel is Laura's ancestor.
* Olivia is Donald's descendant.
* David is Melissa's descendant.
* Donald is Carol's descendant.
* Abigail is Mason's descendant.
* Jesse is Joseph's descendant.
* Lisa is Charles's descendant.
* Adam is Alexis's descendant.
* Peter is Bryan's descendant.
* Larry is Theresa's descendant.
* Edward is Thomas's descendant.
* Grace is Carol's ancestor.
* Alexis is Kenneth's descendant.
* Shirley is Julie's ancestor.
* Jack is Brittany's ancestor.
* Theresa is Peter's descendant.
* Sarah is Jeffrey's descendant.
* Rachel is Carl's descendant.
* Timothy is Gary's ancestor.
* Isabella is George's ancestor.
* Brittany is Isabella's ancestor.
* Lisa is Deborah's ancestor.
* Julie is Sandra's ancestor.
* Zachary is Jacob's ancestor.
* Shirley is Willie's descendant.
* Daniel is Christian's ancestor.
* Patrick is Willie's ancestor.
* Kayla is Deborah's descendant.
* Joshua is Ryan's descendant.
* John is Julia's ancestor.
* Tyler is Edward's descendant.
* Jose is Aaron's ancestor.
* Abigail is Billy's ancestor.
* Melissa is Wayne's descendant.
* Charles is Tyler's descendant.
* Kayla is Marie's ancestor.
* Judy is Jesse's descendant.
* Thomas is Kathleen's descendant.
* Daniel is Steven's descendant.
Determine the lineage relationship between Joshua and Laura.
Select the correct answer:
1. Joshua is Laura's ancestor.
2. Joshua is Laura's descendant.
3. Joshua and Laura share a common descendant.
4. Joshua and Laura share a common ancestor.
5. None of the above is correct.
Enclose the selected answer number in the <ANSWER> tag, for example: <ANSWER>1</ANSWER>.",xiaomi/mimo-v2-flash:free,Xiaomi,,,"Based on the given lineage relationships, we can trace the ancestry of both Joshua and Laura to a common ancestor, Samuel.

- Joshua is Ryan's descendant (from relationship 53: ""Joshua is Ryan's descendant"").
- Ryan is Eric's descendant (from relationship 16: ""Eric is Ryan's ancestor"").
- Eric is David's descendant (from relationship 2: ""David is Eric's ancestor"").
- David is Melissa's descendant (from relationship 27: ""David is Melissa's descendant"").
- Melissa is Wayne's descendant (from relationship 58: ""Melissa is Wayne's descendant"").
- Wayne is Billy's descendant (from relationship 14: ""Wayne is Billy's descendant"").
- Billy is Abigail's descendant (from relationship 57: ""Abigail is Billy's ancestor"").
- Abigail is Mason's descendant (from relationship 29: ""Abigail is Mason's descendant"").
- Mason is Stephen's descendant (from relationship 3: ""Mason is Stephen's descendant"").
- Stephen is Sandra's descendant (from relationship 17: ""Sandra is Stephen's ancestor"").
- Sandra is Julie's descendant (from relationship 47: ""Julie is Sandra's ancestor"").
- Julie is Shirley's descendant (from relationship 38: ""Shirley is Julie's ancestor"").
- Shirley is Willie's descendant (from relationship 49: ""Shirley is Willie's descendant"").
- Willie is Patrick's descendant (from relationship 51: ""Patrick is Willie's ancestor"").
- Patrick is Judy's descendant (from relationship 23: ""Patrick is Judy's descendant"").
- Judy is Jesse's descendant (from relationship 61: ""Judy is Jesse's descendant"").
- Jesse is Joseph's descendant (from relationship 30: ""Jesse is Joseph's descendant"").
- Joseph is Jacob's descendant (from relationship 5: ""Jacob is Joseph's ancestor"").
- Jacob is Zachary's descendant (from relationship 48: ""Zachary is Jacob's ancestor"").
- Zachary is Nicholas's descendant (from relationship 10: ""Zachary is Nicholas's descendant"").
- Nicholas is Sophia's descendant (from relationship 8: ""Sophia is Nicholas's ancestor"").
- Sophia is Larry's descendant (from relationship 6: ""Larry is Sophia's ancestor"").
- Larry is Theresa's descendant (from relationship 34: ""Larry is Theresa's descendant"").
- Theresa is Peter's descendant (from relationship 40: ""Theresa is Peter's descendant"").
- Peter is Bryan's descendant (from relationship 33: ""Peter is Bryan's descendant"").
- Bryan is Jean's descendant (from relationship 4: ""Bryan is Jean's descendant"").
- Jean is Adam's descendant (from relationship 24: ""Adam is Jean's ancestor"").
- Adam is Alexis's descendant (from relationship 32: ""Adam is Alexis's descendant"").
- Alexis is Kenneth's descendant (from relationship 37: ""Alexis is Kenneth's descendant"").
- Kenneth is Sarah's descendant (from relationship 21: ""Kenneth is Sarah's descendant"").
- Sarah is Jeffrey's descendant (from relationship 41: ""Sarah is Jeffrey's descendant"").
- Jeffrey is Marie's descendant (from relationship 7: ""Jeffrey is Marie's descendant"").
- Marie is Kayla's descendant (from relationship 60: ""Kayla is Marie's ancestor"").
- Kayla is Deborah's descendant (from relationship 52: ""Kayla is Deborah's descendant"").
- Deborah is Lisa's descendant (from relationship 46: ""Lisa is Deborah's ancestor"").
- Lisa is Charles's descendant (from relationship 31: ""Lisa is Charles's descendant"").
- Charles is Tyler's descendant (from relationship 59: ""Charles is Tyler's descendant"").
- Tyler is Edward's descendant (from relationship 55: ""Tyler is Edward's descendant"").
- Edward is Thomas's descendant (from relationship 35: ""Edward is Thomas's descendant"").
- Thomas is Kathleen's descendant (from relationship 62: ""Thomas is Kathleen's descendant"").
- Kathleen is Olivia's descendant (from relationship 11: ""Olivia is Kathleen's ancestor"").
- Olivia is Donald's descendant (from relationship 26: ""Olivia is Donald's descendant"").
- Donald is Carol's descendant (from relationship 28: ""Donald is Carol's descendant"").
- Carol is Grace's descendant (from relationship 36: ""Grace is Carol's ancestor"").
- Grace is Christian's descendant (from relationship 1: ""Christian is Grace's ancestor"").
- Christian is Daniel's descendant (from relationship 50: ""Daniel is Christian's ancestor"").
- Daniel is Steven's descendant (from relationship 63: ""Daniel is Steven's descendant"").
- Steven is Julia's descendant (from relationship 15: ""Steven is Julia's descendant"").
- Julia is John's descendant (from relationship 54: ""John is Julia's ancestor"").
- John is Timothy's descendant (from relationship 18: ""Timothy is John's ancestor"").
- Timothy is Gary's descendant (from relationship 43: ""Timothy is Gary's ancestor"").
- Gary is Jose's descendant (from relationship 12: ""Gary is Jose's ancestor"").
- Jose is Aaron's descendant (from relationship 56: ""Jose is Aaron's ancestor"").
- Aaron is Jack's descendant (from relationship 9: ""Jack is Aaron's descendant"").
- Jack is Brittany's descendant (from relationship 39: ""Jack is Brittany's ancestor"").
- Brittany is Isabella's descendant (from relationship 45: ""Brittany is Isabella's ancestor"").
- Isabella is George's descendant (from relationship 44: ""Isabella is George's ancestor"").
- George is Justin's descendant (from relationship 20: ""George is Justin's ancestor"").
- Justin is Carl's descendant (from relationship 13: ""Justin is Carl's ancestor"").
- Carl is Rachel's descendant (from relationship 42: ""Rachel is Carl's descendant"").
- Rachel is Randy's descendant (from relationship 19: ""Randy is Rachel's descendant"").
- Randy is Samuel's descendant (from relationship 22: ""Randy is Samuel's ancestor"").
- Samuel is Laura's ancestor (from relationship 25: ""Samuel is Laura's ancestor"").

Thus, Samuel is an ancestor of both Joshua and Laura. Therefore, Joshua and Laura share a common ancestor, Samuel.

The correct answer is option 4.

<ANSWER>4</ANSWER>"
64,COMMON_DESCENDANT,1,"Given the following lineage relationships:
* Mark is Mary's ancestor.
* Wayne is Richard's descendant.
* Billy is Jonathan's descendant.
* Jesse is Alice's ancestor.
* Frank is Kayla's descendant.
* Harold is Joe's descendant.
* Nicole is Samantha's ancestor.
* Olivia is Beverly's descendant.
* Willie is Richard's ancestor.
* Frances is Carolyn's descendant.
* Bruce is Ashley's descendant.
* Willie is Bradley's descendant.
* Christopher is Emily's descendant.
* Vincent is Elijah's ancestor.
* Roy is Wayne's descendant.
* Timothy is Karen's descendant.
* Kayla is Christopher's descendant.
* Emily is Sandra's descendant.
* Bruce is Russell's ancestor.
* Timothy is Bradley's ancestor.
* Janet is Carol's ancestor.
* Terry is Mary's descendant.
* Helen is Martha's ancestor.
* Randy is Harold's descendant.
* Daniel is Nicholas's descendant.
* Marie is Christine's descendant.
* Roy is Nicholas's ancestor.
* Brittany is Jonathan's ancestor.
* Thomas is Doris's descendant.
* Vincent is Barbara's descendant.
* Eugene is Stephanie's ancestor.
* Jacob is Philip's ancestor.
* Amanda is Debra's ancestor.
* Donald is Joseph's descendant.
* Eugene is Billy's descendant.
* Joe is Donald's descendant.
* Mark is Cynthia's descendant.
* Isabella is Christine's ancestor.
* Daniel is Joseph's ancestor.
* Jesse is Martha's descendant.
* Jeffrey is Stephanie's descendant.
* Janet is Marie's descendant.
* Debra is Benjamin's ancestor.
* Carolyn is Jeffrey's descendant.
* Rebecca is Olivia's ancestor.
* Isabella is Frances's descendant.
* David is Doris's ancestor.
* Gregory is Dorothy's ancestor.
* Carol is Amanda's ancestor.
* Samantha is David's ancestor.
* Russell is Sandra's ancestor.
* Dorothy is Brittany's ancestor.
* Ashley is Philip's descendant.
* Karen is Elijah's descendant.
* Lisa is Thomas's descendant.
* Beverly is Randy's descendant.
* Jacob is Lisa's descendant.
* Benjamin is Cynthia's ancestor.
* Alice is Gregory's ancestor.
* Terry is Rebecca's ancestor.
* Barbara is Cheryl's descendant.
* Joan is Cheryl's ancestor.
* Frank is Helen's ancestor.
Determine the lineage relationship between Nicole and Joan.
Select the correct answer:
1. Nicole and Joan share a common descendant.
2. Nicole is Joan's ancestor.
3. Nicole is Joan's descendant.
4. Nicole and Joan share a common ancestor.
5. None of the above is correct.
Enclose the selected answer number in the <ANSWER> tag, for example: <ANSWER>1</ANSWER>.",xiaomi/mimo-v2-flash:free,Xiaomi,,,"Based on the given lineage relationships, tracing the paths from Nicole to Joan reveals that both Nicole and Joan are ancestors of Olivia. Specifically, Nicole is an ancestor of Olivia through a long chain of descendants, and Joan is also an ancestor of Olivia through another chain. Therefore, Nicole and Joan share a common descendant, Olivia.

The correct answer is 1.

<ANSWER>1</ANSWER>"
