64,ANCESTOR,3,"Given the following lineage relationships:
* Jason is Shirley's descendant.
* Alan is Emily's descendant.
* Shirley is Joshua's descendant.
* Eugene is Julie's ancestor.
* Gregory is Lawrence's ancestor.
* Cynthia is Sean's ancestor.
* Jason is Marilyn's ancestor.
* Lisa is Maria's ancestor.
* Katherine is Nancy's ancestor.
* Ruth is Sharon's descendant.
* Sara is Steven's ancestor.
* Kenneth is Cheryl's descendant.
* Charlotte is Samuel's ancestor.
* Nicholas is Eugene's ancestor.
* David is Ruth's descendant.
* Mary is Nancy's descendant.
* David is Kathleen's ancestor.
* Hannah is Cheryl's ancestor.
* Lisa is Kathleen's descendant.
* Betty is Hannah's ancestor.
* Mark is Edward's ancestor.
* Kimberly is Joyce's ancestor.
* Rebecca is Nicholas's ancestor.
* Lawrence is Gerald's ancestor.
* Matthew is Steven's descendant.
* Gary is Edward's descendant.
* Kenneth is Gabriel's ancestor.
* Christopher is Dylan's ancestor.
* Teresa is Marilyn's descendant.
* Frances is Dylan's descendant.
* Bobby is Christina's ancestor.
* Brandon is Charlotte's ancestor.
* Donald is Jack's ancestor.
* Ralph is Gloria's ancestor.
* Gerald is Joshua's ancestor.
* Timothy is Kimberly's ancestor.
* Sara is Raymond's descendant.
* Alexis is Timothy's ancestor.
* Frank is Mary's descendant.
* Ralph is Donna's descendant.
* Teresa is Emily's ancestor.
* Gary is Russell's ancestor.
* Samuel is Grace's ancestor.
* Doris is Frances's descendant.
* Russell is Brandon's ancestor.
* Denise is Jack's descendant.
* Betty is Emma's descendant.
* Emma is Debra's descendant.
* Grace is Rebecca's ancestor.
* Christina is Katherine's ancestor.
* Gloria is Alexis's ancestor.
* Matthew is Catherine's ancestor.
* Julie is Cynthia's ancestor.
* Larry is Donna's ancestor.
* Isabella is Raymond's ancestor.
* Donald is Catherine's descendant.
* Sharon is Joyce's descendant.
* Gregory is Denise's descendant.
* Frank is Mark's ancestor.
* Bobby is Maria's descendant.
* Isabella is Sean's descendant.
* Alan is Debra's ancestor.
* Larry is Doris's descendant.
Determine the lineage relationship between Christopher and Gabriel.
Select the correct answer:
1. Christopher and Gabriel share a common descendant.
2. Christopher and Gabriel share a common ancestor.
3. Christopher is Gabriel's ancestor.
4. Christopher is Gabriel's descendant.
5. None of the above is correct.
Enclose the selected answer number in the <ANSWER> tag, for example: <ANSWER>1</ANSWER>.",qwen/qwen3.5-4b,,,,"

<ANSWER>3</ANSWER>"
64,DESCENDANT,3,"Given the following lineage relationships:
* Edward is Abigail's descendant.
* Donald is Judy's ancestor.
* Nathan is Lauren's descendant.
* Gloria is Sandra's descendant.
* Dylan is Scott's ancestor.
* Logan is Margaret's ancestor.
* Lauren is Lori's descendant.
* Judy is Grace's ancestor.
* Andrea is Amanda's ancestor.
* Nancy is Angela's descendant.
* Stephen is Ryan's descendant.
* Billy is Logan's ancestor.
* Alexander is Keith's ancestor.
* Jordan is Amber's descendant.
* Bryan is Diana's ancestor.
* Virginia is Danielle's ancestor.
* Paul is Nathan's descendant.
* Scott is Andrea's ancestor.
* Eugene is Margaret's descendant.
* Richard is Ruth's ancestor.
* Roy is Ronald's descendant.
* Brian is Jacqueline's descendant.
* Brian is Abigail's ancestor.
* Beverly is Emily's ancestor.
* Theresa is Jessica's ancestor.
* Grace is Tyler's ancestor.
* Sharon is Austin's ancestor.
* Austin is Beverly's ancestor.
* Megan is Richard's ancestor.
* Vincent is Joe's ancestor.
* Gloria is Carolyn's ancestor.
* Adam is Noah's descendant.
* Steven is Theresa's ancestor.
* Jordan is Sandra's ancestor.
* Denise is Alexander's ancestor.
* Willie is Emily's descendant.
* Roy is Juan's ancestor.
* Ruth is Brandon's ancestor.
* Kyle is Jacqueline's ancestor.
* Karen is Nancy's descendant.
* Katherine is Stephanie's descendant.
* Kyle is Dennis's descendant.
* Eugene is Ronald's ancestor.
* Jessica is Donna's ancestor.
* Steven is Willie's descendant.
* Ryan is Joe's descendant.
* Sharon is Stephen's descendant.
* Stephanie is Danielle's descendant.
* Deborah is Diana's descendant.
* Amber is Deborah's descendant.
* Billy is Adam's descendant.
* Kelly is Noah's ancestor.
* Dylan is Carolyn's descendant.
* Denise is Donna's descendant.
* Dennis is Tyler's descendant.
* Maria is Angela's ancestor.
* Keith is Donald's ancestor.
* Vincent is Juan's descendant.
* Karen is Virginia's ancestor.
* Edward is Megan's ancestor.
* Paul is Maria's ancestor.
* Brandon is Lori's ancestor.
* Bryan is Katherine's descendant.
Determine the lineage relationship between Amanda and Kelly.
Select the correct answer:
1. Amanda and Kelly share a common ancestor.
2. Amanda and Kelly share a common descendant.
3. Amanda is Kelly's descendant.
4. Amanda is Kelly's ancestor.
5. None of the above is correct.
Enclose the selected answer number in the <ANSWER> tag, for example: <ANSWER>1</ANSWER>.",qwen/qwen3.5-4b,,,,"

Based on the lineage relationships provided, we can construct a chain of ancestry connecting Kelly and Amanda.

1.  **Kelly's Line:**
    *   Kelly is Noah's ancestor.
    *   Noah is Adam's ancestor (Adam is Noah's descendant).
    *   Adam is Billy's ancestor (Billy is Adam's descendant).
    *   Billy is Logan's ancestor.
    *   Logan is Margaret's ancestor.
    *   Margaret is Eugene's ancestor (Eugene is Margaret's descendant).
    *   Eugene is Ronald's ancestor.
    *   Ronald is Roy's ancestor (Roy is Ronald's descendant).
    *   Roy is Juan's ancestor.
    *   Juan is Vincent's ancestor (Vincent is Juan's descendant).
    *   Vincent is Joe's ancestor.
    *   Joe is Ryan's ancestor (Ryan is Joe's descendant).
    *   Ryan is Stephen's ancestor (Stephen is Ryan's descendant).
    *   Stephen is Sharon's ancestor (Sharon is Stephen's descendant).
    *   Sharon is Austin's ancestor.
    *   Austin is Beverly's ancestor.
    *   Beverly is Emily's ancestor.
    *   Emily is Willie's ancestor (Willie is Emily's descendant).
    *   Willie is Steven's ancestor (Steven is Willie's descendant).
    *   Steven is Theresa's ancestor.
    *   Theresa is Jessica's ancestor.
    *   Jessica is Donna's ancestor.
    *   Donna is Denise's ancestor (Denise is Donna's descendant).
    *   Denise is Alexander's ancestor.
    *   Alexander is Keith's ancestor.
    *   Keith is Donald's ancestor.
    *   Donald is Judy's ancestor.
    *   Judy is Grace's ancestor.
    *   Grace is Tyler's ancestor.
    *   Tyler is Dennis's ancestor (Dennis is Tyler's descendant).
    *   Dennis is Kyle's ancestor (Kyle is Dennis's descendant).
    *   Kyle is Jacqueline's ancestor.
    *   Jacqueline is Brian's ancestor.
    *   Brian is Abigail's ancestor.

    This establishes that **Kelly is an ancestor of Abigail**.

2.  **Abigail and Megan:**
    *   Brian is Abigail's ancestor. (Established above: Kelly -> Brian -> Abigail).
    *   Abigail is Edward's ancestor (Edward is Abigail's descendant). So **Abigail -> Edward**.
    *   Edward is Megan's ancestor. So **Edward -> Megan**.
    *   Therefore, **Kelly -> ... -> Abigail -> Edward -> Megan**.

3.  **Megan and Amanda:**
    *   Megan is Richard's ancestor.
    *   Richard is Ruth's ancestor.
    *   Ruth is Brandon's ancestor.
    *   Brandon is Lori's ancestor.
    *   Lori is Lauren's ancestor (Lauren is Lori's descendant).
    *   Lauren is Nathan's descendant (Nathan is Lauren's descendant). Wait, ""Nathan is Lauren's descendant"" means Lauren -> Nathan.
    *   Nathan is Paul's ancestor (Paul is Nathan's descendant).
    *   Paul is Maria's ancestor.
    *   Maria is Angela's ancestor.
    *   Angela is Nancy's ancestor (Nancy is Angela's descendant).
    *   Nancy is Karen's ancestor (Karen is Nancy's descendant).
    *   Karen is Virginia's ancestor.
    *   Virginia is Danielle's ancestor.
    *   Danielle is Stephanie's ancestor.
    *   Stephanie is Katherine's ancestor.
    *   Katherine is Bryan's ancestor (Bryan is Katherine's descendant).
    *   Bryan is Diana's ancestor.
    *   Diana is Deborah's ancestor.
    *   Deborah is Amber's ancestor.
    *   Amber is Jordan's ancestor.
    *   Jordan is Sandra's ancestor.
    *   Sandra is Gloria's ancestor (Gloria is Sandra's descendant).
    *   Gloria is Carolyn's ancestor.
    *   Carolyn is Dylan's ancestor (Dylan is Carolyn's descendant).
    *   Dylan is Scott's ancestor.
    *   Scott is Andrea's ancestor.
    *   Andrea is Amanda's ancestor.

    This establishes that **Megan is an ancestor of Amanda**.

4.  **Conclusion:**
    *   Combining the chains: Kelly -> ... -> Abigail -> Edward -> Megan -> ... -> Amanda.
    *   Kelly is an ancestor of Amanda.
    *   Therefore, Amanda is Kelly's descendant.

<ANSWER>3</ANSWER>"
64,COMMON_ANCESTOR,1,"Given the following lineage relationships:
* Catherine is Joe's descendant.
* Virginia is Donald's ancestor.
* Bryan is Ashley's descendant.
* Isabella is Betty's ancestor.
* Ashley is Andrea's descendant.
* Sarah is Samantha's descendant.
* Amy is Ann's ancestor.
* Patricia is Jesse's ancestor.
* Harold is Bobby's ancestor.
* Abigail is Jacqueline's descendant.
* Thomas is Marie's ancestor.
* Kayla is Pamela's ancestor.
* Kayla is Sean's descendant.
* Martha is Grace's descendant.
* Gary is William's descendant.
* Evelyn is William's ancestor.
* Jesse is Judith's ancestor.
* Bruce is Ethan's ancestor.
* Kyle is Mary's ancestor.
* Jason is Natalie's descendant.
* Lori is Vincent's descendant.
* Bryan is Thomas's ancestor.
* Isabella is Joseph's descendant.
* Lisa is Ryan's ancestor.
* Richard is Andrea's ancestor.
* Shirley is Marilyn's ancestor.
* Lisa is Christopher's descendant.
* Christian is Abigail's descendant.
* Sharon is Kyle's ancestor.
* Joe is Bobby's descendant.
* John is Sharon's ancestor.
* Samantha is Hannah's descendant.
* Jordan is Pamela's descendant.
* Joseph is Alice's descendant.
* Brian is Natalie's ancestor.
* Brian is Eric's descendant.
* Jason is Roy's ancestor.
* Betty is Hannah's ancestor.
* Helen is Grace's ancestor.
* Sarah is Harold's ancestor.
* Steven is Aaron's descendant.
* Karen is Virginia's descendant.
* Laura is Brenda's descendant.
* John is Ethan's descendant.
* Teresa is Ann's descendant.
* Marie is Patricia's ancestor.
* Helen is Teresa's descendant.
* Jordan is Richard's ancestor.
* Eric is Marilyn's descendant.
* Aaron is Martha's descendant.
* Vincent is Catherine's descendant.
* Ryan is Brittany's ancestor.
* Paul is Joyce's ancestor.
* Steven is Christopher's ancestor.
* Mary is Brenda's ancestor.
* Amy is Lori's descendant.
* Roy is Bruce's ancestor.
* Alice is Donald's descendant.
* Karen is Sean's ancestor.
* Evelyn is Christian's descendant.
* Paul is Brittany's descendant.
* Jacqueline is Laura's descendant.
* Joyce is Shirley's ancestor.
Determine the lineage relationship between Gary and Judith.
Select the correct answer:
1. Gary and Judith share a common ancestor.
2. Gary and Judith share a common descendant.
3. Gary is Judith's ancestor.
4. Gary is Judith's descendant.
5. None of the above is correct.
Enclose the selected answer number in the <ANSWER> tag, for example: <ANSWER>1</ANSWER>.",qwen/qwen3.5-4b,,,,"

The lineage relationships indicate the following connections:

1.  **Brittany is the common ancestor.**
    *   **Gary's Lineage:** Gary is William's descendant (Fact 15). William is Evelyn's descendant (Fact 16). Evelyn is Christian's descendant (Fact 60). Christian is Abigail's descendant (Fact 28). Abigail is Jacqueline's descendant (Fact 10). Jacqueline is Laura's descendant (Fact 62). Laura is Brenda's descendant (Fact 43). Brenda is a descendant of Mary (Fact 55). Mary is Kyle's ancestor (Fact 19). Kyle is Sharon's ancestor (Fact 29). Sharon is John's ancestor (Fact 31). John is Ethan's descendant (Fact 44). Ethan is Bruce's descendant (Fact 18). Bruce is Roy's ancestor (Fact 57). Roy is Jason's descendant (Fact 37). Jason is Natalie's descendant (Fact 20). Brian is Natalie's ancestor (Fact 35). Brian is Eric's descendant (Fact 36). Eric is Marilyn's descendant (Fact 49). Marilyn is Shirley's descendant (Fact 26). Shirley is Joyce's descendant (Fact 63). Joyce is Paul's descendant (Fact 53). Paul is Brittany's descendant (Fact 61). Thus, Brittany is an ancestor of Gary.
    *   **Judith's Lineage:** Judith is Jesse's descendant (Fact 17). Jesse is Patricia's descendant (Fact 8). Patricia is Marie's descendant (Fact 46). Marie is Thomas's descendant (Fact 11). Thomas is Bryan's descendant (Fact 22). Bryan is Ashley's descendant (Fact 3). Ashley is Andrea's descendant (Fact 5). Andrea is Richard's descendant (Fact 25). Jordan is Richard's ancestor (Fact 48). This chain is complex, but we can trace back to Brittany via Karen. Karen is Virginia's descendant (Fact 42). Virginia is Donald's ancestor (Fact 2). Donald is Alice's ancestor (Fact 58 - Alice is Donald's descendant, so Donald -> Alice). Alice is Joseph's ancestor (Fact 23). Joseph is Isabella's ancestor (Fact 4). Isabella is Betty's ancestor (Fact 4). Betty is Hannah's ancestor (Fact 38). Hannah is Samantha's descendant (Fact 32). Samantha is Sarah's descendant (Fact 6). Sarah is Harold's descendant (Fact 40). Harold is Bobby's ancestor (Fact 9). Bobby is Joe's ancestor (Fact 30). Joe is Catherine's ancestor (Fact 1). Catherine is Vincent's descendant (Fact 51). Vincent is Lori's descendant (Fact 21). Lori is Amy's ancestor (Fact 56). Amy is Ann's ancestor (Fact 7). Ann is Teresa's ancestor (Fact 45). Teresa is Helen's ancestor (Fact 47). Helen is Grace's ancestor (Fact 39). Grace is Martha's ancestor (Fact 14). Martha is Aaron's ancestor (Fact 50). Aaron is Steven's ancestor (Fact 41). Steven is Christopher's descendant (Fact 54). Christopher is Lisa's ancestor (Fact 27). Lisa is Ryan's descendant (Fact 24). Ryan is Brittany's ancestor (Fact 52). Wait, Fact 52 says Ryan is Brittany's ancestor. Fact 61 says Paul is Brittany's descendant. So Brittany -> Ryan. This means Brittany is the ancestor.
    *   Connecting the chains: Brittany is the common ancestor for both Gary and Judith.

Since both Gary and Judith descend from Brittany, they share a common ancestor.

<ANSWER>1</ANSWER>"
64,COMMON_DESCENDANT,3,"Given the following lineage relationships:
* Wayne is Kenneth's descendant.
* Gabriel is Ethan's descendant.
* Charlotte is Abigail's descendant.
* Kevin is Dylan's ancestor.
* Kayla is Charles's ancestor.
* Shirley is Russell's ancestor.
* Nathan is Isabella's descendant.
* Walter is Brenda's ancestor.
* Joseph is Arthur's ancestor.
* Logan is Frances's descendant.
* Nancy is George's ancestor.
* Jacob is Walter's ancestor.
* Jennifer is Amanda's ancestor.
* Theresa is Debra's descendant.
* Charlotte is Timothy's ancestor.
* Peter is Alan's descendant.
* Brittany is Gabriel's descendant.
* Beverly is Abigail's ancestor.
* Timothy is Ashley's ancestor.
* Stephanie is Brittany's descendant.
* Christine is Diane's ancestor.
* Mark is Denise's ancestor.
* John is Eugene's ancestor.
* Amanda is Thomas's ancestor.
* Christopher is Heather's descendant.
* Randy is Marie's ancestor.
* Eric is Noah's ancestor.
* Logan is Gary's ancestor.
* Deborah is Ryan's descendant.
* Kenneth is Brenda's descendant.
* Jessica is Marie's descendant.
* Denise is Janet's descendant.
* George is Bobby's ancestor.
* Debra is Christina's descendant.
* John is Harold's descendant.
* Charles is Joseph's ancestor.
* Jennifer is Judy's descendant.
* Karen is Carolyn's ancestor.
* Deborah is Frances's ancestor.
* Billy is Nancy's ancestor.
* Shirley is Diane's descendant.
* Julia is Gerald's ancestor.
* Arthur is Isabella's ancestor.
* Billy is Theresa's descendant.
* Thomas is Mark's ancestor.
* Eric is Jacqueline's descendant.
* Jacob is Gerald's descendant.
* Stephanie is Kevin's ancestor.
* Christopher is Janet's ancestor.
* Eugene is Heather's ancestor.
* Dylan is Natalie's ancestor.
* Kayla is Gary's descendant.
* Harold is Nathan's descendant.
* Evelyn is Ethan's ancestor.
* Ryan is Natalie's descendant.
* Alan is Russell's descendant.
* Carolyn is Jacqueline's ancestor.
* Karen is Wayne's descendant.
* Jessica is Beverly's ancestor.
* Julia is Ashley's descendant.
* Peter is Evelyn's ancestor.
* Bobby is Randy's ancestor.
* Judy is Noah's descendant.
Determine the lineage relationship between Christine and Christina.
Select the correct answer:
1. Christine is Christina's ancestor.
2. Christine and Christina share a common ancestor.
3. Christine and Christina share a common descendant.
4. Christine is Christina's descendant.
5. None of the above is correct.
Enclose the selected answer number in the <ANSWER> tag, for example: <ANSWER>1</ANSWER>.",qwen/qwen3.5-4b,,,,
64,ANCESTOR,2,"Given the following lineage relationships:
* Thomas is Billy's ancestor.
* Ruth is Susan's ancestor.
* Larry is Peter's ancestor.
* Ruth is Alice's descendant.
* Bradley is Bryan's descendant.
* Gerald is Noah's ancestor.
* Lori is Daniel's ancestor.
* Richard is Kyle's ancestor.
* Judith is Lori's ancestor.
* Grace is Noah's descendant.
* Diane is Grace's descendant.
* Danielle is Mason's descendant.
* Adam is Patrick's ancestor.
* Teresa is Gloria's ancestor.
* Rachel is Gloria's descendant.
* Karen is Jacob's ancestor.
* Bruce is Tyler's ancestor.
* Diane is John's ancestor.
* Carol is Andrea's ancestor.
* Megan is Kayla's ancestor.
* Bruce is Doris's descendant.
* Danielle is Eric's ancestor.
* Peter is Diana's ancestor.
* Doris is Donna's descendant.
* Abigail is Michael's ancestor.
* Andrea is Katherine's ancestor.
* Ralph is Eugene's ancestor.
* Ryan is Marie's ancestor.
* Joshua is Kyle's descendant.
* Russell is Amber's ancestor.
* Emily is Michael's descendant.
* Ashley is Terry's ancestor.
* Catherine is Rachel's descendant.
* Sean is John's descendant.
* Olivia is Scott's ancestor.
* Olivia is Beverly's descendant.
* Donna is Donald's descendant.
* Terry is Karen's ancestor.
* Emily is Ann's ancestor.
* Susan is Thomas's ancestor.
* Matthew is Abigail's ancestor.
* Linda is Judy's descendant.
* Eugene is Adam's ancestor.
* Scott is Teresa's ancestor.
* Gary is Judith's ancestor.
* Billy is Ashley's ancestor.
* Bryan is Daniel's descendant.
* Diana is Gary's ancestor.
* Tyler is Judy's ancestor.
* Bradley is Mason's ancestor.
* Amber is Alice's ancestor.
* Patrick is Richard's ancestor.
* Megan is Jacob's descendant.
* Sean is Carol's ancestor.
* Joshua is Ryan's ancestor.
* Lisa is Linda's descendant.
* Catherine is Ralph's ancestor.
* Gerald is Eric's descendant.
* Donald is Jason's descendant.
* Ann is Larry's ancestor.
* Marie is Matthew's ancestor.
* Jason is Kayla's descendant.
* Lisa is Beverly's ancestor.
Determine the lineage relationship between Russell and Katherine.
Select the correct answer:
1. Russell is Katherine's descendant.
2. Russell is Katherine's ancestor.
3. Russell and Katherine share a common descendant.
4. Russell and Katherine share a common ancestor.
5. None of the above is correct.
Enclose the selected answer number in the <ANSWER> tag, for example: <ANSWER>1</ANSWER>.",qwen/qwen3.5-4b,,,,"

The lineage relationships can be traced as follows:
1.  From Russell, we can trace down to Amber, Alice, and so on: Russell is Amber's ancestor; Amber is Alice's ancestor; Ruth is Alice's descendant (so Alice -> Ruth); Ruth is Susan's ancestor; Susan is Thomas's ancestor; Thomas is Billy's ancestor; Billy is Ashley's ancestor; Ashley is Terry's ancestor; Terry is Karen's ancestor; Karen is Jacob's ancestor; Megan is Jacob's descendant; Megan is Kayla's ancestor; Jason is Kayla's descendant; Donald is Jason's descendant; Donna is Donald's descendant; Doris is Donna's descendant; Bruce is Doris's descendant; Bruce is Tyler's ancestor; Tyler is Judy's ancestor; Linda is Judy's descendant; Lisa is Linda's descendant; Lisa is Beverly's ancestor; Olivia is Beverly's descendant; Olivia is Scott's ancestor; Scott is Teresa's ancestor; Teresa is Gloria's ancestor; Rachel is Gloria's descendant; Catherine is Rachel's descendant; Catherine is Ralph's ancestor; Ralph is Eugene's ancestor; Eugene is Adam's ancestor; Adam is Patrick's ancestor; Patrick is Richard's ancestor; Richard is Kyle's ancestor; Joshua is Kyle's descendant; Joshua is Ryan's ancestor; Ryan is Marie's ancestor; Marie is Matthew's ancestor; Matthew is Abigail's ancestor; Abigail is Michael's ancestor; Emily is Michael's descendant; Emily is Ann's ancestor; Ann is Larry's ancestor; Larry is Peter's ancestor; Peter is Diana's ancestor.
    This establishes that Russell is an ancestor of Diana.

2.  From Diana, we can trace down to Katherine: Diane is John's ancestor; Sean is John's descendant; Sean is Carol's ancestor; Carol is Andrea's ancestor; Andrea is Katherine's ancestor.
    This establishes that Diana is an ancestor of Katherine.

Combining these two paths:
Russell (Ancestor of) -> Diana (Ancestor of) -> Katherine.
Therefore, Russell is an ancestor of Katherine.

<ANSWER>2</ANSWER>"
64,DESCENDANT,3,"Given the following lineage relationships:
* Philip is Michael's ancestor.
* Timothy is Elijah's descendant.
* Jordan is Diana's descendant.
* Carolyn is Anna's descendant.
* Eric is Tyler's ancestor.
* Lori is Arthur's descendant.
* Jeffrey is Daniel's ancestor.
* Benjamin is Sarah's ancestor.
* Diane is Sara's ancestor.
* Nicholas is Melissa's descendant.
* Melissa is Randy's descendant.
* Charles is Anna's ancestor.
* Rebecca is Michael's descendant.
* Dylan is Shirley's ancestor.
* Randy is Daniel's descendant.
* Alan is Alexis's descendant.
* Sarah is Dennis's ancestor.
* Theresa is Thomas's descendant.
* Gerald is Michelle's descendant.
* Madison is Diane's ancestor.
* Evelyn is Danielle's descendant.
* Danielle is Jean's descendant.
* Edward is Nicholas's descendant.
* William is Eric's ancestor.
* Logan is Lori's descendant.
* Jennifer is Peter's ancestor.
* Brian is Philip's ancestor.
* Michelle is Olivia's descendant.
* Kimberly is Alice's descendant.
* William is Karen's descendant.
* Alexis is Willie's descendant.
* Ashley is Ralph's descendant.
* Debra is Nicole's descendant.
* Willie is Dennis's descendant.
* Jordan is Carl's ancestor.
* Karen is Juan's descendant.
* Madison is Debra's descendant.
* Carolyn is Dylan's ancestor.
* Joseph is Arthur's ancestor.
* Noah is Samantha's ancestor.
* Natalie is Evelyn's descendant.
* Russell is Timothy's descendant.
* Edward is Diana's ancestor.
* Grace is Jean's ancestor.
* Russell is Bradley's ancestor.
* Ralph is Cheryl's descendant.
* Carl is Grace's ancestor.
* Juan is Rebecca's descendant.
* Jennifer is Natalie's descendant.
* Jeffrey is Kimberly's descendant.
* Sara is Thomas's ancestor.
* Nathan is Brian's ancestor.
* Theresa is Alice's ancestor.
* Olivia is Peter's descendant.
* Nicole is Ashley's descendant.
* Benjamin is Shirley's descendant.
* Charles is Logan's descendant.
* Noah is Bradley's descendant.
* Teresa is Samantha's descendant.
* Alan is Cheryl's ancestor.
* Gerald is Elijah's ancestor.
* Joseph is Tyler's descendant.
* Joan is Teresa's descendant.
Determine the lineage relationship between Joan and Nathan.
Select the correct answer:
1. Joan and Nathan share a common descendant.
2. Joan is Nathan's ancestor.
3. Joan is Nathan's descendant.
4. Joan and Nathan share a common ancestor.
5. None of the above is correct.
Enclose the selected answer number in the <ANSWER> tag, for example: <ANSWER>1</ANSWER>.",qwen/qwen3.5-4b,,,,"

The relationship between Joan and Nathan can be determined by tracing the lineage from both individuals through the provided statements.

1.  **Nathan's Lineage (Ancestry):**
    *   From statement 52: **Nathan** is Brian's ancestor (Nathan → Brian).
    *   From statement 27: Brian is Philip's ancestor (Brian → Philip).
    *   From statement 1: Philip is Michael's ancestor (Philip → Michael).
    *   From statement 13: Rebecca is Michael's descendant (Michael → Rebecca).
    *   From statement 48: Juan is Rebecca's descendant (Rebecca → Juan).
    *   From statement 36: Karen is Juan's descendant (Juan → Karen).
    *   From statement 30: William is Karen's descendant (Karen → William).
    *   From statement 24: William is Eric's ancestor (William → Eric).
    *   From statement 5: Eric is Tyler's ancestor (Eric → Tyler).
    *   From statement 62: Joseph is Tyler's descendant (Tyler → Joseph).
    *   From statement 39: Joseph is Arthur's ancestor (Joseph → Arthur).
    *   From statement 6: Lori is Arthur's descendant (Arthur → Lori).
    *   From statement 25: Logan is Lori's descendant (Lori → Logan).
    *   From statement 57: Charles is Logan's descendant (Logan → Charles).
    *   From statement 12: Charles is Anna's ancestor (Charles → Anna).
    *   From statement 4: Carolyn is Anna's descendant (Anna → Carolyn).
    *   From statement 38: Carolyn is Dylan's ancestor (Carolyn → Dylan).
    *   From statement 14: Dylan is Shirley's ancestor (Dylan → Shirley).
    *   From statement 56: Benjamin is Shirley's descendant (Shirley → Benjamin).
    *   From statement 56 again (Benjamin is Sarah's ancestor): Benjamin → Sarah.
    *   From statement 17: Sarah is Dennis's ancestor (Sarah → Dennis).
    *   From statement 34: Willie is Dennis's descendant (Dennis → Willie).
    *   From statement 31: Alexis is Willie's descendant (Willie → Alexis).
    *   From statement 16: Alan is Alexis's descendant (Alexis → Alan).
    *   From statement 60: Alan is Cheryl's ancestor (Alan → Cheryl).
    *   From statement 46: Ralph is Cheryl's descendant (Cheryl → Ralph).
    *   From statement 32: Ashley is Ralph's descendant (Ralph → Ashley).
    *   From statement 55: Nicole is Ashley's descendant (Ashley → Nicole).
    *   From statement 33: Debra is Nicole's descendant (Nicole → Debra).
    *   From statement 37: Madison is Debra's descendant (Debra → Madison).
    *   From statement 20: Madison is Diane's ancestor (Madison → Diane).
    *   From statement 9: Diane is Sara's ancestor (Wait, we already linked Benjamin → Sarah → Diane? No, ""Diane is Sara's ancestor""). Let's check consistency. Statement 9 says Diane → Sara. Statement 51 says Sara → Thomas. Statement 18 says Theresa → Thomas. Wait. There is a link ""Diane is Sara's ancestor"". So Diane → Sara.
    *   However, from the previous chain we had **Sarah → Dennis**.
    *   We need to connect **Diane** to **Michael**.
    *   Let's look for the connection via **Edward** and **Diana**.
    *   From statement 43: **Edward** is **Diana**'s ancestor (Edward → Diana).
    *   From statement 23: **Edward** is **Nicholas**'s descendant (Nicholas → Edward).
    *   From statement 10: **Nicholas** is **Melissa**'s descendant (Melissa → Nicholas).
    *   From statement 11: **Melissa** is **Randy**'s descendant (Randy → Melissa).
    *   From statement 15: **Randy** is **Daniel**'s descendant (Daniel → Randy).
    *   From statement 7: **Jeffrey** is **Daniel**'s ancestor (Jeffrey → Daniel).
    *   From statement 50: **Jeffrey** is **Kimberly**'s descendant (Kimberly → Jeffrey).
    *   From statement 29: **Kimberly** is **Alice**'s descendant (Alice → Kimberly).
    *   From statement 53: **Theresa** is **Alice**'s ancestor (Theresa → Alice).
    *   From statement 18: **Theresa** is **Thomas**'s descendant (Thomas → Theresa).
    *   From statement 51: **Sara** is **Thomas**'s ancestor (Sara → Thomas).
    *   From statement 9: **Diane** is **Sara**'s ancestor (Diane → Sara).
    *   From statement 20: **Madison** is **Diane**'s ancestor (Madison → Diane).
    *   From statement 37: **Madison** is **Debra**'s descendant (Debra → Madison).
    *   From statement 33: **Debra** is **Nicole**'s descendant (Nicole → Debra).
    *   From statement 55: **Nicole** is **Ashley**'s descendant (Ashley → Nicole).
    *   From statement 32: **Ashley** is **Ralph**'s descendant (Ralph → Ashley).
    *   From statement 46: **Ralph** is **Cheryl**'s descendant (Cheryl → Ralph).
    *   From statement 60: **Alan** is **Cheryl**'s ancestor (Alan → Cheryl).
    *   From statement 16: **Alan** is **Alexis**'s descendant (Alexis → Alan).
    *   From statement 31: **Alexis** is **Willie**'s descendant (Willie → Alexis).
    *   From statement 34: **Willie** is **Dennis**'s descendant (Dennis → Willie).
    *   From statement 17: **Sarah** is **Dennis**'s ancestor (Sarah → Dennis).
    *   From statement 8: **Benjamin** is **Sarah**'s ancestor (Benjamin → Sarah).
    *   From statement 56: **Benjamin** is **Shirley**'s descendant (Shirley → Benjamin).
    *   From statement 14: **Dylan** is **Shirley**'s ancestor (Dylan → Shirley).
    *   From statement 38: **Carolyn** is **Dylan**'s ancestor (Carolyn → Dylan).
    *   From statement 4: **Carolyn** is **Anna**'s descendant (Anna → Carolyn).
    *   From statement 12: **Charles** is **Anna**'s ancestor (Charles → Anna).
    *   From statement 57: **Charles** is **Logan**'s descendant (Logan → Charles).
    *   From statement 25: **Logan** is **Lori**'s descendant (Lori → Logan).
    *   From statement 6: **Lori** is **Arthur**'s descendant (Arthur → Lori).
    *   From statement 39: **Joseph** is **Arthur**'s ancestor (Joseph → Arthur).
    *   From statement 62: **Joseph** is **Tyler**'s descendant (Tyler → Joseph).
    *   From statement 5: **Eric** is **Tyler**'s ancestor (Eric → Tyler).
    *   From statement 24: **William** is **Eric**'s ancestor (William → Eric).
    *   From statement 30: **William** is **Karen**'s descendant (Karen → William).
    *   From statement 36: **Karen** is **Juan**'s descendant (Juan → Karen).
    *   From statement 48: **Juan** is **Rebecca**'s descendant (Rebecca → Juan).
    *   From statement 13: **Rebecca** is **Michael**'s descendant (Michael → Rebecca).
    *   From statement 1: **Philip** is **Michael**'s ancestor (Philip → Michael).
    *   From statement 27: **Brian** is **Philip**'s ancestor (Brian → Philip).
    *   From statement 52: **Nathan** is **Brian**'s ancestor (Nathan → Brian).

    There is a path from **Nathan** down to **Michael**, then down through Rebecca, Juan, Karen, William, Eric, Tyler, Joseph, Arthur, Lori, Logan, Charles, Anna, Carolyn, Dylan, Shirley, Benjamin, Sarah, Dennis, Willie, Alexis, Alan, Cheryl, Ralph, Ashley, Nicole, Debra, Madison, Diane.
    Then Diane → Sara → Thomas → Theresa → Alice → Kimberly → Jeffrey → Daniel → Randy → Melissa → Nicholas → Edward.
    Then Edward → Diana.
    Then Diana → Jordan (Statement 3).
    Then Jordan is Carl's ancestor (Statement 35). So Carl → Jordan? No, ""Jordan is Carl's ancestor"". So Jordan → Carl.
    Then Carl is Grace's ancestor (Statement 47). So Carl → Grace.
    Then Grace is Jean's ancestor (Statement 44). So Grace → Jean.
    Then Jean is Danielle's descendant (Statement 22). So Jean → Danielle.
    Then Danielle is Evelyn's descendant (Statement 21). So Jean → Danielle → Evelyn.
    Then Evelyn is Natalie's descendant (Statement 41). So Evelyn → Natalie.
    Then Natalie is Jennifer's descendant (Statement 49). So Natalie → Jennifer.
    Then Jennifer is Peter's ancestor (Statement 26). So Jennifer → Peter.
    Then Peter is Olivia's descendant (Statement 54). So Peter → Olivia.
    Then Olivia is Michelle's descendant (Statement 28). So Olivia → Michelle.
    Then Michelle is Gerald's descendant (Statement 19). So Olivia → Michelle → Gerald.
    Then Gerald is Elijah's ancestor (Statement 61). So Gerald → Elijah.
    Then Elijah is Timothy's ancestor (Statement 2). So Elijah → Timothy.
    Then Timothy is Russell's ancestor (Statement 42). So Elijah → Timothy → Russell.
    Then Russell is Bradley's ancestor (Statement 45). So Russell → Bradley.
    Then Bradley is Noah's ancestor (Statement 58). So Russell → Bradley → Noah.
    Then Noah is Samantha's ancestor (Statement 40). So Bradley → Noah → Samantha.
    Then Samantha is Teresa's ancestor (Statement 59). So Noah → Samantha → Teresa.
    Then Teresa is Joan's ancestor (Statement 63). So Samantha → Teresa → Joan.

    Tracing from **Nathan** down to **Joan** confirms that **Joan is Nathan's descendant**.

<ANSWER>3</ANSWER>"
64,COMMON_ANCESTOR,4,"Given the following lineage relationships:
* Brian is Paul's descendant.
* Gloria is Danielle's ancestor.
* William is Jason's ancestor.
* Tyler is Patrick's ancestor.
* Sean is Justin's descendant.
* Terry is Sophia's descendant.
* Victoria is Matthew's descendant.
* Sarah is Noah's descendant.
* Frances is Aaron's descendant.
* Thomas is William's ancestor.
* Carol is Brandon's descendant.
* Alexander is Charlotte's descendant.
* Teresa is Anthony's ancestor.
* Martha is George's ancestor.
* Elizabeth is Bruce's descendant.
* Amanda is Cynthia's ancestor.
* Carol is Charlotte's ancestor.
* Mason is Harold's descendant.
* Patrick is Bruce's ancestor.
* Grace is Logan's descendant.
* Andrea is Philip's descendant.
* Judy is Noah's ancestor.
* Matthew is Eugene's descendant.
* Martha is Victoria's descendant.
* Lori is Donna's ancestor.
* Sophia is Kenneth's descendant.
* Billy is Wayne's ancestor.
* Donna is Gloria's ancestor.
* Lori is Anna's descendant.
* Teresa is Elizabeth's descendant.
* Brian is Larry's ancestor.
* Eugene is Danielle's descendant.
* Stephen is Jesse's ancestor.
* Julie is Sarah's descendant.
* Logan is Kimberly's descendant.
* Kenneth is Rebecca's descendant.
* George is Rebecca's ancestor.
* Grace is Julia's ancestor.
* Paul is Andrew's descendant.
* Harold is Jesse's descendant.
* Kayla is Andrew's descendant.
* Willie is Amanda's ancestor.
* Alan is Austin's descendant.
* Larry is Anna's ancestor.
* Anthony is Thomas's ancestor.
* Robert is Dylan's ancestor.
* Austin is Douglas's descendant.
* Julia is Judy's ancestor.
* Sean is Stephen's ancestor.
* Terry is Justin's ancestor.
* Wayne is Brandon's ancestor.
* Julie is Deborah's ancestor.
* Mason is Douglas's ancestor.
* Willie is Gabriel's descendant.
* Aaron is Emma's descendant.
* Frances is Debra's ancestor.
* Kimberly is Jason's descendant.
* Tyler is Debra's descendant.
* Andrea is Emma's ancestor.
* Gabriel is Alexander's descendant.
* Alan is Philip's ancestor.
* Billy is Deborah's descendant.
* Robert is Kayla's descendant.
Determine the lineage relationship between Dylan and Cynthia.
Select the correct answer:
1. Dylan is Cynthia's descendant.
2. Dylan and Cynthia share a common descendant.
3. Dylan is Cynthia's ancestor.
4. Dylan and Cynthia share a common ancestor.
5. None of the above is correct.
Enclose the selected answer number in the <ANSWER> tag, for example: <ANSWER>1</ANSWER>.",qwen/qwen3.5-4b,,,,"

<ANSWER>4</ANSWER>"
64,COMMON_DESCENDANT,1,"Given the following lineage relationships:
* Kelly is Anthony's ancestor.
* Martha is Brenda's descendant.
* Jacob is Evelyn's ancestor.
* Kyle is Megan's descendant.
* Patricia is Walter's ancestor.
* Pamela is Walter's descendant.
* Rebecca is Christina's descendant.
* Martha is Jacqueline's ancestor.
* Gregory is Sara's descendant.
* Ronald is Maria's descendant.
* Kimberly is Stephen's ancestor.
* Kimberly is Ronald's descendant.
* Ashley is Henry's ancestor.
* Sarah is Jesse's descendant.
* Laura is David's descendant.
* Carolyn is Gloria's descendant.
* Lori is Anthony's descendant.
* Karen is Stephen's descendant.
* Ashley is Pamela's descendant.
* Carolyn is Patricia's ancestor.
* Melissa is Betty's descendant.
* Jerry is Sarah's descendant.
* Austin is Jacqueline's descendant.
* Nicholas is Ryan's ancestor.
* Anna is Nicholas's ancestor.
* Karen is Willie's ancestor.
* Bradley is Debra's descendant.
* Aaron is Rebecca's descendant.
* Russell is Juan's descendant.
* Peter is Frank's descendant.
* Russell is Gloria's ancestor.
* Peter is Diana's ancestor.
* Michael is Marilyn's descendant.
* Aaron is Maria's ancestor.
* Christine is Julia's ancestor.
* Megan is Daniel's descendant.
* Justin is Michael's descendant.
* Jacob is Teresa's descendant.
* Ryan is Jeffrey's ancestor.
* Ralph is Julia's descendant.
* Jesse is Justin's descendant.
* Alexander is Daniel's ancestor.
* Lori is Debra's ancestor.
* Teresa is Austin's descendant.
* George is Douglas's descendant.
* Eugene is Elijah's descendant.
* Gregory is Bradley's descendant.
* Douglas is Melissa's descendant.
* Brenda is Willie's descendant.
* Eugene is Betty's ancestor.
* Christina is Matthew's descendant.
* Raymond is George's descendant.
* Laura is Alexander's ancestor.
* Sharon is Elijah's ancestor.
* David is Diana's descendant.
* Frank is Raymond's descendant.
* Ralph is Sharon's ancestor.
* Matthew is Larry's descendant.
* Jerry is Christine's ancestor.
* Sara is Kyle's descendant.
* Kelly is Jeffrey's descendant.
* Anna is Evelyn's descendant.
* Marilyn is Henry's descendant.
Determine the lineage relationship between Larry and Juan.
Select the correct answer:
1. Larry and Juan share a common descendant.
2. Larry is Juan's descendant.
3. Larry is Juan's ancestor.
4. Larry and Juan share a common ancestor.
5. None of the above is correct.
Enclose the selected answer number in the <ANSWER> tag, for example: <ANSWER>1</ANSWER>.",qwen/qwen3.5-4b,,,,"

The provided lineage relationships allow us to trace the connections between Larry and Juan.

1.  **Analyze Larry's lineage:**
    *   Fact 58: Matthew is Larry's descendant (Larry $\rightarrow$ Matthew).
    *   Fact 51: Christina is Matthew's descendant (Matthew $\rightarrow$ Christina).
    *   Fact 59: Jerry is Christine's ancestor (Christina $\rightarrow$ Jerry).
    *   Therefore, Larry $\rightarrow$ Matthew $\rightarrow$ Christina $\rightarrow$ Jerry. Larry is an ancestor of Jerry.

2.  **Analyze Juan's lineage:**
    *   Fact 29: Russell is Juan's descendant (Juan $\rightarrow$ Russell).
    *   Fact 31: Russell is Gloria's ancestor (Gloria $\rightarrow$ Russell).
    *   Fact 16: Carolyn is Gloria's descendant (Gloria $\rightarrow$ Carolyn).
    *   Fact 20: Carolyn is Patricia's ancestor (Patricia $\rightarrow$ Carolyn).
    *   Fact 5: Patricia is Walter's ancestor (Walter $\rightarrow$ Patricia).
    *   Fact 6: Pamela is Walter's descendant (Walter $\rightarrow$ Pamela).
    *   Fact 19: Ashley is Pamela's descendant (Pamela $\rightarrow$ Ashley).
    *   Fact 13: Ashley is Henry's ancestor (Henry $\rightarrow$ Ashley).
    *   Fact 63: Marilyn is Henry's descendant (Henry $\rightarrow$ Marilyn).
    *   Fact 33: Michael is Marilyn's descendant (Marilyn $\rightarrow$ Michael).
    *   Fact 37: Justin is Michael's descendant (Michael $\rightarrow$ Justin).
    *   Fact 41: Jesse is Justin's descendant (Justin $\rightarrow$ Jesse).
    *   Fact 14: Sarah is Jesse's descendant (Jesse $\rightarrow$ Sarah).
    *   Fact 9: Gregory is Sara's descendant (Sara $\rightarrow$ Gregory).
    *   Fact 47: Gregory is Bradley's descendant (Bradley $\rightarrow$ Gregory).
    *   Fact 27: Bradley is Debra's descendant (Debra $\rightarrow$ Bradley).
    *   Fact 43: Lori is Debra's ancestor (Debra $\rightarrow$ Lori).
    *   Fact 17: Lori is Anthony's descendant (Anthony $\rightarrow$ Lori).
    *   Fact 1: Kelly is Anthony's ancestor (Anthony $\rightarrow$ Kelly).
    *   Fact 61: Kelly is Jeffrey's descendant (Jeffrey $\rightarrow$ Kelly).
    *   Fact 39: Ryan is Jeffrey's ancestor (Jeffrey $\rightarrow$ Ryan).
    *   Fact 24: Nicholas is Ryan's ancestor (Ryan $\rightarrow$ Nicholas).
    *   Fact 25: Anna is Nicholas's ancestor (Nicholas $\rightarrow$ Anna).
    *   Fact 62: Anna is Evelyn's descendant (Evelyn $\rightarrow$ Anna).
    *   Fact 3: Jacob is Evelyn's ancestor (Evelyn $\rightarrow$ Jacob).
    *   Fact 38: Jacob is Teresa's descendant (Teresa $\rightarrow$ Jacob).
    *   Fact 44: Teresa is Austin's descendant (Austin $\rightarrow$ Teresa).
    *   Fact 23: Austin is Jacqueline's descendant (Jacqueline $\rightarrow$ Austin).
    *   Fact 8: Martha is Jacqueline's ancestor (Jacqueline $\rightarrow$ Martha).
    *   Fact 2: Martha is Brenda's descendant (Brenda $\rightarrow$ Martha).
    *   Fact 49: Brenda is Willie's descendant (Willie $\rightarrow$ Brenda).
    *   Fact 26: Karen is Willie's ancestor (Willie $\rightarrow$ Karen).
    *   Fact 18: Karen is Stephen's descendant (Stephen $\rightarrow$ Karen).
    *   Fact 11: Kimberly is Stephen's ancestor (Stephen $\rightarrow$ Kimberly).
    *   Fact 12: Kimberly is Ronald's descendant (Ronald $\rightarrow$ Kimberly).
    *   Fact 10: Ronald is Maria's descendant (Maria $\rightarrow$ Ronald).
    *   Fact 34: Aaron is Maria's ancestor (Maria $\rightarrow$ Aaron).
    *   Fact 28: Aaron is Rebecca's descendant (Rebecca $\rightarrow$ Aaron).
    *   Fact 7: Rebecca is Christina's descendant (Christina $\rightarrow$ Rebecca).
    *   This chain establishes that Juan $\rightarrow$ Russell $\rightarrow$ Gloria $\rightarrow$ Carolyn $\rightarrow$ Patricia $\rightarrow$ Walter $\rightarrow$ Pamela $\rightarrow$ Ashley $\rightarrow$ Henry $\rightarrow$ Marilyn $\rightarrow$ Michael $\rightarrow$ Justin $\rightarrow$ Jesse $\rightarrow$ Sarah $\rightarrow$ Gregory $\rightarrow$ Bradley $\rightarrow$ Debra $\rightarrow$ Lori $\rightarrow$ Anthony $\rightarrow$ Kelly $\rightarrow$ Jeffrey $\rightarrow$ Ryan $\rightarrow$ Nicholas $\rightarrow$ Anna $\rightarrow$ Evelyn $\rightarrow$ Jacob $\rightarrow$ Teresa $\rightarrow$ Austin $\rightarrow$ Jacqueline $\rightarrow$ Martha $\rightarrow$ Brenda $\rightarrow$ Willie $\rightarrow$ Karen $\rightarrow$ Stephen $\rightarrow$ Kimberly $\rightarrow$ Ronald $\rightarrow$ Maria $\rightarrow$ Aaron $\rightarrow$ Rebecca $\rightarrow$ Christina.
    *   Fact 51 states Matthew is Christine's descendant (Christina $\rightarrow$ Matthew). Wait, Fact 51 is ""Christina is Matthew's descendant"". This matches Christina $\rightarrow$ Matthew.
    *   Fact 59 states Jerry is Christine's ancestor (Christina $\rightarrow$ Jerry).
    *   From the Juan chain, Juan is an ancestor of Christina.
    *   Larry is an ancestor of Matthew, who is a descendant of Christina.
    *   Since Juan $\rightarrow$ ... $\rightarrow$ Christina and Larry $\rightarrow$ Matthew $\rightarrow$ Christina, they share Christina as a common descendant.
    *   Also, we found a common ancestor Julia for both (Julia $\rightarrow$ ... $\rightarrow$ Jerry and Julia $\rightarrow$ ... $\rightarrow$ Matthew).

Since both Larry and Juan are ancestors of Jerry (and other common descendants), they share a common descendant. They also share a common ancestor (Julia). Both options 1 and 4 are technically correct. However, in such lineage problems, establishing a common descendant often implies the broader relationship of sharing a common ancestor if the tree is connected. Given the options, sharing a common ancestor is the fundamental relationship defining their kinship.

<ANSWER>4</ANSWER>"
64,ANCESTOR,1,"Given the following lineage relationships:
* Jacob is Andrea's ancestor.
* Kayla is Zachary's ancestor.
* Kathryn is Amber's descendant.
* Wayne is Rachel's ancestor.
* Sarah is Aaron's descendant.
* David is Joseph's ancestor.
* Patricia is Jerry's ancestor.
* Randy is Tyler's ancestor.
* Bryan is Gregory's descendant.
* Lawrence is Jerry's descendant.
* Christine is Kevin's descendant.
* Vincent is Joseph's descendant.
* Gary is Wayne's ancestor.
* Nancy is Nicole's ancestor.
* Henry is Donna's descendant.
* Jacob is Daniel's descendant.
* Shirley is Marilyn's ancestor.
* Carolyn is Kevin's ancestor.
* Nicole is Gregory's ancestor.
* Shirley is Jose's descendant.
* Carl is Aaron's ancestor.
* Willie is Evelyn's descendant.
* Jeffrey is Henry's descendant.
* George is Evelyn's ancestor.
* Sarah is Carol's ancestor.
* Madison is George's ancestor.
* Donald is Andrew's ancestor.
* Christian is Gabriel's ancestor.
* Beverly is Amber's ancestor.
* Charlotte is Emma's descendant.
* Christine is Donna's ancestor.
* Zachary is Emma's ancestor.
* Samantha is Alan's ancestor.
* Lisa is Willie's descendant.
* Peter is Deborah's ancestor.
* Lisa is Eugene's ancestor.
* Carolyn is Theresa's descendant.
* Jesse is Lawrence's descendant.
* Andrea is Melissa's ancestor.
* Jeffrey is Richard's ancestor.
* Tyler is Theresa's ancestor.
* Rebecca is Kayla's ancestor.
* Samantha is Vincent's descendant.
* Catherine is Jose's ancestor.
* Rebecca is Melissa's descendant.
* Eugene is Christian's ancestor.
* Dylan is Randy's ancestor.
* Charlotte is Ronald's ancestor.
* Margaret is Gabriel's descendant.
* Daniel is Deborah's descendant.
* Catherine is Margaret's descendant.
* Carol is Peter's ancestor.
* Beverly is Alan's descendant.
* Donald is Jesse's descendant.
* David is Marilyn's descendant.
* Raymond is Andrew's descendant.
* Brian is Ronald's descendant.
* Carl is Rachel's descendant.
* Gary is Richard's descendant.
* Kathryn is Bruce's ancestor.
* Brian is Patricia's ancestor.
* Nancy is Bruce's descendant.
* Madison is Raymond's descendant.
Determine the lineage relationship between Dylan and Bryan.
Select the correct answer:
1. Dylan is Bryan's ancestor.
2. Dylan and Bryan share a common descendant.
3. Dylan and Bryan share a common ancestor.
4. Dylan is Bryan's descendant.
5. None of the above is correct.
Enclose the selected answer number in the <ANSWER> tag, for example: <ANSWER>1</ANSWER>.",qwen/qwen3.5-4b,,,,"

The lineage relationship is determined by tracing the connections between Dylan and Bryan through the provided facts.

1.  **Dylan is Randy's ancestor** (Fact 47).
2.  **Randy is Tyler's ancestor** (Fact 8). This implies Dylan is Tyler's ancestor.
3.  **Tyler is Theresa's ancestor** (Fact 41). This implies Dylan is Theresa's ancestor.
4.  **Carolyn is Theresa's descendant** (Fact 37). Thus, Dylan is Carolyn's ancestor.
5.  **Carolyn is Kevin's ancestor** (Fact 18). Thus, Dylan is Kevin's ancestor.
6.  **Christine is Kevin's descendant** (Fact 11). Thus, Dylan is Christine's ancestor.
7.  **Christine is Donna's ancestor** (Fact 31). Thus, Dylan is Donna's ancestor.
8.  **Henry is Donna's descendant** (Fact 15). Thus, Dylan is Henry's ancestor.
9.  **Jeffrey is Henry's descendant** (Fact 23). Thus, Dylan is Jeffrey's ancestor.
10. **Jeffrey is Richard's ancestor** (Fact 40). Thus, Dylan is Richard's ancestor.
11. **Gary is Richard's descendant** (Fact 59). Thus, Dylan is Gary's ancestor.
12. **Gary is Wayne's ancestor** (Fact 13). Thus, Dylan is Wayne's ancestor.
13. **Wayne is Rachel's ancestor** (Fact 4). Thus, Dylan is Rachel's ancestor.
14. **Carl is Rachel's descendant** (Fact 58). Thus, Dylan is Carl's ancestor.
15. **Carl is Aaron's ancestor** (Fact 21). Thus, Dylan is Aaron's ancestor.
16. **Sarah is Aaron's descendant** (Fact 5). Thus, Dylan is Sarah's ancestor.
17. **Sarah is Carol's ancestor** (Fact 25). Thus, Dylan is Carol's ancestor.
18. **Carol is Peter's ancestor** (Fact 52). Thus, Dylan is Peter's ancestor.
19. **Peter is Deborah's ancestor** (Fact 35). Thus, Dylan is Deborah's ancestor.
20. **Daniel is Deborah's descendant** (Fact 50). Thus, Dylan is Daniel's ancestor.
21. **Jacob is Daniel's descendant** (Fact 16). Thus, Dylan is Jacob's ancestor.
22. **Jacob is Andrea's ancestor** (Fact 1). Thus, Dylan is Andrea's ancestor.
23. **Andrea is Melissa's ancestor** (Fact 39). Thus, Dylan is Melissa's ancestor.
24. **Rebecca is Melissa's descendant** (Fact 45). Thus, Dylan is Rebecca's ancestor.
25. **Rebecca is Kayla's ancestor** (Fact 42). Thus, Dylan is Kayla's ancestor.
26. **Kayla is Zachary's ancestor** (Fact 2). Thus, Dylan is Zachary's ancestor.
27. **Zachary is Emma's ancestor** (Fact 32). Thus, Dylan is Emma's ancestor.
28. **Charlotte is Emma's descendant** (Fact 30). Thus, Dylan is Charlotte's ancestor.
29. **Charlotte is Ronald's ancestor** (Fact 48). Thus, Dylan is Ronald's ancestor.
30. **Brian is Ronald's descendant** (Fact 57). Thus, Dylan is Brian's ancestor.
31. **Brian is Patricia's ancestor** (Fact 61). Thus, Dylan is Patricia's ancestor.
32. **Patricia is Jerry's ancestor** (Fact 7). Thus, Dylan is Jerry's ancestor.
33. **Lawrence is Jerry's descendant** (Fact 10). Thus, Dylan is Lawrence's ancestor.
34. **Jesse is Lawrence's descendant** (Fact 38). Thus, Dylan is Jesse's ancestor.
35. **Donald is Jesse's descendant** (Fact 54). Thus, Dylan is Donald's ancestor.
36. **Donald is Andrew's ancestor** (Fact 27). Thus, Dylan is Andrew's ancestor.
37. **Raymond is Andrew's descendant** (Fact 56). Thus, Dylan is Raymond's ancestor.
38. **Madison is Raymond's descendant** (Fact 63). Thus, Dylan is Madison's ancestor.
39. **Madison is George's ancestor** (Fact 26). Thus, Dylan is George's ancestor.
40. **George is Evelyn's ancestor** (Fact 24). Thus, Dylan is Evelyn's ancestor.
41. **Eugene is Christian's ancestor** (Fact 46).
42. **Christian is Gabriel's ancestor** (Fact 28).
43. **Margaret is Gabriel's descendant** (Fact 49).
44. **Catherine is Margaret's descendant** (Fact 51).
45. **Catherine is Jose's ancestor** (Fact 44).
46. **Shirley is Jose's descendant** (Fact 20).
47. **Shirley is Marilyn's ancestor** (Fact 17).
48. **David is Marilyn's descendant** (Fact 55).
49. **David is Joseph's ancestor** (Fact 6).
50. **Vincent is Joseph's descendant** (Fact 12).
51. **Samantha is Vincent's descendant** (Fact 43).
52. **Samantha is Alan's ancestor** (Fact 33).
53. **Beverly is Alan's descendant** (Fact 53).
54. **Beverly is Amber's ancestor** (Fact 29).
55. **Kathryn is Amber's descendant** (Fact 3).
56. **Kathryn is Bruce's ancestor** (Fact 60).
57. **Nancy is Bruce's descendant** (Fact 62).
58. **Nancy is Nicole's ancestor** (Fact 14).
59. **Nicole is Gregory's ancestor** (Fact 19).
60. **Bryan is Gregory's descendant** (Fact 9).

Tracing these links establishes a continuous line of descent where Dylan is an ancestor of Bryan.

<ANSWER>1</ANSWER>"
64,DESCENDANT,2,"Given the following lineage relationships:
* Eugene is Joseph's descendant.
* Debra is Vincent's descendant.
* David is Raymond's ancestor.
* Paul is Bruce's descendant.
* Cheryl is Stephen's ancestor.
* Doris is Susan's descendant.
* Samuel is Emma's ancestor.
* Lisa is Noah's ancestor.
* Michelle is Emma's descendant.
* Donald is Alexander's ancestor.
* Eugene is Nicole's ancestor.
* Charles is Catherine's descendant.
* John is Betty's descendant.
* Christopher is Laura's ancestor.
* Emily is Rebecca's descendant.
* Joseph is Denise's descendant.
* Charlotte is Jessica's descendant.
* Jonathan is Walter's ancestor.
* Laura is Alan's ancestor.
* John is Robert's ancestor.
* Cheryl is Walter's descendant.
* Stephen is Carol's ancestor.
* Charlotte is David's ancestor.
* Sophia is Ryan's descendant.
* Paul is Betty's ancestor.
* Beverly is Sara's descendant.
* Maria is Christopher's ancestor.
* Noah is Jessica's ancestor.
* Denise is Wayne's descendant.
* Nancy is Doris's descendant.
* Jeremy is Carolyn's descendant.
* Sara is Alexander's descendant.
* Donald is Lawrence's descendant.
* Angela is Lisa's ancestor.
* Maria is Deborah's descendant.
* Bruce is Debra's descendant.
* Nathan is Mason's ancestor.
* Carolyn is Stephanie's descendant.
* Michelle is Catherine's ancestor.
* Nancy is Lawrence's ancestor.
* Robert is Elizabeth's ancestor.
* Cynthia is Kyle's descendant.
* Sean is Kathryn's descendant.
* Mason is Jose's ancestor.
* Rebecca is Jerry's descendant.
* Amy is Nathan's ancestor.
* Austin is Kathryn's ancestor.
* Charles is Deborah's ancestor.
* Raymond is Stephanie's ancestor.
* Shirley is Elizabeth's descendant.
* Beverly is Austin's ancestor.
* Jerry is Sophia's descendant.
* Carol is Henry's ancestor.
* Cynthia is Vincent's ancestor.
* Angela is Emily's descendant.
* Wayne is Henry's descendant.
* Susan is Frank's descendant.
* Alan is Ryan's ancestor.
* Sean is Samuel's ancestor.
* Gregory is Jeremy's descendant.
* Jose is Frank's ancestor.
* Jonathan is Gregory's descendant.
* Shirley is Amy's ancestor.
Determine the lineage relationship between Nicole and Kyle.
Select the correct answer:
1. Nicole is Kyle's ancestor.
2. Nicole is Kyle's descendant.
3. Nicole and Kyle share a common ancestor.
4. Nicole and Kyle share a common descendant.
5. None of the above is correct.
Enclose the selected answer number in the <ANSWER> tag, for example: <ANSWER>1</ANSWER>.",qwen/qwen3.5-4b,,,,"

The lineage relationships can be traced to determine the relationship between Nicole and Kyle.

1.  **Tracing Kyle's descendants:**
    *   ""Cynthia is Kyle's descendant"" $\Rightarrow$ **Kyle $\rightarrow$ Cynthia**.
    *   ""Cynthia is Vincent's ancestor"" $\Rightarrow$ **Vincent $\rightarrow$ Cynthia**. (Wait, ""Cynthia is Vincent's ancestor"" means Cynthia is older. Vincent $\rightarrow$ Cynthia is wrong. It means Kyle $\rightarrow$ Cynthia $\rightarrow$ Vincent).
    *   ""Debra is Vincent's descendant"" $\Rightarrow$ **Vincent $\rightarrow$ Debra**.
    *   ""Bruce is Debra's descendant"" $\Rightarrow$ **Debra $\rightarrow$ Bruce**.
    *   ""Paul is Bruce's descendant"" $\Rightarrow$ **Bruce $\rightarrow$ Paul**.
    *   ""Paul is Betty's ancestor"" $\Rightarrow$ **Paul $\rightarrow$ Betty**.
    *   ""John is Betty's descendant"" $\Rightarrow$ **Betty $\rightarrow$ John**.
    *   ""John is Robert's ancestor"" $\Rightarrow$ **Robert $\rightarrow$ John**.
    *   ""Robert is Elizabeth's ancestor"" $\Rightarrow$ **Elizabeth $\rightarrow$ Robert**.
    *   ""Shirley is Elizabeth's descendant"" $\Rightarrow$ **Elizabeth $\rightarrow$ Shirley**.
    *   ""Shirley is Amy's ancestor"" $\Rightarrow$ **Amy $\rightarrow$ Shirley**.
    *   ""Nathan is Mason's ancestor"" $\Rightarrow$ **Mason $\rightarrow$ Nathan**.
    *   ""Amy is Nathan's ancestor"" $\Rightarrow$ **Nathan $\rightarrow$ Amy**.
    *   ""Mason is Jose's ancestor"" $\Rightarrow$ **Jose $\rightarrow$ Mason**.
    *   ""Jose is Frank's ancestor"" $\Rightarrow$ **Frank $\rightarrow$ Jose**.
    *   ""Frank is Susan's ancestor"" (From ""Susan is Frank's descendant"").
    *   ""Susan is Doris's descendant"" $\Rightarrow$ **Susan $\rightarrow$ Doris**.
    *   ""Doris is Nancy's descendant"" $\Rightarrow$ **Doris $\rightarrow$ Nancy**.
    *   ""Nancy is Lawrence's ancestor"" $\Rightarrow$ **Lawrence $\rightarrow$ Nancy**.
    *   ""Donald is Lawrence's descendant"" $\Rightarrow$ **Lawrence $\rightarrow$ Donald**.
    *   ""Donald is Alexander's ancestor"" $\Rightarrow$ **Alexander $\rightarrow$ Donald**.
    *   ""Alexander is Donald's ancestor""? No, ""Donald is Alexander's ancestor"". **Alexander $\rightarrow$ Donald**.
    *   ""Sara is Alexander's descendant"" $\Rightarrow$ **Alexander $\rightarrow$ Sara**.
    *   ""Beverly is Sara's descendant"" $\Rightarrow$ **Sara $\rightarrow$ Beverly**.
    *   ""Beverly is Austin's ancestor"" $\Rightarrow$ **Austin $\rightarrow$ Beverly**? No. ""Beverly is Austin's ancestor"". **Beverly $\rightarrow$ Austin**.
    *   ""Austin is Kathryn's ancestor"" $\Rightarrow$ **Kathryn $\rightarrow$ Austin**. (Wait, ""Austin is Kathryn's ancestor"" $\Rightarrow$ **Austin $\rightarrow$ Kathryn**).
    *   ""Sean is Kathryn's descendant"" $\Rightarrow$ **Kathryn $\rightarrow$ Sean**.
    *   ""Sean is Samuel's ancestor"" $\Rightarrow$ **Samuel $\rightarrow$ Sean**.
    *   ""Samuel is Emma's ancestor"" $\Rightarrow$ **Emma $\rightarrow$ Samuel**.
    *   ""Michelle is Emma's descendant"" $\Rightarrow$ **Emma $\rightarrow$ Michelle**.
    *   ""Michelle is Catherine's ancestor"" $\Rightarrow$ **Catherine $\rightarrow$ Michelle**.
    *   ""Charles is Catherine's descendant"" $\Rightarrow$ **Catherine $\rightarrow$ Charles**.
    *   ""Charles is Deborah's ancestor"" $\Rightarrow$ **Deborah $\rightarrow$ Charles**.
    *   ""Maria is Deborah's descendant"" $\Rightarrow$ **Deborah $\rightarrow$ Maria**.
    *   ""Maria is Christopher's ancestor"" $\Rightarrow$ **Christopher $\rightarrow$ Maria**.
    *   ""Christopher is Laura's ancestor"" $\Rightarrow$ **Laura $\rightarrow$ Christopher**.
    *   ""Laura is Alan's ancestor"" $\Rightarrow$ **Alan $\rightarrow$ Laura**.
    *   ""Alan is Ryan's ancestor"" $\Rightarrow$ **Ryan $\rightarrow$ Alan**.
    *   ""Ryan is Sophia's descendant""? No. ""Sophia is Ryan's descendant"". **Ryan $\rightarrow$ Sophia**.
    *   ""Jerry is Sophia's descendant"" $\Rightarrow$ **Sophia $\rightarrow$ Jerry**.
    *   ""Rebecca is Jerry's descendant"" $\Rightarrow$ **Jerry $\rightarrow$ Rebecca**.
    *   ""Emily is Rebecca's descendant"" $\Rightarrow$ **Rebecca $\rightarrow$ Emily**.
    *   ""Angela is Emily's descendant"" $\Rightarrow$ **Emily $\rightarrow$ Angela**.
    *   ""Lisa is Angela's descendant""? No. ""Angela is Lisa's ancestor"". **Lisa $\rightarrow$ Angela**.
    *   ""Lisa is Noah's ancestor"" $\Rightarrow$ **Noah $\rightarrow$ Lisa**.
    *   ""Noah is Jessica's ancestor"" $\Rightarrow$ **Jessica $\rightarrow$ Noah**.
    *   ""Charlotte is Jessica's descendant"" $\Rightarrow$ **Jessica $\rightarrow$ Charlotte**.
    *   ""Charlotte is David's ancestor"" $\Rightarrow$ **David $\rightarrow$ Charlotte**.
    *   ""David is Raymond's ancestor"" $\Rightarrow$ **Raymond $\rightarrow$ David**.
    *   ""Stephanie is Raymond's descendant""? No. ""Raymond is Stephanie's ancestor"". **Stephanie $\rightarrow$ Raymond**. (Wait. ""Raymond is Stephanie's ancestor"" $\Rightarrow$ **Raymond $\rightarrow$ Stephanie**).
    *   ""Stephanie is Carolyn's descendant""? No. ""Carolyn is Stephanie's descendant"". **Stephanie $\rightarrow$ Carolyn**.
    *   ""Carolyn is Jeremy's descendant""? No. ""Jeremy is Carolyn's descendant"". **Carolyn $\rightarrow$ Jeremy**.
    *   ""Jeremy is Gregory's descendant"" $\Rightarrow$ **Jeremy $\rightarrow$ Gregory**.
    *   ""Gregory is Jonathan's descendant""? No. ""Jonathan is Gregory's descendant"". **Jonathan $\rightarrow$ Gregory**. (Wait. ""Gregory is Jeremy's descendant"" and ""Jonathan is Gregory's descendant"").
    *   ""Jonathan is Walter's ancestor"" $\Rightarrow$ **Walter $\rightarrow$ Jonathan**.
    *   ""Cheryl is Walter's descendant"" $\Rightarrow$ **Walter $\rightarrow$ Cheryl**.
    *   ""Cheryl is Stephen's ancestor"" $\Rightarrow$ **Stephen $\rightarrow$ Cheryl**.
    *   ""Stephen is Carol's ancestor"" $\Rightarrow$ **Carol $\rightarrow$ Stephen**.
    *   ""Carol is Henry's ancestor"" $\Rightarrow$ **Henry $\rightarrow$ Carol**.
    *   ""Wayne is Henry's descendant"" $\Rightarrow$ **Henry $\rightarrow$ Wayne**.
    *   ""Wayne is Denise's descendant""? No. ""Denise is Wayne's descendant"". **Wayne $\rightarrow$ Denise**.
    *   ""Denise is Joseph's descendant""? No. ""Joseph is Denise's descendant"". **Denise $\rightarrow$ Joseph**.
    *   ""Eugene is Joseph's descendant"" $\Rightarrow$ **Joseph $\rightarrow$ Eugene**.
    *   ""Eugene is Nicole's ancestor"" $\Rightarrow$ **Nicole $\rightarrow$ Eugene**.

    **Constructing the chain:**
    *   Start with Nicole.
    *   **Nicole $\rightarrow$ Eugene** (Eugene is Nicole's ancestor).
    *   **Joseph $\rightarrow$ Eugene** (Eugene is Joseph's descendant).
    *   **Denise $\rightarrow$ Joseph** (Joseph is Denise's descendant).
    *   **Wayne $\rightarrow$ Denise** (Denise is Wayne's descendant).
    *   **Henry $\rightarrow$ Wayne** (Wayne is Henry's descendant).
    *   **Carol $\rightarrow$ Henry** (Carol is Henry's ancestor).
    *   **Stephen $\rightarrow$ Carol** (Stephen is Carol's ancestor).
    *   **Cheryl $\rightarrow$ Stephen** (Cheryl is Stephen's ancestor).
    *   **Walter $\rightarrow$ Cheryl** (Cheryl is Walter's descendant).
    *   **Jonathan $\rightarrow$ Walter** (Jonathan is Walter's ancestor).
    *   **Gregory $\rightarrow$ Jonathan** (Jonathan is Gregory's descendant).
    *   **Jeremy $\rightarrow$ Gregory** (Jeremy is Carolyn's descendant... ""Gregory is Jeremy's descendant"").
    *   **Carolyn $\rightarrow$ Jeremy** (Jeremy is Carolyn's descendant).
    *   **Stephanie $\rightarrow$ Carolyn** (Carolyn is Stephanie's descendant).
    *   **Raymond $\rightarrow$ Stephanie** (Raymond is Stephanie's ancestor).
    *   **David $\rightarrow$ Raymond** (David is Raymond's ancestor).
    *   **Charlotte $\rightarrow$ David** (Charlotte is David's ancestor).
    *   **Jessica $\rightarrow$ Charlotte** (Charlotte is Jessica's descendant).
    *   **Noah $\rightarrow$ Jessica** (Noah is Jessica's ancestor).
    *   **Lisa $\rightarrow$ Noah** (Lisa is Noah's ancestor).
    *   **Angela $\rightarrow$ Lisa** (Lisa is Angela's descendant... No. Angela is Lisa's ancestor).
    *   **Emily $\rightarrow$ Angela** (Angela is Emily's descendant).
    *   **Rebecca $\rightarrow$ Emily** (Emily is Rebecca's descendant).
    *   **Jerry $\rightarrow$ Rebecca** (Rebecca is Jerry's descendant).
    *   **Sophia $\rightarrow$ Jerry** (Jerry is Sophia's descendant).
    *   **Ryan $\rightarrow$ Sophia** (Sophia is Ryan's descendant).
    *   **Alan $\rightarrow$ Ryan** (Alan is Ryan's ancestor).
    *   **Laura $\rightarrow$ Alan** (Laura is Alan's ancestor).
    *   **Christopher $\rightarrow$ Laura** (Christopher is Laura's ancestor).
    *   **Maria $\rightarrow$ Christopher** (Maria is Christopher's ancestor).
    *   **Deborah $\rightarrow$ Maria** (Maria is Deborah's descendant).
    *   **Charles $\rightarrow$ Deborah** (Charles is Deborah's ancestor).
    *   **Catherine $\rightarrow$ Charles** (Charles is Catherine's descendant).
    *   **Michelle $\rightarrow$ Catherine** (Michelle is Catherine's ancestor).
    *   **Emma $\rightarrow$ Michelle** (Michelle is Emma's descendant).
    *   **Samuel $\rightarrow$ Emma** (Samuel is Emma's ancestor).
    *   **Sean $\rightarrow$ Samuel** (Sean is Samuel's ancestor).
    *   **Kathryn $\rightarrow$ Sean** (Sean is Kathryn's descendant).
    *   **Austin $\rightarrow$ Kathryn** (Austin is Kathryn's ancestor).
    *   **Beverly $\rightarrow$ Austin** (Beverly is Austin's ancestor).
    *   **Sara $\rightarrow$ Beverly** (Beverly is Sara's descendant).
    *   **Alexander $\rightarrow$ Sara** (Sara is Alexander's descendant).
    *   **Donald $\rightarrow$ Alexander** (Donald is Alexander's ancestor).
    *   **Lawrence $\rightarrow$ Donald** (Donald is Lawrence's descendant).
    *   **Nancy $\rightarrow$ Lawrence** (Nancy is Lawrence's ancestor).
    *   **Doris $\rightarrow$ Nancy** (Doris is Nancy's descendant).
    *   **Susan $\rightarrow$ Doris** (Doris is Susan's descendant).
    *   **Frank $\rightarrow$ Susan** (Frank is Susan's ancestor... Susan is Frank's descendant).
    *   **Jose $\rightarrow$ Frank** (Jose is Frank's ancestor).
    *   **Mason $\rightarrow$ Jose** (Mason is Jose's ancestor).
    *   **Nathan $\rightarrow$ Mason** (Nathan is Mason's ancestor).
    *   **Amy $\rightarrow$ Nathan** (Amy is Nathan's ancestor).
    *   **Shirley $\rightarrow$ Amy** (Shirley is Amy's ancestor).
    *   **Elizabeth $\rightarrow$ Shirley** (Shirley is Elizabeth's descendant).
    *   **Robert $\rightarrow$ Elizabeth** (Robert is Elizabeth's ancestor).
    *   **John $\rightarrow$ Robert** (John is Robert's ancestor).
    *   **Betty $\rightarrow$ John** (John is Betty's descendant).
    *   **Paul $\rightarrow$ Betty** (Paul is Betty's ancestor).
    *   **Bruce $\rightarrow$ Paul** (Paul is Bruce's descendant).
    *   **Debra $\rightarrow$ Bruce** (Bruce is Debra's descendant).
    *   **Vincent $\rightarrow$ Debra** (Debra is Vincent's descendant).
    *   **Cynthia $\rightarrow$ Vincent** (Cynthia is Vincent's ancestor).
    *   **Kyle $\rightarrow$ Cynthia** (Cynthia is Kyle's descendant).

    This confirms a continuous lineage from **Kyle** to **Nicole**. Thus, **Kyle is the ancestor of Nicole**. Consequently, **Nicole is Kyle's descendant**.

<ANSWER>2</ANSWER>"
64,COMMON_ANCESTOR,4,"Given the following lineage relationships:
* Gabriel is Logan's ancestor.
* Stephanie is Brandon's descendant.
* Joe is Dennis's descendant.
* Ronald is Larry's descendant.
* Jerry is Edward's descendant.
* Gregory is Rachel's ancestor.
* Christine is Gloria's descendant.
* Heather is Gloria's ancestor.
* Kathryn is Kathleen's descendant.
* Cynthia is Lori's descendant.
* Kelly is Jerry's descendant.
* Bobby is Bruce's descendant.
* Edward is Michael's descendant.
* Kenneth is Heather's ancestor.
* Ashley is Harold's descendant.
* William is Danielle's descendant.
* Christine is Lori's ancestor.
* Christopher is Jonathan's ancestor.
* Andrea is Jacob's descendant.
* Bradley is Jean's descendant.
* Larry is Helen's descendant.
* Bruce is Eric's descendant.
* Donald is Jordan's descendant.
* Brandon is Kathryn's descendant.
* Susan is Linda's descendant.
* Gregory is Deborah's descendant.
* Danielle is Bradley's descendant.
* Isabella is Stephanie's descendant.
* Brenda is Susan's descendant.
* Carl is Julia's descendant.
* Steven is Linda's ancestor.
* Ashley is Jean's ancestor.
* Theresa is Sophia's ancestor.
* Kevin is Samuel's descendant.
* Joshua is Jesse's descendant.
* Jordan is Sean's descendant.
* Amanda is Anthony's ancestor.
* Samuel is Rachel's descendant.
* Eric is Juan's descendant.
* Logan is Willie's ancestor.
* Sophia is Carol's ancestor.
* Bobby is Sean's ancestor.
* Jacob is Kelly's descendant.
* Jose is Jonathan's descendant.
* Kevin is Dennis's ancestor.
* Joe is Steven's ancestor.
* Michael is Matthew's descendant.
* Karen is Janet's ancestor.
* Brenda is Theresa's ancestor.
* Arthur is Kenneth's descendant.
* Karen is Arthur's descendant.
* Isabella is Christopher's ancestor.
* Juan is Cynthia's descendant.
* Carolyn is Janet's descendant.
* Carol is Helen's ancestor.
* Gabriel is Carolyn's descendant.
* Harold is Joshua's descendant.
* Donald is Jesse's ancestor.
* William is Matthew's ancestor.
* Jose is Julia's ancestor.
* Deborah is Willie's descendant.
* Amanda is Carl's descendant.
* Andrea is Kathleen's ancestor.
Determine the lineage relationship between Ronald and Anthony.
Select the correct answer:
1. Ronald and Anthony share a common descendant.
2. Ronald is Anthony's descendant.
3. Ronald is Anthony's ancestor.
4. Ronald and Anthony share a common ancestor.
5. None of the above is correct.
Enclose the selected answer number in the <ANSWER> tag, for example: <ANSWER>1</ANSWER>.",qwen/qwen3.5-4b,,,,"

The lineage relationships can be traced as follows:

**Branch leading to Ronald:**
1.  Kenneth is Heather's ancestor. (Kenneth -> Heather)
2.  Kenneth is Arthur's ancestor. (Arthur is Kenneth's descendant, Kenneth -> Arthur)
3.  Arthur is Kenneth's descendant. (Arthur -> ... -> Ronald)
    *   Arthur -> Karen
    *   Karen is Janet's ancestor. (Karen -> Janet)
    *   Janet -> Carolyn
    *   Carolyn is Gabriel's descendant (Wait, ""Gabriel is Carolyn's descendant""). (Carolyn -> Gabriel)
    *   Gabriel is Logan's ancestor. (Gabriel -> Logan)
    *   Logan is Willie's ancestor. (Logan -> Willie)
    *   Willie -> Deborah
    *   Deborah is Gregory's descendant (Wait, ""Gregory is Deborah's descendant""? No, ""Gregory is Deborah's descendant"" means Gregory -> Deborah. But ""Deborah is Willie's descendant"" means Willie -> Deborah. So Willie -> Deborah -> Gregory. Wait. Let's re-read.)
    *   Text: ""Gregory is Deborah's descendant."" (Deborah -> Gregory)
    *   Text: ""Deborah is Willie's descendant."" (Willie -> Deborah)
    *   So Willie -> Deborah -> Gregory.
    *   Gregory is Rachel's ancestor. (Gregory -> Rachel)
    *   Rachel -> Samuel
    *   Samuel -> Kevin
    *   Kevin is Dennis's ancestor. (Kevin -> Dennis)
    *   Dennis -> Joe
    *   Joe is Steven's ancestor. (Joe -> Steven)
    *   Steven is Linda's ancestor. (Steven -> Linda)
    *   Linda is Susan's ancestor (Susan is Linda's descendant). (Linda -> Susan)
    *   Susan is Brenda's ancestor (Brenda is Susan's descendant). (Susan -> Brenda)
    *   Brenda is Theresa's ancestor. (Brenda -> Theresa)
    *   Theresa is Sophia's ancestor. (Theresa -> Sophia)
    *   Sophia is Carol's ancestor. (Sophia -> Carol)
    *   Carol is Helen's ancestor. (Carol -> Helen)
    *   Helen is Larry's ancestor (Larry is Helen's descendant). (Helen -> Larry)
    *   Larry is Ronald's ancestor (Ronald is Larry's descendant). (Larry -> Ronald)
    *   Therefore, Kenneth -> Arthur -> ... -> Ronald.
    *   Kenneth is also Heather's ancestor.
    *   Wait, Kenneth is Heather's ancestor and Kenneth is Arthur's ancestor (Arthur is Kenneth's descendant).
    *   Is Arthur a descendant of Kenneth? Yes.
    *   Is Heather a descendant of Kenneth? Yes.
    *   So Kenneth is the ancestor of both Arthur's line and Heather's line? No, Kenneth is Heather's ancestor. Kenneth is Arthur's ancestor. So Kenneth is the common ancestor.

**Branch leading to Anthony:**
1.  Kenneth is Heather's ancestor. (Kenneth -> Heather)
2.  Heather is Gloria's ancestor. (Heather -> Gloria)
3.  Gloria is Christine's ancestor (Christine is Gloria's descendant). (Gloria -> Christine)
4.  Christine is Lori's ancestor. (Christine -> Lori)
5.  Lori is Cynthia's ancestor (Cynthia is Lori's descendant). (Lori -> Cynthia)
6.  Cynthia is Juan's ancestor (Juan is Cynthia's descendant). (Cynthia -> Juan)
7.  Juan is Eric's ancestor (Eric is Juan's descendant). (Juan -> Eric)
8.  Eric is Bruce's ancestor (Bruce is Eric's descendant). (Eric -> Bruce)
9.  Bruce is Bobby's ancestor (Bobby is Bruce's descendant). (Bruce -> Bobby)
10. Bobby is Sean's ancestor. (Bobby -> Sean)
11. Sean is Jordan's ancestor (Jordan is Sean's descendant). (Sean -> Jordan)
12. Jordan is Donald's ancestor (Donald is Jordan's descendant). (Jordan -> Donald)
13. Donald is Jesse's ancestor. (Donald -> Jesse)
14. Jesse is Joshua's ancestor (Joshua is Jesse's descendant). (Jesse -> Joshua)
15. Joshua is Harold's ancestor (Harold is Joshua's descendant). (Joshua -> Harold)
16. Harold is Ashley's ancestor (Ashley is Harold's descendant). (Harold -> Ashley)
17. Ashley is Jean's ancestor (Jean is Ashley's descendant). (Ashley -> Jean)
18. Jean is Bradley's descendant. (Jean -> Bradley)
19. Bradley is Danielle's descendant. (Jean -> Bradley -> Danielle) (Wait, text: ""Danielle is Bradley's descendant."" -> Bradley -> Danielle)
20. Danielle is William's descendant? (Text: ""William is Danielle's descendant."" -> Danielle -> William)
21. William is Matthew's ancestor. (William -> Matthew)
22. Matthew is Michael's ancestor. (Michael is Matthew's descendant). (Matthew -> Michael)
23. Michael is Edward's ancestor. (Edward is Michael's descendant). (Michael -> Edward)
24. Edward is Jerry's ancestor. (Jerry is Edward's descendant). (Edward -> Jerry)
25. Jerry is Kelly's ancestor. (Kelly is Jerry's descendant). (Jerry -> Kelly)
26. Kelly is Jacob's ancestor. (Jacob is Kelly's descendant). (Kelly -> Jacob)
27. Jacob is Andrea's ancestor. (Andrea is Jacob's descendant). (Jacob -> Andrea)
28. Andrea is Kathleen's ancestor. (Andrea -> Kathleen)
29. Kathleen is Kathryn's ancestor (Kathryn is Kathleen's descendant). (Kathleen -> Kathryn)
30. Kathryn is Brandon's ancestor. (Brandon is Kathryn's descendant). (Kathryn -> Brandon)
31. Brandon is Stephanie's ancestor. (Stephanie is Brandon's descendant). (Brandon -> Stephanie)
32. Stephanie is Isabella's ancestor. (Isabella is Stephanie's descendant). (Stephanie -> Isabella)
33. Isabella is Christopher's ancestor. (Isabella -> Christopher)
34. Christopher is Jonathan's ancestor. (Christopher -> Jonathan)
35. Jonathan is Jose's ancestor. (Jose is Jonathan's descendant). (Jonathan -> Jose)
36. Jose is Julia's ancestor. (Jose -> Julia)
37. Julia is Carl's ancestor. (Carl is Julia's descendant). (Julia -> Carl)
38. Carl is Amanda's ancestor. (Amanda is Carl's descendant). (Carl -> Amanda)
39. Amanda is Anthony's ancestor. (Amanda -> Anthony)

Thus, Kenneth is an ancestor of Anthony through the chain starting with Heather.
And Kenneth is an ancestor of Ronald through the chain starting with Arthur.
Therefore, Ronald and Anthony share a common ancestor, Kenneth.

<ANSWER>4</ANSWER>"
64,COMMON_DESCENDANT,4,"Given the following lineage relationships:
* Janice is Danielle's ancestor.
* Sophia is Olivia's descendant.
* Russell is Lawrence's descendant.
* Mason is Matthew's ancestor.
* Diana is Isabella's descendant.
* Danielle is Christine's ancestor.
* Kathryn is Matthew's descendant.
* Elizabeth is Brittany's descendant.
* Diane is Eric's descendant.
* Sophia is Jacqueline's ancestor.
* Michael is Keith's ancestor.
* Kathryn is Deborah's ancestor.
* Gary is Beverly's ancestor.
* Elijah is Denise's ancestor.
* Jerry is Billy's descendant.
* Kyle is Christine's descendant.
* Logan is Sarah's descendant.
* Lawrence is Evelyn's descendant.
* Ann is Benjamin's descendant.
* Paul is Michelle's ancestor.
* Kayla is Elijah's ancestor.
* Cheryl is Dennis's descendant.
* Sarah is Terry's descendant.
* Eric is Jonathan's descendant.
* Ryan is Jeffrey's descendant.
* Deborah is Rachel's ancestor.
* Carl is Russell's descendant.
* Kenneth is Benjamin's ancestor.
* Brenda is Bryan's descendant.
* Kathleen is Michelle's descendant.
* Linda is Elizabeth's descendant.
* Julie is Olivia's ancestor.
* Nancy is Ryan's descendant.
* Nancy is Evelyn's ancestor.
* Wayne is Andrea's ancestor.
* Logan is Paul's ancestor.
* Mason is Sharon's descendant.
* Andrea is Isabella's ancestor.
* Brittany is Jerry's descendant.
* Margaret is Pamela's ancestor.
* Scott is Janice's ancestor.
* Dennis is Amanda's descendant.
* Brenda is Alice's ancestor.
* Kenneth is Patrick's descendant.
* Cheryl is Jeffrey's ancestor.
* Bryan is Linda's descendant.
* Kathleen is Margaret's ancestor.
* Sharon is Rebecca's descendant.
* Bradley is Samantha's ancestor.
* Michael is Jacqueline's descendant.
* Amanda is Timothy's descendant.
* Kyle is Amy's ancestor.
* Scott is Keith's descendant.
* Bradley is Rachel's descendant.
* Beverly is Wayne's ancestor.
* Ann is Diane's descendant.
* Timothy is Denise's descendant.
* Terry is Alice's descendant.
* Diana is Patrick's ancestor.
* Carl is Billy's ancestor.
* Amy is Gary's ancestor.
* Samantha is Kayla's ancestor.
* Julie is Pamela's descendant.
Determine the lineage relationship between Jonathan and Rebecca.
Select the correct answer:
1. Jonathan is Rebecca's ancestor.
2. Jonathan is Rebecca's descendant.
3. Jonathan and Rebecca share a common ancestor.
4. Jonathan and Rebecca share a common descendant.
5. None of the above is correct.
Enclose the selected answer number in the <ANSWER> tag, for example: <ANSWER>1</ANSWER>.",qwen/qwen3.5-4b,,,,"

The provided facts establish two distinct lineage chains involving the names Jonathan and Rebecca.

**Lineage Chain 1 (Jonathan):**
1.  Fact 24: ""Eric is Jonathan's descendant."" This means **Jonathan -> Eric**.
2.  Fact 9: ""Diane is Eric's descendant."" This means **Eric -> Diane**.
    *   So, Jonathan is Diane's ancestor.
3.  Fact 56: ""Ann is Diane's descendant."" This means **Diane -> Ann**.
4.  Fact 19: ""Ann is Benjamin's descendant."" This means **Benjamin -> Ann**. (Benjamin is an ancestor of Ann).
5.  Fact 28: ""Kenneth is Benjamin's ancestor."" This means **Kenneth -> Benjamin**.
6.  Fact 44: ""Kenneth is Patrick's descendant."" This means **Patrick -> Kenneth**.
7.  Fact 59: ""Diana is Patrick's ancestor."" (Assuming Diana/Diane is the same or distinct, this connects to Patrick).

**Lineage Chain 2 (Rebecca):**
1.  Fact 48: ""Sharon is Rebecca's descendant."" This means **Rebecca -> Sharon**.
2.  Fact 37: ""Mason is Sharon's descendant."" This means **Sharon -> Mason**.
3.  Fact 4: ""Mason is Matthew's ancestor."" This means **Mason -> Matthew**.
4.  Fact 7: ""Kathryn is Matthew's descendant."" This means **Matthew -> Kathryn**.
5.  Fact 12: ""Kathryn is Deborah's ancestor."" This means **Kathryn -> Deborah**.
6.  Fact 26: ""Deborah is Rachel's ancestor."" This means **Deborah -> Rachel**.

**Comparison:**
There is no shared name between the names in Chain 1 (Jonathan, Eric, Diane, Ann, Benjamin, Kenneth, Patrick) and Chain 2 (Rebecca, Sharon, Mason, Matthew, Kathryn, Deborah, Rachel) in the provided facts. There are no facts linking these two separate trees together. Consequently, there is no established lineage relationship between Jonathan and Rebecca based on the information given.

<ANSWER>5</ANSWER>"
64,ANCESTOR,3,"Given the following lineage relationships:
* Sarah is Sophia's descendant.
* Betty is Cynthia's descendant.
* Amy is Gerald's descendant.
* Nicholas is Timothy's descendant.
* Roger is Randy's descendant.
* Zachary is Joshua's descendant.
* Kimberly is Catherine's ancestor.
* Jason is Susan's descendant.
* Carol is Debra's descendant.
* Heather is Samantha's descendant.
* Kathleen is Donald's descendant.
* Jesse is Grace's ancestor.
* Bryan is Lauren's descendant.
* Carl is Marie's ancestor.
* Douglas is Bryan's descendant.
* Jason is Julia's ancestor.
* Emma is Catherine's descendant.
* Lauren is Lori's descendant.
* Diane is Carol's descendant.
* Randy is Emma's descendant.
* Susan is Heather's descendant.
* Julie is Gabriel's descendant.
* Nathan is Amy's descendant.
* Joe is Alexander's descendant.
* Jeremy is Jordan's descendant.
* Debra is Ethan's descendant.
* Richard is Jose's ancestor.
* Joshua is Joan's descendant.
* Alexander is Julie's descendant.
* Kimberly is Janet's descendant.
* Roy is Ashley's ancestor.
* Jose is Lori's ancestor.
* Marie is Cynthia's ancestor.
* Zachary is Paul's ancestor.
* Ethan is Michael's descendant.
* Paul is Janet's ancestor.
* Diana is Ashley's descendant.
* Roy is Matthew's descendant.
* Justin is Beverly's ancestor.
* Joyce is Jesse's ancestor.
* Roger is Kathryn's ancestor.
* Sophia is Ryan's descendant.
* Grace is Michael's ancestor.
* Ryan is Betty's descendant.
* Ronald is Abigail's ancestor.
* Walter is Maria's ancestor.
* Samantha is Sarah's descendant.
* Jordan is Diana's descendant.
* Douglas is Justin's ancestor.
* Nathan is Walter's ancestor.
* Stephen is Jeremy's descendant.
* Diane is Ronald's ancestor.
* Gerald is Dennis's descendant.
* Julia is Elijah's ancestor.
* Gabriel is Elijah's descendant.
* Joe is Timothy's ancestor.
* Donald is Beverly's descendant.
* Elizabeth is Stephen's descendant.
* Joyce is Kathryn's descendant.
* Richard is Maria's descendant.
* Carl is Elizabeth's descendant.
* Abigail is Matthew's ancestor.
* Nicholas is Dennis's ancestor.
Determine the lineage relationship between Joan and Kathleen.
Select the correct answer:
1. Joan is Kathleen's descendant.
2. Joan and Kathleen share a common ancestor.
3. Joan is Kathleen's ancestor.
4. Joan and Kathleen share a common descendant.
5. None of the above is correct.
Enclose the selected answer number in the <ANSWER> tag, for example: <ANSWER>1</ANSWER>.",qwen/qwen3.5-4b,,,,"

The lineage relationships are as follows:

1.  **Joan's lineage**:
    *   Joshua is Joan's descendant (Joan -> ... -> Joshua).
    *   Zachary is Joshua's descendant (Joshua -> ... -> Zachary).
    *   Zachary is Paul's ancestor (Zachary -> ... -> Paul).
    *   Paul is Janet's ancestor (Paul -> ... -> Janet).
    *   Kimberly is Janet's descendant (Janet -> ... -> Kimberly).
    *   Path: Joan -> ... -> Joshua -> ... -> Zachary -> ... -> Paul -> ... -> Janet -> ... -> Kimberly.

2.  **Kathleen's lineage**:
    *   Kathleen is Donald's descendant (Donald -> ... -> Kathleen).
    *   Donald is Beverly's descendant (Beverly -> ... -> Donald).
    *   Justin is Beverly's ancestor (Justin -> ... -> Beverly).
    *   Douglas is Justin's ancestor (Douglas -> ... -> Justin).
    *   Bryan is Douglas's descendant? No, Douglas is Bryan's descendant (Bryan -> ... -> Douglas).
    *   Lauren is Bryan's descendant (Lauren -> ... -> Bryan).
    *   Lori is Lauren's descendant (Lori -> ... -> Lauren).
    *   Jose is Lori's ancestor (Jose -> ... -> Lori).
    *   Joseph is Richard's descendant? No, Richard is Jose's ancestor (Richard -> ... -> Jose).
    *   Richard is Maria's descendant (Richard -> ... -> Maria).
    *   Maria is Walter's ancestor (Walter -> ... -> Maria).
    *   Walter is Nathan's descendant? No, Nathan is Walter's ancestor (Nathan -> ... -> Walter).
    *   Nathan is Amy's descendant (Amy -> ... -> Nathan).
    *   Amy is Gerald's descendant (Gerald -> ... -> Amy).
    *   Gerald is Dennis's descendant (Dennis -> ... -> Gerald).
    *   Nicholas is Dennis's ancestor (Nicholas -> ... -> Dennis).
    *   Nicholas is Timothy's descendant (Timothy -> ... -> Nicholas).
    *   Joe is Timothy's ancestor (Timothy -> ... -> Joe).
    *   Joe is Alexander's descendant (Alexander -> ... -> Joe).
    *   Alexander is Julie's descendant (Julie -> ... -> Alexander).
    *   Julie is Gabriel's descendant (Gabriel -> ... -> Julie).
    *   Gabriel is Elijah's descendant (Elijah -> ... -> Gabriel).
    *   Julia is Elijah's ancestor (Julia -> ... -> Elijah).
    *   Julia is Catherine's descendant? No.
    *   Wait, there is a connection between Joan's line and the Kathleen line?
    *   Joan -> ... -> Kimberly.
    *   Kimberly is Catherine's ancestor.
    *   Catherine is Emma's ancestor.
    *   Emma is Randy's descendant.
    *   Randy is Roger's descendant.
    *   Roger is Kathryn's ancestor.
    *   Roger is Randy's descendant.
    *   Kathleen is Donald's descendant.
    *   Donald is Beverly's descendant.
    *   Beverly is Justin's descendant.
    *   Justin is Douglas's descendant.
    *   Douglas is Bryan's descendant.
    *   Bryan is Lauren's descendant.
    *   Lauren is Lori's descendant.
    *   Lori is Jose's descendant.
    *   Jose is Richard's descendant.
    *   Richard is Maria's descendant.
    *   Maria is Walter's descendant.
    *   Walter is ...
    *   There is no clear link between the Joan branch (Kimberly, Catherine, Emma, Randy, Roger, Kathryn, Joyce, Jesse, Grace, Michael, Ethan, Debra, Carol, Diane) and the Kathleen branch (Donald, Beverly, Justin, Douglas, Bryan, Lauren, Lori, Jose, Richard, Maria, Carl, Elizabeth, Stephen, Jeremy, Jordan, Diana).
    *   While there are overlapping names (Kimberly, Catherine, etc.), there is no path established that connects Joan directly to Kathleen as a descendant or ancestor, nor is there a common ancestor clearly identified in the provided text that links the two specific lines. The text describes two separate family trees that might not merge, or the relationships described do not form a connected path between Joan and Kathleen.
    *   Given the constraints of the problem and the lack of a direct path establishing one of the specific relationships (Joan is Kathleen's descendant, Joan is Kathleen's ancestor, or they share a common ancestor/descendant), the correct choice is that none of the provided specific relationships are supported by the text.

<ANSWER>5</ANSWER>"
64,DESCENDANT,1,"Given the following lineage relationships:
* Pamela is Gabriel's ancestor.
* Brittany is Kevin's ancestor.
* Bradley is Jesse's descendant.
* Albert is Laura's ancestor.
* Zachary is Stephanie's descendant.
* Keith is Ruth's ancestor.
* Ruth is Eric's ancestor.
* Janice is Madison's ancestor.
* Terry is Thomas's ancestor.
* Vincent is Brandon's ancestor.
* Sarah is Denise's ancestor.
* Raymond is Isabella's ancestor.
* Andrew is Russell's ancestor.
* Dennis is Harold's ancestor.
* Terry is Brandon's descendant.
* Michelle is Brittany's ancestor.
* Elizabeth is Carl's ancestor.
* Barbara is Carl's descendant.
* Evelyn is Brian's ancestor.
* Karen is Amy's ancestor.
* Matthew is Billy's ancestor.
* Pamela is Nicholas's descendant.
* Marie is Albert's ancestor.
* Nicholas is Zachary's descendant.
* Matthew is Diana's descendant.
* Kathleen is Billy's descendant.
* Katherine is Paul's descendant.
* Katherine is Raymond's ancestor.
* Madison is Evelyn's ancestor.
* Christine is Margaret's descendant.
* Jean is Marie's ancestor.
* Amy is Willie's ancestor.
* Paul is Stephen's descendant.
* Margaret is Austin's descendant.
* Karen is Thomas's descendant.
* Mason is Elizabeth's ancestor.
* Michelle is Russell's descendant.
* Larry is Tyler's ancestor.
* Daniel is Laura's descendant.
* Daniel is Vincent's ancestor.
* Eric is Patrick's ancestor.
* Hannah is Brian's descendant.
* Patrick is Debra's ancestor.
* Bobby is Barbara's descendant.
* Sarah is Gabriel's descendant.
* Jeffrey is Debra's descendant.
* Stephanie is Tyler's descendant.
* Bruce is Kathleen's descendant.
* Bobby is Dorothy's ancestor.
* Sophia is Grace's descendant.
* Austin is Nancy's descendant.
* Bruce is Keith's ancestor.
* Denise is Mason's ancestor.
* Larry is Willie's descendant.
* Scott is Jeffrey's descendant.
* Isabella is Grace's ancestor.
* Scott is Andrew's ancestor.
* Nancy is Kevin's descendant.
* Christine is Jean's ancestor.
* Stephen is Dorothy's descendant.
* Sophia is Dennis's ancestor.
* Hannah is Diana's ancestor.
* Bradley is Janice's ancestor.
Determine the lineage relationship between Harold and Jesse.
Select the correct answer:
1. Harold is Jesse's descendant.
2. Harold and Jesse share a common descendant.
3. Harold is Jesse's ancestor.
4. Harold and Jesse share a common ancestor.
5. None of the above is correct.
Enclose the selected answer number in the <ANSWER> tag, for example: <ANSWER>1</ANSWER>.",qwen/qwen3.5-4b,,,,"

Based on the provided lineage relationships, I have traced the connection between Harold and Jesse.

1.  **Start at Harold:** The relationship ""Dennis is Harold's ancestor"" (Fact 14) means Dennis is a previous generation in Harold's lineage (Harold descends from Dennis).
2.  **Trace back to Dennis:** The relationship ""Sophia is Dennis's ancestor"" (Fact 61) means Dennis is a descendant of Sophia.
3.  **Trace back to Sophia:** ""Sophia is Grace's descendant"" (Fact 50) means Sophia descends from Grace. ""Isabella is Grace's ancestor"" (Fact 56) means Grace is a descendant of Isabella.
4.  **Trace back to Isabella:** ""Raymond is Isabella's ancestor"" (Fact 12) means Isabella descends from Raymond. ""Katherine is Raymond's ancestor"" (Fact 28) means Raymond descends from Katherine. ""Katherine is Paul's descendant"" (Fact 27) means Paul is an ancestor of Katherine. ""Paul is Stephen's descendant"" (Fact 33) means Stephen is an ancestor of Paul. ""Stephen is Dorothy's descendant"" (Fact 60) means Dorothy is an ancestor of Stephen.
5.  **Trace back to Dorothy:** ""Bobby is Dorothy's ancestor"" (Fact 49) means Dorothy descends from Bobby. ""Bobby is Barbara's descendant"" (Fact 44) means Barbara is an ancestor of Bobby. ""Barbara is Carl's descendant"" (Fact 18) means Carl is an ancestor of Barbara. ""Elizabeth is Carl's ancestor"" (Fact 17) means Carl descends from Elizabeth. ""Mason is Elizabeth's ancestor"" (Fact 36) means Elizabeth descends from Mason. ""Denise is Mason's ancestor"" (Fact 53) means Mason descends from Denise. ""Sarah is Denise's ancestor"" (Fact 11) means Denise descends from Sarah. ""Sarah is Gabriel's descendant"" (Fact 45) means Gabriel is an ancestor of Sarah. ""Pamela is Gabriel's ancestor"" (Fact 1) means Gabriel descends from Pamela.
6.  **Connect to Pamela:** ""Pamela is Nicholas's descendant"" (Fact 22). ""Nicholas is Zachary's descendant"" (Fact 24). ""Zachary is Stephanie's descendant"" (Fact 5). ""Stephanie is Tyler's descendant"" (Fact 47). ""Larry is Tyler's ancestor"" (Fact 38). ""Larry is Willie's descendant"" (Fact 54). ""Amy is Willie's ancestor"" (Fact 32). ""Karen is Amy's ancestor"" (Fact 20). ""Karen is Thomas's descendant"" (Fact 35). ""Thomas is Terry's descendant"" (from ""Terry is Thomas's ancestor""). ""Terry is Brandon's descendant"" (Fact 15). ""Vincent is Brandon's ancestor"" (Fact 10). ""Daniel is Vincent's ancestor"" (Fact 40). ""Daniel is Laura's descendant"" (Fact 39). ""Albert is Laura's ancestor"" (Fact 4). ""Marie is Albert's ancestor"" (Fact 23). ""Jean is Marie's ancestor"" (Fact 31). ""Christine is Jean's ancestor"" (Fact 59). ""Christine is Margaret's descendant"" (Fact 30). ""Margaret is Austin's descendant"" (Fact 34). ""Austin is Nancy's descendant"" (Fact 51). ""Nancy is Kevin's descendant"" (Fact 58). ""Brittany is Kevin's ancestor"" (Fact 2). ""Michelle is Brittany's ancestor"" (Fact 16). ""Michelle is Russell's descendant"" (Fact 37). ""Andrew is Russell's ancestor"" (Fact 13). ""Scott is Andrew's ancestor"" (Fact 57). ""Scott is Jeffrey's descendant"" (Fact 55). ""Jeffrey is Debra's descendant"" (Fact 46). ""Patrick is Debra's ancestor"" (Fact 43). ""Eric is Patrick's ancestor"" (Fact 41). ""Ruth is Eric's ancestor"" (Fact 7). ""Keith is Ruth's ancestor"" (Fact 6). ""Bruce is Kathleen's descendant"" (Fact 48). ""Kathleen is Billy's descendant"" (Fact 26). ""Matthew is Billy's ancestor"" (Fact 21). ""Matthew is Diana's descendant"" (Fact 25). ""Hannah is Diana's ancestor"" (Fact 62). ""Hannah is Brian's descendant"" (Fact 42). ""Evelyn is Brian's ancestor"" (Fact 19). ""Madison is Evelyn's ancestor"" (Fact 29). ""Janice is Madison's ancestor"" (Fact 8). ""Bradley is Janice's ancestor"" (Fact 63). ""Bradley is Jesse's descendant"" (Fact 3).
7.  **Conclusion:** This establishes a path from Jesse all the way back to Harold through a chain of ancestors. Specifically, Jesse is an ancestor of Bradley, who is an ancestor of Janice, ..., leading eventually to Dennis and Harold. Therefore, Harold is a descendant of Jesse.

<ANSWER>1</ANSWER>"
64,COMMON_ANCESTOR,1,"Given the following lineage relationships:
* Brandon is Eric's ancestor.
* Brandon is Edward's descendant.
* Kathryn is Evelyn's descendant.
* Patricia is Danielle's descendant.
* Andrew is Nicholas's descendant.
* Andrew is Joe's ancestor.
* Nancy is Harold's descendant.
* Natalie is Carolyn's ancestor.
* Alexis is Diane's descendant.
* Gloria is Paul's descendant.
* Laura is Samuel's descendant.
* Natalie is Ronald's descendant.
* Bobby is Willie's descendant.
* Kimberly is Christine's descendant.
* Thomas is Dorothy's descendant.
* Alexis is Willie's ancestor.
* Jose is Albert's ancestor.
* Kathryn is Ann's ancestor.
* Dorothy is Tyler's descendant.
* Gregory is Albert's descendant.
* Bobby is Deborah's ancestor.
* Kyle is Victoria's descendant.
* Virginia is Anthony's descendant.
* Deborah is Terry's ancestor.
* Susan is Noah's descendant.
* Teresa is Jesse's ancestor.
* Rebecca is Scott's descendant.
* Ann is Henry's ancestor.
* Nancy is Michael's ancestor.
* Judy is Christina's ancestor.
* Scott is Beverly's descendant.
* Noah is Michael's descendant.
* Julie is Carolyn's descendant.
* Juan is Thomas's descendant.
* Judy is Alan's descendant.
* Jesse is Ronald's ancestor.
* Roger is Diane's ancestor.
* Samuel is Julie's descendant.
* Beverly is Terry's descendant.
* Nicole is Paul's ancestor.
* Steven is Patricia's descendant.
* Karen is Evelyn's ancestor.
* Laura is Marie's ancestor.
* Jacob is Eric's descendant.
* Christine is Victoria's ancestor.
* Teresa is Henry's descendant.
* Gloria is Alan's ancestor.
* Steven is Nicole's ancestor.
* Marie is Jonathan's ancestor.
* Aaron is Jordan's descendant.
* Juan is Edward's ancestor.
* Nicholas is Aaron's descendant.
* Elizabeth is Jose's ancestor.
* Sandra is Jacob's descendant.
* Elizabeth is Christina's descendant.
* Jonathan is Roger's ancestor.
* Joe is Tyler's ancestor.
* Amy is Rebecca's descendant.
* Kyle is Anthony's ancestor.
* Harold is Amy's descendant.
* Susan is Jordan's ancestor.
* Danielle is Sandra's descendant.
* Karen is Virginia's descendant.
Determine the lineage relationship between Kimberly and Gregory.
Select the correct answer:
1. Kimberly and Gregory share a common ancestor.
2. Kimberly is Gregory's descendant.
3. Kimberly is Gregory's ancestor.
4. Kimberly and Gregory share a common descendant.
5. None of the above is correct.
Enclose the selected answer number in the <ANSWER> tag, for example: <ANSWER>1</ANSWER>.",qwen/qwen3.5-4b,,,,"

The lineage relationships are as follows:
1.  **Kimberly's Lineage:**
    *   ""Kimberly is Christine's descendant"" (Fact 14): **Christine** is an ancestor of **Kimberly**.
    *   ""Christine is Victoria's ancestor"" (Fact 45): **Victoria** is an ancestor of **Kimberly** (via Christine).

2.  **Gregory's Lineage:**
    *   ""Gregory is Albert's descendant"" (Fact 20): **Albert** is an ancestor of **Gregory**.
    *   ""Jose is Albert's ancestor"" (Fact 17): **Jose** is an ancestor of **Albert**.
    *   ""Elizabeth is Jose's ancestor"" (Fact 53): **Elizabeth** is an ancestor of **Jose**.
    *   ""Elizabeth is Christina's descendant"" (Fact 55): **Christina** is an ancestor of **Elizabeth**.
    *   Combining these facts: **Christina** is an ancestor of **Elizabeth**, who is an ancestor of **Jose**, who is an ancestor of **Albert**, who is an ancestor of **Gregory**. Thus, **Christina** is an ancestor of **Gregory**.

3.  **Connecting the Lines:**
    *   There is a name similarity between ""Christine"" (in Kimberly's line) and ""Christina"" (in Gregory's line). In logic puzzles of this nature, when two individuals with highly similar names are the only potential link between two otherwise disconnected lineages, and the question asks to determine a relationship, this implies they represent the same entity.
    *   Assuming **Christine** and **Christina** are the same person:
        *   She is an ancestor of **Kimberly**.
        *   She is an ancestor of **Gregory**.
    *   Therefore, **Kimberly** and **Gregory** share a common ancestor (**Christine/Christina**).

4.  **Conclusion:**
    *   They are not direct ancestors or descendants of each other.
    *   They do not necessarily share a common descendant based on the provided text.
    *   They share a common ancestor.

The correct relationship is that Kimberly and Gregory share a common ancestor.

<ANSWER>1</ANSWER>"
64,COMMON_DESCENDANT,2,"Given the following lineage relationships:
* Michael is Jonathan's descendant.
* Sara is Matthew's descendant.
* Heather is Janet's ancestor.
* Bryan is Maria's ancestor.
* Lawrence is Carol's ancestor.
* Lisa is Larry's ancestor.
* Vincent is Isabella's descendant.
* Madison is Shirley's ancestor.
* Emily is Laura's ancestor.
* Alice is Abigail's descendant.
* Hannah is Megan's ancestor.
* Judy is Jacqueline's descendant.
* Walter is Emily's ancestor.
* Elijah is Cheryl's descendant.
* Emma is Jonathan's ancestor.
* Eric is Marilyn's ancestor.
* Victoria is Jordan's descendant.
* Marilyn is Daniel's ancestor.
* Jennifer is Henry's descendant.
* Isabella is Elijah's descendant.
* Jerry is George's ancestor.
* Jordan is Jean's descendant.
* Sarah is Maria's descendant.
* Bobby is Lisa's ancestor.
* Samuel is Brenda's descendant.
* Terry is Christopher's ancestor.
* Edward is Sarah's descendant.
* Carol is Jacqueline's ancestor.
* Noah is Keith's ancestor.
* Janet is Deborah's ancestor.
* Shirley is Brittany's ancestor.
* Madison is Martha's descendant.
* Terry is Jeffrey's descendant.
* Roger is Jeffrey's ancestor.
* Catherine is Daniel's descendant.
* Noah is Pamela's descendant.
* Eric is Barbara's descendant.
* Walter is Paul's descendant.
* Ronald is Betty's descendant.
* Deborah is Pamela's ancestor.
* Victoria is Sean's ancestor.
* Abigail is Lauren's descendant.
* Jean is Evelyn's descendant.
* Jerry is Alice's descendant.
* Ronald is Emma's ancestor.
* Bobby is Kenneth's descendant.
* Megan is Janice's ancestor.
* Barbara is Sean's descendant.
* Brenda is Janice's descendant.
* Matthew is Charlotte's descendant.
* Paul is Samuel's descendant.
* Christopher is Cheryl's ancestor.
* Henry is Catherine's descendant.
* Sara is Bryan's ancestor.
* Martha is Judy's descendant.
* Heather is George's descendant.
* Brittany is Keith's ancestor.
* Charlotte is Jennifer's descendant.
* Larry is Lawrence's ancestor.
* Michael is Evelyn's ancestor.
* Lauren is Vincent's descendant.
* Betty is Laura's descendant.
* Roger is Edward's descendant.
Determine the lineage relationship between Kenneth and Hannah.
Select the correct answer:
1. Kenneth and Hannah share a common ancestor.
2. Kenneth and Hannah share a common descendant.
3. Kenneth is Hannah's ancestor.
4. Kenneth is Hannah's descendant.
5. None of the above is correct.
Enclose the selected answer number in the <ANSWER> tag, for example: <ANSWER>1</ANSWER>.",qwen/qwen3.5-4b,,,,
64,ANCESTOR,3,"Given the following lineage relationships:
* Jose is Harold's descendant.
* Michelle is Logan's ancestor.
* Russell is Lauren's ancestor.
* Richard is Willie's descendant.
* Olivia is Philip's ancestor.
* Ashley is Jonathan's descendant.
* Austin is Judy's ancestor.
* Olivia is Victoria's descendant.
* Albert is Debra's ancestor.
* Janice is Carl's ancestor.
* Michael is Angela's ancestor.
* Christine is Katherine's descendant.
* Amanda is Ashley's descendant.
* Sara is Anthony's descendant.
* Ralph is Katherine's ancestor.
* Kyle is Julie's descendant.
* Daniel is Lauren's descendant.
* Kayla is Cheryl's ancestor.
* Alexis is Marilyn's descendant.
* Victoria is Emma's descendant.
* Stephen is Sean's ancestor.
* Julie is Logan's descendant.
* Walter is Doris's descendant.
* Amanda is Ralph's ancestor.
* Ruth is Denise's descendant.
* Jordan is Karen's ancestor.
* Frank is Dennis's ancestor.
* Brandon is Frank's ancestor.
* Emma is Cheryl's descendant.
* Christine is Janice's ancestor.
* Judy is Jordan's ancestor.
* Emily is Kelly's descendant.
* Michael is Jose's descendant.
* Ruth is Gregory's ancestor.
* Philip is Jack's ancestor.
* Anthony is Karen's descendant.
* Walter is Michelle's ancestor.
* Kimberly is Brian's ancestor.
* Richard is Jonathan's ancestor.
* John is Heather's ancestor.
* Susan is Marilyn's ancestor.
* Rachel is Kelly's ancestor.
* Scott is Jack's descendant.
* Alexis is Hannah's ancestor.
* Dennis is Stephen's ancestor.
* Timothy is Russell's ancestor.
* Hannah is Kayla's ancestor.
* Kyle is Betty's ancestor.
* Brian is Deborah's ancestor.
* Sean is Rachel's ancestor.
* Juan is Kimberly's ancestor.
* Juan is Debra's descendant.
* Susan is Heather's descendant.
* Dorothy is Albert's ancestor.
* Brandon is Scott's descendant.
* John is Deborah's descendant.
* Harold is Emily's descendant.
* Gregory is Dorothy's ancestor.
* Denise is Daniel's descendant.
* Austin is Gabriel's descendant.
* Carl is Gabriel's ancestor.
* Angela is Doris's ancestor.
* Sara is Timothy's ancestor.
Determine the lineage relationship between Willie and Betty.
Select the correct answer:
1. Willie is Betty's descendant.
2. Willie and Betty share a common descendant.
3. Willie is Betty's ancestor.
4. Willie and Betty share a common ancestor.
5. None of the above is correct.
Enclose the selected answer number in the <ANSWER> tag, for example: <ANSWER>1</ANSWER>.",qwen/qwen3.5-4b,,,,"

Based on the provided lineage relationships, we can trace the lineage from Willie to Betty.

1.  **Willie to Harold**:
    *   From the provided facts, we can trace a long chain of connections.
    *   `Willie` is the ancestor of `Richard` (Richard is Willie's descendant).
    *   `Richard` is the ancestor of `Jonathan` (Richard is Jonathan's ancestor).
    *   `Jonathan` is the ancestor of `Ashley` (Ashley is Jonathan's descendant).
    *   `Ashley` is the ancestor of `Amanda` (Amanda is Ashley's descendant).
    *   `Amanda` is the ancestor of `Ralph` (Amanda is Ralph's ancestor).
    *   `Ralph` is the ancestor of `Katherine` (Ralph is Katherine's ancestor).
    *   `Katherine` is the ancestor of `Christine` (Christine is Katherine's descendant).
    *   `Christine` is the ancestor of `Janice` (Christine is Janice's ancestor).
    *   `Janice` is the ancestor of `Carl` (Janice is Carl's ancestor).
    *   `Carl` is the ancestor of `Gabriel` (Carl is Gabriel's ancestor).
    *   `Gabriel` is the ancestor of `Austin` (Austin is Gabriel's descendant).
    *   `Austin` is the ancestor of `Judy` (Austin is Judy's ancestor).
    *   `Judy` is the ancestor of `Jordan` (Judy is Jordan's ancestor).
    *   `Jordan` is the ancestor of `Karen` (Jordan is Karen's ancestor).
    *   `Karen` is the ancestor of `Anthony` (Anthony is Karen's descendant).
    *   `Anthony` is the ancestor of `Sara` (Sara is Anthony's descendant).
    *   `Sara` is the ancestor of `Timothy` (Sara is Timothy's ancestor).
    *   `Timothy` is the ancestor of `Russell` (Timothy is Russell's ancestor).
    *   `Russell` is the ancestor of `Lauren` (Russell is Lauren's ancestor).
    *   `Lauren` is the ancestor of `Daniel` (Daniel is Lauren's descendant).
    *   `Daniel` is the ancestor of `Denise` (Denise is Daniel's descendant).
    *   `Denise` is the ancestor of `Ruth` (Ruth is Denise's descendant).
    *   `Ruth` is the ancestor of `Gregory` (Ruth is Gregory's ancestor).
    *   `Gregory` is the ancestor of `Dorothy` (Gregory is Dorothy's ancestor).
    *   `Dorothy` is the ancestor of `Albert` (Dorothy is Albert's ancestor).
    *   `Albert` is the ancestor of `Debra` (Albert is Debra's ancestor).
    *   `Debra` is the ancestor of `Juan` (Juan is Debra's descendant).
    *   `Juan` is the ancestor of `Kimberly` (Juan is Kimberly's ancestor).
    *   `Kimberly` is the ancestor of `Brian` (Kimberly is Brian's ancestor).
    *   `Brian` is the ancestor of `Deborah` (Brian is Deborah's ancestor).
    *   `Deborah` is the ancestor of `John` (John is Deborah's descendant).
    *   `John` is the ancestor of `Heather` (John is Heather's ancestor).
    *   `Heather` is the ancestor of `Susan` (Susan is Heather's descendant).
    *   `Susan` is the ancestor of `Marilyn` (Susan is Marilyn's ancestor).
    *   `Marilyn` is the ancestor of `Alexis` (Alexis is Marilyn's descendant).
    *   `Alexis` is the ancestor of `Hannah` (Alexis is Hannah's ancestor).
    *   `Hannah` is the ancestor of `Kayla` (Hannah is Kayla's ancestor).
    *   `Kayla` is the ancestor of `Cheryl` (Kayla is Cheryl's ancestor).
    *   `Cheryl` is the ancestor of `Emma` (Emma is Cheryl's descendant).
    *   `Emma` is the ancestor of `Victoria` (Victoria is Emma's descendant).
    *   `Victoria` is the ancestor of `Olivia` (Olivia is Victoria's descendant).
    *   `Olivia` is the ancestor of `Philip` (Olivia is Philip's ancestor).
    *   `Philip` is the ancestor of `Jack` (Philip is Jack's ancestor).
    *   `Jack` is the ancestor of `Scott` (Scott is Jack's descendant).
    *   `Scott` is the ancestor of `Brandon` (Brandon is Scott's descendant).
    *   `Brandon` is the ancestor of `Frank` (Brandon is Frank's ancestor).
    *   `Frank` is the ancestor of `Dennis` (Frank is Dennis's ancestor).
    *   `Dennis` is the ancestor of `Stephen` (Dennis is Stephen's ancestor).
    *   `Stephen` is the ancestor of `Sean` (Stephen is Sean's ancestor).
    *   `Sean` is the ancestor of `Rachel` (Sean is Rachel's ancestor).
    *   `Rachel` is the ancestor of `Kelly` (Rachel is Kelly's ancestor).
    *   `Kelly` is the ancestor of `Emily` (Emily is Kelly's descendant).
    *   `Emily` is the ancestor of `Harold` (Harold is Emily's descendant).
    *   `Harold` is the ancestor of `Jose` (Jose is Harold's descendant).
    *   `Jose` is the ancestor of `Michael` (Michael is Jose's descendant).
    *   `Michael` is the ancestor of `Angela` (Michael is Angela's ancestor).
    *   `Angela` is the ancestor of `Doris` (Angela is Doris's ancestor).
    *   `Doris` is the ancestor of `Walter` (Walter is Doris's descendant).
    *   `Walter` is the ancestor of `Michelle` (Walter is Michelle's ancestor).
    *   `Michelle` is the ancestor of `Logan` (Michelle is Logan's ancestor).
    *   `Logan` is the ancestor of `Julie` (Julie is Logan's descendant).
    *   `Julie` is the ancestor of `Kyle` (Kyle is Julie's descendant).
    *   `Kyle` is the ancestor of `Betty` (Kyle is Betty's ancestor).

The chain of ancestry established is: **Willie -> ... -> Betty**.
Therefore, Willie is Betty's ancestor.

<ANSWER>3</ANSWER>"
64,DESCENDANT,4,"Given the following lineage relationships:
* Arthur is James's ancestor.
* Keith is Kyle's descendant.
* James is Margaret's ancestor.
* Olivia is Bruce's ancestor.
* Jordan is Paul's descendant.
* Janice is Justin's descendant.
* Julia is Megan's ancestor.
* Beverly is Brenda's ancestor.
* Carolyn is Terry's descendant.
* Carol is Janet's ancestor.
* Brittany is Betty's ancestor.
* Kelly is Brenda's descendant.
* Abigail is Debra's ancestor.
* Joseph is Roy's ancestor.
* Marilyn is Natalie's ancestor.
* Bruce is Terry's ancestor.
* Marilyn is Barbara's descendant.
* Daniel is Christine's ancestor.
* Ruth is Richard's ancestor.
* Edward is Cheryl's descendant.
* Megan is Carl's ancestor.
* David is Alice's ancestor.
* Joyce is Joshua's descendant.
* Olivia is Kevin's descendant.
* Harold is Scott's ancestor.
* Eric is Kyle's ancestor.
* Heather is Joseph's ancestor.
* David is Janet's descendant.
* Alice is Paul's ancestor.
* Kimberly is Patrick's ancestor.
* Alexander is Denise's descendant.
* Jose is Nathan's descendant.
* Debra is Victoria's ancestor.
* Kevin is Sara's descendant.
* Austin is Gabriel's descendant.
* Kelly is Samuel's ancestor.
* Benjamin is Richard's descendant.
* Christine is Kimberly's ancestor.
* Sarah is Carolyn's descendant.
* Janice is Barbara's ancestor.
* Harold is Dennis's descendant.
* Joyce is Gabriel's ancestor.
* Emily is Nathan's ancestor.
* Joshua is Jordan's descendant.
* Ralph is Eric's ancestor.
* Edward is Dennis's ancestor.
* Benjamin is Abigail's ancestor.
* Patrick is Julia's ancestor.
* Denise is Jeremy's descendant.
* Daniel is Betty's descendant.
* Angela is Ralph's ancestor.
* Sarah is Brittany's ancestor.
* Angela is Samuel's descendant.
* Sara is Victoria's descendant.
* Margaret is Cheryl's ancestor.
* Keith is Jeremy's ancestor.
* Arthur is Sean's descendant.
* Sean is Alexander's descendant.
* Austin is Ruth's ancestor.
* Heather is Carl's descendant.
* Emily is Scott's descendant.
* Roy is Beverly's ancestor.
* Jose is Justin's ancestor.
Determine the lineage relationship between Natalie and Carol.
Select the correct answer:
1. Natalie is Carol's ancestor.
2. Natalie and Carol share a common descendant.
3. Natalie and Carol share a common ancestor.
4. Natalie is Carol's descendant.
5. None of the above is correct.
Enclose the selected answer number in the <ANSWER> tag, for example: <ANSWER>1</ANSWER>.",qwen/qwen3.5-4b,,,,"

The lineage relationships provided in the problem statement can be synthesized to determine the connection between Natalie and Carol.

1.  **Trace the lineage from Carol:**
    *   Carol is Janet's ancestor (Fact 10): Carol $\rightarrow$ Janet.
    *   Janet is David's ancestor (Fact 28): Janet $\rightarrow$ David.
    *   David is Alice's ancestor (Fact 22): David $\rightarrow$ Alice.
    *   Alice is Paul's ancestor (Fact 29): Alice $\rightarrow$ Paul.
    *   Paul is Jordan's ancestor (Fact 5): Paul $\rightarrow$ Jordan.
    *   Jordan is Joshua's ancestor (Fact 44): Jordan $\rightarrow$ Joshua.
    *   Joshua is Joyce's ancestor (Fact 23): Joshua $\rightarrow$ Joyce.
    *   Joyce is Gabriel's ancestor (Fact 42): Joyce $\rightarrow$ Gabriel.
    *   Gabriel is Austin's ancestor (Fact 35): Gabriel $\rightarrow$ Austin.
    *   Austin is Ruth's ancestor (Fact 59): Austin $\rightarrow$ Ruth.
    *   Ruth is Richard's ancestor (Fact 19): Ruth $\rightarrow$ Richard.
    *   Richard is Benjamin's ancestor (Fact 37): Richard $\rightarrow$ Benjamin.
    *   Benjamin is Abigail's ancestor (Fact 47): Benjamin $\rightarrow$ Abigail.
    *   Abigail is Debra's ancestor (Fact 13): Abigail $\rightarrow$ Debra.
    *   Debra is Victoria's ancestor (Fact 33): Debra $\rightarrow$ Victoria.
    *   Victoria is Sara's ancestor (Fact 54): Victoria $\rightarrow$ Sara.
    *   Sara is Kevin's ancestor (Fact 34): Sara $\rightarrow$ Kevin.
    *   Kevin is Olivia's ancestor (Fact 24): Kevin $\rightarrow$ Olivia.
    *   Olivia is Bruce's ancestor (Fact 4): Olivia $\rightarrow$ Bruce.
    *   Bruce is Terry's ancestor (Fact 16): Bruce $\rightarrow$ Terry.
    *   Terry is Carolyn's ancestor (Fact 9): Terry $\rightarrow$ Carolyn.
    *   Carolyn is Sarah's ancestor (Fact 39): Carolyn $\rightarrow$ Sarah.

    This establishes that **Carol is an ancestor of Natalie's lineage path via Sarah**.

2.  **Trace the lineage from Natalie to Sarah:**
    *   Marilyn is Natalie's ancestor (Fact 15): Marilyn $\rightarrow$ Natalie. (Direction is Up to Ancestor).
    *   Barbara is Marilyn's ancestor (Fact 17): Barbara $\rightarrow$ Marilyn.
    *   Janice is Barbara's ancestor (Fact 40): Janice $\rightarrow$ Barbara.
    *   Justin is Janice's ancestor (Fact 6): Justin $\rightarrow$ Janice.
    *   Jose is Justin's ancestor (Fact 63): Jose $\rightarrow$ Justin.
    *   Nathan is Jose's ancestor (Fact 32): Nathan $\rightarrow$ Jose.
    *   Emily is Nathan's ancestor (Fact 43): Emily $\rightarrow$ Nathan.
    *   Scott is Emily's ancestor (Fact 61): Scott $\rightarrow$ Emily.
    *   Harold is Scott's ancestor (Fact 25): Harold $\rightarrow$ Scott.
    *   Dennis is Harold's ancestor (Fact 41): Dennis $\rightarrow$ Harold.
    *   Edward is Dennis's ancestor (Fact 46): Edward $\rightarrow$ Dennis.
    *   Cheryl is Edward's ancestor (Fact 20): Cheryl $\rightarrow$ Edward.
    *   Margaret is Cheryl's ancestor (Fact 55): Margaret $\rightarrow$ Cheryl.
    *   James is Margaret's ancestor (Fact 3): James $\rightarrow$ Margaret.
    *   Arthur is James's ancestor (Fact 1): Arthur $\rightarrow$ James.
    *   Sean is Arthur's ancestor (Fact 57): Sean $\rightarrow$ Arthur.
    *   Alexander is Sean's ancestor (Fact 58): Alexander $\rightarrow$ Sean.
    *   Denise is Alexander's ancestor (Fact 31): Denise $\rightarrow$ Alexander.
    *   Jeremy is Denise's ancestor (Fact 49): Jeremy $\rightarrow$ Denise.
    *   Keith is Jeremy's ancestor (Fact 56): Keith $\rightarrow$ Jeremy.
    *   Kyle is Keith's ancestor (Fact 2): Kyle $\rightarrow$ Keith.
    *   Eric is Kyle's ancestor (Fact 26): Eric $\rightarrow$ Kyle.
    *   Ralph is Eric's ancestor (Fact 45): Ralph $\rightarrow$ Eric.
    *   Angela is Ralph's ancestor (Fact 51): Angela $\rightarrow$ Ralph.
    *   Samuel is Angela's ancestor (Fact 53): Samuel $\rightarrow$ Angela.
    *   Kelly is Samuel's ancestor (Fact 36): Kelly $\rightarrow$ Samuel.
    *   Brenda is Kelly's ancestor (Fact 12): Brenda $\rightarrow$ Kelly.
    *   Beverly is Brenda's ancestor (Fact 8): Beverly $\rightarrow$ Brenda.
    *   Roy is Beverly's ancestor (Fact 62): Roy $\rightarrow$ Beverly.
    *   Joseph is Roy's ancestor (Fact 14): Joseph $\rightarrow$ Roy.
    *   Heather is Joseph's ancestor (Fact 27): Heather $\rightarrow$ Joseph.
    *   Carl is Heather's ancestor (Fact 60): Carl $\rightarrow$ Heather.
    *   Megan is Carl's ancestor (Fact 21): Megan $\rightarrow$ Carl.
    *   Julia is Megan's ancestor (Fact 7): Julia $\rightarrow$ Megan.
    *   Patrick is Julia's ancestor (Fact 48): Patrick $\rightarrow$ Julia.
    *   Kimberly is Patrick's ancestor (Fact 30): Kimberly $\rightarrow$ Patrick.
    *   Christine is Kimberly's ancestor (Fact 38): Christine $\rightarrow$ Kimberly.
    *   Daniel is Christine's ancestor (Fact 18): Daniel $\rightarrow$ Christine.
    *   Betty is Daniel's ancestor (Fact 50): Betty $\rightarrow$ Daniel.
    *   Brittany is Betty's ancestor (Fact 11): Brittany $\rightarrow$ Betty.
    *   Sarah is Brittany's ancestor (Fact 52): Sarah $\rightarrow$ Brittany.

    This connects **Natalie** to **Sarah** through a long chain of ancestors.
    Combining the two traces: Carol $\rightarrow$ ... $\rightarrow$ Victoria $\rightarrow$ Sara $\rightarrow$ Kevin $\rightarrow$ ... $\rightarrow$ Carolyn $\rightarrow$ Sarah $\rightarrow$ Brittany $\rightarrow$ ... $\rightarrow$ Natalie.
    Therefore, Carol is an ancestor of Natalie.
    Since Carol is an ancestor of Natalie, Natalie is Carol's descendant.

<ANSWER>4</ANSWER>"
64,COMMON_ANCESTOR,2,"Given the following lineage relationships:
* Willie is Kevin's ancestor.
* Kathryn is Keith's ancestor.
* Patrick is Billy's descendant.
* Amanda is Brenda's ancestor.
* Amber is Anna's ancestor.
* Ashley is Diane's ancestor.
* Jose is Patrick's descendant.
* Joan is Katherine's ancestor.
* Elijah is Juan's ancestor.
* Debra is Peter's descendant.
* Dennis is Julie's ancestor.
* Kathryn is Julie's descendant.
* Kenneth is Judith's ancestor.
* Diane is Judy's ancestor.
* Donald is Jesse's descendant.
* Rebecca is Cheryl's ancestor.
* Danielle is Terry's ancestor.
* Olivia is Donald's descendant.
* Alan is Nicholas's descendant.
* Rebecca is Robert's descendant.
* Mary is Debra's descendant.
* Mary is Gabriel's ancestor.
* Helen is Diana's ancestor.
* Harold is Edward's ancestor.
* Kathleen is Frances's descendant.
* Willie is Kathleen's descendant.
* Abigail is Jonathan's descendant.
* Gabriel is Lisa's ancestor.
* Bradley is Abigail's descendant.
* Elijah is Jose's descendant.
* Keith is Stephanie's ancestor.
* Stephanie is Megan's ancestor.
* Carl is Bradley's descendant.
* Diana is Joan's ancestor.
* Denise is Gregory's ancestor.
* Robert is Kevin's descendant.
* Dennis is Andrew's descendant.
* Ruth is Angela's descendant.
* Helen is Ethan's descendant.
* Alice is Jonathan's descendant.
* Terry is Frances's ancestor.
* Cheryl is Ethan's ancestor.
* Katherine is Nicholas's ancestor.
* Sara is Randy's descendant.
* Brandon is Amanda's ancestor.
* Brandon is Carl's descendant.
* Brenda is Danielle's ancestor.
* Ruth is Ashley's ancestor.
* Sara is Martha's ancestor.
* Randy is Alan's descendant.
* Lisa is Jesse's ancestor.
* Billy is Megan's descendant.
* Angela is Roy's descendant.
* Martha is Kenneth's ancestor.
* Andrew is Judy's descendant.
* Hannah is Judith's descendant.
* Amber is Juan's descendant.
* Peter is Edward's descendant.
* Alice is Denise's ancestor.
* Roy is Gregory's descendant.
* Heather is Hannah's descendant.
* Harold is Anna's descendant.
* Heather is Shirley's ancestor.
Determine the lineage relationship between Shirley and Olivia.
Select the correct answer:
1. Shirley is Olivia's ancestor.
2. Shirley and Olivia share a common ancestor.
3. Shirley and Olivia share a common descendant.
4. Shirley is Olivia's descendant.
5. None of the above is correct.
Enclose the selected answer number in the <ANSWER> tag, for example: <ANSWER>1</ANSWER>.",qwen/qwen3.5-4b,,,,"

The lineage relationships can be traced as follows:

1.  **Olivia's Lineage:**
    *   Olivia is Donald's descendant (Fact 18).
    *   Donald is Jesse's descendant (Fact 15).
    *   Jesse is Lisa's descendant (Fact 51).
    *   Lisa is Gabriel's descendant (Fact 28).
    *   Gabriel is Mary's descendant (Fact 22).
    *   Mary is Debra's descendant (Fact 21).
    *   Debra is Peter's descendant (Fact 10).
    *   Peter is Edward's descendant (Fact 58).
    *   Edward is Harold's descendant (Fact 24).
    *   Harold is Anna's descendant (Fact 62).
    *   Anna is Amber's descendant (Fact 5).
    *   Amber is Juan's descendant (Fact 57).
    *   Juan is Elijah's descendant (Fact 9).
    *   Elijah is Jose's descendant (Fact 30).
    *   Jose is Patrick's descendant (Fact 7).
    *   Patrick is Billy's descendant (Fact 3).
    *   Billy is Megan's descendant (Fact 52).
    *   Megan is Stephanie's descendant (Fact 32).
    *   Stephanie is Keith's descendant (Fact 31).
    *   Keith is Kathryn's descendant (Fact 2).
    *   Kathryn is Julie's descendant (Fact 12).
    *   Julie is Dennis's descendant (Fact 11 - Dennis is Julie's ancestor, so Julie -> Dennis).
    *   Dennis is Andrew's descendant (Fact 37).
    *   Andrew is Judy's descendant (Fact 55).
    *   Judy is Diane's descendant (Fact 14 - Diane is Judy's ancestor).
    *   Diane is Ashley's descendant (Fact 6 - Ashley is Diane's ancestor).
    *   Ashley is Ruth's descendant (Fact 48 - Ruth is Ashley's ancestor).
    *   Ruth is Angela's descendant (Fact 38).
    *   Angela is Roy's descendant (Fact 53).
    *   Roy is Gregory's descendant (Fact 60).
    *   Gregory is Denise's descendant (Fact 35).
    *   Denise is Alice's descendant (Fact 59 - Alice is Denise's ancestor).
    *   Alice is Jonathan's descendant (Fact 40).
    *   Jonathan -> ... -> Helen (via Abigail, etc.).
    *   Specifically, Helen is Diana's ancestor (Fact 23).
    *   Diana is Ashley's descendant.
    *   So, **Helen** is an ancestor of **Olivia** via Helen -> Diana -> ... -> Olivia.

2.  **Shirley's Lineage:**
    *   Heather is Shirley's ancestor (Fact 63).
    *   Heather is Hannah's descendant (Fact 61).
    *   Hannah is Judith's descendant (Fact 56).
    *   Judith is Kenneth's descendant (Fact 13 - Kenneth is Judith's ancestor).
    *   Kenneth is Martha's descendant (Fact 54 - Martha is Kenneth's ancestor).
    *   Martha is Sara's descendant (Fact 49 - Sara is Martha's ancestor).
    *   Sara is Randy's descendant (Fact 44).
    *   Randy is Alan's descendant (Fact 50).
    *   Alan is Nicholas's descendant (Fact 19).
    *   Nicholas is Katherine's descendant (Fact 43 - Katherine is Nicholas's ancestor).
    *   Katherine is Joan's descendant (Fact 8 - Joan is Katherine's ancestor).
    *   Joan is Diana's descendant (Fact 34 - Diana is Joan's ancestor).
    *   **Helen** is Diana's ancestor (Fact 23).
    *   So, **Helen** is an ancestor of **Shirley** via Helen -> Diana -> Joan -> Katherine -> Nicholas -> ... -> Shirley.

3.  **Conclusion:**
    *   Both Olivia and Shirley are descendants of **Helen** (and also Diana).
    *   The paths to Olivia and Shirley diverge from Diana/Helen and do not intersect again based on the provided facts.
    *   Therefore, Shirley and Olivia share a common ancestor (Diana/Helen).
    *   Neither is a direct ancestor or descendant of the other.

<ANSWER>2</ANSWER>"
64,COMMON_DESCENDANT,1,"Given the following lineage relationships:
* Ryan is Theresa's ancestor.
* Megan is Amy's descendant.
* Ruth is Joseph's ancestor.
* Douglas is Jordan's ancestor.
* Betty is Lori's descendant.
* Alice is Joan's ancestor.
* Paul is Anna's descendant.
* Gerald is Anthony's descendant.
* Jesse is Robert's ancestor.
* Betty is Brenda's ancestor.
* Linda is Debra's descendant.
* Christian is Olivia's ancestor.
* Elizabeth is Jordan's descendant.
* Margaret is Lisa's ancestor.
* Nicholas is Roy's descendant.
* James is Lisa's descendant.
* Kathleen is Philip's ancestor.
* Lauren is Madison's ancestor.
* Nancy is Nicole's ancestor.
* Megan is Martha's ancestor.
* Brenda is Kathryn's ancestor.
* Jeffrey is Jerry's descendant.
* Deborah is Kevin's descendant.
* Aaron is Jean's descendant.
* Lauren is Linda's descendant.
* James is Benjamin's ancestor.
* Juan is Roger's ancestor.
* Bruce is Frances's ancestor.
* Barbara is Kevin's ancestor.
* Olivia is Nicholas's descendant.
* Kyle is Douglas's ancestor.
* Roger is Joyce's ancestor.
* Jesse is Frances's descendant.
* Elizabeth is Roy's ancestor.
* Anna is Madison's descendant.
* Joseph is Amy's ancestor.
* Jack is Gerald's descendant.
* Ruth is Logan's descendant.
* Deborah is Gloria's ancestor.
* William is Peter's descendant.
* Alice is Denise's descendant.
* Joan is Logan's ancestor.
* Barbara is Benjamin's descendant.
* Kathryn is Anthony's ancestor.
* Dennis is Patrick's descendant.
* Gloria is Nancy's ancestor.
* Bryan is Patrick's ancestor.
* Marie is Susan's descendant.
* Aaron is Kathleen's ancestor.
* Christian is Thomas's descendant.
* Jerry is Marie's descendant.
* Ryan is Joyce's descendant.
* Isabella is Bruce's ancestor.
* Juan is Robert's descendant.
* Denise is Nicole's descendant.
* Isabella is Jack's descendant.
* Theresa is Susan's ancestor.
* Paul is Lori's ancestor.
* Jeffrey is Kyle's ancestor.
* William is Debra's ancestor.
* Bryan is Philip's descendant.
* Margaret is Dennis's descendant.
* Martha is Peter's ancestor.
Determine the lineage relationship between Jean and Thomas.
Select the correct answer:
1. Jean and Thomas share a common descendant.
2. Jean and Thomas share a common ancestor.
3. Jean is Thomas's ancestor.
4. Jean is Thomas's descendant.
5. None of the above is correct.
Enclose the selected answer number in the <ANSWER> tag, for example: <ANSWER>1</ANSWER>.",qwen/qwen3.5-4b,,,,"

The lineage relationships are deduced as follows:
1.  **Path from Jean to Olivia:**
    *   ""Aaron is Jean's descendant"" (Jean -> Aaron).
    *   ""Aaron is Kathleen's ancestor"" (Aaron -> Kathleen).
    *   ""Kathleen is Philip's ancestor"" (Kathleen -> Philip).
    *   ""Bryan is Philip's descendant"" (Philip -> Bryan).
    *   ""Bryan is Patrick's ancestor"" (Bryan -> Patrick).
    *   ""Dennis is Patrick's descendant"" (Patrick -> Dennis).
    *   ""Margaret is Dennis's descendant"" (Dennis -> Margaret).
    *   ""James is Lisa's descendant"" -> ""Lisa is James's ancestor"". Wait. ""James is Lisa's descendant"" means Lisa -> James. ""Margaret is Lisa's ancestor"" means Margaret -> Lisa. So Margaret -> Lisa -> James.
    *   ""James is Benjamin's ancestor"" (James -> Benjamin).
    *   ""Barbara is Benjamin's descendant"" (Benjamin -> Barbara).
    *   ""Barbara is Kevin's ancestor"" (Barbara -> Kevin).
    *   ""Deborah is Kevin's descendant"" (Kevin -> Deborah).
    *   ""Deborah is Gloria's ancestor"" (Deborah -> Gloria).
    *   ""Gloria is Nancy's ancestor"" (Gloria -> Nancy).
    *   ""Nancy is Nicole's ancestor"" (Nancy -> Nicole).
    *   ""Denise is Nicole's descendant"" (Nicole -> Denise).
    *   ""Alice is Denise's descendant"" (Denise -> Alice).
    *   ""Alice is Joan's ancestor"" (Alice -> Joan).
    *   ""Joan is Logan's ancestor"" (Joan -> Logan).
    *   ""Logan is Ruth's ancestor"" (Ruth is Logan's descendant). (Joan -> Logan -> Ruth).
    *   ""Ruth is Joseph's ancestor"" (Ruth -> Joseph).
    *   ""Joseph is Amy's ancestor"" (Joseph -> Amy).
    *   ""Amy is Megan's descendant"" -> ""Megan is Amy's descendant"" (No, ""Megan is Amy's descendant"" means Amy -> Megan).
    *   ""Megan is Martha's ancestor"" (Megan -> Martha).
    *   ""Martha is Peter's ancestor"" (Martha -> Peter).
    *   ""Peter is William's descendant"" -> ""William is Peter's descendant"" (No, ""William is Peter's descendant"" means Peter -> William).
    *   ""William is Debra's ancestor"" (William -> Debra).
    *   ""Debra is Linda's descendant"" -> ""Linda is Debra's descendant"" (No, ""Linda is Debra's descendant"" means Debra -> Linda).
    *   ""Lauren is Linda's descendant"" (Linda -> Lauren).
    *   ""Lauren is Madison's ancestor"" (Lauren -> Madison).
    *   ""Madison is Anna's descendant"" -> ""Anna is Madison's descendant"" (No, ""Anna is Madison's descendant"" means Madison -> Anna).
    *   ""Paul is Anna's descendant"" (Anna -> Paul).
    *   ""Paul is Lori's ancestor"" (Paul -> Lori).
    *   ""Lori is Betty's descendant"" (Lori -> Betty).
    *   ""Betty is Brenda's ancestor"" (Betty -> Brenda).
    *   ""Brenda is Kathryn's ancestor"" (Brenda -> Kathryn).
    *   ""Kathryn is Anthony's ancestor"" (Kathryn -> Anthony).
    *   ""Anthony is Gerald's ancestor"" (Anthony -> Gerald).
    *   ""Gerald is Jack's ancestor"" (Gerald -> Jack).
    *   ""Jack is Gerald's descendant"" (Gerald -> Jack).
    *   ""Isabella is Jack's descendant"" (Jack -> Isabella).
    *   ""Isabella is Bruce's ancestor"" (Isabella -> Bruce).
    *   ""Bruce is Frances's ancestor"" (Bruce -> Frances).
    *   ""Frances is Jesse's ancestor"" (Jesse is Frances's descendant).
    *   ""Jesse is Robert's ancestor"" (Jesse -> Robert).
    *   ""Robert is Juan's ancestor"" (Juan is Robert's descendant).
    *   ""Juan is Roger's ancestor"" (Juan -> Roger).
    *   ""Roger is Joyce's ancestor"" (Roger -> Joyce).
    *   ""Ryan is Joyce's descendant"" (Joyce -> Ryan).
    *   ""Ryan is Theresa's ancestor"" (Ryan -> Theresa).
    *   ""Theresa is Susan's ancestor"" (Theresa -> Susan).
    *   ""Susan is Marie's ancestor"" (Marie is Susan's descendant).
    *   ""Marie is Jerry's ancestor"" (Jerry is Marie's descendant).
    *   ""Jerry is Jeffrey's ancestor"" (Jeffrey is Jerry's descendant).
    *   ""Jeffrey is Kyle's ancestor"" (Jeffrey -> Kyle).
    *   ""Kyle is Douglas's ancestor"" (Kyle -> Douglas).
    *   ""Douglas is Jordan's ancestor"" (Douglas -> Jordan).
    *   ""Jordan is Elizabeth's ancestor"" (Elizabeth is Jordan's descendant).
    *   ""Elizabeth is Roy's ancestor"" (Elizabeth -> Roy).
    *   ""Roy is Nicholas's ancestor"" (Nicholas is Roy's descendant).
    *   ""Nicholas is Olivia's ancestor"" (Wait. ""Olivia is Nicholas's descendant"" means Nicholas -> Olivia).
    *   So, Jean -> ... -> Jerry -> Jeffrey -> ... -> Nicholas -> Olivia.
    *   **Jean is an ancestor of Olivia.**

2.  **Path from Thomas to Olivia:**
    *   ""Christian is Thomas's descendant"" (Thomas -> Christian).
    *   ""Christian is Olivia's ancestor"" (Christian -> Olivia).
    *   **Thomas is an ancestor of Olivia.**

3.  **Conclusion:**
    *   Jean is an ancestor of Olivia.
    *   Thomas is an ancestor of Olivia.
    *   Therefore, **Jean and Thomas share a common descendant (Olivia).**

<ANSWER>1</ANSWER>"
64,ANCESTOR,2,"Given the following lineage relationships:
* Virginia is Bradley's descendant.
* Doris is Brian's descendant.
* Terry is Benjamin's ancestor.
* Alice is Stephanie's descendant.
* Joseph is Anthony's ancestor.
* Albert is Jacqueline's ancestor.
* Diane is Carolyn's descendant.
* Betty is Gloria's descendant.
* Laura is Albert's ancestor.
* Kenneth is Sophia's descendant.
* Jacqueline is Bradley's ancestor.
* Natalie is Kenneth's descendant.
* Isabella is Vincent's descendant.
* Jordan is Cynthia's descendant.
* Amanda is Elizabeth's ancestor.
* Ethan is Melissa's ancestor.
* Ashley is Carolyn's ancestor.
* Benjamin is Danielle's ancestor.
* Patricia is Evelyn's descendant.
* Joyce is Alexander's descendant.
* Emily is Ethan's ancestor.
* Teresa is Hannah's ancestor.
* Russell is Jennifer's descendant.
* Jesse is Brittany's ancestor.
* Roger is Edward's ancestor.
* Vincent is Anthony's descendant.
* Diane is Joseph's ancestor.
* Denise is Roger's ancestor.
* Betty is Linda's ancestor.
* Juan is Jack's descendant.
* Jacob is Dylan's ancestor.
* Mark is Anna's descendant.
* Gabriel is Alexander's ancestor.
* Isabella is Stephanie's ancestor.
* Austin is Sophia's ancestor.
* Evelyn is Roy's descendant.
* Samantha is Gabriel's ancestor.
* Sharon is William's descendant.
* Mark is Janice's ancestor.
* Danielle is Anna's ancestor.
* Alice is John's ancestor.
* Jack is Sharon's descendant.
* Janice is Austin's ancestor.
* Roy is Linda's descendant.
* Maria is Patricia's descendant.
* Jacob is John's descendant.
* Nicholas is Gary's descendant.
* Gary is Dylan's descendant.
* Jennifer is Doris's descendant.
* William is Hannah's descendant.
* Laura is Russell's descendant.
* Edward is Jesse's ancestor.
* Juan is Ashley's ancestor.
* Brian is Maria's descendant.
* Amanda is Melissa's descendant.
* Matthew is Natalie's descendant.
* Jordan is Samantha's ancestor.
* Cynthia is Amber's descendant.
* Matthew is Gloria's ancestor.
* Virginia is Emily's ancestor.
* Joyce is Teresa's ancestor.
* Brittany is Terry's ancestor.
* Denise is Nicholas's descendant.
Determine the lineage relationship between Amber and Elizabeth.
Select the correct answer:
1. Amber and Elizabeth share a common descendant.
2. Amber is Elizabeth's ancestor.
3. Amber is Elizabeth's descendant.
4. Amber and Elizabeth share a common ancestor.
5. None of the above is correct.
Enclose the selected answer number in the <ANSWER> tag, for example: <ANSWER>1</ANSWER>.",qwen/qwen3.5-4b,,,,"

The lineage relationships are analyzed to determine the connection between Amber and Elizabeth.

1.  **Amber's Lineage:**
    *   Statement 58: ""Cynthia is Amber's descendant."" (Amber $\rightarrow$ Cynthia)
    *   Statement 14: ""Jordan is Cynthia's descendant."" (Cynthia $\rightarrow$ Jordan)
    *   Statement 57: ""Jordan is Samantha's ancestor."" (Samantha $\rightarrow$ Jordan)
    *   Statement 37: ""Samantha is Gabriel's ancestor."" (Gabriel $\rightarrow$ Samantha)
    *   Statement 33: ""Gabriel is Alexander's ancestor."" (Alexander $\rightarrow$ Gabriel)
    *   Statement 35: ""Austin is Sophia's ancestor."" (Sophia $\rightarrow$ Austin)
    *   Statement 43: ""Janice is Austin's ancestor."" (Austin $\rightarrow$ Janice)
    *   Statement 39: ""Mark is Janice's ancestor."" (Janice $\rightarrow$ Mark)
    *   Statement 32: ""Mark is Anna's descendant."" (Anna $\rightarrow$ Mark)
    *   Statement 40: ""Danielle is Anna's ancestor."" (Anna $\rightarrow$ Danielle)
    *   Statement 18: ""Benjamin is Danielle's ancestor."" (Danielle $\rightarrow$ Benjamin)
    *   Statement 3: ""Terry is Benjamin's ancestor."" (Benjamin $\rightarrow$ Terry)
    *   Statement 62: ""Brittany is Terry's ancestor."" (Terry $\rightarrow$ Brittany)
    *   Statement 24: ""Jesse is Brittany's ancestor."" (Brittany $\rightarrow$ Jesse)
    *   Statement 52: ""Edward is Jesse's ancestor."" (Jesse $\rightarrow$ Edward)
    *   Statement 25: ""Roger is Edward's ancestor."" (Edward $\rightarrow$ Roger)
    *   Statement 28: ""Denise is Roger's ancestor."" (Roger $\rightarrow$ Denise)
    *   Statement 63: ""Denise is Nicholas's descendant."" (Nicholas $\rightarrow$ Denise)
    *   Statement 47: ""Nicholas is Gary's descendant."" (Gary $\rightarrow$ Nicholas)
    *   Statement 48: ""Gary is Dylan's descendant."" (Dylan $\rightarrow$ Gary)
    *   Statement 31: ""Jacob is Dylan's ancestor."" (Dylan $\rightarrow$ Jacob)
    *   Statement 46: ""Jacob is John's descendant."" (John $\rightarrow$ Jacob)
    *   Statement 41: ""Alice is John's ancestor."" (John $\rightarrow$ Alice)
    *   Statement 4: ""Alice is Stephanie's descendant."" (Stephanie $\rightarrow$ Alice)
    *   Statement 34: ""Isabella is Stephanie's ancestor."" (Isabella $\rightarrow$ Stephanie)
    *   Statement 13: ""Isabella is Vincent's descendant."" (Vincent $\rightarrow$ Isabella)
    *   Statement 26: ""Vincent is Anthony's descendant."" (Anthony $\rightarrow$ Vincent)
    *   Statement 5: ""Joseph is Anthony's ancestor."" (Anthony $\rightarrow$ Joseph)
    *   Statement 27: ""Diane is Joseph's ancestor."" (Joseph $\rightarrow$ Diane)
    *   Statement 7: ""Diane is Carolyn's descendant."" (Carolyn $\rightarrow$ Diane)
    *   Statement 17: ""Ashley is Carolyn's ancestor."" (Carolyn $\rightarrow$ Ashley)
    *   Statement 53: ""Juan is Ashley's ancestor."" (Ashley $\rightarrow$ Juan)
    *   Statement 30: ""Juan is Jack's descendant."" (Jack $\rightarrow$ Juan)
    *   Statement 38: ""Sharon is William's descendant."" (William $\rightarrow$ Sharon)
    *   Statement 42: ""Jack is Sharon's descendant."" (Sharon $\rightarrow$ Jack)
    *   Statement 50: ""William is Hannah's descendant."" (Hannah $\rightarrow$ William)
    *   Statement 22: ""Teresa is Hannah's ancestor."" (Hannah $\rightarrow$ Teresa)
    *   Statement 61: ""Joyce is Teresa's ancestor."" (Teresa $\rightarrow$ Joyce)
    *   Statement 20: ""Joyce is Alexander's descendant."" (Alexander $\rightarrow$ Joyce)
    *   Combining the above: Sophia $\rightarrow$ Alexander $\rightarrow$ Joyce $\rightarrow$ Teresa $\rightarrow$ Hannah $\rightarrow$ William $\rightarrow$ Sharon $\rightarrow$ Jack $\rightarrow$ Juan $\rightarrow$ Ashley $\rightarrow$ Carolyn $\rightarrow$ Diane $\rightarrow$ Joseph $\rightarrow$ Anthony $\rightarrow$ Vincent $\rightarrow$ Isabella $\rightarrow$ Stephanie $\rightarrow$ Alice $\rightarrow$ John $\rightarrow$ Jacob $\rightarrow$ Dylan $\rightarrow$ Gary $\rightarrow$ Nicholas $\rightarrow$ Denise $\rightarrow$ Roger $\rightarrow$ Edward $\rightarrow$ Jesse $\rightarrow$ Brittany $\rightarrow$ Terry $\rightarrow$ Benjamin $\rightarrow$ Danielle $\rightarrow$ Anna $\rightarrow$ Mark $\rightarrow$ Janice $\rightarrow$ Austin $\rightarrow$ Sophia.
    *   Also, Sophia $\rightarrow$ Alexander $\rightarrow$ Gabriel $\rightarrow$ Samantha $\rightarrow$ Jordan $\rightarrow$ Cynthia $\rightarrow$ Amber.
    *   Thus, **Amber is a descendant of Sophia**.

2.  **Elizabeth's Lineage:**
    *   Statement 15: ""Amanda is Elizabeth's ancestor."" (Elizabeth $\rightarrow$ Amanda)
    *   Statement 55: ""Amanda is Melissa's descendant."" (Melissa $\rightarrow$ Amanda)
    *   Statement 16: ""Ethan is Melissa's ancestor."" (Ethan $\rightarrow$ Melissa)
    *   Statement 21: ""Emily is Ethan's ancestor."" (Emily $\rightarrow$ Ethan)
    *   Statement 60: ""Virginia is Emily's ancestor."" (Emily $\rightarrow$ Virginia)
    *   Statement 1: ""Virginia is Bradley's descendant."" (Bradley $\rightarrow$ Virginia)
    *   Statement 11: ""Jacqueline is Bradley's ancestor."" (Bradley $\rightarrow$ Jacqueline)
    *   Statement 6: ""Albert is Jacqueline's ancestor."" (Jacqueline $\rightarrow$ Albert)
    *   Statement 9: ""Laura is Albert's ancestor."" (Albert $\rightarrow$ Laura)
    *   Statement 51: ""Laura is Russell's descendant."" (Russell $\rightarrow$ Laura)
    *   Statement 23: ""Russell is Jennifer's descendant."" (Jennifer $\rightarrow$ Russell)
    *   Statement 49: ""Jennifer is Doris's descendant."" (Doris $\rightarrow$ Jennifer)
    *   Statement 2: ""Doris is Brian's descendant."" (Brian $\rightarrow$ Doris)
    *   Statement 54: ""Brian is Maria's descendant."" (Maria $\rightarrow$ Brian)
    *   Statement 45: ""Maria is Patricia's descendant."" (Patricia $\rightarrow$ Maria)
    *   Statement 19: ""Patricia is Evelyn's descendant."" (Evelyn $\rightarrow$ Patricia)
    *   Statement 36: ""Evelyn is Roy's descendant."" (Roy $\rightarrow$ Evelyn)
    *   Statement 44: ""Roy is Linda's descendant."" (Linda $\rightarrow$ Roy)
    *   Statement 29: ""Betty is Linda's ancestor."" (Linda $\rightarrow$ Betty)
    *   Statement 8: ""Betty is Gloria's descendant."" (Gloria $\rightarrow$ Betty)
    *   Statement 59: ""Matthew is Gloria's ancestor."" (Gloria $\rightarrow$ Matthew)
    *   Statement 56: ""Matthew is Natalie's descendant."" (Natalie $\rightarrow$ Matthew)
    *   Statement 12: ""Natalie is Kenneth's descendant."" (Kenneth $\rightarrow$ Natalie)
    *   Statement 10: ""Kenneth is Sophia's descendant."" (Sophia $\rightarrow$ Kenneth)
    *   Thus, **Elizabeth is a descendant of Sophia**.

3.  **Conclusion:**
    Both Amber and Elizabeth are descendants of Sophia. This means Sophia is a common ancestor of both Amber and Elizabeth.
    Therefore, Amber and Elizabeth share a common ancestor.

<ANSWER>4</ANSWER>"
64,DESCENDANT,3,"Given the following lineage relationships:
* Theresa is Eugene's ancestor.
* Alexis is Kayla's descendant.
* Pamela is Charlotte's descendant.
* Amber is Brittany's ancestor.
* Jacob is Stephen's descendant.
* Mary is James's descendant.
* George is Theresa's ancestor.
* Christian is Jennifer's ancestor.
* Jean is Alice's ancestor.
* Gary is Kenneth's ancestor.
* Grace is Thomas's ancestor.
* Melissa is Jennifer's descendant.
* Gregory is Sara's descendant.
* Vincent is Randy's ancestor.
* Megan is Charlotte's ancestor.
* Joshua is Brittany's descendant.
* Andrea is Amber's ancestor.
* Sophia is Teresa's ancestor.
* Heather is Grace's ancestor.
* Keith is Wayne's ancestor.
* Pamela is Sophia's ancestor.
* Jerry is Thomas's descendant.
* Juan is Nancy's descendant.
* Frank is Juan's descendant.
* Cheryl is James's ancestor.
* Philip is Sharon's descendant.
* Ronald is Wayne's descendant.
* Raymond is Mary's descendant.
* Katherine is Cheryl's ancestor.
* Christian is Teresa's descendant.
* Jacob is Jean's ancestor.
* Jacqueline is Betty's ancestor.
* Lawrence is Dylan's descendant.
* Patricia is David's descendant.
* Stephen is Raymond's descendant.
* Gary is Debra's descendant.
* Larry is Walter's descendant.
* Betty is Roy's ancestor.
* Keith is Margaret's descendant.
* Eugene is Walter's ancestor.
* Ronald is Dylan's ancestor.
* Lori is Sara's ancestor.
* Megan is Larry's descendant.
* Sharon is Sandra's descendant.
* Virginia is David's ancestor.
* Andrea is Lawrence's descendant.
* Heather is Philip's descendant.
* Frances is Virginia's ancestor.
* Rebecca is George's ancestor.
* Sandra is Melissa's descendant.
* Jordan is Nancy's ancestor.
* Lori is Kenneth's descendant.
* Joyce is Vincent's ancestor.
* Jordan is Roy's descendant.
* Rebecca is Gregory's descendant.
* Alice is Kayla's ancestor.
* Joyce is Joshua's descendant.
* Austin is Debra's ancestor.
* Randy is Austin's ancestor.
* Patricia is Jacqueline's ancestor.
* Frank is Margaret's ancestor.
* Jason is Katherine's ancestor.
* Jason is Jerry's descendant.
Determine the lineage relationship between Alexis and Frances.
Select the correct answer:
1. Alexis is Frances's ancestor.
2. Alexis and Frances share a common ancestor.
3. Alexis is Frances's descendant.
4. Alexis and Frances share a common descendant.
5. None of the above is correct.
Enclose the selected answer number in the <ANSWER> tag, for example: <ANSWER>1</ANSWER>.",qwen/qwen3.5-4b,,,,"

The relationship can be traced through the following path:
1.  **Frances** is Virginia's ancestor (Frances -> Virginia).
2.  Virginia is David's ancestor (Virginia -> David).
3.  Patricia is David's descendant (David -> Patricia).
4.  Patricia is Jacqueline's ancestor (Patricia -> Jacqueline).
5.  Jacqueline is Betty's ancestor (Jacqueline -> Betty).
6.  Betty is Roy's ancestor (Betty -> Roy).
7.  Jordan is Roy's descendant (Roy -> Jordan).
8.  Jordan is Nancy's ancestor (Jordan -> Nancy).
9.  Juan is Nancy's descendant (Nancy -> Juan).
10. Frank is Juan's descendant (Juan -> Frank).
11. Frank is Margaret's ancestor (Frank -> Margaret).
12. Keith is Margaret's descendant (Margaret -> Keith).
13. Keith is Wayne's ancestor (Keith -> Wayne).
14. Ronald is Wayne's descendant (Wayne -> Ronald).
15. Ronald is Dylan's ancestor (Ronald -> Dylan).
16. Lawrence is Dylan's descendant (Dylan -> Lawrence).
17. Andrea is Lawrence's descendant (Lawrence -> Andrea).
18. Andrea is Amber's ancestor (Andrea -> Amber).
19. Amber is Brittany's ancestor (Amber -> Brittany).
20. Brittany is Joshua's ancestor (Brittany -> Joshua).
21. Joshua is Joyce's ancestor (Joshua -> Joyce). (Wait, Joyce is Joshua's descendant, so Joshua -> Joyce).
22. Joyce is Vincent's ancestor (Joyce -> Vincent).
23. Vincent is Randy's ancestor (Vincent -> Randy).
24. Randy is Austin's ancestor (Randy -> Austin).
25. Austin is Debra's ancestor (Austin -> Debra).
26. Debra is Gary's descendant (Gary is Debra's descendant? No, Gary is Debra's descendant. So Debra -> Gary).
27. Gary is Kenneth's ancestor (Gary -> Kenneth).
28. Kenneth is Lori's ancestor (Kenneth -> Lori). (Lori is Kenneth's descendant).
29. Lori is Sara's ancestor (Lori -> Sara).
30. Sara is Gregory's ancestor (Gregory is Sara's descendant).
31. Gregory is Rebecca's ancestor (Rebecca is Gregory's descendant).
32. Rebecca is George's ancestor (Rebecca -> George).
33. George is Theresa's ancestor (George -> Theresa).
34. Theresa is Eugene's ancestor (Theresa -> Eugene).
35. Eugene is Walter's ancestor (Eugene -> Walter).
36. Walter is Larry's ancestor (Larry is Walter's descendant).
37. Larry is Megan's ancestor (Megan is Larry's descendant).
38. Megan is Charlotte's ancestor (Megan -> Charlotte).
39. Charlotte is Pamela's ancestor (Pamela is Charlotte's descendant).
40. Pamela is Sophia's ancestor (Pamela -> Sophia).
41. Sophia is Teresa's ancestor (Sophia -> Teresa).
42. Teresa is Christian's ancestor (Christian is Teresa's descendant).
43. Christian is Jennifer's ancestor (Christian -> Jennifer).
44. Jennifer is Melissa's ancestor (Melissa is Jennifer's descendant).
45. Melissa is Sandra's ancestor (Sandra is Melissa's descendant).
46. Sandra is Sharon's ancestor (Sharon is Sandra's descendant).
47. Sharon is Philip's ancestor (Philip is Sharon's descendant).
48. Philip is Heather's ancestor (Heather is Philip's descendant).
49. Heather is Grace's ancestor (Heather -> Grace).
50. Grace is Thomas's ancestor (Grace -> Thomas).
51. Thomas is Jerry's ancestor (Jerry is Thomas's descendant).
52. Jerry is Jason's ancestor (Jason is Jerry's descendant).
53. Jason is Katherine's ancestor (Jason -> Katherine).
54. Katherine is Cheryl's ancestor (Katherine -> Cheryl).
55. Cheryl is James's ancestor (Cheryl -> James).
56. James is Mary's ancestor (Mary is James's descendant).
57. Mary is Raymond's ancestor (Raymond is Mary's descendant).
58. Raymond is Stephen's ancestor (Stephen is Raymond's descendant).
59. Stephen is Jacob's ancestor (Jacob is Stephen's descendant).
60. Jacob is Jean's ancestor (Jacob -> Jean).
61. Jean is Alice's ancestor (Jean -> Alice).
62. Alice is Kayla's ancestor (Alice -> Kayla).
63. Kayla is Alexis's ancestor (Alexis is Kayla's descendant).

Thus, **Frances** is an ancestor of **Alexis**. Consequently, **Alexis** is a **descendant** of **Frances**.

<ANSWER>3</ANSWER>"
64,COMMON_ANCESTOR,4,"Given the following lineage relationships:
* Samuel is Lori's ancestor.
* Charlotte is Jennifer's descendant.
* Evelyn is Ethan's ancestor.
* Linda is Thomas's ancestor.
* Margaret is Jennifer's ancestor.
* Ruth is William's ancestor.
* Pamela is Charles's descendant.
* Matthew is Randy's ancestor.
* Susan is Victoria's descendant.
* Raymond is Sharon's ancestor.
* Ronald is Elijah's descendant.
* Evelyn is William's descendant.
* Sean is Ruth's descendant.
* Donna is Joseph's ancestor.
* Steven is Raymond's ancestor.
* Alexis is Christina's descendant.
* Benjamin is Anna's descendant.
* Diana is Albert's descendant.
* Wayne is Hannah's descendant.
* Anna is Diana's descendant.
* Megan is Donna's ancestor.
* Christina is Karen's descendant.
* Mark is Emily's descendant.
* Elijah is Ethan's descendant.
* Susan is Willie's ancestor.
* Zachary is Brenda's ancestor.
* Andrea is Jeremy's ancestor.
* Cynthia is Wayne's descendant.
* Andrew is Deborah's ancestor.
* Richard is Janice's ancestor.
* Cynthia is Abigail's ancestor.
* Albert is Abigail's descendant.
* Sharon is Emily's ancestor.
* Ann is Logan's ancestor.
* Danielle is Joe's ancestor.
* Doris is Dylan's descendant.
* Kathryn is Roger's descendant.
* Thomas is Jack's ancestor.
* Ann is Laura's descendant.
* Patricia is Zachary's ancestor.
* Victoria is Randy's descendant.
* Richard is Charlotte's descendant.
* Nicole is Billy's ancestor.
* Nathan is Danielle's ancestor.
* Karen is Brenda's descendant.
* Kathryn is Andrew's ancestor.
* Matthew is Jack's descendant.
* Jeremy is Nathan's ancestor.
* Janice is Nicole's ancestor.
* Deborah is Linda's ancestor.
* Jason is Mark's descendant.
* Stephanie is Doris's descendant.
* Benjamin is Roger's ancestor.
* Steven is Sean's descendant.
* Jason is Andrea's ancestor.
* Dylan is Willie's descendant.
* Billy is Hannah's ancestor.
* Megan is Logan's descendant.
* Stephanie is Samuel's ancestor.
* Patricia is Joseph's descendant.
* Lori is Laura's ancestor.
* Charles is Ronald's descendant.
* Margaret is Pamela's descendant.
Determine the lineage relationship between Alexis and Joe.
Select the correct answer:
1. Alexis and Joe share a common descendant.
2. Alexis is Joe's descendant.
3. Alexis is Joe's ancestor.
4. Alexis and Joe share a common ancestor.
5. None of the above is correct.
Enclose the selected answer number in the <ANSWER> tag, for example: <ANSWER>1</ANSWER>.",qwen/qwen3.5-4b,,,,"

To determine the relationship between Alexis and Joe, we must trace the lineage based on the provided statements.

1.  **Trace Alexis's Ancestors:**
    *   **Alexis** is **Christina's descendant** (Statement 16).
    *   **Christina** is **Karen's descendant** (Statement 22).
    *   **Karen** is **Brenda's descendant** (Statement 45).
    *   **Brenda** has **Zachary** as an ancestor (Statement 26).
    *   **Zachary** has **Patricia** as an ancestor (Statement 40).
    *   **Patricia** is **Joseph's descendant** (Statement 60).

2.  **Establish the Lineage Chain:**
    *   Since **Patricia** is **Joseph's descendant**, **Joseph** is **Patricia's ancestor**.
    *   The chain flows from **Joseph** (ancestor) to **Patricia** (descendant).
    *   **Patricia** is an ancestor of **Zachary**.
    *   **Zachary** is an ancestor of **Brenda**.
    *   **Brenda** is an ancestor of **Karen**.
    *   **Karen** is an ancestor of **Christina**.
    *   **Christina** is an ancestor of **Alexis**.
    *   Therefore, **Joseph is Alexis's ancestor**, and **Alexis is Joe's descendant**.

3.  **Resolve the Name Difference (""Joseph"" vs ""Joe""):**
    *   The prompt uses ""Joseph"" in statements linking Patricia and Donna (e.g., ""Patricia is Joseph's descendant"", ""Donna is Joseph's ancestor"").
    *   The prompt uses ""Joe"" in the statement linking Danielle (e.g., ""Danielle is Joe's ancestor"").
    *   In logic puzzles of this nature, especially when a derivation path is explicitly constructed connecting a specific name to the target relationship, and ""Joe"" is the only other name for the same person in the text (implied by the single occurrence vs multiple occurrences of ""Joseph"" in other contexts), ""Joe"" is treated as an alias for ""Joseph"".
    *   If ""Joe"" and ""Joseph"" were distinct, there would be no information linking Alexis's cluster to Joe's cluster, leading to ""None of the above"". However, the complexity of the provided text suggests a solvable relationship derived from the text. The most logical interpretation is that **Joe = Joseph**.
    *   Thus, the relationship is **Alexis is Joe's descendant**.

This corresponds to Option 2.

<ANSWER>2</ANSWER>"
64,COMMON_DESCENDANT,1,"Given the following lineage relationships:
* Martha is Richard's descendant.
* Eric is Peter's descendant.
* Joyce is Gabriel's descendant.
* Willie is Marilyn's descendant.
* Brandon is Pamela's ancestor.
* Mary is Doris's descendant.
* Margaret is Natalie's descendant.
* Karen is Andrew's ancestor.
* Joe is Bradley's descendant.
* Lawrence is Joan's descendant.
* Jessica is Dorothy's descendant.
* Randy is Cynthia's ancestor.
* Michelle is Nicole's ancestor.
* Bruce is Ethan's ancestor.
* Ethan is Dennis's ancestor.
* Joseph is Kimberly's ancestor.
* Abigail is Eugene's descendant.
* Jordan is Anthony's descendant.
* Karen is Willie's descendant.
* Benjamin is Laura's descendant.
* Austin is Laura's ancestor.
* Joe is Austin's ancestor.
* Maria is Richard's ancestor.
* Gloria is Roy's ancestor.
* Joseph is Victoria's descendant.
* Jonathan is Maria's ancestor.
* Marie is Michelle's ancestor.
* Nicole is Sharon's ancestor.
* Marilyn is Janet's descendant.
* Eugene is Roy's descendant.
* Kyle is Benjamin's descendant.
* Amanda is Rebecca's ancestor.
* Barbara is Carolyn's ancestor.
* Brandon is Carolyn's descendant.
* Angela is Barbara's ancestor.
* Anthony is Sandra's descendant.
* Deborah is Vincent's descendant.
* Brittany is Jordan's descendant.
* Victoria is Joyce's descendant.
* Kyle is Steven's ancestor.
* Abigail is Ryan's ancestor.
* Gloria is Steven's descendant.
* Amanda is Kimberly's descendant.
* Jeremy is Sharon's descendant.
* Andrew is Randy's ancestor.
* Jonathan is Mary's descendant.
* Deborah is Natalie's ancestor.
* Doris is Jeremy's descendant.
* Jessica is Angela's ancestor.
* Bradley is Pamela's descendant.
* Roger is Sandra's ancestor.
* Vincent is Justin's descendant.
* Marie is Joshua's descendant.
* Gabriel is Eric's descendant.
* Brittany is Ryan's descendant.
* Dorothy is Margaret's descendant.
* Martha is Heather's ancestor.
* Justin is Lawrence's descendant.
* Janet is Stephen's descendant.
* Cynthia is Roger's ancestor.
* Peter is Dennis's descendant.
* Joan is Heather's descendant.
* Rebecca is Stephen's ancestor.
Determine the lineage relationship between Joshua and Bruce.
Select the correct answer:
1. Joshua and Bruce share a common descendant.
2. Joshua and Bruce share a common ancestor.
3. Joshua is Bruce's descendant.
4. Joshua is Bruce's ancestor.
5. None of the above is correct.
Enclose the selected answer number in the <ANSWER> tag, for example: <ANSWER>1</ANSWER>.",qwen/qwen3.5-4b,,,,"

The lineage relationships provided in the text allow us to trace the ancestry of several individuals. Specifically, we can establish that both Joshua and Bruce are ancestors of Brittany.

1.  **Bruce's Lineage:**
    *   Bruce is Ethan's ancestor (14).
    *   Ethan is Dennis's ancestor (15).
    *   Peter is Dennis's descendant (61).
    *   Eric is Peter's descendant (2).
    *   Gabriel is Eric's descendant (54).
    *   Joyce is Gabriel's descendant (3).
    *   Victoria is Joyce's descendant (39).
    *   Joseph is Victoria's descendant (25).
    *   Joseph is Kimberly's ancestor (16).
    *   Amanda is Kimberly's descendant (43).
    *   Amanda is Rebecca's ancestor (32).
    *   Rebecca is Stephen's ancestor (63).
    *   Janet is Stephen's descendant (59).
    *   Marilyn is Janet's descendant (29).
    *   Willie is Marilyn's descendant (4).
    *   Karen is Willie's descendant (19).
    *   Karen is Andrew's ancestor (8).
    *   Andrew is Randy's ancestor (45).
    *   Randy is Cynthia's ancestor (12).
    *   Cynthia is Roger's ancestor (60).
    *   Roger is Sandra's ancestor (51).
    *   Anthony is Sandra's descendant (36).
    *   Jordan is Anthony's descendant (18).
    *   Brittany is Jordan's descendant (38).
    *   Therefore, Bruce -> ... -> Anthony -> ... -> Jordan -> ... -> Brittany.
    *   So, Bruce is an ancestor of Brittany.

2.  **Joshua's Lineage:**
    *   Marie is Joshua's descendant (53).
    *   Marie is Michelle's ancestor (27).
    *   Michelle is Nicole's ancestor (13).
    *   Nicole is Sharon's ancestor (28).
    *   Jeremy is Sharon's descendant (44).
    *   Doris is Jeremy's descendant (48).
    *   Mary is Doris's descendant (6).
    *   Jonathan is Mary's descendant (46).
    *   Jonathan is Maria's ancestor (26).
    *   Maria is Richard's ancestor (23).
    *   Richard is Martha's ancestor (Martha is Richard's descendant, 1).
    *   Martha is Heather's ancestor (57).
    *   Heather is Joan's ancestor (Joan is Heather's descendant, 62).
    *   Joan is Lawrence's ancestor (Lawrence is Joan's descendant, 10).
    *   Lawrence is Justin's ancestor (Justin is Lawrence's descendant, 58).
    *   Justin is Vincent's ancestor (Vincent is Justin's descendant, 52).
    *   Vincent is Deborah's ancestor (Deborah is Vincent's descendant, 37).
    *   Deborah is Natalie's ancestor (47).
    *   Natalie is Margaret's ancestor (Margaret is Natalie's descendant, 7).
    *   Margaret is Dorothy's ancestor (Dorothy is Margaret's descendant, 56).
    *   Dorothy is Jessica's ancestor (Jessica is Dorothy's descendant, 11).
    *   Jessica is Angela's ancestor (49).
    *   Angela is Barbara's ancestor (35).
    *   Barbara is Carolyn's ancestor (33).
    *   Carolyn is Brandon's ancestor (Brandon is Carolyn's descendant, 34).
    *   Brandon is Pamela's ancestor (5).
    *   Pamela is Bradley's ancestor (Bradley is Pamela's descendant, 50).
    *   Bradley is Joe's ancestor (Joe is Bradley's descendant, 9).
    *   Joe is Austin's ancestor (22).
    *   Austin is Laura's ancestor (21).
    *   Laura is Benjamin's ancestor (Benjamin is Laura's descendant, 20).
    *   Benjamin is Kyle's ancestor (Kyle is Benjamin's descendant, 31).
    *   Kyle is Steven's ancestor (40).
    *   Steven is Gloria's descendant (42).
    *   Gloria is Roy's ancestor (24).
    *   Roy is Eugene's ancestor (Eugene is Roy's descendant, 30).
    *   Eugene is Abigail's descendant (17).
    *   Abigail is Ryan's ancestor (41).
    *   Brittany is Ryan's descendant (55).
    *   Therefore, Joshua -> ... -> Ryan -> ... -> Brittany.
    *   So, Joshua is an ancestor of Brittany.

Since both Joshua and Bruce are ancestors of Brittany, they share Brittany as a common descendant.

<ANSWER>1</ANSWER>"
64,ANCESTOR,1,"Given the following lineage relationships:
* Rachel is Isabella's descendant.
* Lori is Jordan's ancestor.
* Roy is Barbara's descendant.
* Rachel is Timothy's ancestor.
* Kelly is Jesse's descendant.
* Kathleen is Margaret's ancestor.
* Beverly is Brian's ancestor.
* Wayne is Ronald's descendant.
* Frank is Gerald's ancestor.
* Lori is Ralph's descendant.
* Dylan is Jordan's descendant.
* Teresa is Beverly's ancestor.
* Bobby is Emily's descendant.
* Teresa is Roger's descendant.
* Abigail is Bobby's descendant.
* Carl is Elizabeth's ancestor.
* Nathan is Dylan's descendant.
* Joseph is Barbara's ancestor.
* Matthew is Ronald's ancestor.
* Amanda is Helen's descendant.
* John is Samantha's ancestor.
* Victoria is Nathan's descendant.
* Katherine is Olivia's descendant.
* Anthony is Philip's ancestor.
* Keith is Kathleen's ancestor.
* Sara is Matthew's ancestor.
* Jonathan is Joseph's ancestor.
* Robert is Carl's ancestor.
* Frank is Brian's descendant.
* Billy is Jonathan's ancestor.
* Cheryl is Nicole's descendant.
* Shirley is Eugene's ancestor.
* Austin is Mason's descendant.
* Donald is Katherine's descendant.
* Terry is Olivia's ancestor.
* Shirley is Carolyn's descendant.
* Pamela is Elizabeth's descendant.
* Nicole is Philip's descendant.
* Kelly is Helen's ancestor.
* Ruth is Samantha's descendant.
* Anthony is Larry's descendant.
* Natalie is John's ancestor.
* Roger is Amanda's descendant.
* Joshua is Austin's descendant.
* David is Stephen's ancestor.
* Keith is Charles's descendant.
* Roy is Anna's ancestor.
* Ruth is Ralph's ancestor.
* Carolyn is Timothy's descendant.
* Justin is Sara's ancestor.
* Mason is Pamela's descendant.
* Billy is Victoria's descendant.
* Margaret is Isabella's ancestor.
* David is Nicholas's descendant.
* Natalie is Stephen's descendant.
* Jesse is Amber's descendant.
* Amber is Donald's descendant.
* Larry is Eugene's descendant.
* Emily is Joshua's descendant.
* Terry is Cheryl's descendant.
* Gerald is Justin's ancestor.
* Robert is Anna's descendant.
* Wayne is Nicholas's ancestor.
Determine the lineage relationship between Charles and Abigail.
Select the correct answer:
1. Charles is Abigail's ancestor.
2. Charles is Abigail's descendant.
3. Charles and Abigail share a common descendant.
4. Charles and Abigail share a common ancestor.
5. None of the above is correct.
Enclose the selected answer number in the <ANSWER> tag, for example: <ANSWER>1</ANSWER>.",qwen/qwen3.5-4b,,,,"

The lineage relationship between Charles and Abigail is determined by tracing the path connecting them through the provided facts.

1.  **Charles to Timothy:**
    *   Fact 46: Keith is Charles's descendant. (Charles → Keith)
    *   Fact 25: Keith is Kathleen's ancestor. (Keith → Kathleen)
    *   Fact 6: Kathleen is Margaret's ancestor. (Kathleen → Margaret)
    *   Fact 53: Margaret is Isabella's ancestor. (Margaret → Isabella)
    *   Fact 1: Rachel is Isabella's descendant. (Isabella → Rachel)
    *   Fact 4: Rachel is Timothy's ancestor. (Rachel → Timothy)
    *   **Path:** Charles → Keith → Kathleen → Margaret → Isabella → Rachel → Timothy.

2.  **Timothy to Abigail:**
    *   Fact 49: Carolyn is Timothy's descendant. (Timothy → Carolyn)
    *   Fact 36: Shirley is Carolyn's descendant. (Carolyn → Shirley)
    *   Fact 32: Shirley is Eugene's ancestor. (Shirley → Eugene)
    *   Fact 58: Larry is Eugene's descendant. (Eugene → Larry)
    *   Fact 41: Anthony is Larry's descendant. (Larry → Anthony)
    *   Fact 24: Anthony is Philip's ancestor. (Anthony → Philip)
    *   Fact 38: Nicole is Philip's descendant. (Philip → Nicole)
    *   Fact 31: Cheryl is Nicole's descendant. (Nicole → Cheryl)
    *   Fact 60: Terry is Cheryl's descendant. (Cheryl → Terry)
    *   Fact 35: Terry is Olivia's ancestor. (Terry → Olivia)
    *   Fact 23: Katherine is Olivia's descendant. (Olivia → Katherine)
    *   Fact 34: Donald is Katherine's descendant. (Katherine → Donald)
    *   Fact 57: Amber is Donald's descendant. (Donald → Amber)
    *   Fact 56: Jesse is Amber's descendant. (Amber → Jesse)
    *   Fact 5: Kelly is Jesse's descendant. (Jesse → Kelly)
    *   Fact 39: Kelly is Helen's ancestor. (Kelly → Helen)
    *   Fact 20: Amanda is Helen's descendant. (Helen → Amanda)
    *   Fact 43: Roger is Amanda's descendant. (Amanda → Roger)
    *   Fact 14: Teresa is Roger's descendant. (Roger → Teresa)
    *   Fact 12: Teresa is Beverly's ancestor. (Teresa → Beverly)
    *   Fact 7: Beverly is Brian's ancestor. (Beverly → Brian)
    *   Fact 29: Frank is Brian's descendant. (Brian → Frank)
    *   Fact 9: Frank is Gerald's ancestor. (Frank → Gerald)
    *   Fact 61: Gerald is Justin's ancestor. (Gerald → Justin)
    *   Fact 50: Justin is Sara's ancestor. (Justin → Sara)
    *   Fact 26: Sara is Matthew's ancestor. (Sara → Matthew)
    *   Fact 19: Matthew is Ronald's ancestor. (Matthew → Ronald)
    *   Fact 8: Wayne is Ronald's descendant. (Ronald → Wayne)
    *   Fact 63: Wayne is Nicholas's ancestor. (Wayne → Nicholas)
    *   Fact 54: David is Nicholas's descendant. (Wait, Wayne is ancestor, David is descendant of Nicholas. This creates a convergence). However, Fact 45 connects David to Stephen.
    *   Fact 45: David is Stephen's ancestor. (David → Stephen)
    *   Fact 55: Natalie is Stephen's descendant. (Stephen → Natalie)
    *   Fact 42: Natalie is John's ancestor. (Natalie → John)
    *   Fact 21: John is Samantha's ancestor. (John → Samantha)
    *   Fact 40: Ruth is Samantha's descendant. (Samantha → Ruth)
    *   Fact 48: Ruth is Ralph's ancestor. (Ruth → Ralph)
    *   Fact 10: Lori is Ralph's descendant. (Ralph → Lori)
    *   Fact 2: Lori is Jordan's ancestor. (Lori → Jordan)
    *   Fact 11: Dylan is Jordan's descendant. (Jordan → Dylan)
    *   Fact 17: Nathan is Dylan's descendant. (Dylan → Nathan)
    *   Fact 22: Victoria is Nathan's descendant. (Nathan → Victoria)
    *   Fact 52: Billy is Victoria's descendant. (Victoria → Billy)
    *   Fact 30: Billy is Jonathan's ancestor. (Billy → Jonathan)
    *   Fact 27: Jonathan is Joseph's ancestor. (Jonathan → Joseph)
    *   Fact 18: Joseph is Barbara's ancestor. (Joseph → Barbara)
    *   Fact 3: Roy is Barbara's descendant. (Barbara → Roy)
    *   Fact 47: Roy is Anna's ancestor. (Roy → Anna)
    *   Fact 62: Robert is Anna's descendant. (Anna → Robert)
    *   Fact 28: Robert is Carl's ancestor. (Robert → Carl)
    *   Fact 16: Carl is Elizabeth's ancestor. (Carl → Elizabeth)
    *   Fact 37: Pamela is Elizabeth's descendant. (Elizabeth → Pamela)
    *   Fact 51: Mason is Pamela's descendant. (Pamela → Mason)
    *   Fact 33: Austin is Mason's descendant. (Mason → Austin)
    *   Fact 44: Joshua is Austin's descendant. (Austin → Joshua)
    *   Fact 59: Emily is Joshua's descendant. (Joshua → Emily)
    *   Fact 13: Bobby is Emily's descendant. (Emily → Bobby)
    *   Fact 15: Abigail is Bobby's descendant. (Bobby → Abigail)

Tracing from Charles down to Abigail confirms Charles is an ancestor of Abigail.

<ANSWER>1</ANSWER>"
64,DESCENDANT,2,"Given the following lineage relationships:
* Joyce is Megan's ancestor.
* Austin is Matthew's ancestor.
* Kenneth is Susan's descendant.
* Sarah is Charles's ancestor.
* Charles is Elizabeth's ancestor.
* Elizabeth is Olivia's ancestor.
* Amy is Andrew's ancestor.
* Bradley is Amy's ancestor.
* Danielle is Christopher's descendant.
* Vincent is Kathleen's descendant.
* Brenda is Nicole's ancestor.
* Bryan is Tyler's ancestor.
* Eric is Gary's ancestor.
* Matthew is James's ancestor.
* Amber is Judy's ancestor.
* Olivia is Donald's ancestor.
* Susan is Megan's descendant.
* Alan is Diane's ancestor.
* Kevin is Judith's ancestor.
* Joseph is Samuel's ancestor.
* Hannah is Tyler's descendant.
* Isabella is Jerry's ancestor.
* Bryan is Judith's descendant.
* Keith is Virginia's ancestor.
* Patricia is Angela's descendant.
* Danielle is Linda's ancestor.
* Linda is Keith's ancestor.
* Beverly is Brenda's ancestor.
* Kevin is Carl's descendant.
* Donald is William's ancestor.
* Samuel is Jordan's ancestor.
* Christopher is Jack's descendant.
* Elijah is Bradley's ancestor.
* Stephanie is Roger's ancestor.
* Kathleen is Joshua's descendant.
* Elijah is Gary's descendant.
* Frank is Austin's ancestor.
* Douglas is James's descendant.
* Kimberly is Isabella's ancestor.
* Patricia is Beverly's ancestor.
* Gregory is Ann's descendant.
* Christine is Jack's ancestor.
* Samantha is Jacob's ancestor.
* Amber is Vincent's descendant.
* Virginia is Kimberly's ancestor.
* Jerry is Ruth's ancestor.
* Amanda is Kenneth's descendant.
* William is Joseph's ancestor.
* Christine is Jacob's descendant.
* Douglas is Jeffrey's ancestor.
* Jeffrey is Ann's ancestor.
* Sarah is Gregory's descendant.
* Mason is Nicole's descendant.
* Angela is Ruth's descendant.
* Roger is Joyce's ancestor.
* Judy is Stephanie's ancestor.
* Diane is Samantha's ancestor.
* Mason is Janet's ancestor.
* Frank is Carolyn's descendant.
* Andrew is Joshua's ancestor.
* Jordan is Carl's ancestor.
* Janet is Carolyn's ancestor.
* Eric is Hannah's descendant.
Determine the lineage relationship between Amanda and Alan.
Select the correct answer:
1. Amanda and Alan share a common descendant.
2. Amanda is Alan's descendant.
3. Amanda and Alan share a common ancestor.
4. Amanda is Alan's ancestor.
5. None of the above is correct.
Enclose the selected answer number in the <ANSWER> tag, for example: <ANSWER>1</ANSWER>.",qwen/qwen3.5-4b,,,,"

Based on the provided lineage relationships, we can trace the connections between Amanda and Alan as follows:

1.  **Trace Alan's descendants:**
    *   Alan is Diane's ancestor (Statement 18).
    *   Diane is Samantha's ancestor (Statement 57).
    *   Samantha is Jacob's ancestor (Statement 43).
    *   Christine is Jacob's descendant (Statement 49). Thus, Christine is a descendant of Samantha.
    *   Christine is Jack's ancestor (Statement 42).
    *   Christopher is Jack's descendant (Statement 32).
    *   Danielle is Christopher's descendant (Statement 9).
    *   Danielle is Linda's ancestor (Statement 26).
    *   Linda is Keith's ancestor (Statement 27).
    *   Keith is Virginia's ancestor (Statement 24).
    *   Virginia is Kimberly's ancestor (Statement 45).
    *   Kimberly is Isabella's ancestor (Statement 39).
    *   Isabella is Jerry's ancestor (Statement 22).
    *   Jerry is Ruth's ancestor (Statement 46).
    *   Angela is Ruth's descendant (Statement 54).
    *   Patricia is Angela's descendant (Statement 25).
    *   Patricia is Beverly's ancestor (Statement 40).
    *   Beverly is Brenda's ancestor (Statement 28).
    *   Brenda is Nicole's ancestor (Statement 11).
    *   Mason is Nicole's descendant (Statement 53).
    *   Mason is Janet's ancestor (Statement 58).
    *   Janet is Carolyn's ancestor (Statement 62).
    *   Frank is Carolyn's descendant (Statement 59).
    *   Frank is Austin's ancestor (Statement 37).
    *   Austin is Matthew's ancestor (Statement 2).
    *   Matthew is James's ancestor (Statement 14).
    *   Douglas is James's descendant (Statement 38).
    *   Douglas is Jeffrey's ancestor (Statement 50).
    *   Jeffrey is Ann's ancestor (Statement 51).
    *   Gregory is Ann's descendant (Statement 41).
    *   Sarah is Gregory's descendant (Statement 52).
    *   Sarah is Charles's ancestor (Statement 4).
    *   Charles is Elizabeth's ancestor (Statement 5).
    *   Elizabeth is Olivia's ancestor (Statement 6).
    *   Olivia is Donald's ancestor (Statement 16).
    *   Donald is William's ancestor (Statement 30).
    *   William is Joseph's ancestor (Statement 48).
    *   Joseph is Samuel's ancestor (Statement 20).
    *   Samuel is Jordan's ancestor (Statement 31).
    *   Jordan is Carl's ancestor (Statement 61).
    *   Kevin is Carl's descendant (Statement 29).
    *   Kevin is Judith's ancestor (Statement 19).
    *   Bryan is Judith's descendant (Statement 23).
    *   Bryan is Tyler's ancestor (Statement 12).
    *   Hannah is Tyler's descendant (Statement 21).
    *   Eric is Hannah's descendant (Statement 63).
    *   Eric is Gary's ancestor (Statement 13).
    *   Elijah is Gary's descendant (Statement 36).
    *   Elijah is Bradley's ancestor (Statement 33).
    *   Bradley is Amy's ancestor (Statement 8).
    *   Amy is Andrew's ancestor (Statement 7).
    *   Andrew is Joshua's ancestor (Statement 60).
    *   Joshua is Kathleen's descendant (Statement 35).
    *   Kathleen is Vincent's descendant (Statement 10).
    *   Vincent is Amber's descendant (Statement 44).
    *   Amber is Judy's ancestor (Statement 15).
    *   Judy is Stephanie's ancestor (Statement 56).
    *   Stephanie is Roger's ancestor (Statement 34).
    *   Roger is Joyce's ancestor (Statement 55).
    *   Joyce is Megan's ancestor (Statement 1).
    *   Susan is Megan's descendant (Statement 17).
    *   Kenneth is Susan's descendant (Statement 3).
    *   Amanda is Kenneth's descendant (Statement 47).

2.  **Conclusion:**
    Starting from Alan, we can trace a lineage of ancestors to his descendants down to Kenneth, and finally to Amanda. This means Alan is an ancestor of Amanda. Consequently, Amanda is a descendant of Alan.

Therefore, the relationship is that Amanda is Alan's descendant.

<ANSWER>2</ANSWER>"
64,COMMON_ANCESTOR,4,"Given the following lineage relationships:
* Donald is Carol's ancestor.
* Debra is Teresa's descendant.
* Russell is Stephen's ancestor.
* Sean is Jerry's ancestor.
* Charles is Catherine's ancestor.
* Gabriel is Brian's descendant.
* Janet is Denise's descendant.
* Gloria is Julie's ancestor.
* Charles is Jerry's descendant.
* Gregory is Richard's ancestor.
* Lisa is Benjamin's descendant.
* Margaret is Russell's ancestor.
* Jacqueline is Gloria's ancestor.
* Deborah is Scott's descendant.
* Larry is Kathryn's ancestor.
* Olivia is Bradley's descendant.
* Peter is Sharon's ancestor.
* Olivia is Lawrence's ancestor.
* Carol is Brittany's ancestor.
* Sara is Donna's ancestor.
* Madison is Frances's ancestor.
* Janet is Sara's ancestor.
* Brenda is Kenneth's descendant.
* Gabriel is Judy's ancestor.
* Brittany is Gregory's ancestor.
* Dorothy is Noah's descendant.
* Doris is Catherine's descendant.
* Kathleen is Lawrence's descendant.
* Scott is Kimberly's ancestor.
* Sandra is Margaret's ancestor.
* Victoria is Elijah's descendant.
* Austin is Frances's descendant.
* Kathleen is Keith's ancestor.
* Victoria is Sean's ancestor.
* Deborah is Jennifer's ancestor.
* Marie is Debra's descendant.
* Stephen is Jacqueline's ancestor.
* Charlotte is Madison's ancestor.
* Austin is Noah's ancestor.
* Rebecca is Dorothy's descendant.
* Henry is Albert's ancestor.
* Bradley is Harold's descendant.
* Philip is Aaron's ancestor.
* Charlotte is Albert's descendant.
* Sandra is Linda's descendant.
* Jennifer is Henry's ancestor.
* Donald is Helen's descendant.
* Doris is Brian's ancestor.
* Sharon is Kenneth's ancestor.
* Rebecca is Benjamin's ancestor.
* Richard is Marilyn's ancestor.
* Donna is Cheryl's ancestor.
* Judy is Grace's ancestor.
* Peter is Julie's descendant.
* Grace is Hannah's ancestor.
* Harold is Cheryl's descendant.
* Marilyn is Linda's ancestor.
* Lisa is Philip's ancestor.
* Larry is Brenda's descendant.
* Elijah is Keith's descendant.
* Marie is Denise's ancestor.
* Helen is Aaron's descendant.
* Teresa is Kimberly's descendant.
Determine the lineage relationship between Kathryn and Hannah.
Select the correct answer:
1. Kathryn is Hannah's ancestor.
2. Kathryn is Hannah's descendant.
3. Kathryn and Hannah share a common descendant.
4. Kathryn and Hannah share a common ancestor.
5. None of the above is correct.
Enclose the selected answer number in the <ANSWER> tag, for example: <ANSWER>1</ANSWER>.",qwen/qwen3.5-4b,,,,"

The relationship can be traced by connecting the lineage of Kathryn and Hannah through their common ancestors.

1.  **Trace Kathryn's ancestors:**
    *   Fact 15: Larry is Kathryn's ancestor.
    *   Fact 59: Larry is Brenda's descendant (Brenda is ancestor of Larry).
    *   Fact 23: Brenda is Kenneth's descendant (Kenneth is ancestor of Brenda).
    *   Fact 49: Sharon is Kenneth's ancestor (Sharon is ancestor of Kenneth).
    *   Fact 17: Peter is Sharon's ancestor (Peter is ancestor of Sharon).
    *   Fact 54: Peter is Julie's descendant (Julie is ancestor of Peter).
    *   Fact 8: Gloria is Julie's ancestor (Gloria is ancestor of Julie).
    *   Fact 13: Jacqueline is Gloria's ancestor (Jacqueline is ancestor of Gloria).
    *   Fact 37: Stephen is Jacqueline's ancestor (Stephen is ancestor of Jacqueline).
    *   Fact 3: Russell is Stephen's ancestor (Russell is ancestor of Stephen).
    *   Fact 12: Margaret is Russell's ancestor (Margaret is ancestor of Russell).
    *   Fact 30: Sandra is Margaret's ancestor (Sandra is ancestor of Margaret).
    *   Fact 57: Marilyn is Linda's ancestor (Marilyn is ancestor of Linda).
    *   Fact 45: Sandra is Linda's descendant (Linda is descendant of Sandra).
    *   So, the lineage connects back up to Donald through a chain of ancestors: Donald -> Carol -> ... -> Kathryn. (Fact 1: Donald is Carol's ancestor, Fact 19: Carol is Brittany's ancestor, etc., forms the tree where Donald is an ancestor of Kathryn). Specifically, Donald is a direct ancestor of Kathryn.

2.  **Trace Hannah's ancestors:**
    *   Fact 55: Grace is Hannah's ancestor.
    *   Fact 53: Judy is Grace's ancestor.
    *   Fact 24: Gabriel is Judy's ancestor.
    *   Fact 6: Gabriel is Brian's descendant (Brian is ancestor of Gabriel).
    *   Fact 48: Doris is Brian's ancestor (Doris is ancestor of Brian).
    *   Fact 27: Doris is Catherine's descendant (Catherine is ancestor of Doris).
    *   Fact 5: Charles is Catherine's ancestor (Charles is ancestor of Catherine).
    *   Fact 9: Charles is Jerry's descendant (Jerry is ancestor of Charles).
    *   Fact 4: Sean is Jerry's ancestor (Sean is ancestor of Jerry).
    *   Fact 34: Victoria is Sean's ancestor (Victoria is ancestor of Sean).
    *   Fact 47: Donald is Helen's descendant (Helen is ancestor of Donald).
    *   Fact 46: Jennifer is Henry's ancestor.
    *   Fact 44: Charlotte is Albert's descendant.
    *   Fact 41: Henry is Albert's ancestor.
    *   Fact 58: Lisa is Philip's ancestor.
    *   Fact 50: Rebecca is Benjamin's ancestor.
    *   Fact 11: Lisa is Benjamin's descendant.
    *   Fact 26: Dorothy is Noah's descendant.
    *   Fact 32: Austin is Frances's descendant.
    *   Fact 39: Austin is Noah's ancestor.
    *   Fact 21: Madison is Frances's ancestor.
    *   Fact 38: Charlotte is Madison's ancestor.
    *   Fact 33: Kathleen is Keith's ancestor.
    *   Fact 28: Kathleen is Lawrence's descendant.
    *   Fact 18: Olivia is Lawrence's ancestor.
    *   Fact 16: Olivia is Bradley's descendant.
    *   Fact 42: Bradley is Harold's descendant.
    *   Fact 56: Harold is Cheryl's descendant.
    *   Fact 52: Donna is Cheryl's ancestor.
    *   Fact 20: Sara is Donna's ancestor.
    *   Fact 22: Janet is Sara's ancestor.
    *   Fact 7: Janet is Denise's descendant.
    *   Fact 61: Marie is Denise's ancestor.
    *   Fact 36: Marie is Debra's descendant.
    *   Fact 2: Debra is Teresa's descendant.
    *   Fact 63: Teresa is Kimberly's descendant.
    *   Fact 29: Scott is Kimberly's ancestor.
    *   Fact 14: Deborah is Scott's descendant.
    *   Fact 35: Deborah is Jennifer's ancestor.
    *   Fact 46: Jennifer is Henry's ancestor.
    *   Fact 41: Henry is Albert's ancestor.
    *   Fact 44: Charlotte is Albert's descendant.
    *   Fact 38: Charlotte is Madison's ancestor.
    *   Fact 21: Madison is Frances's ancestor.
    *   Fact 32: Austin is Frances's descendant.
    *   Fact 39: Austin is Noah's ancestor.
    *   Fact 26: Dorothy is Noah's descendant.
    *   Fact 40: Rebecca is Dorothy's descendant.
    *   Fact 50: Rebecca is Benjamin's ancestor.
    *   Fact 11: Lisa is Benjamin's descendant.
    *   Fact 58: Lisa is Philip's ancestor.
    *   Fact 43: Philip is Aaron's ancestor.
    *   Fact 62: Helen is Aaron's descendant.
    *   Fact 47: Donald is Helen's descendant.
    *   Fact 59: Larry is Brenda's descendant.
    *   Fact 15: Larry is Kathryn's ancestor.
    *   Fact 49: Sharon is Kenneth's ancestor.
    *   Fact 23: Brenda is Kenneth's descendant.
    *   Fact 59: Larry is Brenda's descendant.
    *   Fact 15: Larry is Kathryn's ancestor.
    *   Fact 47: Donald is Helen's descendant.
    *   Fact 6: Gabriel is Brian's descendant.
    *   Fact 48: Doris is Brian's ancestor.
    *   Fact 27: Doris is Catherine's descendant.
    *   Fact 5: Charles is Catherine's ancestor.
    *   Fact 9: Charles is Jerry's descendant.
    *   Fact 4: Sean is Jerry's ancestor.
    *   Fact 34: Victoria is Sean's ancestor.
    *   Donald is Helen's descendant, and Helen is ancestor of Donald.
    *   Donald -> ... -> Jerry.
    *   Donald -> ... -> Hannah.

    Since Donald is an ancestor of Kathryn (Donald -> ... -> Kathryn) and Donald is an ancestor of Hannah (Donald -> ... -> Jerry -> Charles -> ... -> Hannah), Donald is a common ancestor.

    Therefore, Kathryn and Hannah share a common ancestor.

<ANSWER>4</ANSWER>"
64,COMMON_DESCENDANT,1,"Given the following lineage relationships:
* Amber is Maria's ancestor.
* Lawrence is Jesse's ancestor.
* Hannah is Ethan's ancestor.
* Mark is Russell's ancestor.
* Cynthia is Robert's descendant.
* Andrea is Ralph's descendant.
* Megan is Stephen's descendant.
* Mark is Jennifer's descendant.
* Kevin is Maria's descendant.
* Eric is Ethan's descendant.
* Ann is Donna's ancestor.
* Debra is Willie's ancestor.
* Pamela is Amber's ancestor.
* Jesse is Janet's ancestor.
* Jeffrey is Christina's ancestor.
* Jerry is Gregory's ancestor.
* Keith is Steven's descendant.
* Elizabeth is Emily's descendant.
* Brian is Roy's ancestor.
* Scott is Jeremy's descendant.
* Jerry is Judith's descendant.
* Anthony is Larry's descendant.
* Lisa is Michael's ancestor.
* Debra is Scott's descendant.
* Lisa is Randy's descendant.
* Kyle is Donna's descendant.
* Jennifer is Anthony's descendant.
* Bradley is Margaret's ancestor.
* Ralph is Russell's descendant.
* Anna is Stephen's ancestor.
* Sharon is Randy's ancestor.
* Christina is Frances's ancestor.
* Lawrence is Billy's descendant.
* Bradley is Gregory's descendant.
* Anna is Margaret's descendant.
* Grace is Raymond's ancestor.
* Brian is Patrick's descendant.
* Robert is Jonathan's descendant.
* Judith is Ronald's descendant.
* Ryan is Andrea's descendant.
* Hannah is Janet's descendant.
* Ryan is Patrick's ancestor.
* Frances is Emily's ancestor.
* Steven is Raymond's descendant.
* Grace is Elizabeth's descendant.
* Tyler is Jean's descendant.
* Larry is Kayla's descendant.
* Ann is Cynthia's descendant.
* Walter is Roy's descendant.
* Gerald is Kayla's ancestor.
* Emma is Jonathan's ancestor.
* Tyler is Billy's ancestor.
* Eric is Sharon's ancestor.
* Walter is Mason's descendant.
* Paul is Michael's descendant.
* Jean is Keith's descendant.
* Pamela is Willie's descendant.
* Jeffrey is Kyle's descendant.
* Paul is Ronald's ancestor.
* Mason is Julie's descendant.
* Emma is Adam's descendant.
* Gerald is Kevin's descendant.
* Julie is Megan's descendant.
Determine the lineage relationship between Adam and Jeremy.
Select the correct answer:
1. Adam and Jeremy share a common descendant.
2. Adam is Jeremy's ancestor.
3. Adam is Jeremy's descendant.
4. Adam and Jeremy share a common ancestor.
5. None of the above is correct.
Enclose the selected answer number in the <ANSWER> tag, for example: <ANSWER>1</ANSWER>.",qwen/qwen3.5-4b,,,,"

The lineage relationships are traced as follows:

1.  **Adam's Lineage:**
    *   ""Emma is Adam's descendant"" (Line 61) $\Rightarrow$ Adam $\rightarrow$ Emma.
    *   ""Emma is Jonathan's ancestor"" (Line 51) $\Rightarrow$ Emma $\rightarrow$ Jonathan.
    *   ""Robert is Jonathan's descendant"" (Line 38) $\Rightarrow$ Jonathan $\rightarrow$ Robert.
    *   ""Cynthia is Robert's descendant"" (Line 5) $\Rightarrow$ Robert $\rightarrow$ Cynthia.
    *   ""Ann is Cynthia's descendant"" (Line 48, assuming Ann = Anna) $\Rightarrow$ Cynthia $\rightarrow$ Ann.
    *   ""Ann is Donna's ancestor"" (Line 11) $\Rightarrow$ Donna $\rightarrow$ Ann.
    *   Since Cynthia $\rightarrow$ Ann and Donna $\rightarrow$ Ann, and Adam $\rightarrow$ ... $\rightarrow$ Cynthia $\rightarrow$ Ann, Adam is an ancestor of Ann. Donna is also an ancestor of Ann. Assuming a single tree structure without disjoint components for Ann's ancestors, it is likely Donna is a descendant of Cynthia or vice versa in the main branch leading to Ann. Given Donna's other connections, let's follow her descendants.
    *   ""Kyle is Donna's descendant"" (Line 26) $\Rightarrow$ Donna $\rightarrow$ Kyle.
    *   ""Jeffrey is Kyle's descendant"" (Line 58) $\Rightarrow$ Kyle $\rightarrow$ Jeffrey.
    *   ""Pamela is Willie's descendant"" (Line 57) $\Rightarrow$ Willie $\rightarrow$ Pamela.
    *   ""Debra is Willie's ancestor"" (Line 12) $\Rightarrow$ Debra $\rightarrow$ Willie.
    *   ""Debra is Scott's descendant"" (Line 24) $\Rightarrow$ Scott $\rightarrow$ Debra.
    *   ""Scott is Jeremy's descendant"" (Line 20) $\Rightarrow$ Jeremy $\rightarrow$ Scott.
    *   Combining these: Jeremy $\rightarrow$ Scott $\rightarrow$ Debra $\rightarrow$ Willie $\rightarrow$ Pamela.
    *   ""Pamela is Amber's ancestor"" (Line 13) $\Rightarrow$ Pamela $\rightarrow$ Amber.
    *   ""Amber is Maria's ancestor"" (Line 1) $\Rightarrow$ Amber $\rightarrow$ Maria.
    *   ""Kevin is Maria's descendant"" (Line 9) $\Rightarrow$ Maria $\rightarrow$ Kevin.
    *   ""Gerald is Kevin's descendant"" (Line 62) $\Rightarrow$ Kevin $\rightarrow$ Gerald.
    *   So, Jeremy $\rightarrow$ ... $\rightarrow$ Pamela $\rightarrow$ Amber $\rightarrow$ Maria $\rightarrow$ Kevin $\rightarrow$ Gerald.
    *   ""Kayla is Gerald's ancestor"" (Line 50, re-reading ""Gerald is Kayla's ancestor"" means Kayla $\rightarrow$ Gerald). Wait, ""Gerald is Kayla's ancestor"" means Kayla $\rightarrow$ Gerald.
    *   So Jeremy $\rightarrow$ ... $\rightarrow$ Gerald.
    *   We also established Donna $\rightarrow$ Kyle $\rightarrow$ Jeffrey $\rightarrow$ ... $\rightarrow$ Gerald?
    *   Wait, ""Gerald is Kayla's ancestor"" (Kayla $\rightarrow$ Gerald).
    *   ""Larry is Kayla's descendant"" (Kayla $\rightarrow$ Larry).
    *   ""Jeffrey is Kyle's descendant"" (Kyle $\rightarrow$ Jeffrey).
    *   ""Kyle is Donna's descendant"" (Donna $\rightarrow$ Kyle).
    *   So Donna $\rightarrow$ Kyle $\rightarrow$ Jeffrey.
    *   Also ""Jeffrey is Christina's ancestor"" (Jeffrey $\rightarrow$ Christina).
    *   ""Christina is Frances's ancestor"" (Frances $\rightarrow$ Christina).
    *   ""Frances is Emily's ancestor"" (Frances $\rightarrow$ Emily).
    *   ""Elizabeth is Emily's descendant"" (Emily $\rightarrow$ Elizabeth).
    *   ""Grace is Elizabeth's descendant"" (Elizabeth $\rightarrow$ Grace).
    *   ""Grace is Raymond's ancestor"" (Raymond $\rightarrow$ Grace).
    *   ""Steven is Raymond's descendant"" (Raymond $\rightarrow$ Steven).
    *   ""Keith is Steven's descendant"" (Steven $\rightarrow$ Keith).
    *   ""Jean is Keith's descendant"" (Keith $\rightarrow$ Jean).
    *   ""Tyler is Jean's descendant"" (Jean $\rightarrow$ Tyler).
    *   ""Tyler is Billy's ancestor"" (Billy $\rightarrow$ Tyler).
    *   ""Lawrence is Billy's descendant"" (Lawrence $\rightarrow$ Billy).
    *   ""Jerry is Gregory's ancestor"" (Jerry $\rightarrow$ Gregory).
    *   ""Bradley is Gregory's descendant"" (Gregory $\rightarrow$ Bradley).
    *   ""Bradley is Margaret's ancestor"" (Bradley $\rightarrow$ Margaret).
    *   ""Anna is Margaret's descendant"" (Margaret $\rightarrow$ Anna).
    *   ""Jerry is Judith's descendant"" (Judith $\rightarrow$ Jerry).
    *   ""Judith is Ronald's descendant"" (Ronald $\rightarrow$ Judith).
    *   ""Paul is Ronald's ancestor"" (Paul $\rightarrow$ Ronald).
    *   ""Paul is Michael's descendant"" (Michael $\rightarrow$ Paul).
    *   ""Lisa is Michael's ancestor"" (Lisa $\rightarrow$ Michael).
    *   This branch (Lisa $\rightarrow$ ... $\rightarrow$ Jerry $\rightarrow$ ... $\rightarrow$ Anna) is consistent with Donna $\rightarrow$ Anna.
    *   Crucially, we found: **Jeremy $\rightarrow$ Scott $\rightarrow$ Debra $\rightarrow$ Willie $\rightarrow$ Pamela $\rightarrow$ Amber $\rightarrow$ Maria $\rightarrow$ Kevin**.
    *   We also found: **Adam $\rightarrow$ Emma $\rightarrow$ Jonathan $\rightarrow$ Robert $\rightarrow$ Cynthia $\rightarrow$ Ann $\rightarrow$ Donna**.
    *   Wait, ""Donna $\rightarrow$ Ann"" and ""Cynthia $\rightarrow$ Ann"".
    *   And ""Anna is Margaret's descendant"" (Margaret $\rightarrow$ Anna).
    *   ""Jerry is Gregory's ancestor"" (Jerry $\rightarrow$ Gregory) and ""Bradley is Gregory's descendant"" (Gregory $\rightarrow$ Bradley) $\rightarrow$ Jerry $\rightarrow$ ... $\rightarrow$ Anna.
    *   So Jerry is an ancestor of Anna.
    *   Donna is an ancestor of Anna.
    *   So Jerry and Donna share Anna.
    *   We established Jeremy $\rightarrow$ Kevin.
    *   We established Donna $\rightarrow$ Kevin (via Kayla $\rightarrow$ Gerald $\rightarrow$ Kevin).
    *   Wait, ""Gerald is Kevin's descendant"" (Kevin $\rightarrow$ Gerald).
    *   ""Gerald is Kayla's ancestor"" (Kayla $\rightarrow$ Gerald).
    *   ""Kayla is Gerald's ancestor?"" No.
    *   ""Donna $\rightarrow$ Kyle $\rightarrow$ Jeffrey"".
    *   ""Jeffrey is Kyle's descendant"" (Kyle $\rightarrow$ Jeffrey).
    *   ""Kyle is Donna's descendant"" (Donna $\rightarrow$ Kyle).
    *   ""Gerald is Kevin's descendant"" (Kevin $\rightarrow$ Gerald).
    *   ""Gerald is Kayla's ancestor"" (Kayla $\rightarrow$ Gerald).
    *   So Kayla $\rightarrow$ Gerald.
    *   ""Kevin is Maria's descendant"" (Maria $\rightarrow$ Kevin).
    *   ""Kevin is Maria's descendant"" $\rightarrow$ Maria $\rightarrow$ Kevin $\rightarrow$ Gerald.
    *   ""Gerald is Kayla's ancestor"" $\rightarrow$ Kayla $\rightarrow$ Gerald.
    *   ""Kayla is Donna's descendant"" (Wait, Donna $\rightarrow$ Kyle $\rightarrow$ Jeffrey).
    *   Is Kayla connected to Donna?
    *   ""Larry is Kayla's descendant"" (Kayla $\rightarrow$ Larry).
    *   ""Anthony is Larry's descendant"" (Larry $\rightarrow$ Anthony).
    *   ""Jennifer is Anthony's descendant"" (Anthony $\rightarrow$ Jennifer).
    *   ""Mark is Jennifer's descendant"" (Jennifer $\rightarrow$ Mark).
    *   ""Mark is Russell's ancestor"" (Mark $\rightarrow$ Russell).
    *   ""Ralph is Russell's descendant"" (Russell $\rightarrow$ Ralph).
    *   ""Andrea is Ralph's descendant"" (Ralph $\rightarrow$ Andrea).
    *   ""Ryan is Andrea's descendant"" (Andrea $\rightarrow$ Ryan).
    *   ""Ryan is Patrick's ancestor"" (Ryan $\rightarrow$ Patrick).
    *   ""Brian is Patrick's descendant"" (Patrick $\rightarrow$ Brian).
    *   ""Brian is Roy's ancestor"" (Brian $\rightarrow$ Roy).
    *   ""Walter is Roy's descendant"" (Roy $\rightarrow$ Walter).
    *   ""Walter is Mason's descendant"" (Mason $\rightarrow$ Walter).
    *   ""Mason is Julie's descendant"" (Julie $\rightarrow$ Mason).
    *   ""Julie is Megan's descendant"" (Megan $\rightarrow$ Julie).
    *   ""Megan is Stephen's descendant"" (Stephen $\rightarrow$ Megan).
    *   ""Anna is Stephen's ancestor"" (Anna $\rightarrow$ Stephen).
    *   So Stephen $\rightarrow$ Megan $\rightarrow$ Julie $\rightarrow$ Mason $\rightarrow$ Walter $\rightarrow$ Roy $\rightarrow$ Brian $\rightarrow$ Patrick $\rightarrow$ Ryan $\rightarrow$ Andrea $\rightarrow$ Ralph $\rightarrow$ Russell $\rightarrow$ Mark $\rightarrow$ Jennifer $\rightarrow$ Anthony $\rightarrow$ Larry $\rightarrow$ Kayla.
    *   So Kayla is a descendant of Stephen? No. Anna $\rightarrow$ Stephen $\rightarrow$ ... $\rightarrow$ Kayla.
    *   So Anna $\rightarrow$ ... $\rightarrow$ Kayla.
    *   We have Donna $\rightarrow$ Ann (Anna).
    *   So Donna $\rightarrow$ Anna $\rightarrow$ ... $\rightarrow$ Kayla.
    *   ""Kayla is Gerald's ancestor"" (Kayla $\rightarrow$ Gerald).
    *   ""Gerald is Kevin's descendant"" (Kevin $\rightarrow$ Gerald).
    *   This means Kayla $\rightarrow$ Gerald and Kevin $\rightarrow$ Gerald.
    *   So Kayla and Kevin share Gerald as a common descendant.
    *   We have Donna $\rightarrow$ Kayla.
    *   We have Adam $\rightarrow$ ... $\rightarrow$ Cynthia $\rightarrow$ Ann $\rightarrow$ Donna. (Assuming Donna is descendant of Cynthia).
    *   If Donna is descendant of Cynthia, then Adam $\rightarrow$ Cynthia $\rightarrow$ Donna $\rightarrow$ Kayla $\rightarrow$ Gerald.
    *   So Adam is an ancestor of Gerald.
    *   We have Jeremy $\rightarrow$ ... $\rightarrow$ Kevin $\rightarrow$ Gerald.
    *   So Adam and Jeremy are both ancestors of Gerald.
    *   Therefore, Adam and Jeremy share a common descendant, Gerald (or Kevin).

<ANSWER>1</ANSWER>"
64,ANCESTOR,4,"Given the following lineage relationships:
* Gloria is Isabella's descendant.
* Russell is Stephen's ancestor.
* Diana is Olivia's descendant.
* Virginia is Betty's descendant.
* Samantha is Aaron's ancestor.
* Jeffrey is Catherine's descendant.
* Olivia is Frances's descendant.
* Billy is Christine's descendant.
* Megan is Charlotte's descendant.
* Gerald is Kevin's ancestor.
* Charles is Aaron's descendant.
* Douglas is Wayne's ancestor.
* Dorothy is Kevin's descendant.
* George is Mary's ancestor.
* Anthony is Jeffrey's descendant.
* Dorothy is Austin's ancestor.
* Douglas is Diana's descendant.
* Charles is Jean's ancestor.
* Lawrence is Christine's ancestor.
* David is Betty's ancestor.
* Jonathan is Billy's descendant.
* Sean is Martha's descendant.
* Russell is Mason's descendant.
* Zachary is Patricia's descendant.
* Janice is Edward's descendant.
* Peter is Mary's descendant.
* Ryan is Brian's ancestor.
* Richard is Willie's ancestor.
* Willie is Judy's ancestor.
* Ronald is Denise's ancestor.
* Edward is Denise's descendant.
* Barbara is Kathryn's descendant.
* Helen is Kimberly's ancestor.
* Kimberly is Ralph's ancestor.
* Helen is Sara's descendant.
* George is Zachary's descendant.
* Barbara is Joe's ancestor.
* Cynthia is Megan's descendant.
* Patricia is Noah's descendant.
* Anthony is Noah's ancestor.
* David is Cynthia's descendant.
* Ruth is Roger's ancestor.
* Charlotte is Jennifer's descendant.
* Nancy is Melissa's ancestor.
* Sophia is Austin's descendant.
* Jonathan is Kathryn's ancestor.
* Paul is Ryan's ancestor.
* Gerald is Randy's descendant.
* Isabella is Janice's descendant.
* Roger is Nancy's ancestor.
* Catherine is Wayne's descendant.
* Mason is Gloria's descendant.
* Joe is Richard's ancestor.
* Sara is Sophia's descendant.
* Virginia is Ronald's ancestor.
* Frances is Natalie's descendant.
* Judy is Martha's ancestor.
* Paul is Melissa's descendant.
* Samantha is Ralph's descendant.
* Ruth is Jean's descendant.
* Lawrence is Brian's descendant.
* Jennifer is Sean's descendant.
* Stephen is Natalie's ancestor.
Determine the lineage relationship between Randy and Peter.
Select the correct answer:
1. Randy and Peter share a common ancestor.
2. Randy and Peter share a common descendant.
3. Randy is Peter's descendant.
4. Randy is Peter's ancestor.
5. None of the above is correct.
Enclose the selected answer number in the <ANSWER> tag, for example: <ANSWER>1</ANSWER>.",qwen/qwen3.5-4b,,,,"

The lineage relationships can be traced to establish the connection between Randy and Peter.

1.  **Randy's Lineage (Ancestor Path):**
    *   Gerald is Randy's descendant (Fact 48). So, Randy $\rightarrow$ Gerald.
    *   Gerald is Kevin's ancestor (Fact 10). So, Gerald $\rightarrow$ Kevin.
    *   Dorothy is Kevin's descendant (Fact 13). So, Kevin $\rightarrow$ Dorothy.
    *   Dorothy is Austin's ancestor (Fact 16). So, Dorothy $\rightarrow$ Austin.
    *   Sophia is Austin's descendant (Fact 45). So, Austin $\rightarrow$ Sophia.
    *   Sara is Sophia's descendant (Fact 54). So, Sophia $\rightarrow$ Sara.
    *   Helen is Sara's descendant (Fact 35). So, Sara $\rightarrow$ Helen.
    *   Helen is Kimberly's ancestor (Fact 33). So, Helen $\rightarrow$ Kimberly.
    *   Kimberly is Ralph's ancestor (Fact 34). So, Kimberly $\rightarrow$ Ralph.
    *   Samantha is Ralph's descendant (Fact 59). So, Ralph $\rightarrow$ Samantha.
    *   Samantha is Aaron's ancestor (Fact 5). So, Samantha $\rightarrow$ Aaron.
    *   Charles is Aaron's descendant (Fact 11). So, Aaron $\rightarrow$ Charles.
    *   Charles is Jean's ancestor (Fact 18). So, Charles $\rightarrow$ Jean.
    *   Ruth is Jean's descendant (Fact 60). So, Jean $\rightarrow$ Ruth.
    *   Ruth is Roger's ancestor (Fact 42). So, Ruth $\rightarrow$ Roger.
    *   Roger is Nancy's ancestor (Fact 50). So, Roger $\rightarrow$ Nancy.
    *   Nancy is Melissa's ancestor (Fact 44). So, Nancy $\rightarrow$ Melissa.
    *   Paul is Melissa's descendant (Fact 58). So, Melissa $\rightarrow$ Paul.
    *   Paul is Ryan's ancestor (Fact 47). So, Paul $\rightarrow$ Ryan.
    *   Ryan is Brian's ancestor (Fact 27). So, Ryan $\rightarrow$ Brian.
    *   Lawrence is Brian's descendant (Fact 61). So, Brian $\rightarrow$ Lawrence.
    *   Lawrence is Christine's ancestor (Fact 19). So, Lawrence $\rightarrow$ Christine.
    *   Billy is Christine's descendant (Fact 8). So, Christine $\rightarrow$ Billy.
    *   Jonathan is Billy's descendant (Fact 21). So, Billy $\rightarrow$ Jonathan.
    *   Jonathan is Kathryn's ancestor (Fact 46). So, Jonathan $\rightarrow$ Kathryn.
    *   Barbara is Kathryn's descendant (Fact 32). So, Kathryn $\rightarrow$ Barbara.
    *   Barbara is Joe's ancestor (Fact 37). So, Barbara $\rightarrow$ Joe.
    *   Joe is Richard's ancestor (Fact 53). So, Joe $\rightarrow$ Richard.
    *   Richard is Willie's ancestor (Fact 28). So, Richard $\rightarrow$ Willie.
    *   Willie is Judy's ancestor (Fact 29). So, Willie $\rightarrow$ Judy.
    *   Judy is Martha's ancestor (Fact 57). So, Judy $\rightarrow$ Martha.
    *   Sean is Martha's descendant (Fact 22). So, Martha $\rightarrow$ Sean.
    *   Jennifer is Sean's descendant (Fact 62). So, Sean $\rightarrow$ Jennifer.
    *   Charlotte is Jennifer's descendant (Fact 43). So, Jennifer $\rightarrow$ Charlotte.
    *   Megan is Charlotte's descendant (Fact 9). So, Charlotte $\rightarrow$ Megan.
    *   Cynthia is Megan's descendant (Fact 38). So, Megan $\rightarrow$ Cynthia.
    *   David is Cynthia's descendant (Fact 41). So, Cynthia $\rightarrow$ David.

2.  **Connecting to Peter:**
    *   David is Betty's ancestor (Fact 20). So, David $\rightarrow$ Betty.
    *   Virginia is Betty's descendant (Fact 4). So, Betty $\rightarrow$ Virginia.
    *   Virginia is Ronald's ancestor (Fact 55). So, Virginia $\rightarrow$ Ronald.
    *   Ronald is Denise's ancestor (Fact 30). So, Ronald $\rightarrow$ Denise.
    *   Edward is Denise's descendant (Fact 31). So, Denise $\rightarrow$ Edward.
    *   Janice is Edward's descendant (Fact 25). So, Edward $\rightarrow$ Janice.
    *   Isabella is Janice's descendant (Fact 49). So, Janice $\rightarrow$ Isabella.
    *   Gloria is Isabella's descendant (Fact 1). So, Isabella $\rightarrow$ Gloria.
    *   Mason is Gloria's descendant (Fact 52). So, Gloria $\rightarrow$ Mason.
    *   Russell is Mason's descendant (Fact 23). So, Mason $\rightarrow$ Russell.
    *   Russell is Stephen's ancestor (Fact 2). So, Russell $\rightarrow$ Stephen.
    *   Stephen is Natalie's ancestor (Fact 63). So, Stephen $\rightarrow$ Natalie.
    *   Frances is Natalie's descendant (Fact 56). So, Natalie $\rightarrow$ Frances.
    *   Olivia is Frances's descendant (Fact 7). So, Frances $\rightarrow$ Olivia.
    *   Diana is Olivia's descendant (Fact 3). So, Olivia $\rightarrow$ Diana.
    *   Douglas is Diana's descendant (Fact 17). So, Diana $\rightarrow$ Douglas.
    *   Douglas is Wayne's ancestor (Fact 12). So, Douglas $\rightarrow$ Wayne.
    *   Catherine is Wayne's descendant (Fact 51). So, Wayne $\rightarrow$ Catherine.
    *   Jeffrey is Catherine's descendant (Fact 6). So, Catherine $\rightarrow$ Jeffrey.
    *   Anthony is Jeffrey's descendant (Fact 15). So, Jeffrey $\rightarrow$ Anthony.
    *   Anthony is Noah's ancestor (Fact 40). So, Anthony $\rightarrow$ Noah.
    *   Patricia is Noah's descendant (Fact 39). So, Noah $\rightarrow$ Patricia.
    *   Zachary is Patricia's descendant (Fact 24). So, Patricia $\rightarrow$ Zachary.
    *   George is Zachary's descendant (Fact 36). So, Zachary $\rightarrow$ George.
    *   George is Mary's ancestor (Fact 14). So, George $\rightarrow$ Mary.
    *   Peter is Mary's descendant (Fact 26). So, Mary $\rightarrow$ Peter.

**Conclusion:**
The chain of relationships is: Randy $\rightarrow$ ... $\rightarrow$ David $\rightarrow$ ... $\rightarrow$ Mary $\rightarrow$ Peter.
Therefore, Randy is Peter's ancestor.

<ANSWER>4</ANSWER>"
64,DESCENDANT,2,"Given the following lineage relationships:
* Brittany is Amber's ancestor.
* Emily is Kenneth's descendant.
* Janet is Joe's descendant.
* Virginia is Larry's descendant.
* Deborah is Natalie's descendant.
* Matthew is Mason's ancestor.
* Alexander is Philip's descendant.
* Joyce is Matthew's ancestor.
* Betty is Jennifer's ancestor.
* Joyce is Anna's descendant.
* Alan is Kelly's descendant.
* Patrick is Eric's ancestor.
* Hannah is Terry's descendant.
* Michelle is Bruce's ancestor.
* Samuel is Albert's ancestor.
* Jean is Brenda's ancestor.
* Kelly is Teresa's descendant.
* Laura is Kathryn's descendant.
* Alexander is Margaret's ancestor.
* William is Nancy's descendant.
* Eric is Cheryl's ancestor.
* William is Scott's ancestor.
* Teresa is Gary's descendant.
* Albert is Kathryn's ancestor.
* Bobby is Scott's descendant.
* Douglas is Brenda's descendant.
* Nathan is Ryan's descendant.
* Margaret is Joe's ancestor.
* Stephanie is Larry's ancestor.
* Melissa is Michelle's ancestor.
* Jennifer is Philip's ancestor.
* Natalie is Nicole's descendant.
* Linda is David's ancestor.
* Nancy is David's descendant.
* Janet is Melissa's ancestor.
* Judy is Kenneth's ancestor.
* Patrick is Emily's descendant.
* Anna is Laura's descendant.
* Judy is Amy's descendant.
* Karen is Cheryl's descendant.
* Anthony is Vincent's ancestor.
* Kayla is Dylan's descendant.
* Virginia is Sandra's ancestor.
* Samuel is Bruce's descendant.
* Jeremy is Julie's descendant.
* Sandra is Eugene's ancestor.
* Ryan is Jeremy's descendant.
* Daniel is Nathan's descendant.
* Eugene is Betty's ancestor.
* Stephanie is Carl's descendant.
* Gary is Deborah's descendant.
* Dylan is Juan's descendant.
* Julie is Amber's descendant.
* Amy is Daniel's descendant.
* Kayla is Linda's ancestor.
* Karen is Ashley's ancestor.
* Anthony is Elizabeth's descendant.
* Terry is Vincent's descendant.
* Douglas is Brittany's ancestor.
* Alan is Elizabeth's ancestor.
* Hannah is Juan's ancestor.
* Ashley is Nicole's ancestor.
* Jean is Mason's descendant.
Determine the lineage relationship between Bobby and Carl.
Select the correct answer:
1. Bobby and Carl share a common ancestor.
2. Bobby is Carl's descendant.
3. Bobby is Carl's ancestor.
4. Bobby and Carl share a common descendant.
5. None of the above is correct.
Enclose the selected answer number in the <ANSWER> tag, for example: <ANSWER>1</ANSWER>.",qwen/qwen3.5-4b,,,,
64,COMMON_ANCESTOR,2,"Given the following lineage relationships:
* Gloria is Jean's ancestor.
* Betty is Carolyn's descendant.
* Bradley is Gloria's ancestor.
* Judith is Samantha's ancestor.
* Hannah is Deborah's descendant.
* Jennifer is Bradley's ancestor.
* Helen is Jack's descendant.
* Beverly is Helen's descendant.
* Anna is Eugene's descendant.
* Randy is Gary's ancestor.
* Ann is Emily's descendant.
* Ann is Alice's ancestor.
* Jordan is Scott's descendant.
* Gabriel is Diane's descendant.
* Stephanie is Debra's descendant.
* Betty is Christopher's ancestor.
* Jennifer is Jason's descendant.
* Aaron is Diane's ancestor.
* Christopher is Walter's ancestor.
* Megan is Carolyn's ancestor.
* Beverly is Joyce's ancestor.
* Emma is William's descendant.
* Sarah is Evelyn's descendant.
* Joan is Joyce's descendant.
* Noah is Samantha's descendant.
* Rachel is Edward's descendant.
* Julia is Jose's ancestor.
* Noah is Steven's ancestor.
* Nicholas is Jerry's descendant.
* Janice is Sarah's descendant.
* Elijah is Benjamin's ancestor.
* Evelyn is Rachel's descendant.
* Judith is Jose's descendant.
* Anna is Dorothy's ancestor.
* Lawrence is Hannah's descendant.
* Dorothy is Jerry's ancestor.
* Elijah is Emma's descendant.
* Aaron is Benjamin's descendant.
* Charlotte is Jeremy's ancestor.
* Steven is Jason's ancestor.
* Eugene is Katherine's descendant.
* Karen is William's ancestor.
* Christina is Katherine's ancestor.
* Marie is Christina's ancestor.
* Randy is Patricia's descendant.
* Alice is Debra's ancestor.
* Jordan is Jack's ancestor.
* Julia is Deborah's descendant.
* Doris is Edward's ancestor.
* Willie is Kyle's descendant.
* Sandra is Charlotte's ancestor.
* Karen is Jean's descendant.
* Kevin is Scott's ancestor.
* Jeremy is Marie's ancestor.
* Gabriel is Austin's ancestor.
* Patricia is Janice's descendant.
* Megan is Stephanie's descendant.
* Abigail is Lawrence's descendant.
* Willie is Sandra's ancestor.
* Kyle is Walter's descendant.
* Austin is Doris's ancestor.
* Emily is Abigail's descendant.
* Kevin is Nicholas's descendant.
Determine the lineage relationship between Gary and Joan.
Select the correct answer:
1. Gary is Joan's ancestor.
2. Gary and Joan share a common ancestor.
3. Gary is Joan's descendant.
4. Gary and Joan share a common descendant.
5. None of the above is correct.
Enclose the selected answer number in the <ANSWER> tag, for example: <ANSWER>1</ANSWER>.",qwen/qwen3.5-4b,,,,"

The provided list of relationships establishes lineage connections between various individuals. To determine the relationship between Gary and Joan, we must trace their respective lineage chains to see if they intersect.

**Gary's lineage chain (derived from text):**
1.  From Fact 10: ""Randy is Gary's ancestor."" -> **Gary is Randy's descendant.**
2.  From Fact 45: ""Randy is Patricia's descendant."" -> **Patricia is Randy's ancestor.**
    *   Current chain: **Patricia -> Randy -> Gary**.
3.  From Fact 56: ""Patricia is Janice's descendant."" -> **Janice is Patricia's ancestor.**
    *   Current chain: **Janice -> Patricia -> Randy -> Gary**.
4.  From Fact 30: ""Janice is Sarah's descendant."" -> **Sarah is Janice's ancestor.**
    *   Current chain: **Sarah -> Janice -> Patricia -> Randy -> Gary**.
5.  From Fact 23: ""Sarah is Evelyn's descendant."" -> **Evelyn is Sarah's ancestor.**
    *   Current chain: **Evelyn -> Sarah -> Janice -> Patricia -> Randy -> Gary**.
6.  From Fact 32: ""Evelyn is Rachel's descendant."" -> **Rachel is Evelyn's ancestor.**
    *   Current chain: **Rachel -> Evelyn -> Sarah -> Janice -> Patricia -> Randy -> Gary**.
7.  From Fact 26: ""Rachel is Edward's descendant."" -> **Edward is Rachel's ancestor.**
    *   Current chain: **Edward -> Rachel -> Evelyn -> Sarah -> Janice -> Patricia -> Randy -> Gary**.
8.  From Fact 49: ""Doris is Edward's ancestor."" -> **Doris is Edward's ancestor.**
    *   Current chain: **Doris -> Edward -> Rachel -> Evelyn -> Sarah -> Janice -> Patricia -> Randy -> Gary**.
9.  From Fact 61: ""Austin is Doris's ancestor."" -> **Austin is Doris's ancestor.**
    *   Current chain: **Austin -> Doris -> Edward -> Rachel -> Evelyn -> Sarah -> Janice -> Patricia -> Randy -> Gary**.

**Joan's lineage chain (derived from text):**
1.  From Fact 24: ""Joan is Joyce's descendant."" -> **Joyce is Joan's ancestor.**
2.  From Fact 21: ""Beverly is Joyce's ancestor."" -> **Beverly is Joyce's ancestor.**
    *   Current chain: **Beverly -> Joyce -> Joan**.
3.  From Fact 8: ""Beverly is Helen's descendant."" -> **Helen is Beverly's ancestor.**
    *   Current chain: **Helen -> Beverly -> Joyce -> Joan**.
4.  From Fact 7: ""Helen is Jack's descendant."" -> **Jack is Helen's ancestor.**
    *   Current chain: **Jack -> Helen -> Beverly -> Joyce -> Joan**.
5.  From Fact 47: ""Jordan is Jack's ancestor."" -> **Jordan is Jack's ancestor.**
    *   Current chain: **Jordan -> Jack -> Helen -> Beverly -> Joyce -> Joan**.
6.  From Fact 13: ""Jordan is Scott's descendant."" -> **Scott is Jordan's ancestor.**
    *   Current chain: **Scott -> Jordan -> Jack -> Helen -> Beverly -> Joyce -> Joan**.
7.  From Fact 53: ""Kevin is Scott's ancestor."" -> **Kevin is Scott's ancestor.**
    *   Current chain: **Kevin -> Scott -> Jordan -> Jack -> Helen -> Beverly -> Joyce -> Joan**.
8.  From Fact 29: ""Nicholas is Jerry's descendant."" (Not directly linked to Kevin in a single step here, but Kevin -> Scott -> Jordan -> Jack).
    *   Wait, let's trace from Kevin backwards to the start of the connected component if possible.
    *   Fact 63: ""Kevin is Nicholas's descendant."" -> **Kevin is Nicholas's descendant**.
    *   Fact 29: ""Nicholas is Jerry's descendant."" -> **Jerry is Nicholas's ancestor**.
    *   Fact 36: ""Dorothy is Jerry's ancestor."" -> **Jerry is Dorothy's descendant**.
    *   Fact 34: ""Anna is Dorothy's ancestor."" -> **Anna is Dorothy's ancestor**.
    *   Fact 9: ""Anna is Eugene's descendant."" -> **Eugene is Anna's ancestor**.
    *   Fact 41: ""Eugene is Katherine's descendant."" -> **Katherine is Eugene's ancestor**.
    *   Fact 43: ""Christina is Katherine's ancestor."" -> **Christina is Katherine's ancestor**.
    *   Fact 44: ""Marie is Christina's ancestor."" -> **Marie is Christina's ancestor**.
    *   Fact 54: ""Jeremy is Marie's ancestor."" -> **Jeremy is Marie's ancestor**.
    *   Fact 39: ""Charlotte is Jeremy's ancestor."" -> **Charlotte is Jeremy's ancestor**.
    *   Fact 51: ""Sandra is Charlotte's ancestor."" -> **Sandra is Charlotte's ancestor**.
    *   Fact 59: ""Willie is Sandra's ancestor."" -> **Willie is Sandra's ancestor**.
    *   (Note: This establishes a long chain ending in Joan: Willie -> Sandra -> Charlotte -> Jeremy -> Marie -> Christina -> Katherine -> Eugene -> Anna -> Dorothy -> Jerry -> Nicholas -> Kevin -> Scott -> Jordan -> Jack -> Helen -> Beverly -> Joyce -> Joan).

**Comparison:**
-   **Gary's ancestors:** Austin, Doris, Edward, Rachel, Evelyn, Sarah, Janice, Patricia, Randy.
-   **Joan's ancestors:** Willie, Sandra, Charlotte, Jeremy, Marie, Christina, Katherine, Eugene, Anna, Dorothy, Jerry, Nicholas, Kevin, Scott, Jordan, Jack, Helen, Beverly, Joyce.

There is no overlap between the set of ancestors in Gary's chain and the set of ancestors in Joan's chain. No name appears in both chains. The relationships provided do not link the two lineages (e.g., no fact states Austin is in Joan's chain or vice versa).

Since there is no established lineage connection between Gary and Joan, and they do not appear to share a common ancestor based on the explicit text provided, we cannot determine if one is an ancestor/descendant of the other, nor that they share a common ancestor. Thus, ""None of the above is correct"" is the appropriate choice.

<ANSWER>5</ANSWER>"
64,COMMON_DESCENDANT,4,"Given the following lineage relationships:
* Rebecca is Joan's descendant.
* Kelly is Dylan's descendant.
* Richard is Matthew's ancestor.
* Donald is Grace's ancestor.
* James is Heather's ancestor.
* Cynthia is Linda's ancestor.
* Benjamin is Brenda's ancestor.
* Jesse is Gabriel's descendant.
* Rebecca is Joshua's ancestor.
* Amanda is Robert's descendant.
* Linda is Justin's ancestor.
* Jesse is Nancy's ancestor.
* Frank is Carolyn's ancestor.
* Virginia is Janice's ancestor.
* Evelyn is Angela's descendant.
* James is Joshua's descendant.
* Ryan is Cheryl's descendant.
* Alan is Michelle's ancestor.
* Barbara is Amanda's descendant.
* Michelle is Donald's ancestor.
* Lori is Harold's ancestor.
* Joan is Marilyn's descendant.
* Noah is Cheryl's ancestor.
* Dylan is Evelyn's descendant.
* Shirley is Dorothy's descendant.
* Doris is Grace's descendant.
* Mark is Emily's descendant.
* Emily is Barbara's descendant.
* Anna is Ashley's descendant.
* Carol is Jack's descendant.
* Robert is David's descendant.
* Carolyn is Richard's ancestor.
* Alexis is Doris's descendant.
* Heather is Lawrence's ancestor.
* Kathryn is Cynthia's ancestor.
* Laura is Jack's ancestor.
* Denise is Noah's ancestor.
* Frances is Shirley's descendant.
* Carol is Eugene's ancestor.
* Timothy is Jordan's descendant.
* Harold is Jordan's ancestor.
* David is Jeremy's descendant.
* Kathryn is Christina's descendant.
* Alan is Nancy's descendant.
* Kenneth is Anna's descendant.
* Dennis is Timothy's descendant.
* Virginia is Ryan's descendant.
* Jeremy is Kenneth's descendant.
* Lori is Mark's descendant.
* Arthur is Brenda's descendant.
* Christina is Kelly's descendant.
* Benjamin is Dennis's descendant.
* Gabriel is Matthew's descendant.
* Danielle is Alexis's descendant.
* Eugene is Frank's ancestor.
* Denise is Danielle's descendant.
* Steven is Justin's descendant.
* Steven is Charlotte's ancestor.
* Arthur is Angela's ancestor.
* Laura is Lawrence's descendant.
* Frances is Amy's ancestor.
* Ashley is Janice's descendant.
* Amy is Charlotte's descendant.
Determine the lineage relationship between Marilyn and Dorothy.
Select the correct answer:
1. Marilyn is Dorothy's descendant.
2. Marilyn is Dorothy's ancestor.
3. Marilyn and Dorothy share a common ancestor.
4. Marilyn and Dorothy share a common descendant.
5. None of the above is correct.
Enclose the selected answer number in the <ANSWER> tag, for example: <ANSWER>1</ANSWER>.",qwen/qwen3.5-4b,,,,"

The lineage relationships can be traced as follows:

1.  **Determine the descendants of Dorothy:**
    *   Fact: ""Shirley is Dorothy's descendant."" (Dorothy $\rightarrow$ Shirley)
    *   Fact: ""Frances is Shirley's descendant."" (Shirley $\rightarrow$ Frances)
    *   Fact: ""Alexis is Doris's descendant"" (Doris $\rightarrow$ Alexis) - Not directly relevant.
    *   Fact: ""Frances is Amy's ancestor."" (Amy $\rightarrow$ Frances) - Wait, ""Frances is Amy's ancestor"" means Frances is older. Amy is a descendant of Frances. Amy $\rightarrow$ Frances? No. ""A is B's ancestor"" means B is a descendant of A. So Frances $\rightarrow$ Amy.
    *   Correction: ""Frances is Amy's ancestor"" $\rightarrow$ Frances $\rightarrow$ Amy.
    *   So the chain is: Dorothy $\rightarrow$ Shirley $\rightarrow$ Frances $\rightarrow$ Amy.
    *   Wait, checking the facts again. ""Shirley is Dorothy's descendant."" (Dorothy $\rightarrow$ Shirley). ""Frances is Shirley's descendant."" (Shirley $\rightarrow$ Frances). ""Frances is Amy's ancestor."" (Frances $\rightarrow$ Amy). ""Amy is Charlotte's descendant."" (Charlotte $\rightarrow$ Amy). This implies Charlotte $\rightarrow$ Amy and Frances $\rightarrow$ Amy. Amy is a descendant of both.
    *   Actually, let's trace from Amy to Kathryn.
    *   Fact: ""Amy is Charlotte's descendant."" (Charlotte $\rightarrow$ Amy).
    *   Fact: ""Charlotte"" connects to Kathryn?
    *   Fact: ""Steven is Justin's descendant."" (Justin $\rightarrow$ Steven). ""Steven is Charlotte's ancestor."" (Charlotte $\rightarrow$ Steven). So Justin $\rightarrow$ Steven $\rightarrow$ Charlotte.
    *   Fact: ""Justin"" connects to Linda. ""Linda is Justin's ancestor."" (Justin $\rightarrow$ Linda? No. Linda $\rightarrow$ Justin).
    *   Fact: ""Kathryn is Cynthia's ancestor."" (Cynthia $\rightarrow$ Kathryn).
    *   Fact: ""Cynthia is Linda's ancestor."" (Linda $\rightarrow$ Cynthia).
    *   So: Kathryn $\rightarrow$ Cynthia $\rightarrow$ Linda $\rightarrow$ Justin $\rightarrow$ Steven $\rightarrow$ Charlotte $\rightarrow$ Amy.
    *   This means Kathryn is an ancestor of Amy. Amy is a descendant of Dorothy. So Kathryn $\rightarrow$ ... $\rightarrow$ Amy $\rightarrow$ ... No. Dorothy $\rightarrow$ Shirley $\rightarrow$ Frances $\rightarrow$ Amy. Amy is a descendant of Dorothy.
    *   Now let's check Kathryn's other connections. ""Christina is Kelly's descendant."" (Kelly $\rightarrow$ Christina). ""Kathryn is Christina's descendant."" (Christina $\rightarrow$ Kathryn).
    *   ""Dylan is Evelyn's descendant."" (Evelyn $\rightarrow$ Dylan). ""Kelly is Dylan's descendant."" (Dylan $\rightarrow$ Kelly). So Evelyn $\rightarrow$ Dylan $\rightarrow$ Kelly $\rightarrow$ Christina.
    *   ""Kathryn is Christina's descendant."" (Christina $\rightarrow$ Kathryn).
    *   Combining these: Evelyn $\rightarrow$ Dylan $\rightarrow$ Kelly $\rightarrow$ Christina $\rightarrow$ Kathryn.
    *   So Evelyn is an ancestor of Kathryn.
    *   Also, Dorothy $\rightarrow$ Shirley $\rightarrow$ Frances $\rightarrow$ Amy $\rightarrow$ Charlotte $\rightarrow$ Steven $\rightarrow$ Justin $\rightarrow$ Linda $\rightarrow$ Kathryn? No, ""Linda is Justin's ancestor"". Linda $\rightarrow$ Justin. ""Kathryn is Cynthia's ancestor"". Kathryn $\rightarrow$ Cynthia $\rightarrow$ Linda $\rightarrow$ Justin.
    *   Wait. Evelyn $\rightarrow$ ... $\rightarrow$ Kathryn.
    *   Dorothy $\rightarrow$ ... $\rightarrow$ Amy $\rightarrow$ Charlotte $\rightarrow$ Steven $\rightarrow$ Justin $\rightarrow$ Linda $\rightarrow$ Kathryn?
    *   Let's check ""Justin"" connection. Justin $\rightarrow$ Steven. Steven $\rightarrow$ Charlotte. Charlotte $\rightarrow$ Amy. Amy $\leftarrow$ Frances $\leftarrow$ Shirley $\leftarrow$ Dorothy.
    *   Wait. Amy $\rightarrow$ Charlotte. Charlotte $\rightarrow$ Steven. Steven $\rightarrow$ Justin. Justin $\rightarrow$ Linda? No. Linda $\rightarrow$ Justin.
    *   Wait. ""Linda is Justin's ancestor."" Linda $\rightarrow$ Justin.
    *   ""Justin"" is connected to ""Steven"" (""Steven is Justin's descendant""). Justin $\rightarrow$ Steven.
    *   So Linda $\rightarrow$ Justin $\rightarrow$ Steven $\rightarrow$ Charlotte.
    *   Is Charlotte $\rightarrow$ Amy? ""Amy is Charlotte's descendant"". Charlotte $\rightarrow$ Amy.
    *   So Linda $\rightarrow$ Justin $\rightarrow$ Steven $\rightarrow$ Charlotte $\rightarrow$ Amy.
    *   And Dorothy $\rightarrow$ Shirley $\rightarrow$ Frances $\rightarrow$ Amy.
    *   So Dorothy $\rightarrow$ Shirley $\rightarrow$ Frances $\rightarrow$ Amy. Charlotte $\rightarrow$ Amy.
    *   So Amy is a descendant of both Dorothy and Charlotte.
    *   Now, is Kathryn connected to Amy?
    *   Charlotte $\rightarrow$ Steven $\rightarrow$ Justin $\rightarrow$ Linda $\rightarrow$ Kathryn? No. Linda $\rightarrow$ Kathryn? ""Linda is Justin's ancestor"". ""Kathryn is Cynthia's ancestor"". ""Cynthia is Linda's ancestor"". Kathryn $\rightarrow$ Cynthia $\rightarrow$ Linda $\rightarrow$ Justin.
    *   So Kathryn is an ancestor of Amy.
    *   So Dorothy $\rightarrow$ ... $\rightarrow$ Amy $\rightarrow$ Charlotte? No. Charlotte $\rightarrow$ Amy.
    *   So Dorothy $\rightarrow$ ... $\rightarrow$ Amy. Charlotte $\rightarrow$ Amy.
    *   So Dorothy and Charlotte are ancestors of Amy.
    *   But Kathryn is an ancestor of Amy.
    *   Evelyn $\rightarrow$ ... $\rightarrow$ Kathryn.
    *   Marilyn $\rightarrow$ ... $\rightarrow$ Evelyn.
    *   So Marilyn $\rightarrow$ ... $\rightarrow$ Evelyn $\rightarrow$ ... $\rightarrow$ Kathryn.
    *   So Kathryn is a descendant of Marilyn.
    *   And Kathryn is a descendant of Dorothy?
    *   Kathryn $\rightarrow$ ... $\rightarrow$ Amy? No. Kathryn is an ancestor of Amy.
    *   Wait. Kathryn $\rightarrow$ Cynthia $\rightarrow$ Linda $\rightarrow$ Justin $\rightarrow$ Steven $\rightarrow$ Charlotte $\rightarrow$ Amy.
    *   So Kathryn is an ancestor of Amy.
    *   Amy is a descendant of Dorothy.
    *   So Kathryn is an ancestor of a descendant of Dorothy?
    *   If Kathryn $\rightarrow$ ... $\rightarrow$ Amy $\leftarrow$ Dorothy $\rightarrow$ ... $\rightarrow$ Amy.
    *   If Kathryn $\rightarrow$ ... $\rightarrow$ Amy, and Dorothy $\rightarrow$ ... $\rightarrow$ Amy.
    *   So Kathryn and Dorothy are both ancestors of Amy.
    *   Wait. Kathryn $\rightarrow$ ... $\rightarrow$ Amy. Dorothy $\rightarrow$ ... $\rightarrow$ Amy.
    *   So Kathryn and Dorothy share a common descendant (Amy).
    *   Is Kathryn a descendant of Dorothy?
    *   If Kathryn $\rightarrow$ ... $\rightarrow$ Amy $\leftarrow$ Dorothy.
    *   It does not imply Dorothy $\rightarrow$ ... $\rightarrow$ Kathryn.
    *   However, we established Evelyn $\rightarrow$ ... $\rightarrow$ Kathryn.
    *   Marilyn $\rightarrow$ ... $\rightarrow$ Evelyn.
    *   So Marilyn $\rightarrow$ ... $\rightarrow$ Kathryn.
    *   So Kathryn is a common descendant of Marilyn and Dorothy (assuming Dorothy $\rightarrow$ ... $\rightarrow$ Kathryn).
    *   Let's check if Dorothy $\rightarrow$ ... $\rightarrow$ Kathryn.
    *   Dorothy $\rightarrow$ Shirley $\rightarrow$ Frances $\rightarrow$ Amy.
    *   Kathryn $\rightarrow$ ... $\rightarrow$ Amy.
    *   If Kathryn $\rightarrow$ ... $\rightarrow$ Amy and Dorothy $\rightarrow$ ... $\rightarrow$ Amy.
    *   This implies Kathryn and Dorothy are both ancestors of Amy.
    *   But wait. ""Kathryn is Cynthia's ancestor"". ""Kathryn is Christina's descendant"". ""Christina is Kelly's descendant"".
    *   Evelyn $\rightarrow$ Dylan $\rightarrow$ Kelly $\rightarrow$ Christina $\rightarrow$ Kathryn.
    *   So Kathryn is a descendant of Evelyn.
    *   Marilyn $\rightarrow$ Evelyn.
    *   So Marilyn $\rightarrow$ ... $\rightarrow$ Kathryn.
    *   Now is Kathryn a descendant of Dorothy?
    *   Dorothy $\rightarrow$ ... $\rightarrow$ Shirley $\rightarrow$ Frances $\rightarrow$ Amy.
    *   Is Amy a descendant of Kathryn? ""Kathryn is Cynthia's ancestor"". ""Cynthia is Linda's ancestor"". ""Linda is Justin's ancestor"". ""Justin is Steven's descendant"". ""Steven is Charlotte's ancestor"". ""Charlotte is Amy's ancestor"" (Amy $\rightarrow$ Charlotte? No. Charlotte $\rightarrow$ Amy).
    *   So Kathryn $\rightarrow$ ... $\rightarrow$ Charlotte $\rightarrow$ Amy.
    *   So Kathryn is an ancestor of Amy.
    *   Dorothy is an ancestor of Amy.
    *   So both Kathryn and Dorothy are ancestors of Amy.
    *   This doesn't mean they share a common descendant.
    *   Wait. ""Christina is Kelly's descendant"". Kelly $\rightarrow$ Christina.
    *   ""Kathryn is Christina's descendant"". Christina $\rightarrow$ Kathryn.
    *   ""Evelyn is Angela's descendant"". Angela $\rightarrow$ Evelyn.
    *   ""Evelyn"" is a descendant of Marilyn.
    *   So Marilyn $\rightarrow$ Evelyn.
    *   ""Kathryn is Christina's descendant"". Christina $\rightarrow$ Kathryn.
    *   ""Christina"" is a descendant of Evelyn. Evelyn $\rightarrow$ Dylan $\rightarrow$ Kelly $\rightarrow$ Christina.
    *   So Evelyn $\rightarrow$ Dylan $\rightarrow$ Kelly $\rightarrow$ Christina $\rightarrow$ Kathryn.
    *   So Kathryn is a descendant of Evelyn.
    *   So Kathryn is a descendant of Marilyn.
    *   Now, is Kathryn a descendant of Dorothy?
    *   Dorothy $\rightarrow$ Shirley $\rightarrow$ Frances $\rightarrow$ Amy.
    *   Is Kathryn a descendant of Amy?
    *   Kathryn $\rightarrow$ ... $\rightarrow$ Charlotte $\rightarrow$ Amy.
    *   So Kathryn is an ancestor of Amy.
    *   Dorothy is an ancestor of Amy.
    *   So both Kathryn and Dorothy are ancestors of Amy.
    *   Wait. Kathryn is a descendant of Evelyn (Marilyn's descendant).
    *   Dorothy is an ancestor of Amy.
    *   Does Kathryn connect to Dorothy?
    *   We need to know if Kathryn is a descendant of Dorothy.
    *   If Kathryn is a descendant of Dorothy, then Marilyn and Dorothy share a common descendant (Kathryn).
    *   Is Kathryn a descendant of Dorothy?
    *   Dorothy $\rightarrow$ Shirley $\rightarrow$ Frances $\rightarrow$ Amy.
    *   Amy $\rightarrow$ ... $\rightarrow$ Kathryn?
    *   ""Amy is Charlotte's descendant"". Charlotte $\rightarrow$ Amy.
    *   ""Charlotte is Steven's descendant"". Steven $\rightarrow$ Charlotte? No. Steven $\rightarrow$ Charlotte.
    *   ""Steven is Justin's descendant"". Justin $\rightarrow$ Steven.
    *   ""Justin is Linda's descendant"". Linda $\rightarrow$ Justin? No. Linda $\rightarrow$ Justin.
    *   ""Kathryn is Linda's descendant""? No. ""Linda is Justin's ancestor"". ""Kathryn is Cynthia's ancestor"". ""Cynthia is Linda's ancestor"". Kathryn $\rightarrow$ Cynthia $\rightarrow$ Linda $\rightarrow$ Justin.
    *   So Kathryn is an ancestor of Justin.
    *   Justin $\rightarrow$ Steven $\rightarrow$ Charlotte $\rightarrow$ Amy.
    *   So Kathryn $\rightarrow$ ... $\rightarrow$ Justin $\rightarrow$ Steven $\rightarrow$ Charlotte $\rightarrow$ Amy.
    *   So Kathryn is an ancestor of Amy.
    *   So Amy has two ancestors: Dorothy and Kathryn.
    *   But wait. ""Kathryn is Christina's descendant"". Christina $\rightarrow$ Kathryn.
    *   ""Christina"" is a descendant of Evelyn. Evelyn $\rightarrow$ Dylan $\rightarrow$ Kelly $\rightarrow$ Christina.
    *   So Evelyn $\rightarrow$ ... $\rightarrow$ Christina $\rightarrow$ Kathryn.
    *   So Kathryn is a descendant of Evelyn (Marilyn).
    *   Now, does Kathryn connect to Dorothy?
    *   Dorothy $\rightarrow$ Shirley $\rightarrow$ Frances $\rightarrow$ Amy.
    *   Kathryn $\rightarrow$ ... $\rightarrow$ Amy.
    *   This means Kathryn and Dorothy are both ancestors of Amy.
    *   But if Kathryn is a descendant of Evelyn (Marilyn), and Evelyn is a descendant of Marilyn.
    *   So Marilyn $\rightarrow$ Evelyn $\rightarrow$ ... $\rightarrow$ Kathryn.
    *   So Kathryn is a descendant of Marilyn.
    *   And Kathryn is an ancestor of Amy.
    *   And Amy is a descendant of Dorothy.
    *   So Dorothy $\rightarrow$ Amy.
    *   Is Kathryn a descendant of Dorothy? No. Kathryn is an ancestor of Amy, Dorothy is an ancestor of Amy.
    *   Wait. I need to find the relationship between Marilyn and Dorothy.
    *   We know Marilyn $\rightarrow$ ... $\rightarrow$ Evelyn $\rightarrow$ ... $\rightarrow$ Kathryn.
    *   So Kathryn is a descendant of Marilyn.
    *   We know Dorothy $\rightarrow$ Shirley $\rightarrow$ Frances $\rightarrow$ Amy.
    *   We know Kathryn $\rightarrow$ ... $\rightarrow$ Amy.
    *   So Kathryn is an ancestor of Amy.
    *   So Marilyn $\rightarrow$ Kathryn $\rightarrow$ Amy $\leftarrow$ Dorothy.
    *   This means Kathryn is a common ancestor of Marilyn's line and Dorothy's line?
    *   Marilyn $\rightarrow$ Kathryn. Dorothy $\rightarrow$ Amy $\leftarrow$ Kathryn.
    *   This implies Kathryn is an ancestor of Amy (Dorothy's descendant).
    *   So Amy has ancestors Dorothy and Kathryn.
    *   So Kathryn is an ancestor of Amy. Dorothy is an ancestor of Amy.
    *   But we established Kathryn is a descendant of Marilyn.
    *   So Marilyn $\rightarrow$ Kathryn $\rightarrow$ Amy.
    *   And Dorothy $\rightarrow$ Amy.
    *   So both Marilyn and Dorothy are ancestors of Amy.
    *   Wait. If Marilyn $\rightarrow$ Kathryn $\rightarrow$ Amy, and Dorothy $\rightarrow$ Amy.
    *   Are Marilyn and Dorothy ancestors of Amy?
    *   Yes.
    *   So they share a common descendant (Amy).
    *   Also Kathryn is a descendant of Marilyn.
    *   Kathryn is an ancestor of Amy.
    *   Is Kathryn a descendant of Dorothy? No.
    *   So Amy is a common descendant of Marilyn and Dorothy.
    *   Therefore, Marilyn and Dorothy share a common descendant.
    *   This matches Option 4.

<ANSWER>4</ANSWER>"
64,ANCESTOR,3,"Given the following lineage relationships:
* Madison is Aaron's ancestor.
* Nicole is Richard's descendant.
* Alice is Willie's ancestor.
* Natalie is Julie's ancestor.
* Joyce is Noah's ancestor.
* Mark is Walter's descendant.
* Kevin is Cheryl's descendant.
* Sharon is Dylan's ancestor.
* Katherine is Dylan's descendant.
* Judith is Christine's descendant.
* Nathan is Teresa's ancestor.
* Mason is Dorothy's descendant.
* Megan is Christine's ancestor.
* Angela is Russell's ancestor.
* Kevin is Charlotte's ancestor.
* Alice is Judith's descendant.
* Jack is Dennis's descendant.
* Shirley is Gerald's descendant.
* Jordan is Kathleen's descendant.
* Donna is Joyce's ancestor.
* Billy is Julie's descendant.
* Willie is Gerald's ancestor.
* Vincent is Sharon's ancestor.
* Donald is Jordan's descendant.
* Nicole is Donna's ancestor.
* Alexander is Mark's descendant.
* Roger is Ruth's descendant.
* Carol is Beverly's descendant.
* Albert is Gregory's descendant.
* Peter is Dennis's ancestor.
* Shirley is Ruth's ancestor.
* Roger is Jacqueline's ancestor.
* Frank is Roy's descendant.
* Patrick is Vincent's ancestor.
* Walter is Nicholas's descendant.
* Helen is Albert's descendant.
* Angela is Elijah's descendant.
* Lisa is Madison's ancestor.
* Natalie is Kayla's descendant.
* Richard is Billy's descendant.
* Kimberly is Gloria's ancestor.
* Jack is Dorothy's ancestor.
* Elijah is Jean's descendant.
* Roy is Donald's descendant.
* Nicholas is Gloria's descendant.
* Kimberly is Frank's descendant.
* Beverly is Henry's descendant.
* Jacqueline is Cheryl's ancestor.
* Aaron is Keith's ancestor.
* Eric is Lisa's ancestor.
* Keith is Kathleen's ancestor.
* Megan is Adam's descendant.
* Mason is Adam's ancestor.
* Patrick is Noah's descendant.
* Eric is Janice's descendant.
* Peter is Katherine's descendant.
* Nathan is Carol's descendant.
* Russell is Gregory's ancestor.
* Jose is Jean's ancestor.
* Amanda is Charlotte's descendant.
* Jose is Alexander's descendant.
* Helen is Henry's ancestor.
* Amanda is Janice's ancestor.
Determine the lineage relationship between Kayla and Teresa.
Select the correct answer:
1. Kayla and Teresa share a common descendant.
2. Kayla is Teresa's descendant.
3. Kayla is Teresa's ancestor.
4. Kayla and Teresa share a common ancestor.
5. None of the above is correct.
Enclose the selected answer number in the <ANSWER> tag, for example: <ANSWER>1</ANSWER>.",qwen/qwen3.5-4b,,,,"

The problem asks for the relationship between **Kayla** and **Teresa** based on the provided lineage statements.

**Step 1: Trace the lineage starting from Kayla.**
*   ""Natalie is Kayla's descendant"" implies **Kayla** is an ancestor of **Natalie** ($Kayla \rightarrow Natalie$).
*   ""Natalie is Julie's ancestor"" implies **Natalie** is an ancestor of **Julie** ($Natalie \rightarrow Julie$).
*   ""Billy is Julie's descendant"" implies **Julie** is an ancestor of **Billy** ($Julie \rightarrow Billy$).
*   ""Richard is Billy's descendant"" implies **Billy** is an ancestor of **Richard** ($Billy \rightarrow Richard$).
*   ""Nicole is Richard's descendant"" implies **Richard** is an ancestor of **Nicole** ($Richard \rightarrow Nicole$).
*   ""Nicole is Donna's ancestor"" implies **Nicole** is an ancestor of **Donna** ($Nicole \rightarrow Donna$).
*   ""Donna is Joyce's ancestor"" implies **Donna** is an ancestor of **Joyce** ($Donna \rightarrow Joyce$).
*   ""Joyce is Noah's ancestor"" implies **Joyce** is an ancestor of **Noah** ($Joyce \rightarrow Noah$).
*   ""Patrick is Noah's descendant"" implies **Noah** is an ancestor of **Patrick** ($Noah \rightarrow Patrick$).
*   ""Patrick is Vincent's ancestor"" implies **Patrick** is an ancestor of **Vincent** ($Patrick \rightarrow Vincent$).
*   ""Vincent is Sharon's ancestor"" implies **Vincent** is an ancestor of **Sharon** ($Vincent \rightarrow Sharon$).
*   ""Sharon is Dylan's ancestor"" implies **Sharon** is an ancestor of **Dylan** ($Sharon \rightarrow Dylan$).
*   ""Katherine is Dylan's descendant"" implies **Dylan** is an ancestor of **Katherine** ($Dylan \rightarrow Katherine$).
*   ""Peter is Katherine's descendant"" implies **Katherine** is an ancestor of **Peter** ($Katherine \rightarrow Peter$).
*   ""Peter is Dennis's ancestor"" implies **Peter** is an ancestor of **Dennis** ($Peter \rightarrow Dennis$).
*   ""Jack is Dennis's descendant"" implies **Dennis** is an ancestor of **Jack** ($Dennis \rightarrow Jack$).
*   ""Jack is Dorothy's ancestor"" implies **Jack** is an ancestor of **Dorothy** ($Jack \rightarrow Dorothy$).
*   ""Mason is Dorothy's descendant"" implies **Dorothy** is an ancestor of **Mason** ($Dorothy \rightarrow Mason$).
*   ""Mason is Adam's ancestor"" implies **Mason** is an ancestor of **Adam** ($Mason \rightarrow Adam$).
*   ""Megan is Adam's descendant"" implies **Adam** is an ancestor of **Megan** ($Adam \rightarrow Megan$).
*   ""Megan is Christine's ancestor"" implies **Megan** is an ancestor of **Christine** ($Megan \rightarrow Christine$).
*   ""Judith is Christine's descendant"" implies **Christine** is an ancestor of **Judith** ($Christine \rightarrow Judith$).
*   ""Alice is Judith's descendant"" implies **Judith** is an ancestor of **Alice** ($Judith \rightarrow Alice$).
*   ""Alice is Willie's ancestor"" implies **Alice** is an ancestor of **Willie** ($Alice \rightarrow Willie$).
*   ""Willie is Gerald's ancestor"" implies **Willie** is an ancestor of **Gerald** ($Willie \rightarrow Gerald$).
*   ""Shirley is Gerald's descendant"" implies **Gerald** is an ancestor of **Shirley** ($Gerald \rightarrow Shirley$).
*   ""Shirley is Ruth's ancestor"" implies **Shirley** is an ancestor of **Ruth** ($Shirley \rightarrow Ruth$).
*   ""Roger is Ruth's descendant"" implies **Ruth** is an ancestor of **Roger** ($Ruth \rightarrow Roger$).
*   ""Roger is Jacqueline's ancestor"" implies **Roger** is an ancestor of **Jacqueline** ($Roger \rightarrow Jacqueline$).
*   ""Jacqueline is Cheryl's ancestor"" implies **Jacqueline** is an ancestor of **Cheryl** ($Jacqueline \rightarrow Cheryl$).
*   ""Kevin is Cheryl's descendant"" implies **Cheryl** is an ancestor of **Kevin** ($Cheryl \rightarrow Kevin$).
*   ""Kevin is Charlotte's ancestor"" implies **Kevin** is an ancestor of **Charlotte** ($Kevin \rightarrow Charlotte$).
*   ""Amanda is Charlotte's descendant"" implies **Charlotte** is an ancestor of **Amanda** ($Charlotte \rightarrow Amanda$).
*   ""Amanda is Janice's ancestor"" implies **Amanda** is an ancestor of **Janice** ($Amanda \rightarrow Janice$).
*   ""Eric is Janice's descendant"" implies **Janice** is an ancestor of **Eric** ($Janice \rightarrow Eric$).
*   ""Eric is Lisa's ancestor"" implies **Eric** is an ancestor of **Lisa** ($Eric \rightarrow Lisa$).
*   ""Lisa is Madison's ancestor"" implies **Lisa** is an ancestor of **Madison** ($Lisa \rightarrow Madison$).
*   ""Madison is Aaron's ancestor"" implies **Madison** is an ancestor of **Aaron** ($Madison \rightarrow Aaron$).
*   ""Aaron is Keith's ancestor"" implies **Aaron** is an ancestor of **Keith** ($Aaron \rightarrow Keith$).
*   ""Keith is Kathleen's ancestor"" implies **Keith** is an ancestor of **Kathleen** ($Keith \rightarrow Kathleen$).
*   ""Jordan is Kathleen's descendant"" implies **Kathleen** is an ancestor of **Jordan** ($Kathleen \rightarrow Jordan$).
*   ""Donald is Jordan's descendant"" implies **Jordan** is an ancestor of **Donald** ($Jordan \rightarrow Donald$).
*   ""Roy is Donald's descendant"" implies **Donald** is an ancestor of **Roy** ($Donald \rightarrow Roy$).
*   ""Frank is Roy's descendant"" implies **Roy** is an ancestor of **Frank** ($Roy \rightarrow Frank$).
*   ""Kimberly is Frank's descendant"" implies **Frank** is an ancestor of **Kimberly** ($Frank \rightarrow Kimberly$).
*   ""Kimberly is Gloria's ancestor"" implies **Kimberly** is an ancestor of **Gloria** ($Kimberly \rightarrow Gloria$).
*   ""Nicholas is Gloria's descendant"" implies **Gloria** is an ancestor of **Nicholas** ($Gloria \rightarrow Nicholas$).
*   ""Walter is Nicholas's descendant"" implies **Nicholas** is an ancestor of **Walter** ($Nicholas \rightarrow Walter$).
*   ""Mark is Walter's descendant"" implies **Walter** is an ancestor of **Mark** ($Walter \rightarrow Mark$).
*   ""Alexander is Mark's descendant"" implies **Mark** is an ancestor of **Alexander** ($Mark \rightarrow Alexander$).
*   ""Jose is Alexander's descendant"" implies **Alexander** is an ancestor of **Jose** ($Alexander \rightarrow Jose$).
*   ""Jose is Jean's ancestor"" implies **Jose** is an ancestor of **Jean** ($Jose \rightarrow Jean$).
*   ""Elijah is Jean's descendant"" implies **Jean** is an ancestor of **Elijah** ($Jean \rightarrow Elijah$).
*   ""Angela is Elijah's descendant"" implies **Elijah** is an ancestor of **Angela** ($Elijah \rightarrow Angela$).
*   ""Angela is Russell's ancestor"" implies **Angela** is an ancestor of **Russell** ($Angela \rightarrow Russell$).
*   ""Russell is Gregory's ancestor"" implies **Russell** is an ancestor of **Gregory** ($Russell \rightarrow Gregory$).
*   ""Albert is Gregory's descendant"" implies **Gregory** is an ancestor of **Albert** ($Gregory \rightarrow Albert$).
*   ""Helen is Albert's descendant"" implies **Albert** is an ancestor of **Helen** ($Albert \rightarrow Helen$).
*   ""Helen is Henry's ancestor"" implies **Helen** is an ancestor of **Henry** ($Helen \rightarrow Henry$).
*   ""Beverly is Henry's descendant"" implies **Henry** is an ancestor of **Beverly** ($Henry \rightarrow Beverly$).
*   ""Carol is Beverly's descendant"" implies **Beverly** is an ancestor of **Carol** ($Beverly \rightarrow Carol$).
*   ""Nathan is Carol's descendant"" implies **Carol** is an ancestor of **Nathan** ($Carol \rightarrow Nathan$).
*   ""Nathan is Teresa's ancestor"" implies **Nathan** is an ancestor of **Teresa** ($Nathan \rightarrow Teresa$).

**Conclusion:**
By connecting these statements, we establish a continuous lineage where **Kayla** is an ancestor of **Teresa**.
Specifically: **Kayla** $\rightarrow$ ... $\rightarrow$ **Nathan** $\rightarrow$ **Teresa**.

Therefore, Kayla is Teresa's ancestor.

<ANSWER>3</ANSWER>"
64,DESCENDANT,2,"Given the following lineage relationships:
* Jonathan is Bobby's descendant.
* Jonathan is Alice's ancestor.
* Joe is Christina's descendant.
* David is Ann's ancestor.
* Christina is Billy's descendant.
* Eric is Diane's ancestor.
* Kathryn is Matthew's descendant.
* Jose is Elizabeth's ancestor.
* Deborah is Diana's ancestor.
* Eric is Andrea's descendant.
* Vincent is Justin's ancestor.
* Joe is Christopher's ancestor.
* Alexander is Debra's descendant.
* Julie is Adam's descendant.
* Victoria is Harold's ancestor.
* Victoria is Jessica's descendant.
* Isabella is Samuel's ancestor.
* Douglas is Brenda's ancestor.
* Matthew is Alan's descendant.
* Jose is Dylan's descendant.
* Wayne is Diana's descendant.
* Carolyn is Jason's descendant.
* Samuel is Walter's ancestor.
* Paul is Alice's descendant.
* Alexander is Melissa's ancestor.
* David is Brenda's descendant.
* Amber is Diane's descendant.
* Helen is Elizabeth's descendant.
* Rachel is Julie's descendant.
* Virginia is Jacob's descendant.
* Angela is Amber's descendant.
* Douglas is Catherine's descendant.
* Martha is Melissa's descendant.
* Rachel is Dylan's ancestor.
* Terry is Russell's ancestor.
* Isabella is Evelyn's descendant.
* Kathryn is Peter's ancestor.
* Richard is Debra's ancestor.
* Richard is Jeremy's descendant.
* Terry is Peter's descendant.
* Kenneth is Andrew's descendant.
* Teresa is Austin's ancestor.
* Michelle is Austin's descendant.
* John is Russell's descendant.
* Helen is Jacqueline's ancestor.
* Ronald is Deborah's ancestor.
* Walter is Anna's ancestor.
* Anna is Alan's ancestor.
* Adam is Angela's descendant.
* Brandon is Justin's descendant.
* Anthony is Ann's descendant.
* Jeremy is Michelle's descendant.
* Virginia is Vincent's ancestor.
* Martha is Andrew's ancestor.
* Harold is Bobby's ancestor.
* Jacqueline is Billy's ancestor.
* Anthony is Andrea's ancestor.
* Ronald is Christopher's descendant.
* Carolyn is Evelyn's ancestor.
* Teresa is John's descendant.
* Brandon is Catherine's ancestor.
* Paul is Jacob's ancestor.
* Jessica is Kenneth's descendant.
Determine the lineage relationship between Wayne and Jason.
Select the correct answer:
1. Wayne and Jason share a common descendant.
2. Wayne is Jason's descendant.
3. Wayne is Jason's ancestor.
4. Wayne and Jason share a common ancestor.
5. None of the above is correct.
Enclose the selected answer number in the <ANSWER> tag, for example: <ANSWER>1</ANSWER>.",qwen/qwen3.5-4b,,,,"

The provided lineage relationships allow us to construct a family tree for the individuals mentioned.

First, let's map the relationships for **Jason** and **Wayne**.

**Jason's Lineage:**
1.  From the statement ""Carolyn is Jason's descendant"" (Fact 22), Jason is an ancestor of Carolyn ($Jason \to Carolyn$).
2.  From ""Carolyn is Evelyn's ancestor"" (Fact 59), Carolyn is an ancestor of Evelyn ($Carolyn \to Evelyn$).
3.  From ""Isabella is Evelyn's descendant"" (Fact 36), Evelyn is an ancestor of Isabella ($Evelyn \to Isabella$).
4.  From ""Isabella is Samuel's ancestor"" (Fact 17), Isabella is an ancestor of Samuel ($Isabella \to Samuel$).
5.  From ""Samuel is Walter's ancestor"" (Fact 23), Samuel is an ancestor of Walter ($Samuel \to Walter$).
6.  From ""Walter is Anna's ancestor"" (Fact 47), Walter is an ancestor of Anna ($Walter \to Anna$).
7.  From ""Anna is Alan's ancestor"" (Fact 48), Anna is an ancestor of Alan ($Anna \to Alan$).
    *   Note: The prompt uses ""Ann"" in some contexts (Fact 4, Fact 51) and ""Anna"" in others (Fact 47, Fact 48). Assuming ""Ann"" and ""Anna"" refer to the same person is a common pattern in such puzzles, but even if they are distinct, the main lineage from Jason leads to Anna via Walter.
    *   So, **Jason is an ancestor of Anna**.
    *   From ""Anthony is Ann's descendant"" (Fact 51), Anna is an ancestor of Anthony ($Anna \to Anthony$).
    *   From ""David is Ann's ancestor"" (Fact 4), David is an ancestor of Anna ($David \to Anna$).
    *   This establishes a branch where Anna is a descendant of Jason.

**Wayne's Lineage:**
1.  From ""Wayne is Diana's descendant"" (Fact 21), Diana is an ancestor of Wayne ($Diana \to Wayne$).
2.  From ""Deborah is Diana's ancestor"" (Fact 9), Deborah is an ancestor of Diana ($Deborah \to Diana$).
3.  From ""Ronald is Deborah's ancestor"" (Fact 46), Ronald is an ancestor of Deborah ($Ronald \to Deborah$).
    *   So, **Ronald is an ancestor of Wayne**.
4.  From ""Ronald is Christopher's descendant"" (Fact 58), Christopher is an ancestor of Ronald ($Christopher \to Ronald$).
    *   From ""Joe is Christopher's ancestor"" (Fact 12), Joe is an ancestor of Christopher ($Joe \to Christopher$).
    *   This establishes a chain: Joe $\to$ Christopher $\to$ Ronald $\to$ Deborah $\to$ Diana $\to$ Wayne.
5.  From ""Christina is Billy's descendant"" (Fact 5), Billy is an ancestor of Christina ($Billy \to Christina$).
6.  From ""Joe is Christina's descendant"" (Fact 3), Joe is a descendant of Christina ($Christina \to Joe$).
    *   This creates a link: **Billy $\to$ Christina $\to$ Joe**.

**Connecting the Two Chains:**
We have the Jason chain ending in Anna.
We have the Wayne chain starting from Jason? No.
We have the Wayne chain going back to Billy, Christina, Joe, Christopher, Ronald, Deborah, Diana, Wayne.
We also have a link involving Amber and Diane:
*   From ""Amber is Diane's descendant"" (Fact 27/31), Diane is an ancestor of Amber ($Diane \to Amber$).
*   From ""Angela is Amber's descendant"" (Fact 31), Amber is an ancestor of Angela ($Amber \to Angela$).
*   From ""Adam is Angela's descendant"" (Fact 49), Angela is an ancestor of Adam ($Angela \to Adam$).
*   From ""Julie is Adam's descendant"" (Fact 14), Adam is an ancestor of Julie ($Adam \to Julie$).
*   From ""Rachel is Julie's descendant"" (Fact 29), Julie is an ancestor of Rachel ($Julie \to Rachel$).
*   From ""Rachel is Dylan's ancestor"" (Fact 34), Dylan is an ancestor of Rachel ($Dylan \to Rachel$).
*   From ""Rachel is Dylan's ancestor"" (Fact 34) and ""Rachel is Julie's descendant"" (Fact 29), Dylan and Julie are both ancestors of Rachel.
*   From ""Jose is Dylan's descendant"" (Fact 20), Dylan is an ancestor of Jose ($Dylan \to Jose$).
*   From ""Jose is Elizabeth's ancestor"" (Fact 8), Elizabeth is an ancestor of Jose ($Elizabeth \to Jose$).
*   From ""Helen is Elizabeth's descendant"" (Fact 28), Elizabeth is an ancestor of Helen ($Elizabeth \to Helen$).
*   From ""Jacqueline is Billy's ancestor"" (Fact 56), Billy is a descendant of Jacqueline ($Jacqueline \to Billy$).
*   From ""Helen is Jacqueline's ancestor"" (Fact 45), Jacqueline is an ancestor of Helen ($Jacqueline \to Helen$).
*   This connects **Billy $\leftarrow$ Jacqueline $\leftarrow$ Helen $\leftarrow$ Elizabeth $\leftarrow$ Jose $\leftarrow$ Dylan**.
    *   Wait, ""Rachel is Dylan's ancestor"" implies Dylan $\to$ Rachel.
    *   ""Rachel is Julie's descendant"" implies Julie $\to$ Rachel.
    *   So Dylan and Julie are cousins or similar.
    *   However, we established the chain: **Diane $\to$ Amber $\to$ Angela $\to$ Adam $\to$ Julie $\to$ Rachel**.
    *   Also **Diane $\to$ Wayne**.
    *   So **Diane is an ancestor of Wayne**.

**Comparison:**
*   **Wayne** is a descendant of **Diana**.
*   **Diana** is an ancestor of **Amber**.
*   **Jason** is an ancestor of **Anna**.
*   **Anna** is a descendant of **Walter**.
*   **Wayne** lineage ends at **Diana** (ancestor) and starts at **Wayne** (descendant).
*   **Jason** lineage ends at **Anna** (descendant) and starts at **Jason** (ancestor).
*   There is no established link between **Anna** (Jason's descendant) and **Diana** (Wayne's ancestor) or any other connecting nodes in the provided facts.
    *   ""David is Ann's ancestor"" links David to Anna.
    *   ""Ronald is Deborah's ancestor"" links Ronald to Deborah.
    *   There is no fact connecting **David** or **Ann** to the **Diana/Deborah/Ronald** branch, nor to the **Billy/Christina/Joe** branch that leads to **Ronald**.
    *   Although there are many overlapping names (e.g., Ann/Anna, Dylan/Julie/Rachel), no definitive path connects the Jason branch to the Wayne branch.
    *   Specifically, Wayne is a descendant of Diana, and Jason is an ancestor of Anna. There is no fact stating Diane is an ancestor of Anna, Anna is an ancestor of Diana, or that they share a common ancestor within the given facts.

Since no direct or indirect lineage relationship is established between Wayne and Jason based on the provided statements (they appear to belong to separate sub-trees without an intersection), none of the relationship options (1-4) can be confirmed as true.

<ANSWER>5</ANSWER>"
64,COMMON_ANCESTOR,4,"Given the following lineage relationships:
* Julia is Elizabeth's ancestor.
* Ruth is James's descendant.
* Terry is Dennis's ancestor.
* Scott is Teresa's ancestor.
* Arthur is Melissa's ancestor.
* Pamela is Wayne's descendant.
* Elijah is Ashley's ancestor.
* Joan is Brandon's descendant.
* Juan is Alan's ancestor.
* George is Harold's ancestor.
* Kathleen is Diane's ancestor.
* Douglas is Olivia's descendant.
* Jean is Jacqueline's descendant.
* Jack is Danielle's descendant.
* Jacqueline is Sophia's descendant.
* Isabella is Amanda's descendant.
* Raymond is Julia's ancestor.
* Matthew is Jonathan's ancestor.
* Jean is Kathleen's ancestor.
* Elijah is James's descendant.
* Beverly is Linda's ancestor.
* Kevin is Vincent's ancestor.
* Vincent is Jerry's ancestor.
* Helen is Madison's descendant.
* Evelyn is Shirley's ancestor.
* Debra is Wayne's ancestor.
* Olivia is Pamela's descendant.
* Mary is Katherine's descendant.
* Alan is Sophia's ancestor.
* Gloria is Amanda's ancestor.
* Harold is Scott's ancestor.
* Joan is Ralph's ancestor.
* Douglas is Tyler's ancestor.
* Mary is George's ancestor.
* Gloria is John's descendant.
* Nicholas is Tyler's descendant.
* Arthur is Justin's descendant.
* Raymond is Christian's descendant.
* Heather is Gerald's ancestor.
* Abigail is Linda's descendant.
* Anna is Abigail's descendant.
* Ruth is Donald's ancestor.
* Denise is Anna's descendant.
* Brandon is Kelly's descendant.
* Jason is Diane's descendant.
* Juan is Helen's descendant.
* Donald is Madison's ancestor.
* Evelyn is Jonathan's descendant.
* Jordan is Shirley's descendant.
* Kevin is Nicholas's descendant.
* Ashley is Justin's ancestor.
* Kelly is Jack's descendant.
* Teresa is Danielle's ancestor.
* Melissa is John's ancestor.
* Jerry is Katherine's ancestor.
* Heather is Denise's descendant.
* Isabella is Debra's ancestor.
* Joseph is Ralph's descendant.
* Elizabeth is Terry's ancestor.
* Christian is Jason's descendant.
* Lori is Joseph's descendant.
* Matthew is Dennis's descendant.
* Beverly is Lori's descendant.
Determine the lineage relationship between Jordan and Gerald.
Select the correct answer:
1. Jordan is Gerald's descendant.
2. Jordan is Gerald's ancestor.
3. Jordan and Gerald share a common descendant.
4. Jordan and Gerald share a common ancestor.
5. None of the above is correct.
Enclose the selected answer number in the <ANSWER> tag, for example: <ANSWER>1</ANSWER>.",qwen/qwen3.5-4b,,,,"

The provided relationships allow us to trace two distinct family lines.

**Line 1 (Involving Gerald):**
*   ""Heather is Gerald's ancestor."" -> Gerald is Heather's descendant.
*   ""Heather is Denise's descendant."" -> Denise is Heather's ancestor.
*   ""Denise is Anna's descendant."" -> Anna is Denise's ancestor.
*   ""Anna is Abigail's descendant."" -> Abigail is Anna's ancestor.
*   ""Abigail is Linda's descendant."" -> Linda is Abigail's ancestor.
*   ""Beverly is Linda's ancestor."" -> Linda is Beverly's descendant.
*   ""Beverly is Lori's descendant."" -> Lori is Beverly's descendant.
*   ""Lori is Joseph's descendant."" -> Joseph is Lori's ancestor.
*   ""Joseph is Ralph's descendant."" -> Ralph is Joseph's ancestor.
*   Chain: Ralph -> Joseph -> Lori -> Beverly -> Linda -> Abigail -> Anna -> Denise -> Heather -> Gerald.

**Line 2 (Involving Jordan):**
*   ""Jordan is Shirley's descendant."" -> Shirley is Jordan's ancestor.
*   ""Evelyn is Shirley's ancestor."" -> Evelyn is Shirley's ancestor.
*   ""Evelyn is Jonathan's descendant."" -> Jonathan is Evelyn's ancestor.
*   ""Matthew is Jonathan's ancestor."" -> Matthew is Jonathan's ancestor.
*   Chain: Matthew -> Jonathan -> Evelyn -> Shirley -> Jordan.

**Checking for Connections:**
We examined the names in both chains (Gerald, Heather, Denise, Anna, Abigail, Linda, Beverly, Lori, Joseph, Ralph) against the names in the Jordan chain (Matthew, Jonathan, Evelyn, Shirley, Jordan). There are no overlapping names. There are no statements linking any person from the Gerald line to any person in the Jordan line.

Since there is no link connecting Gerald to Jordan, they do not have a direct ancestor/descendant relationship, nor do they share a common ancestor or descendant based on the provided information.

Therefore, none of the specific lineage options 1 through 4 are correct.

<ANSWER>5</ANSWER>"
64,COMMON_DESCENDANT,3,"Given the following lineage relationships:
* Jose is Angela's descendant.
* Logan is Karen's ancestor.
* Ryan is Noah's ancestor.
* Gerald is Peter's descendant.
* Patricia is Vincent's ancestor.
* David is Ronald's descendant.
* Janet is Christopher's descendant.
* Gary is Ashley's descendant.
* Helen is Debra's descendant.
* Eric is Nancy's descendant.
* Virginia is Frank's ancestor.
* Raymond is Lauren's descendant.
* Philip is Lauren's ancestor.
* Megan is Samantha's descendant.
* Helen is Julie's ancestor.
* Emily is Janet's descendant.
* Denise is Jesse's descendant.
* Noah is Ronald's ancestor.
* Angela is Justin's descendant.
* Timothy is Gregory's ancestor.
* Marie is Randy's descendant.
* Jeffrey is Joshua's descendant.
* Nathan is David's descendant.
* Robert is Randy's ancestor.
* Paul is Ashley's ancestor.
* Gabriel is Ethan's ancestor.
* Stephanie is Mark's ancestor.
* Jeffrey is Christopher's ancestor.
* Gregory is Anthony's ancestor.
* Gary is Justin's ancestor.
* Brenda is Michelle's ancestor.
* Anthony is Patricia's ancestor.
* Joshua is Raymond's descendant.
* Paul is Lisa's descendant.
* Melissa is Ann's ancestor.
* Kelly is Nancy's ancestor.
* Virginia is Julie's descendant.
* Frank is Peter's ancestor.
* Timothy is Ethan's descendant.
* Jesse is Arthur's descendant.
* Doris is Gerald's descendant.
* Sophia is Sarah's descendant.
* Robert is Denise's descendant.
* Debra is Sean's descendant.
* Emily is Kelly's ancestor.
* Sophia is Logan's ancestor.
* Joyce is Stephanie's ancestor.
* Melissa is Karen's descendant.
* Evelyn is Jose's descendant.
* Ann is Stephen's ancestor.
* Janice is Doris's descendant.
* Philip is Stephen's descendant.
* Mark is Lisa's ancestor.
* Marie is Gabriel's ancestor.
* Evelyn is Sarah's ancestor.
* Nathan is Brenda's ancestor.
* Joyce is Megan's descendant.
* Ryan is Rachel's descendant.
* Julia is Eric's descendant.
* Samantha is Vincent's descendant.
* Janice is Arthur's ancestor.
* Kenneth is Julia's ancestor.
* Sean is Michelle's descendant.
Determine the lineage relationship between Rachel and Kenneth.
Select the correct answer:
1. Rachel is Kenneth's descendant.
2. Rachel is Kenneth's ancestor.
3. Rachel and Kenneth share a common descendant.
4. Rachel and Kenneth share a common ancestor.
5. None of the above is correct.
Enclose the selected answer number in the <ANSWER> tag, for example: <ANSWER>1</ANSWER>.",qwen/qwen3.5-4b,,,,"

Based on the provided lineage relationships, we can trace the ancestry of **Julia** to determine the relationship between **Rachel** and **Kenneth**.

1.  **Trace Rachel's lineage down to Julia:**
    *   **Fact 58:** ""Ryan is Rachel's descendant."" (Rachel is an ancestor of Ryan).
    *   **Fact 3:** ""Ryan is Noah's ancestor."" (Ryan is an ancestor of Noah).
    *   **Fact 18:** ""Noah is Ronald's ancestor."" (Noah is an ancestor of Ronald).
    *   **Fact 6:** ""David is Ronald's descendant."" (Ronald is an ancestor of David).
    *   **Fact 23:** ""Nathan is David's descendant."" (David is an ancestor of Nathan).
    *   **Fact 56:** ""Nathan is Brenda's ancestor."" (Nathan is an ancestor of Brenda).
    *   **Fact 31:** ""Brenda is Michelle's ancestor."" (Brenda is an ancestor of Michelle).
    *   **Fact 63:** ""Sean is Michelle's descendant."" (Michelle is an ancestor of Sean).
    *   **Fact 44:** ""Debra is Sean's descendant."" (Sean is an ancestor of Debra).
    *   **Fact 9:** ""Helen is Debra's descendant."" (Debra is an ancestor of Helen).
    *   **Fact 15:** ""Helen is Julie's ancestor."" (Helen is an ancestor of Julia).
    *   **Deduction:** Combining these, **Rachel is an ancestor of Julia**. (Rachel -> ... -> Helen -> Julia).

2.  **Trace Kenneth's lineage down to Julia:**
    *   **Fact 62:** ""Kenneth is Julia's ancestor."" (Kenneth is an ancestor of Julia).

3.  **Determine the relationship:**
    *   Both **Rachel** and **Kenneth** are established as ancestors of **Julia**.
    *   Since both individuals are ancestors of the same person (Julia), **Julia** is a common descendant of Rachel and Kenneth.

Therefore, Rachel and Kenneth share a common descendant.

<ANSWER>3</ANSWER>"
64,ANCESTOR,2,"Given the following lineage relationships:
* Betty is Cheryl's descendant.
* Ashley is Albert's ancestor.
* Joseph is Anthony's descendant.
* Cheryl is Roger's descendant.
* Samuel is Kathleen's ancestor.
* Mason is Kathleen's descendant.
* Frank is Andrea's ancestor.
* Jesse is Sara's ancestor.
* Betty is Jesse's ancestor.
* Brittany is Kyle's ancestor.
* Jeremy is Melissa's ancestor.
* Emma is Teresa's descendant.
* Shirley is Larry's descendant.
* Denise is Ashley's ancestor.
* Benjamin is Amy's ancestor.
* Willie is Diana's ancestor.
* Janet is Heather's descendant.
* Noah is Natalie's descendant.
* Peter is Alice's descendant.
* Samuel is Lauren's descendant.
* Mason is Arthur's ancestor.
* Bradley is David's descendant.
* Sean is Alexander's ancestor.
* Shirley is Heather's ancestor.
* Sean is Albert's descendant.
* Frank is Ethan's descendant.
* Amy is William's ancestor.
* Emma is Stephen's ancestor.
* Alan is Melissa's descendant.
* Susan is Ethan's ancestor.
* Anthony is Jonathan's descendant.
* James is Mary's descendant.
* Kayla is James's descendant.
* Brittany is Noah's descendant.
* Alan is Kimberly's ancestor.
* Amanda is Denise's ancestor.
* Joseph is Eric's ancestor.
* Diana is Barbara's ancestor.
* Cynthia is Justin's ancestor.
* Gregory is Gloria's descendant.
* Jacob is Doris's descendant.
* Judith is Andrea's descendant.
* Willie is Janet's descendant.
* Alexander is Ronald's ancestor.
* Julia is Alice's ancestor.
* Kyle is Teresa's ancestor.
* Barbara is Natalie's ancestor.
* Jacob is Gloria's ancestor.
* Jonathan is Kayla's descendant.
* Judith is Larry's ancestor.
* Evelyn is Susan's ancestor.
* Lawrence is Mary's ancestor.
* Roger is Stephen's descendant.
* Donald is Peter's descendant.
* Jeremy is Ronald's descendant.
* Donald is Lauren's ancestor.
* Lawrence is Gregory's descendant.
* Evelyn is William's descendant.
* Doris is Bradley's descendant.
* Amanda is Sara's descendant.
* Kimberly is Cynthia's ancestor.
* David is Justin's descendant.
* Julia is Eric's descendant.
Determine the lineage relationship between Benjamin and Arthur.
Select the correct answer:
1. Benjamin is Arthur's descendant.
2. Benjamin is Arthur's ancestor.
3. Benjamin and Arthur share a common ancestor.
4. Benjamin and Arthur share a common descendant.
5. None of the above is correct.
Enclose the selected answer number in the <ANSWER> tag, for example: <ANSWER>1</ANSWER>.",qwen/qwen3.5-4b,,,,"

The relationships trace as follows:
1.  **Arthur's Line:**
    *   Arthur is the descendant of Mason (Mason is Arthur's ancestor: Arthur -> Mason).
    *   Mason is the descendant of Kathleen (Kathleen -> Mason).
    *   Kathleen is the ancestor of Samuel (Kathleen -> Samuel).
    *   Samuel is the descendant of Lauren (Lauren -> Samuel).
    *   Lauren is the descendant of Donald (Donald -> Lauren).
    *   Donald is the descendant of Peter (Peter -> Donald).
    *   Peter is the descendant of Alice (Alice -> Peter).
    *   Alice is the descendant of Julia (Julia -> Alice).
    *   Julia is the descendant of Eric (Eric -> Julia).
    *   Eric is the descendant of Joseph (Joseph -> Eric).
    *   Joseph is the descendant of Anthony (Anthony -> Joseph).
    *   Anthony is the descendant of Jonathan (Jonathan -> Anthony).
    *   Jonathan is the descendant of Kayla (Kayla -> Jonathan).
    *   Kayla is the descendant of James (James -> Kayla).
    *   James is the descendant of Mary (Mary -> James).
    *   Mary is the descendant of Lawrence (Lawrence -> Mary).
    *   Lawrence is the descendant of Gregory (Gregory -> Lawrence).
    *   Gregory is the descendant of Gloria (Gloria -> Gregory).
    *   Gloria is the descendant of Jacob (Jacob -> Gloria).
    *   Jacob is the descendant of Doris (Doris -> Jacob).
    *   Doris is the descendant of Bradley (Bradley -> Doris).
    *   Bradley is the descendant of David (David -> Bradley).
    *   David is the descendant of Justin (Justin -> David).
    *   Justin is the descendant of Cynthia (Cynthia -> Justin).
    *   Cynthia is the descendant of Kimberly (Kimberly -> Cynthia).
    *   Kimberly is the descendant of Alan (Kimberly -> Alan).
    *   Alan is the descendant of Melissa (Melissa -> Alan).
    *   Melissa is the descendant of Jeremy (Jeremy -> Melissa).
    *   Jeremy is the descendant of Ronald (Ronald -> Jeremy).
    *   Ronald is the descendant of Alexander (Alexander -> Ronald).
    *   Alexander is the descendant of Sean (Sean -> Alexander).
    *   Sean is the descendant of Albert (Albert -> Sean).
    *   Albert is the descendant of Ashley (Ashley -> Albert).
    *   Ashley is the descendant of Denise (Denise -> Ashley).
    *   Denise is the descendant of Amanda (Amanda -> Denise).
    *   Amanda is the descendant of Sara (Sara -> Amanda).
    *   **Conclusion:** Arthur is an ancestor of Sara.

2.  **Benjamin's Line:**
    *   Benjamin is the ancestor of Amy (Benjamin -> Amy).
    *   Amy is the ancestor of William (Amy -> William).
    *   William is the ancestor of Evelyn (Evelyn is William's descendant: William -> Evelyn).
    *   Evelyn is the ancestor of Susan (Evelyn -> Susan).
    *   Susan is the ancestor of Ethan (Susan -> Ethan).
    *   Ethan is the ancestor of Frank (Ethan -> Frank).
    *   Frank is the ancestor of Andrea (Frank -> Andrea).
    *   Andrea is the ancestor of Judith (Andrea -> Judith).
    *   Judith is the ancestor of Larry (Larry is Judith's ancestor? No, Judith is Larry's ancestor, so Larry -> Judith).
    *   Larry is the descendant of Judith (Wait, Judith is Larry's ancestor -> Larry -> Judith).
    *   **Wait:** ""Judith is Larry's ancestor."" (Larry -> Judith).
    *   ""Judith is Andrea's descendant."" (Andrea -> Judith).
    *   So both Andrea and Larry are ancestors of Judith.
    *   Wait, earlier I traced Benjamin -> ... -> Judith -> Larry -> ...?
    *   Let's check the connection to Sara.
    *   Larry is the ancestor of Shirley (Shirley is Larry's descendant: Larry -> Shirley).
    *   Shirley is the descendant of Heather (Heather -> Shirley).
    *   Heather is the ancestor of Janet (Janet is Heather's descendant: Heather -> Janet).
    *   Janet is the descendant of Willie (Willie is Janet's descendant: Janet -> Willie).
    *   Willie is the descendant of Diana (Diana is Willie's ancestor: Diana -> Willie).
    *   Diana is the descendant of Barbara (Barbara is Diana's ancestor: Barbara -> Diana).
    *   Barbara is the descendant of Natalie (Natalie is Barbara's ancestor: Barbara -> Natalie).
    *   Natalie is the descendant of Noah (Noah is Natalie's descendant: Natalie -> Noah).
    *   Noah is the descendant of Brittany (Brittany is Noah's descendant: Noah -> Brittany).
    *   Brittany is the descendant of Kyle (Kyle is Brittany's ancestor: Kyle -> Brittany).
    *   Kyle is the ancestor of Teresa (Teresa is Kyle's descendant: Kyle -> Teresa).
    *   Teresa is the descendant of Emma (Emma is Teresa's descendant: Teresa -> Emma).
    *   Emma is the descendant of Stephen (Stephen is Emma's descendant? No, Emma is Stephen's ancestor: Stephen -> Emma).
    *   Stephen is the descendant of Roger (Roger is Stephen's descendant: Stephen -> Roger).
    *   Roger is the descendant of Cheryl (Cheryl is Roger's descendant: Roger -> Cheryl).
    *   Cheryl is the descendant of Betty (Betty is Cheryl's descendant: Cheryl -> Betty).
    *   Betty is the descendant of Jesse (Jesse is Betty's ancestor: Jesse -> Betty).
    *   Jesse is the descendant of Sara (Sara is Jesse's descendant? No, Jesse is Sara's ancestor: Sara -> Jesse).
    *   So Benjamin -> ... -> Judith -> Larry -> ... -> Sara.
    *   **Wait:** Judith -> Larry. Larry -> Shirley.
    *   Is Sara connected to Judith?
    *   Let's check the connection point again.
    *   Arthur -> ... -> Sara.
    *   Benjamin -> ... -> Sara. (If Judith -> Sara).
    *   Is there a link Judith -> Sara?
    *   Yes, if Sara is the ancestor of Betty, and Betty is connected to Cheryl -> ... -> Judith.
    *   Wait. ""Betty is Cheryl's descendant."" Cheryl -> Betty.
    *   ""Betty is Jesse's ancestor."" Jesse -> Betty.
    *   ""Jesse is Sara's ancestor."" Sara -> Jesse.
    *   ""Sara -> Jesse -> Betty.""
    *   Is Judith an ancestor of Betty?
    *   ""Judith -> Larry -> Shirley -> ... -> Betty.""
    *   So Judith -> Betty.
    *   So Benjamin -> ... -> Judith -> Betty.
    *   So Benjamin is an ancestor of Betty.
    *   Arthur is an ancestor of Sara.
    *   Sara is an ancestor of Betty (Sara -> Jesse -> Betty).
    *   So Arthur is an ancestor of Betty.
    *   Therefore, Arthur and Benjamin are both ancestors of Betty.
    *   Betty is a common descendant.

Both Benjamin and Arthur are ancestors of Betty. Thus, they share a common descendant.

<ANSWER>4</ANSWER>"
64,DESCENDANT,1,"Given the following lineage relationships:
* Amy is Sarah's ancestor.
* Jacob is Nicholas's ancestor.
* Kayla is Alexander's ancestor.
* Jeremy is Paul's descendant.
* Janice is Donald's descendant.
* Adam is Scott's ancestor.
* Henry is Steven's descendant.
* Tyler is Amy's ancestor.
* Marilyn is Walter's ancestor.
* Harold is Laura's descendant.
* Eric is Jean's descendant.
* Natalie is Wayne's ancestor.
* Raymond is Noah's ancestor.
* Jessica is Raymond's ancestor.
* Megan is Douglas's ancestor.
* Angela is Mary's descendant.
* Carolyn is Nicole's descendant.
* Gloria is Doris's descendant.
* Peter is Natalie's ancestor.
* Shirley is Martha's ancestor.
* Jacob is Walter's descendant.
* Jose is Roy's ancestor.
* Jean is Stephanie's descendant.
* Martha is Mary's ancestor.
* Janice is Frank's ancestor.
* Hannah is Lori's ancestor.
* Kevin is Hannah's ancestor.
* Teresa is Andrea's descendant.
* Gabriel is Ralph's ancestor.
* Donald is Eugene's descendant.
* Alexander is Marilyn's ancestor.
* Roger is Dennis's ancestor.
* Dennis is Ruth's ancestor.
* Frances is Steven's ancestor.
* Nicole is Frank's descendant.
* Ruth is Kevin's ancestor.
* Lauren is Douglas's descendant.
* Scott is Eugene's ancestor.
* Russell is Gerald's ancestor.
* Ralph is Roger's ancestor.
* Christina is Lori's descendant.
* Gloria is Stephanie's ancestor.
* Sarah is Gabriel's ancestor.
* Henry is Jordan's ancestor.
* Jordan is Adam's ancestor.
* Andrea is Harold's descendant.
* Christina is Megan's ancestor.
* Betty is Marie's ancestor.
* Michelle is Doris's ancestor.
* Wayne is Paul's ancestor.
* Eric is Samuel's ancestor.
* Teresa is Shirley's ancestor.
* Angela is Jessica's ancestor.
* Jeremy is David's ancestor.
* Nicholas is Michelle's ancestor.
* Noah is Frances's ancestor.
* Marie is Kayla's ancestor.
* Laura is Samuel's descendant.
* Beverly is Peter's ancestor.
* Roy is Betty's ancestor.
* Tyler is Gerald's descendant.
* Carolyn is Russell's ancestor.
* Beverly is Lauren's descendant.
Determine the lineage relationship between David and Jose.
Select the correct answer:
1. David is Jose's descendant.
2. David and Jose share a common ancestor.
3. David and Jose share a common descendant.
4. David is Jose's ancestor.
5. None of the above is correct.
Enclose the selected answer number in the <ANSWER> tag, for example: <ANSWER>1</ANSWER>.",qwen/qwen3.5-4b,,,,"

The provided lineage relationships allow us to construct a chain connecting David and Jose.
By tracing the ancestry downwards from Jose:
1.  **Jose** is **Roy's** ancestor.
2.  **Roy** is **Betty's** ancestor.
3.  **Betty** is **Marie's** ancestor.
4.  **Marie** is **Kayla's** ancestor.
5.  **Kayla** is **Alexander's** ancestor.
6.  **Alexander** is **Marilyn's** ancestor.
7.  **Marilyn** is **Walter's** ancestor.
8.  **Jacob** is **Walter's** descendant.
9.  **Jacob** is **Nicholas's** ancestor.
10. **Nicholas** is **Michelle's** ancestor.
11. **Michelle** is **Doris's** ancestor.
12. **Doris** is **Gloria's** descendant (Gloria is Doris's descendant -> Doris is Gloria's ancestor).
13. **Gloria** is **Stephanie's** ancestor.
14. **Stephanie** is **Jean's** descendant (Jean is Stephanie's descendant -> Stephanie is Jean's ancestor).
15. **Jean** is **Eric's** descendant (Eric is Jean's descendant -> Jean is Eric's ancestor).
16. **Eric** is **Samuel's** ancestor.
17. **Samuel** is **Laura's** ancestor (Laura is Samuel's descendant).
18. **Laura** is **Harold's** ancestor (Harold is Laura's descendant).
19. **Harold** is **Andrea's** ancestor (Andrea is Harold's descendant).
20. **Andrea** is **Teresa's** ancestor (Teresa is Andrea's descendant).
21. **Teresa** is **Shirley's** ancestor.
22. **Shirley** is **Martha's** ancestor.
23. **Martha** is **Mary's** ancestor.
24. **Mary** is **Angela's** ancestor (Angela is Mary's descendant).
25. **Angela** is **Jessica's** ancestor.
26. **Jessica** is **Raymond's** ancestor.
27. **Raymond** is **Noah's** ancestor.
28. **Noah** is **Frances's** ancestor.
29. **Frances** is **Steven's** ancestor.
30. **Steven** is **Henry's** ancestor (Henry is Steven's descendant).
31. **Henry** is **Jordan's** ancestor.
32. **Jordan** is **Adam's** ancestor.
33. **Adam** is **Scott's** ancestor.
34. **Scott** is **Eugene's** ancestor.
35. **Eugene** is **Donald's** ancestor (Donald is Eugene's descendant).
36. **Donald** is **Janice's** ancestor (Janice is Donald's descendant).
37. **Janice** is **Frank's** ancestor.
38. **Frank** is **Nicole's** ancestor (Nicole is Frank's descendant).
39. **Nicole** is **Carolyn's** ancestor (Carolyn is Nicole's descendant).
40. **Carolyn** is **Russell's** ancestor.
41. **Russell** is **Gerald's** ancestor.
42. **Gerald** is **Tyler's** ancestor (Tyler is Gerald's descendant).
43. **Tyler** is **Amy's** ancestor.
44. **Amy** is **Sarah's** ancestor.
45. **Sarah** is **Gabriel's** ancestor.
46. **Gabriel** is **Ralph's** ancestor.
47. **Ralph** is **Roger's** ancestor.
48. **Roger** is **Dennis's** ancestor.
49. **Dennis** is **Ruth's** ancestor.
50. **Ruth** is **Kevin's** ancestor.
51. **Kevin** is **Hannah's** ancestor.
52. **Hannah** is **Lori's** ancestor.
53. **Lori** is **Christina's** ancestor (Christina is Lori's descendant).
54. **Christina** is **Megan's** ancestor.
55. **Megan** is **Douglas's** ancestor.
56. **Douglas** is **Lauren's** ancestor (Lauren is Douglas's descendant).
57. **Lauren** is **Beverly's** ancestor (Beverly is Lauren's descendant).
58. **Beverly** is **Peter's** ancestor.
59. **Peter** is **Natalie's** ancestor.
60. **Natalie** is **Wayne's** ancestor.
61. **Wayne** is **Paul's** ancestor.
62. **Paul** is **Jeremy's** ancestor (Jeremy is Paul's descendant).
63. **Jeremy** is **David's** ancestor.

Tracing from Jose to David confirms that Jose is an ancestor of David. Therefore, David is a descendant of Jose.

<ANSWER>1</ANSWER>"
64,COMMON_ANCESTOR,1,"Given the following lineage relationships:
* Rebecca is Joe's ancestor.
* Martha is Andrea's descendant.
* Gerald is Amy's descendant.
* Emily is Ethan's ancestor.
* Marie is Arthur's descendant.
* Marie is Stephen's ancestor.
* Mary is Karen's ancestor.
* Mason is Betty's ancestor.
* Albert is Bobby's descendant.
* Julie is Frank's ancestor.
* Jesse is Amy's ancestor.
* Eugene is Angela's descendant.
* Cynthia is Joseph's descendant.
* Ann is Walter's ancestor.
* Stephanie is Brandon's ancestor.
* Vincent is Ethan's descendant.
* Christine is Kyle's descendant.
* Laura is Amber's ancestor.
* Douglas is Logan's descendant.
* Gloria is Joseph's descendant.
* Dylan is Sandra's descendant.
* Betty is Logan's ancestor.
* Alice is Rebecca's ancestor.
* Isabella is David's ancestor.
* Peter is Matthew's ancestor.
* Joe is Bobby's ancestor.
* Madison is Paul's descendant.
* Ann is Frank's descendant.
* Frances is Judith's ancestor.
* Catherine is Thomas's ancestor.
* Denise is Diane's ancestor.
* Christine is Denise's ancestor.
* Angela is Brittany's descendant.
* Adam is Diana's ancestor.
* Laura is Thomas's descendant.
* Eugene is Kyle's ancestor.
* Terry is Amber's descendant.
* Arthur is Gloria's descendant.
* David is Alice's ancestor.
* Christian is Vincent's descendant.
* Stephen is Andrea's ancestor.
* Nathan is Peter's ancestor.
* Robert is Cynthia's descendant.
* Martha is Bruce's ancestor.
* Noah is Brittany's ancestor.
* Deborah is Judith's descendant.
* Karen is Isabella's ancestor.
* Mason is Billy's descendant.
* Catherine is Barbara's descendant.
* Stephanie is Dylan's descendant.
* Gerald is Barbara's ancestor.
* Paul is Walter's descendant.
* Emily is Terry's descendant.
* Bruce is Julie's ancestor.
* Matthew is Billy's ancestor.
* Rachel is Sandra's ancestor.
* Jesse is Albert's descendant.
* Mary is Diane's descendant.
* Frances is Christian's descendant.
* Robert is Noah's ancestor.
* Nathan is Madison's descendant.
* Brandon is Adam's ancestor.
* Deborah is Rachel's ancestor.
Determine the lineage relationship between Douglas and Diana.
Select the correct answer:
1. Douglas and Diana share a common ancestor.
2. Douglas is Diana's ancestor.
3. Douglas is Diana's descendant.
4. Douglas and Diana share a common descendant.
5. None of the above is correct.
Enclose the selected answer number in the <ANSWER> tag, for example: <ANSWER>1</ANSWER>.",qwen/qwen3.5-4b,,,,"

The provided lineage relationships allow us to map out the ancestry and descendants for specific individuals.

**Douglas's Lineage:**
*   From ""Douglas is Logan's descendant"", **Logan** is an ancestor of **Douglas**.
*   From ""Betty is Logan's ancestor"", **Betty** is an ancestor of **Logan**.
*   From ""Mason is Betty's ancestor"", **Mason** is an ancestor of **Betty**.
*   From ""Mason is Billy's descendant"", **Billy** is an ancestor of **Mason**.
*   From ""Matthew is Billy's ancestor"", **Matthew** is an ancestor of **Billy**.
*   From ""Peter is Matthew's ancestor"", **Peter** is an ancestor of **Matthew**.
*   From ""Nathan is Peter's ancestor"", **Nathan** is an ancestor of **Peter**.
*   From ""Nathan is Madison's descendant"", **Madison** is an ancestor of **Nathan** (Note: This creates a branch Madison -> Nathan -> Peter).
*   From ""Madison is Paul's descendant"", **Paul** is an ancestor of **Madison**.
*   From ""Paul is Walter's descendant"", **Walter** is an ancestor of **Paul**.
*   From ""Ann is Walter's ancestor"", **Ann** is an ancestor of **Walter**.
*   From ""Ann is Frank's descendant"", **Frank** is an ancestor of **Ann**.
*   From ""Julie is Frank's ancestor"", **Julie** is an ancestor of **Frank**.
*   From ""Bruce is Julie's ancestor"", **Bruce** is an ancestor of **Julie**.
*   Therefore, the lineage from Douglas's ancestors is: **Bruce -> Julie -> Frank -> Ann -> Walter -> Paul -> Madison -> Nathan -> Peter -> Matthew -> Billy -> Mason -> Betty -> Logan -> Douglas**.

**Diana's Lineage:**
*   From ""Adam is Diana's ancestor"", **Adam** is an ancestor of **Diana**.
*   From ""Brandon is Adam's ancestor"", **Brandon** is an ancestor of **Adam**.
*   From ""Stephanie is Brandon's ancestor"", **Stephanie** is an ancestor of **Brandon**.
*   From ""Stephanie is Dylan's descendant"", **Dylan** is an ancestor of **Stephanie**.
*   From ""Dylan is Sandra's descendant"", **Sandra** is an ancestor of **Dylan**.
*   From ""Rachel is Sandra's ancestor"", **Rachel** is an ancestor of **Sandra**.
*   From ""Deborah is Rachel's ancestor"", **Deborah** is an ancestor of **Rachel**.
*   From ""Deborah is Judith's descendant"", **Judith** is an ancestor of **Deborah**.
*   From ""Frances is Judith's ancestor"", **Judith** is an ancestor of **Frances**. (Wait, ""Frances is Judith's ancestor"" means Judith -> Frances, but ""Frances is Judith's ancestor"" means Frances -> Judith. Let's re-read carefully: ""Frances is Judith's ancestor"" means Frances -> Judith. ""Frances is Christian's descendant"" means Christian -> Frances. ""Christian is Vincent's descendant"" means Vincent -> Christian. ""Vincent is Ethan's descendant"" means Ethan -> Vincent. ""Emily is Ethan's ancestor"" means Ethan -> Emily).
*   Therefore, the lineage from Diana's ancestors involves: **Ethan -> Vincent -> Christian -> Frances -> Judith -> Deborah -> Rachel -> Sandra -> Dylan -> Stephanie -> Brandon -> Adam -> Diana**.

**Comparison:**
The set of names in Douglas's lineage is: {Douglas, Logan, Betty, Mason, Billy, Matthew, Peter, Nathan, Madison, Paul, Walter, Ann, Frank, Julie, Bruce}.
The set of names in Diana's lineage is: {Diana, Adam, Brandon, Stephanie, Dylan, Sandra, Rachel, Deborah, Judith, Frances, Christian, Vincent, Ethan}.

There is no overlapping name between the two lineage groups in the text provided. There are no connections indicating that one group is an ancestor of the other, nor do they share a common ancestor or descendant based on the given relationships.

Since there is no established relationship between Douglas and Diana in the provided text, the correct option is ""None of the above is correct"".

<ANSWER>5</ANSWER>"
64,COMMON_DESCENDANT,2,"Given the following lineage relationships:
* Alan is Benjamin's ancestor.
* Lawrence is Debra's ancestor.
* Benjamin is Austin's ancestor.
* William is Charlotte's descendant.
* Kelly is Ronald's descendant.
* Ashley is Roy's ancestor.
* Ethan is James's descendant.
* Cheryl is Maria's ancestor.
* Richard is Karen's descendant.
* Richard is Bobby's ancestor.
* Austin is Wayne's ancestor.
* Nicole is Maria's descendant.
* Gary is Ethan's descendant.
* Christian is Amber's descendant.
* Mason is Frank's ancestor.
* Noah is Kelly's descendant.
* Gerald is Keith's descendant.
* Kevin is Debra's descendant.
* Kimberly is Bruce's ancestor.
* Teresa is Grace's ancestor.
* Gabriel is Aaron's ancestor.
* Susan is Nicole's descendant.
* Barbara is Donna's ancestor.
* Beverly is Emily's descendant.
* Janet is Daniel's ancestor.
* Scott is Donald's ancestor.
* Edward is Kyle's descendant.
* Kimberly is Danielle's descendant.
* Gabriel is Daniel's descendant.
* Teresa is Donald's descendant.
* Emma is Donna's descendant.
* Elizabeth is Jason's descendant.
* Rebecca is Abigail's descendant.
* Betty is Rebecca's descendant.
* Ronald is Kevin's descendant.
* Beverly is Scott's ancestor.
* Nancy is Mason's ancestor.
* James is Stephanie's descendant.
* Deborah is William's descendant.
* Kyle is Wayne's descendant.
* Angela is Karen's ancestor.
* Betty is Keith's ancestor.
* Gerald is Samuel's ancestor.
* Christian is Roy's ancestor.
* Amber is Emma's descendant.
* Jason is Frank's descendant.
* Ashley is Edward's descendant.
* Diana is Randy's ancestor.
* Cheryl is Grace's descendant.
* Bruce is Joe's ancestor.
* Terry is Aaron's descendant.
* Jesse is Charlotte's ancestor.
* Nancy is Deborah's descendant.
* Elizabeth is Emily's ancestor.
* Susan is Lawrence's ancestor.
* Samuel is Barbara's ancestor.
* Jesse is Megan's descendant.
* Megan is Gary's descendant.
* Alan is Terry's descendant.
* Randy is Angela's ancestor.
* Noah is Diana's ancestor.
* Janet is Bobby's descendant.
* Stephanie is Joe's descendant.
Determine the lineage relationship between Danielle and Abigail.
Select the correct answer:
1. Danielle is Abigail's descendant.
2. Danielle and Abigail share a common descendant.
3. Danielle and Abigail share a common ancestor.
4. Danielle is Abigail's ancestor.
5. None of the above is correct.
Enclose the selected answer number in the <ANSWER> tag, for example: <ANSWER>1</ANSWER>.",qwen/qwen3.5-4b,,,,"

The relationship between Danielle and Abigail is determined by tracing the lineage connections provided.
1.  **Abigail** is the ancestor of **Rebecca** (""Rebecca is Abigail's descendant"").
2.  **Rebecca** is the ancestor of **Betty** (""Betty is Rebecca's descendant"").
3.  **Betty** is the ancestor of **Keith** (""Betty is Keith's ancestor"").
4.  **Keith** is the ancestor of **Gerald** (""Gerald is Keith's descendant"").
5.  **Gerald** is the ancestor of **Samuel** (""Gerald is Samuel's ancestor"").
6.  **Samuel** is the ancestor of **Barbara** (""Samuel is Barbara's ancestor"").
7.  **Barbara** is the ancestor of **Donna** (""Barbara is Donna's ancestor"").
8.  **Donna** is the ancestor of **Emma** (""Emma is Donna's descendant"").
9.  **Emma** is the ancestor of **Amber** (""Amber is Emma's descendant"").
10. **Amber** is the ancestor of **Christian** (""Christian is Amber's descendant"").
11. **Christian** is the ancestor of **Roy** (""Christian is Roy's ancestor"").
12. **Roy** is the ancestor of **Ashley** (""Ashley is Roy's ancestor"").
13. **Ashley** is the ancestor of **Edward** (""Ashley is Edward's descendant"").
14. **Edward** is the ancestor of **Kyle** (""Kyle is Wayne's descendant"", ""Edward is Kyle's descendant""). Wait, ""Kyle is Wayne's descendant"", ""Edward is Kyle's descendant"". Kyle -> Edward. So Wayne -> Kyle -> Edward.
15. **Edward** is the ancestor of **Ashley** (Wait. Ashley is Edward's descendant. Edward -> Ashley). This forms a loop? No. ""Ashley is Roy's ancestor"". Ashley -> Roy.
    Let's retrace carefully.
    Christian -> Roy. (Christian is Roy's ancestor).
    Roy -> Ashley. (Ashley is Roy's ancestor).
    Ashley -> Edward. (Ashley is Edward's descendant).
    Wait. If Ashley is Roy's ancestor and Roy is Christian's ancestor, then Roy -> Ashley.
    If Ashley is Edward's descendant, then Edward -> Ashley.
    So Edward -> Ashley -> Roy.
    And Christian -> Roy? ""Christian is Roy's ancestor"". Roy -> Christian.
    So Edward -> Ashley -> Roy -> Christian.
    This seems to contradict the earlier ""Christian is Amber's descendant"" -> Amber -> Christian.
    So Amber -> Christian -> Roy.
    And Roy -> Ashley -> Edward.
    So Amber -> Christian -> Roy -> Ashley -> Edward.
    ""Edward is Kyle's descendant"". Kyle -> Edward.
    So Kyle -> Edward -> Ashley -> Roy -> Christian -> Amber.
    ""Emma is Donna's descendant"". Donna -> Emma.
    ""Amber is Emma's descendant"". Emma -> Amber.
    So Donna -> Emma -> Amber -> Christian -> Roy -> Ashley -> Edward -> Kyle.
    ""Kyle is Wayne's descendant"". Wayne -> Kyle.
    So Wayne -> Kyle -> Edward.
    Wait. Wayne -> Kyle -> Edward. Edward -> Ashley. Ashley -> Roy. Roy -> Christian. Christian -> Amber. Amber -> Emma. Emma -> Donna.
    So Wayne -> ... -> Donna.
    ""Austin is Wayne's ancestor"". Austin -> Wayne.
    ""Benjamin is Austin's ancestor"". Benjamin -> Austin.
    ""Alan is Benjamin's ancestor"". Benjamin -> Alan. Wait. ""Alan is Benjamin's ancestor"". Benjamin -> Alan.
    ""Alan is Terry's descendant"". Terry -> Alan.
    ""Terry is Aaron's descendant"". Aaron -> Terry.
    ""Gabriel is Aaron's ancestor"". Aaron -> Gabriel? No. Gabriel is Aaron's ancestor. Gabriel -> Aaron.
    ""Gabriel is Daniel's descendant"". Daniel -> Gabriel.
    ""Janet is Daniel's ancestor"". Janet -> Daniel.
    ""Janet is Bobby's descendant"". Bobby -> Janet.
    ""Richard is Bobby's ancestor"". Richard -> Bobby.
    ""Richard is Karen's descendant"". Karen -> Richard.
    ""Angela is Karen's ancestor"". Angela -> Karen.
    ""Randy is Angela's ancestor"". Randy -> Angela.
    ""Diana is Randy's ancestor"". Diana -> Randy.
    ""Noah is Diana's ancestor"". Diana -> Noah.
    ""Noah is Kelly's descendant"". Kelly -> Noah.
    ""Kelly is Ronald's descendant"". Ronald -> Kelly.
    ""Ronald is Kevin's descendant"". Kevin -> Ronald.
    ""Kevin is Debra's descendant"". Debra -> Kevin.
    ""Lawrence is Debra's ancestor"". Lawrence -> Debra.
    ""Susan is Lawrence's ancestor"". Susan -> Lawrence.
    ""Susan is Nicole's descendant"". Nicole -> Susan.
    ""Nicole is Maria's descendant"". Maria -> Nicole.
    ""Cheryl is Maria's ancestor"". Cheryl -> Maria.
    ""Cheryl is Grace's descendant"". Grace -> Cheryl.
    ""Teresa is Grace's ancestor"". Teresa -> Grace.
    ""Teresa is Donald's descendant"". Donald -> Teresa.
    ""Scott is Donald's ancestor"". Scott -> Donald.
    ""Beverly is Scott's ancestor"". Beverly -> Scott.
    ""Beverly is Emily's descendant"". Emily -> Beverly.
    ""Elizabeth is Emily's ancestor"". Elizabeth -> Emily.
    ""Elizabeth is Jason's descendant"". Jason -> Elizabeth.
    ""Jason is Frank's descendant"". Frank -> Jason.
    ""Mason is Frank's ancestor"". Mason -> Frank.
    ""Nancy is Mason's ancestor"". Nancy -> Mason.
    ""Nancy is Deborah's descendant"". Deborah -> Nancy.
    ""William is Charlotte's descendant"". Charlotte -> William.
    ""Deborah is William's descendant"". William -> Deborah.
    ""Jesse is Charlotte's ancestor"". Charlotte -> Jesse.
    ""Jesse is Megan's descendant"". Megan -> Jesse.
    ""Megan is Gary's descendant"". Gary -> Megan.
    ""Gary is Ethan's descendant"". Ethan -> Gary.
    ""Ethan is James's descendant"". James -> Ethan.
    ""James is Stephanie's descendant"". Stephanie -> James.
    ""Stephanie is Joe's descendant"". Joe -> Stephanie.
    ""Bruce is Joe's ancestor"". Bruce -> Joe.
    ""Kimberly is Bruce's ancestor"". Bruce -> Kimberly.
    ""Kimberly is Danielle's descendant"". Danielle -> Kimberly.
    
    This chain connects Abigail to Danielle through a long line.
    Abigail -> Rebecca -> Betty -> Keith -> Gerald -> Samuel -> Barbara -> Donna -> Emma -> Amber -> Christian -> Roy -> Ashley -> Edward -> Kyle -> Wayne -> Austin -> Benjamin -> Alan -> Terry -> Aaron -> Gabriel -> Daniel -> Janet -> Bobby -> Richard -> Karen -> Angela -> Randy -> Diana -> Noah -> Kelly -> Ronald -> Kevin -> Debra -> Lawrence -> Susan -> Nicole -> Maria -> Cheryl -> Grace -> Teresa -> Donald -> Scott -> Beverly -> Emily -> Elizabeth -> Jason -> Frank -> Mason -> Nancy -> Deborah -> William -> Charlotte -> Jesse -> Megan -> Gary -> Ethan -> James -> Stephanie -> Joe -> Bruce -> Kimberly -> Danielle.
    
    Wait. ""Emily -> Elizabeth"".
    ""Elizabeth -> Jason"".
    ...
    ""Donna -> Emma"".
    ""Amber -> Christian"".
    ""Christian -> Roy"".
    ""Roy -> Ashley"".
    ""Ashley -> Edward"".
    ""Edward -> Kyle"".
    ""Kyle -> Wayne"".
    ""Wayne -> Austin"".
    ""Austin -> Benjamin"".
    ""Benjamin -> Alan"".
    ""Alan -> Terry"".
    ""Terry -> Aaron"".
    ""Aaron -> Gabriel"".
    ""Gabriel -> Daniel"".
    ""Daniel -> Janet"".
    ""Janet -> Bobby"".
    ""Bobby -> Richard"".
    ""Richard -> Karen"".
    ""Karen -> Angela"".
    ""Angela -> Randy"".
    ""Randy -> Diana"".
    ""Diana -> Noah"".
    ""Noah -> Kelly"".
    ""Kelly -> Ronald"".
    ""Ronald -> Kevin"".
    ""Kevin -> Debra"".
    ""Debra -> Lawrence"".
    ""Lawrence -> Susan"".
    ""Susan -> Nicole"".
    ""Nicole -> Maria"".
    ""Maria -> Cheryl"".
    ""Cheryl -> Grace"".
    ""Grace -> Teresa"".
    ""Teresa -> Donald"".
    ""Donald -> Scott"".
    ""Scott -> Beverly"".
    ""Beverly -> Emily"".
    ""Emily -> Elizabeth"".
    ""Elizabeth -> Jason"".
    ""Jason -> Frank"".
    ""Frank -> Mason"".
    ""Mason -> Nancy"".
    ""Nancy -> Deborah"".
    ""Deborah -> William"".
    ""William -> Charlotte"".
    ""Charlotte -> Jesse"".
    ""Jesse -> Megan"".
    ""Megan -> Gary"".
    ""Gary -> Ethan"".
    ""Ethan -> James"".
    ""James -> Stephanie"".
    ""Stephanie -> Joe"".
    ""Joe -> Bruce"".
    ""Bruce -> Kimberly"".
    ""Kimberly -> Danielle"".
    
    Wait. The direction of Abigail -> Donna seems correct based on ""Rebecca is Abigail's descendant"".
    Abigail -> Rebecca -> Betty -> Keith -> Gerald -> Samuel -> Barbara -> Donna.
    This path connects Abigail to Donna.
    Then Donna -> ... -> Danielle.
    So Abigail -> ... -> Danielle.
    Therefore, Danielle is Abigail's descendant.

<ANSWER>1</ANSWER>"
