64,ANCESTOR,3,"Given the following lineage relationships:
* Jason is Shirley's descendant.
* Alan is Emily's descendant.
* Shirley is Joshua's descendant.
* Eugene is Julie's ancestor.
* Gregory is Lawrence's ancestor.
* Cynthia is Sean's ancestor.
* Jason is Marilyn's ancestor.
* Lisa is Maria's ancestor.
* Katherine is Nancy's ancestor.
* Ruth is Sharon's descendant.
* Sara is Steven's ancestor.
* Kenneth is Cheryl's descendant.
* Charlotte is Samuel's ancestor.
* Nicholas is Eugene's ancestor.
* David is Ruth's descendant.
* Mary is Nancy's descendant.
* David is Kathleen's ancestor.
* Hannah is Cheryl's ancestor.
* Lisa is Kathleen's descendant.
* Betty is Hannah's ancestor.
* Mark is Edward's ancestor.
* Kimberly is Joyce's ancestor.
* Rebecca is Nicholas's ancestor.
* Lawrence is Gerald's ancestor.
* Matthew is Steven's descendant.
* Gary is Edward's descendant.
* Kenneth is Gabriel's ancestor.
* Christopher is Dylan's ancestor.
* Teresa is Marilyn's descendant.
* Frances is Dylan's descendant.
* Bobby is Christina's ancestor.
* Brandon is Charlotte's ancestor.
* Donald is Jack's ancestor.
* Ralph is Gloria's ancestor.
* Gerald is Joshua's ancestor.
* Timothy is Kimberly's ancestor.
* Sara is Raymond's descendant.
* Alexis is Timothy's ancestor.
* Frank is Mary's descendant.
* Ralph is Donna's descendant.
* Teresa is Emily's ancestor.
* Gary is Russell's ancestor.
* Samuel is Grace's ancestor.
* Doris is Frances's descendant.
* Russell is Brandon's ancestor.
* Denise is Jack's descendant.
* Betty is Emma's descendant.
* Emma is Debra's descendant.
* Grace is Rebecca's ancestor.
* Christina is Katherine's ancestor.
* Gloria is Alexis's ancestor.
* Matthew is Catherine's ancestor.
* Julie is Cynthia's ancestor.
* Larry is Donna's ancestor.
* Isabella is Raymond's ancestor.
* Donald is Catherine's descendant.
* Sharon is Joyce's descendant.
* Gregory is Denise's descendant.
* Frank is Mark's ancestor.
* Bobby is Maria's descendant.
* Isabella is Sean's descendant.
* Alan is Debra's ancestor.
* Larry is Doris's descendant.
Determine the lineage relationship between Christopher and Gabriel.
Select the correct answer:
1. Christopher and Gabriel share a common descendant.
2. Christopher and Gabriel share a common ancestor.
3. Christopher is Gabriel's ancestor.
4. Christopher is Gabriel's descendant.
5. None of the above is correct.
Enclose the selected answer number in the <ANSWER> tag, for example: <ANSWER>1</ANSWER>.",qwen/qwen3.5-9b,,,,"

The relationships can be traced as follows:

1.  **Christopher's Path:**
    *   ""Christopher is Dylan's ancestor."" $\rightarrow$ Christopher $\rightarrow$ Dylan
    *   ""Frances is Dylan's descendant."" $\rightarrow$ Dylan $\rightarrow$ Frances
    *   ""Frances is Doris's ancestor."" $\rightarrow$ Frances $\rightarrow$ Doris
    *   ""Doris is Frances's descendant."" (This creates a potential cycle or implies specific lineage, but let's look further).
    *   ""Larry is Doris's descendant."" $\rightarrow$ Doris $\rightarrow$ Larry
    *   ""Larry is Donna's ancestor."" $\rightarrow$ Larry $\rightarrow$ Donna
    *   ""Ralph is Donna's descendant."" $\rightarrow$ Donna $\rightarrow$ Ralph
    *   ""Ralph is Gloria's ancestor."" $\rightarrow$ Ralph $\rightarrow$ Gloria
    *   ""Gloria is Alexis's ancestor."" $\rightarrow$ Gloria $\rightarrow$ Alexis
    *   ""Alexis is Timothy's ancestor."" $\rightarrow$ Alexis $\rightarrow$ Timothy
    *   ""Timothy is Kimberly's ancestor."" $\rightarrow$ Timothy $\rightarrow$ Kimberly
    *   ""Kimberly is Joyce's ancestor."" $\rightarrow$ Kimberly $\rightarrow$ Joyce
    *   ""Sharon is Joyce's descendant."" $\rightarrow$ Joyce $\rightarrow$ Sharon
    *   ""Ruth is Sharon's descendant."" $\rightarrow$ Sharon $\rightarrow$ Ruth
    *   ""David is Ruth's descendant."" $\rightarrow$ Ruth $\rightarrow$ David
    *   ""David is Kathleen's ancestor."" $\rightarrow$ David $\rightarrow$ Kathleen
    *   ""Lisa is Kathleen's descendant."" $\rightarrow$ Kathleen $\rightarrow$ Lisa
    *   ""Lisa is Maria's ancestor."" $\rightarrow$ Lisa $\rightarrow$ Maria
    *   ""Bobby is Maria's descendant."" $\rightarrow$ Maria $\rightarrow$ Bobby
    *   ""Bobby is Christina's ancestor."" $\rightarrow$ Bobby $\rightarrow$ Christina
    *   ""Christina is Katherine's ancestor."" $\rightarrow$ Christina $\rightarrow$ Katherine
    *   ""Katherine is Nancy's ancestor."" $\rightarrow$ Katherine $\rightarrow$ Nancy
    *   ""Mary is Nancy's descendant."" $\rightarrow$ Nancy $\rightarrow$ Mary
    *   ""Frank is Mary's descendant."" $\rightarrow$ Mary $\rightarrow$ Frank
    *   ""Frank is Mark's ancestor."" $\rightarrow$ Frank $\rightarrow$ Mark
    *   ""Mark is Edward's ancestor."" $\rightarrow$ Mark $\rightarrow$ Edward
    *   ""Gary is Edward's descendant."" $\rightarrow$ Edward $\rightarrow$ Gary
    *   ""Gary is Russell's ancestor."" $\rightarrow$ Gary $\rightarrow$ Russell
    *   ""Russell is Brandon's ancestor."" $\rightarrow$ Russell $\rightarrow$ Brandon
    *   ""Brandon is Charlotte's ancestor."" $\rightarrow$ Brandon $\rightarrow$ Charlotte
    *   ""Charlotte is Samuel's ancestor."" $\rightarrow$ Charlotte $\rightarrow$ Samuel
    *   ""Samuel is Grace's ancestor."" $\rightarrow$ Samuel $\rightarrow$ Grace
    *   ""Grace is Rebecca's ancestor."" $\rightarrow$ Grace $\rightarrow$ Rebecca
    *   ""Rebecca is Nicholas's ancestor."" $\rightarrow$ Rebecca $\rightarrow$ Nicholas
    *   ""Nicholas is Eugene's ancestor."" $\rightarrow$ Nicholas $\rightarrow$ Eugene
    *   ""Eugene is Julie's ancestor."" $\rightarrow$ Eugene $\rightarrow$ Julie
    *   ""Julie is Cynthia's ancestor."" $\rightarrow$ Julie $\rightarrow$ Cynthia
    *   ""Cynthia is Sean's ancestor."" $\rightarrow$ Cynthia $\rightarrow$ Sean
    *   ""Isabella is Sean's descendant."" $\rightarrow$ Sean $\rightarrow$ Isabella
    *   ""Isabella is Raymond's ancestor."" $\rightarrow$ Isabella $\rightarrow$ Raymond
    *   ""Raymond is Isabella's descendant."" $\rightarrow$ Raymond $\rightarrow$ Isabella (Consistent)
    *   ""Sara is Raymond's descendant."" $\rightarrow$ Raymond $\rightarrow$ Sara
    *   ""Sara is Steven's ancestor."" $\rightarrow$ Sara $\rightarrow$ Steven
    *   ""Matthew is Steven's descendant."" $\rightarrow$ Steven $\rightarrow$ Matthew
    *   ""Matthew is Catherine's ancestor."" $\rightarrow$ Matthew $\rightarrow$ Catherine
    *   ""Donald is Catherine's descendant."" $\rightarrow$ Catherine $\rightarrow$ Donald
    *   ""Donald is Jack's ancestor."" $\rightarrow$ Donald $\rightarrow$ Jack
    *   ""Denise is Jack's descendant."" $\rightarrow$ Jack $\rightarrow$ Denise
    *   ""Gregory is Denise's descendant."" $\rightarrow$ Denise $\rightarrow$ Gregory
    *   ""Gregory is Lawrence's ancestor."" $\rightarrow$ Gregory $\rightarrow$ Lawrence
    *   ""Lawrence is Gerald's ancestor."" $\rightarrow$ Lawrence $\rightarrow$ Gerald
    *   ""Gerald is Joshua's ancestor."" $\rightarrow$ Gerald $\rightarrow$ Joshua
    *   ""Shirley is Joshua's descendant."" $\rightarrow$ Joshua $\rightarrow$ Shirley
    *   ""Shirley is Jason's descendant."" $\rightarrow$ Shirley $\rightarrow$ Jason
    *   ""Jason is Marilyn's ancestor."" $\rightarrow$ Jason $\rightarrow$ Marilyn
    *   ""Marilyn is Teresa's ancestor."" $\rightarrow$ Marilyn $\rightarrow$ Teresa
    *   ""Teresa is Emily's ancestor."" $\rightarrow$ Teresa $\rightarrow$ Emily
    *   ""Emily is Alan's ancestor."" $\rightarrow$ Emily $\rightarrow$ Alan
    *   ""Alan is Debra's ancestor."" $\rightarrow$ Alan $\rightarrow$ Debra
    *   ""Debra is Emma's ancestor."" $\rightarrow$ Debra $\rightarrow$ Emma
    *   ""Emma is Betty's ancestor."" $\rightarrow$ Emma $\rightarrow$ Betty
    *   ""Betty is Hannah's ancestor."" $\rightarrow$ Betty $\rightarrow$ Hannah
    *   ""Hannah is Cheryl's ancestor."" $\rightarrow$ Hannah $\rightarrow$ Cheryl
    *   ""Cheryl is Kenneth's ancestor."" $\rightarrow$ Cheryl $\rightarrow$ Kenneth
    *   So, **Christopher $\rightarrow$ ... $\rightarrow$ Kenneth**.

2.  **Gabriel's Path:**
    *   ""Kenneth is Gabriel's ancestor."" $\rightarrow$ **Gabriel $\rightarrow$ Kenneth**.

3.  **Relationship:**
    *   Since Christopher is an ancestor of Kenneth and Gabriel is an ancestor of Kenneth, **Kenneth is a common descendant of both Christopher and Gabriel**.

Therefore, Christopher and Gabriel share a common descendant.

<ANSWER>1</ANSWER>"
64,DESCENDANT,3,"Given the following lineage relationships:
* Edward is Abigail's descendant.
* Donald is Judy's ancestor.
* Nathan is Lauren's descendant.
* Gloria is Sandra's descendant.
* Dylan is Scott's ancestor.
* Logan is Margaret's ancestor.
* Lauren is Lori's descendant.
* Judy is Grace's ancestor.
* Andrea is Amanda's ancestor.
* Nancy is Angela's descendant.
* Stephen is Ryan's descendant.
* Billy is Logan's ancestor.
* Alexander is Keith's ancestor.
* Jordan is Amber's descendant.
* Bryan is Diana's ancestor.
* Virginia is Danielle's ancestor.
* Paul is Nathan's descendant.
* Scott is Andrea's ancestor.
* Eugene is Margaret's descendant.
* Richard is Ruth's ancestor.
* Roy is Ronald's descendant.
* Brian is Jacqueline's descendant.
* Brian is Abigail's ancestor.
* Beverly is Emily's ancestor.
* Theresa is Jessica's ancestor.
* Grace is Tyler's ancestor.
* Sharon is Austin's ancestor.
* Austin is Beverly's ancestor.
* Megan is Richard's ancestor.
* Vincent is Joe's ancestor.
* Gloria is Carolyn's ancestor.
* Adam is Noah's descendant.
* Steven is Theresa's ancestor.
* Jordan is Sandra's ancestor.
* Denise is Alexander's ancestor.
* Willie is Emily's descendant.
* Roy is Juan's ancestor.
* Ruth is Brandon's ancestor.
* Kyle is Jacqueline's ancestor.
* Karen is Nancy's descendant.
* Katherine is Stephanie's descendant.
* Kyle is Dennis's descendant.
* Eugene is Ronald's ancestor.
* Jessica is Donna's ancestor.
* Steven is Willie's descendant.
* Ryan is Joe's descendant.
* Sharon is Stephen's descendant.
* Stephanie is Danielle's descendant.
* Deborah is Diana's descendant.
* Amber is Deborah's descendant.
* Billy is Adam's descendant.
* Kelly is Noah's ancestor.
* Dylan is Carolyn's descendant.
* Denise is Donna's descendant.
* Dennis is Tyler's descendant.
* Maria is Angela's ancestor.
* Keith is Donald's ancestor.
* Vincent is Juan's descendant.
* Karen is Virginia's ancestor.
* Edward is Megan's ancestor.
* Paul is Maria's ancestor.
* Brandon is Lori's ancestor.
* Bryan is Katherine's descendant.
Determine the lineage relationship between Amanda and Kelly.
Select the correct answer:
1. Amanda and Kelly share a common ancestor.
2. Amanda and Kelly share a common descendant.
3. Amanda is Kelly's descendant.
4. Amanda is Kelly's ancestor.
5. None of the above is correct.
Enclose the selected answer number in the <ANSWER> tag, for example: <ANSWER>1</ANSWER>.",qwen/qwen3.5-9b,,,,"

The problem asks for the lineage relationship between Amanda and Kelly.

1.  **Trace Kelly's lineage:**
    *   Kelly is Noah's ancestor (Kelly $\to$ Noah).
    *   Noah is Adam's ancestor (Noah $\to$ Adam).
    *   Adam is Billy's ancestor (Adam $\to$ Billy).
    *   Billy is Logan's ancestor (Billy $\to$ Logan).
    *   Logan is Margaret's ancestor (Logan $\to$ Margaret).
    *   Margaret is Eugene's descendant (Margaret $\to$ Eugene).
    *   Eugene is Ronald's ancestor (Eugene $\to$ Ronald).
    *   Ronald is Roy's ancestor (Ronald $\to$ Roy).
    *   Roy is Juan's ancestor (Roy $\to$ Juan).
    *   Juan is Vincent's descendant (Juan $\to$ Vincent).
    *   Vincent is Joe's ancestor (Vincent $\to$ Joe).
    *   Joe is Ryan's ancestor (Joe $\to$ Ryan).
    *   Ryan is Stephen's ancestor (Ryan $\to$ Stephen).
    *   Stephen is Sharon's ancestor (Stephen $\to$ Sharon).
    *   Sharon is Austin's ancestor (Sharon $\to$ Austin).
    *   Austin is Beverly's descendant (Austin $\to$ Beverly).
    *   Beverly is Emily's ancestor (Beverly $\to$ Emily).
    *   Emily is Willie's descendant (Emily $\to$ Willie).
    *   Willie is Steven's descendant (Willie $\to$ Steven).
    *   Steven is Theresa's ancestor (Steven $\to$ Theresa).
    *   Theresa is Jessica's ancestor (Theresa $\to$ Jessica).
    *   Jessica is Donna's ancestor (Jessica $\to$ Donna).
    *   Donna is Denise's descendant (Donna $\to$ Denise).
    *   Denise is Alexander's ancestor (Denise $\to$ Alexander).
    *   Alexander is Keith's ancestor (Alexander $\to$ Keith).
    *   **Summary:** Kelly is an ancestor of Keith.

2.  **Trace Donald's lineage:**
    *   Donald is Judy's ancestor (Donald $\to$ Judy).
    *   Judy is Grace's ancestor (Judy $\to$ Grace).
    *   Grace is Tyler's ancestor (Grace $\to$ Tyler).
    *   Tyler is Dennis's ancestor (Grace $\to$ Tyler; Dennis $\leftarrow$ Tyler).
    *   Dennis is Kyle's ancestor (Tyler $\to$ Dennis; Dennis $\to$ Kyle).
    *   Kyle is Jacqueline's ancestor (Kyle $\to$ Jacqueline).
    *   Jacqueline is Brian's ancestor (Jacqueline $\to$ Brian).
    *   Brian is Abigail's ancestor (Brian $\to$ Abigail).
    *   Abigail is Edward's descendant (Abigail $\to$ Edward).
    *   Edward is Megan's ancestor (Edward $\to$ Megan).
    *   Megan is Richard's ancestor (Megan $\to$ Richard).
    *   Richard is Ruth's ancestor (Richard $\to$ Ruth).
    *   Ruth is Brandon's ancestor (Ruth $\to$ Brandon).
    *   Brandon is Lori's ancestor (Brandon $\to$ Lori).
    *   Lori is Lauren's descendant (Lori $\to$ Lauren).
    *   Lauren is Nathan's descendant (Lauren $\to$ Nathan).
    *   Nathan is Paul's descendant (Nathan $\to$ Paul).
    *   Paul is Maria's ancestor (Paul $\to$ Maria).
    *   Maria is Angela's ancestor (Maria $\to$ Angela).
    *   Angela is Nancy's ancestor (Angela $\to$ Nancy).
    *   Nancy is Karen's descendant (Nancy $\to$ Karen).
    *   Karen is Virginia's ancestor (Karen $\to$ Virginia).
    *   Virginia is Danielle's ancestor (Virginia $\to$ Danielle).
    *   Danielle is Stephanie's ancestor (Stephanie is Danielle's descendant $\to$ Danielle $\to$ Stephanie).
    *   Stephanie is Katherine's descendant (Stephanie $\to$ Katherine).
    *   Katherine is Bryan's ancestor (Katherine $\to$ Bryan).
    *   Bryan is Diana's ancestor (Bryan $\to$ Diana).
    *   Diana is Deborah's ancestor (Deborah is Diana's descendant $\to$ Diana $\to$ Deborah).
    *   Deborah is Amber's ancestor (Amber is Deborah's descendant $\to$ Deborah $\to$ Amber).
    *   Amber is Jordan's descendant (Jordan is Amber's descendant $\to$ Amber $\to$ Jordan).
    *   Jordan is Sandra's ancestor (Jordan $\to$ Sandra).
    *   Sandra is Gloria's ancestor (Gloria is Sandra's descendant $\to$ Sandra $\to$ Gloria).
    *   Gloria is Carolyn's ancestor (Gloria $\to$ Carolyn).
    *   Carolyn is Dylan's ancestor (Dylan is Carolyn's descendant $\to$ Carolyn $\to$ Dylan).
    *   Dylan is Scott's ancestor (Dylan $\to$ Scott).
    *   Scott is Andrea's ancestor (Scott $\to$ Andrea).
    *   Andrea is Amanda's ancestor (Scott $\to$ Andrea $\to$ Amanda).
    *   Also, Donald is Keith's ancestor (Donald $\to$ Keith).

3.  **Connect Amanda and Kelly:**
    *   From Kelly's chain: Kelly $\to$ ... $\to$ Alexander $\to$ Keith.
    *   From Donald's chain: Donald $\to$ Keith.
    *   From Donald's chain: Donald $\to$ Amanda.
    *   This means Keith is a common descendant of Kelly and Donald.
    *   Since Donald is an ancestor of Amanda, Amanda is a descendant of Donald.
    *   Kelly is an ancestor of Keith, and Donald is an ancestor of Keith. This implies Kelly and Donald are related (they share a common descendant, Keith).
    *   In genealogy puzzles, if two individuals are connected through a common descendant (making them related, e.g., cousins or ancestors of the same person), they share a common ancestor (the root of their connected lineage).
    *   Specifically, since Donald is an ancestor of Amanda, and Donald is related to Kelly (via Keith), Amanda and Kelly share a common ancestor (likely higher up in the tree than Donald, or Donald itself if Kelly $\to$ Donald, but here they are cousins/ancestors of Keith).
    *   Since they are part of the same lineage tree and connected via Keith, they share a common ancestor. They do not share a common descendant (Keith is not a descendant of Amanda). Amanda is not Kelly's ancestor or descendant.

    Therefore, the relationship is that they share a common ancestor.

<ANSWER>1</ANSWER>"
64,COMMON_ANCESTOR,1,"Given the following lineage relationships:
* Catherine is Joe's descendant.
* Virginia is Donald's ancestor.
* Bryan is Ashley's descendant.
* Isabella is Betty's ancestor.
* Ashley is Andrea's descendant.
* Sarah is Samantha's descendant.
* Amy is Ann's ancestor.
* Patricia is Jesse's ancestor.
* Harold is Bobby's ancestor.
* Abigail is Jacqueline's descendant.
* Thomas is Marie's ancestor.
* Kayla is Pamela's ancestor.
* Kayla is Sean's descendant.
* Martha is Grace's descendant.
* Gary is William's descendant.
* Evelyn is William's ancestor.
* Jesse is Judith's ancestor.
* Bruce is Ethan's ancestor.
* Kyle is Mary's ancestor.
* Jason is Natalie's descendant.
* Lori is Vincent's descendant.
* Bryan is Thomas's ancestor.
* Isabella is Joseph's descendant.
* Lisa is Ryan's ancestor.
* Richard is Andrea's ancestor.
* Shirley is Marilyn's ancestor.
* Lisa is Christopher's descendant.
* Christian is Abigail's descendant.
* Sharon is Kyle's ancestor.
* Joe is Bobby's descendant.
* John is Sharon's ancestor.
* Samantha is Hannah's descendant.
* Jordan is Pamela's descendant.
* Joseph is Alice's descendant.
* Brian is Natalie's ancestor.
* Brian is Eric's descendant.
* Jason is Roy's ancestor.
* Betty is Hannah's ancestor.
* Helen is Grace's ancestor.
* Sarah is Harold's ancestor.
* Steven is Aaron's descendant.
* Karen is Virginia's descendant.
* Laura is Brenda's descendant.
* John is Ethan's descendant.
* Teresa is Ann's descendant.
* Marie is Patricia's ancestor.
* Helen is Teresa's descendant.
* Jordan is Richard's ancestor.
* Eric is Marilyn's descendant.
* Aaron is Martha's descendant.
* Vincent is Catherine's descendant.
* Ryan is Brittany's ancestor.
* Paul is Joyce's ancestor.
* Steven is Christopher's ancestor.
* Mary is Brenda's ancestor.
* Amy is Lori's descendant.
* Roy is Bruce's ancestor.
* Alice is Donald's descendant.
* Karen is Sean's ancestor.
* Evelyn is Christian's descendant.
* Paul is Brittany's descendant.
* Jacqueline is Laura's descendant.
* Joyce is Shirley's ancestor.
Determine the lineage relationship between Gary and Judith.
Select the correct answer:
1. Gary and Judith share a common ancestor.
2. Gary and Judith share a common descendant.
3. Gary is Judith's ancestor.
4. Gary is Judith's descendant.
5. None of the above is correct.
Enclose the selected answer number in the <ANSWER> tag, for example: <ANSWER>1</ANSWER>.",qwen/qwen3.5-9b,,,,"

To determine the lineage relationship between Gary and Judith, we need to trace the family tree connections provided in the text.

**1. Tracing the lineage of Gary:**
*   **Gary** is a descendant of **William**.
*   **William** is a descendant of **Evelyn**.
*   **Evelyn** is a descendant of **Christian**.
*   **Christian** is a descendant of **Abigail**.
*   **Abigail** is a descendant of **Jacqueline**.
*   **Jacqueline** is a descendant of **Laura**.
*   **Laura** is a descendant of **Brenda**.
*   **Brenda** is a descendant of **Mary**.
*   **Mary** is a descendant of **Kyle**.
*   **Kyle** is a descendant of **Sharon**.
*   **Sharon** is a descendant of **John**.
*   **John** is a descendant of **Ethan**.
*   **Ethan** is a descendant of **Bruce**.
*   **Bruce** is a descendant of **Roy**.
*   **Roy** is a descendant of **Jason**.
*   **Jason** is a descendant of **Natalie**.
*   **Natalie** is a descendant of **Brian**.
*   **Brian** is a descendant of **Eric**.
*   **Eric** is a descendant of **Marilyn**.
*   **Marilyn** is a descendant of **Shirley**.
*   **Shirley** is a descendant of **Joyce**.
*   **Joyce** is a descendant of **Paul**.
*   **Paul** is a descendant of **Brittany**.
*   **Brittany** is a descendant of **Ryan**.
*   **Ryan** is a descendant of **Lisa**.
*   **Lisa** is a descendant of **Christopher**.
*   **Christopher** is a descendant of **Steven**.
*   **Steven** is a descendant of **Aaron**.
*   **Aaron** is a descendant of **Martha**.
*   **Martha** is a descendant of **Grace**.
*   **Grace** is a descendant of **Helen**.
*   **Helen** is a descendant of **Teresa**.
*   **Teresa** is a descendant of **Ann**.
*   **Ann** is a descendant of **Amy**.
*   So, **Amy is an ancestor of Gary** (Amy $\downarrow$ ... $\downarrow$ Gary).

**2. Tracing the lineage of Amy to find further ancestors:**
*   **Amy** is a descendant of **Lori**.
*   **Lori** is a descendant of **Vincent**.
*   **Vincent** is a descendant of **Catherine**.
*   **Catherine** is a descendant of **Joe**.
*   **Joe** is a descendant of **Bobby**.
*   **Bobby** is a descendant of **Harold**.
*   **Harold** is a descendant of **Sarah**.
*   **Sarah** is a descendant of **Samantha**.
*   **Samantha** is a descendant of **Hannah**.
*   **Hannah** is a descendant of **Betty**.
*   **Betty** is a descendant of **Isabella**.
*   **Isabella** is a descendant of **Joseph**.
*   **Joseph** is a descendant of **Alice**.
*   **Alice** is a descendant of **Donald**.
*   **Donald** is a descendant of **Virginia**.
*   **Virginia** is a descendant of **Karen**.
*   So, **Karen is an ancestor of Amy** (Karen $\downarrow$ ... $\downarrow$ Amy).
*   Combining these, **Karen is an ancestor of Gary**.

**3. Tracing the lineage of Judith:**
*   **Judith** is a descendant of **Jesse**.
*   **Jesse** is a descendant of **Patricia**.
*   **Patricia** is a descendant of **Marie**.
*   **Marie** is a descendant of **Thomas**.
*   **Thomas** is a descendant of **Bryan**.
*   **Bryan** is a descendant of **Ashley**.
*   **Ashley** is a descendant of **Andrea**.
*   **Andrea** is a descendant of **Richard**.
*   **Richard** is a descendant of **Jordan**.
*   **Jordan** is a descendant of **Pamela**.
*   **Pamela** is a descendant of **Kayla**.
*   **Kayla** is a descendant of **Sean**.
*   **Sean** is a descendant of **Karen**. (From ""Karen is Sean's ancestor"" $\Rightarrow$ Karen $\downarrow$ Sean. Wait, ""Karen is Sean's ancestor"" means Karen is above Sean. So Karen $\downarrow$ Sean.)
    *   Check statements: ""Kayla is Sean's descendant"" (Sean $\downarrow$ Kayla). ""Karen is Sean's ancestor"" (Sean $\downarrow$ Karen). This implies Sean is the descendant of Karen? No, ""X is Y's ancestor"" means X is above Y. So Karen $\downarrow$ Sean.
    *   Wait, let's re-read ""Kayla is Pamela's ancestor."" (Kayla $\downarrow$ Pamela).
    *   ""Jordan is Pamela's descendant."" (Pamela $\downarrow$ Jordan).
    *   ""Karen is Sean's ancestor."" (Karen $\downarrow$ Sean).
    *   ""Kayla is Sean's descendant."" (Sean $\downarrow$ Kayla).
    *   So Karen $\downarrow$ Sean $\downarrow$ Kayla $\downarrow$ Pamela $\downarrow$ Jordan $\downarrow$ Richard $\downarrow$ Andrea $\downarrow$ Ashley $\downarrow$ Bryan $\downarrow$ Thomas $\downarrow$ Marie $\downarrow$ Patricia $\downarrow$ Jesse $\downarrow$ Judith.
    *   So **Karen is an ancestor of Judith**.

**Conclusion:**
Since **Karen** is an ancestor of **Gary** and **Karen** is an ancestor of **Judith**, Gary and Judith share a common ancestor (Karen).

<ANSWER>1</ANSWER>"
64,COMMON_DESCENDANT,3,"Given the following lineage relationships:
* Wayne is Kenneth's descendant.
* Gabriel is Ethan's descendant.
* Charlotte is Abigail's descendant.
* Kevin is Dylan's ancestor.
* Kayla is Charles's ancestor.
* Shirley is Russell's ancestor.
* Nathan is Isabella's descendant.
* Walter is Brenda's ancestor.
* Joseph is Arthur's ancestor.
* Logan is Frances's descendant.
* Nancy is George's ancestor.
* Jacob is Walter's ancestor.
* Jennifer is Amanda's ancestor.
* Theresa is Debra's descendant.
* Charlotte is Timothy's ancestor.
* Peter is Alan's descendant.
* Brittany is Gabriel's descendant.
* Beverly is Abigail's ancestor.
* Timothy is Ashley's ancestor.
* Stephanie is Brittany's descendant.
* Christine is Diane's ancestor.
* Mark is Denise's ancestor.
* John is Eugene's ancestor.
* Amanda is Thomas's ancestor.
* Christopher is Heather's descendant.
* Randy is Marie's ancestor.
* Eric is Noah's ancestor.
* Logan is Gary's ancestor.
* Deborah is Ryan's descendant.
* Kenneth is Brenda's descendant.
* Jessica is Marie's descendant.
* Denise is Janet's descendant.
* George is Bobby's ancestor.
* Debra is Christina's descendant.
* John is Harold's descendant.
* Charles is Joseph's ancestor.
* Jennifer is Judy's descendant.
* Karen is Carolyn's ancestor.
* Deborah is Frances's ancestor.
* Billy is Nancy's ancestor.
* Shirley is Diane's descendant.
* Julia is Gerald's ancestor.
* Arthur is Isabella's ancestor.
* Billy is Theresa's descendant.
* Thomas is Mark's ancestor.
* Eric is Jacqueline's descendant.
* Jacob is Gerald's descendant.
* Stephanie is Kevin's ancestor.
* Christopher is Janet's ancestor.
* Eugene is Heather's ancestor.
* Dylan is Natalie's ancestor.
* Kayla is Gary's descendant.
* Harold is Nathan's descendant.
* Evelyn is Ethan's ancestor.
* Ryan is Natalie's descendant.
* Alan is Russell's descendant.
* Carolyn is Jacqueline's ancestor.
* Karen is Wayne's descendant.
* Jessica is Beverly's ancestor.
* Julia is Ashley's descendant.
* Peter is Evelyn's ancestor.
* Bobby is Randy's ancestor.
* Judy is Noah's descendant.
Determine the lineage relationship between Christine and Christina.
Select the correct answer:
1. Christine is Christina's ancestor.
2. Christine and Christina share a common ancestor.
3. Christine and Christina share a common descendant.
4. Christine is Christina's descendant.
5. None of the above is correct.
Enclose the selected answer number in the <ANSWER> tag, for example: <ANSWER>1</ANSWER>.",qwen/qwen3.5-9b,,,,"

The lineage relationships provide the following information regarding Christine and Christina:

1.  **Christine's Lineage:**
    *   `Christine is Diane's ancestor` (Christine $\rightarrow$ Diane)
    *   `Shirley is Diane's descendant` (Diane $\rightarrow$ Shirley)
    *   `Shirley is Russell's ancestor` (Shirley $\rightarrow$ Russell)
    *   `Alan is Russell's descendant` (Russell $\rightarrow$ Alan)
    *   `Peter is Alan's descendant` (Alan $\rightarrow$ Peter)
    *   `Peter is Evelyn's ancestor` (Peter $\rightarrow$ Evelyn)
    *   `Evelyn is Ethan's ancestor` (Evelyn $\rightarrow$ Ethan)
    *   `Gabriel is Ethan's descendant` (Ethan $\rightarrow$ Gabriel)
    *   `Brittany is Gabriel's descendant` (Gabriel $\rightarrow$ Brittany)
    *   `Stephanie is Brittany's descendant` (Brittany $\rightarrow$ Stephanie)
    *   `Stephanie is Kevin's ancestor` (Stephanie $\rightarrow$ Kevin)
    *   `Kevin is Dylan's ancestor` (Kevin $\rightarrow$ Dylan)
    *   `Dylan is Natalie's ancestor` (Dylan $\rightarrow$ Natalie)
    *   `Ryan is Natalie's descendant` (Natalie $\rightarrow$ Ryan)
    *   `Deborah is Ryan's descendant` (Ryan $\rightarrow$ Deborah)
    *   `Deborah is Frances's ancestor` (Deborah $\rightarrow$ Frances)
    *   `Logan is Frances's descendant` (Frances $\rightarrow$ Logan)
    *   `Logan is Gary's ancestor` (Logan $\rightarrow$ Gary)
    *   `Kayla is Gary's descendant` (Gary $\rightarrow$ Kayla)
    *   `Kayla is Charles's ancestor` (Kayla $\rightarrow$ Charles)
    *   `Charles is Joseph's ancestor` (Charles $\rightarrow$ Joseph)
    *   `Joseph is Arthur's ancestor` (Joseph $\rightarrow$ Arthur)
    *   `Arthur is Isabella's ancestor` (Arthur $\rightarrow$ Isabella)
    *   `Nathan is Isabella's descendant` (Isabella $\rightarrow$ Nathan)
    *   `Harold is Nathan's descendant` (Nathan $\rightarrow$ Harold)
    *   `John is Harold's descendant` (Harold $\rightarrow$ John)
    *   `John is Eugene's ancestor` (John $\rightarrow$ Eugene)
    *   `Eugene is Heather's ancestor` (Eugene $\rightarrow$ Heather)
    *   `Christopher is Heather's descendant` (Heather $\rightarrow$ Christopher)
    *   `Christopher is Janet's ancestor` (Christopher $\rightarrow$ Janet)
    *   `Denise is Janet's descendant` (Janet $\rightarrow$ Denise)
    *   `Mark is Denise's ancestor` (Denise $\rightarrow$ Mark)
    *   `Thomas is Mark's ancestor` (Mark $\rightarrow$ Thomas)
    *   `Amanda is Thomas's ancestor` (Thomas $\rightarrow$ Amanda)
    *   `Jennifer is Amanda's ancestor` (Amanda $\rightarrow$ Jennifer)
    *   `Jennifer is Judy's descendant` (Judy $\rightarrow$ Jennifer)
    *   `Judy is Noah's descendant` (Noah $\rightarrow$ Judy)
    *   `Eric is Noah's ancestor` (Noah $\rightarrow$ Eric)
    *   `Eric is Jacqueline's descendant` (Jacqueline $\rightarrow$ Eric)
    *   `Carolyn is Jacqueline's ancestor` (Jacqueline $\rightarrow$ Carolyn)
    *   `Karen is Carolyn's ancestor` (Carolyn $\rightarrow$ Karen)
    *   `Karen is Wayne's descendant` (Wayne $\rightarrow$ Karen)
    *   `Wayne is Kenneth's descendant` (Kenneth $\rightarrow$ Wayne)
    *   `Kenneth is Brenda's descendant` (Brenda $\rightarrow$ Kenneth)
    *   This chain connects **Christine** to **Kenneth**, meaning **Christine is an ancestor of Kenneth**.

2.  **Christina's Lineage:**
    *   `Debra is Christina's descendant` (Christina $\rightarrow$ Debra)
    *   `Theresa is Debra's descendant` (Debra $\rightarrow$ Theresa)
    *   `Billy is Theresa's descendant` (Theresa $\rightarrow$ Billy)
    *   `Billy is Nancy's ancestor` (Billy $\rightarrow$ Nancy)
    *   `Nancy is George's ancestor` (Nancy $\rightarrow$ George)
    *   `George is Bobby's ancestor` (George $\rightarrow$ Bobby)
    *   `Bobby is Randy's ancestor` (Bobby $\rightarrow$ Randy)
    *   `Randy is Marie's ancestor` (Randy $\rightarrow$ Marie)
    *   `Jessica is Marie's descendant` (Marie $\rightarrow$ Jessica)
    *   `Jessica is Beverly's ancestor` (Jessica $\rightarrow$ Beverly)
    *   `Beverly is Abigail's ancestor` (Beverly $\rightarrow$ Abigail)
    *   `Charlotte is Abigail's descendant` (Abigail $\rightarrow$ Charlotte)
    *   `Charlotte is Timothy's ancestor` (Charlotte $\rightarrow$ Timothy)
    *   `Timothy is Ashley's ancestor` (Timothy $\rightarrow$ Ashley)
    *   `Julia is Ashley's descendant` (Ashley $\rightarrow$ Julia)
    *   `Julia is Gerald's ancestor` (Julia $\rightarrow$ Gerald)
    *   `Jacob is Gerald's descendant` (Gerald $\rightarrow$ Jacob)
    *   `Jacob is Walter's ancestor` (Jacob $\rightarrow$ Walter)
    *   `Walter is Brenda's ancestor` (Walter $\rightarrow$ Brenda)
    *   This chain connects **Christina** to **Brenda**, meaning **Christina is an ancestor of Brenda**.
    *   Since **Christina is an ancestor of Brenda** and **Brenda is an ancestor of Kenneth** (from the previous analysis: `Kenneth is Brenda's descendant`), **Christina is an ancestor of Kenneth**.

3.  **Relationship between Christine and Christina:**
    *   **Christine** is an ancestor of **Kenneth**.
    *   **Christina** is an ancestor of **Kenneth**.
    *   Therefore, **Kenneth** is a **common descendant** of both Christine and Christina.
    *   Neither name appears as a descendant or ancestor of the other in the chain (Christine is not in Christina's chain, and Christina is not in Christine's chain, though they merge at Kenneth).
    *   Option 1 (""Christine is Christina's ancestor"") is incorrect.
    *   Option 2 (""Share a common ancestor"") is incorrect (they are distinct starting points of their respective chains, merging downstream).
    *   Option 4 (""Christine is Christina's descendant"") is incorrect.
    *   Option 3 (""Christine and Christina share a common descendant"") is correct.

<ANSWER>3</ANSWER>"
64,ANCESTOR,2,"Given the following lineage relationships:
* Thomas is Billy's ancestor.
* Ruth is Susan's ancestor.
* Larry is Peter's ancestor.
* Ruth is Alice's descendant.
* Bradley is Bryan's descendant.
* Gerald is Noah's ancestor.
* Lori is Daniel's ancestor.
* Richard is Kyle's ancestor.
* Judith is Lori's ancestor.
* Grace is Noah's descendant.
* Diane is Grace's descendant.
* Danielle is Mason's descendant.
* Adam is Patrick's ancestor.
* Teresa is Gloria's ancestor.
* Rachel is Gloria's descendant.
* Karen is Jacob's ancestor.
* Bruce is Tyler's ancestor.
* Diane is John's ancestor.
* Carol is Andrea's ancestor.
* Megan is Kayla's ancestor.
* Bruce is Doris's descendant.
* Danielle is Eric's ancestor.
* Peter is Diana's ancestor.
* Doris is Donna's descendant.
* Abigail is Michael's ancestor.
* Andrea is Katherine's ancestor.
* Ralph is Eugene's ancestor.
* Ryan is Marie's ancestor.
* Joshua is Kyle's descendant.
* Russell is Amber's ancestor.
* Emily is Michael's descendant.
* Ashley is Terry's ancestor.
* Catherine is Rachel's descendant.
* Sean is John's descendant.
* Olivia is Scott's ancestor.
* Olivia is Beverly's descendant.
* Donna is Donald's descendant.
* Terry is Karen's ancestor.
* Emily is Ann's ancestor.
* Susan is Thomas's ancestor.
* Matthew is Abigail's ancestor.
* Linda is Judy's descendant.
* Eugene is Adam's ancestor.
* Scott is Teresa's ancestor.
* Gary is Judith's ancestor.
* Billy is Ashley's ancestor.
* Bryan is Daniel's descendant.
* Diana is Gary's ancestor.
* Tyler is Judy's ancestor.
* Bradley is Mason's ancestor.
* Amber is Alice's ancestor.
* Patrick is Richard's ancestor.
* Megan is Jacob's descendant.
* Sean is Carol's ancestor.
* Joshua is Ryan's ancestor.
* Lisa is Linda's descendant.
* Catherine is Ralph's ancestor.
* Gerald is Eric's descendant.
* Donald is Jason's descendant.
* Ann is Larry's ancestor.
* Marie is Matthew's ancestor.
* Jason is Kayla's descendant.
* Lisa is Beverly's ancestor.
Determine the lineage relationship between Russell and Katherine.
Select the correct answer:
1. Russell is Katherine's descendant.
2. Russell is Katherine's ancestor.
3. Russell and Katherine share a common descendant.
4. Russell and Katherine share a common ancestor.
5. None of the above is correct.
Enclose the selected answer number in the <ANSWER> tag, for example: <ANSWER>1</ANSWER>.",qwen/qwen3.5-9b,,,,"

To determine the lineage relationship between Russell and Katherine, we need to trace the chain of ancestors and descendants connecting them using the provided facts.

1.  **Trace from Russell:**
    *   **Russell** is **Amber's** ancestor. (Fact: ""Russell is Amber's ancestor."") -> `Russell -> Amber`
    *   **Amber** is **Alice's** ancestor. (Fact: ""Amber is Alice's ancestor."") -> `Amber -> Alice`
    *   **Ruth** is **Alice's** descendant. (Fact: ""Ruth is Alice's descendant."") -> `Alice -> Ruth`
    *   **Ruth** is **Susan's** ancestor. (Fact: ""Ruth is Susan's ancestor."") -> `Ruth -> Susan`
    *   **Susan** is **Thomas's** ancestor. (Fact: ""Susan is Thomas's ancestor."") -> `Susan -> Thomas`
    *   **Thomas** is **Billy's** ancestor. (Fact: ""Thomas is Billy's ancestor."") -> `Thomas -> Billy`
    *   **Billy** is **Ashley's** ancestor. (Fact: ""Billy is Ashley's ancestor."") -> `Billy -> Ashley`
    *   **Ashley** is **Terry's** ancestor. (Fact: ""Ashley is Terry's ancestor."") -> `Ashley -> Terry`
    *   **Terry** is **Karen's** ancestor. (Fact: ""Terry is Karen's ancestor."") -> `Terry -> Karen`
    *   **Karen** is **Jacob's** ancestor. (Fact: ""Karen is Jacob's ancestor."") -> `Karen -> Jacob`
    *   **Jacob** is **Megan's** ancestor. (Fact: ""Megan is Jacob's descendant."") -> `Jacob -> Megan`
    *   **Megan** is **Kayla's** ancestor. (Fact: ""Megan is Kayla's ancestor."") -> `Megan -> Kayla`
    *   **Kayla** is **Jason's** ancestor. (Fact: ""Jason is Kayla's descendant."") -> `Kayla -> Jason`
    *   **Jason** is **Donald's** ancestor. (Fact: ""Donald is Jason's descendant."") -> `Jason -> Donald`
    *   **Donald** is **Donna's** ancestor. (Fact: ""Donna is Donald's descendant."") -> `Donald -> Donna`
    *   **Donna** is **Doris's** ancestor. (Fact: ""Doris is Donna's descendant."") -> `Donna -> Doris`
    *   **Doris** is **Bruce's** ancestor. (Fact: ""Bruce is Doris's descendant."") -> `Doris -> Bruce`
    *   **Bruce** is **Tyler's** ancestor. (Fact: ""Bruce is Tyler's ancestor."") -> `Bruce -> Tyler`
    *   **Tyler** is **Judy's** ancestor. (Fact: ""Tyler is Judy's ancestor."") -> `Tyler -> Judy`
    *   **Judy** is **Linda's** ancestor. (Fact: ""Linda is Judy's descendant."") -> `Judy -> Linda`
    *   **Linda** is **Lisa's** ancestor. (Fact: ""Lisa is Linda's descendant."") -> `Linda -> Lisa`
    *   **Lisa** is **Beverly's** ancestor. (Fact: ""Lisa is Beverly's ancestor."") -> `Lisa -> Beverly`
    *   **Beverly** is **Olivia's** ancestor. (Fact: ""Olivia is Beverly's descendant."") -> `Beverly -> Olivia`
    *   **Olivia** is **Scott's** ancestor. (Fact: ""Olivia is Scott's ancestor."") -> `Olivia -> Scott`
    *   **Scott** is **Teresa's** ancestor. (Fact: ""Scott is Teresa's ancestor."") -> `Scott -> Teresa`
    *   **Teresa** is **Gloria's** ancestor. (Fact: ""Teresa is Gloria's ancestor."") -> `Teresa -> Gloria`
    *   **Gloria** is **Rachel's** ancestor. (Fact: ""Rachel is Gloria's descendant."") -> `Gloria -> Rachel`
    *   **Rachel** is **Catherine's** ancestor. (Fact: ""Catherine is Rachel's descendant."") -> `Rachel -> Catherine`

2.  **Trace from Catherine to Katherine:**
    *   **Catherine** is **Ralph's** ancestor. (Fact: ""Catherine is Ralph's ancestor."") -> `Catherine -> Ralph`
    *   **Ralph** is **Eugene's** ancestor. (Fact: ""Ralph is Eugene's ancestor."") -> `Ralph -> Eugene`
    *   **Eugene** is **Adam's** ancestor. (Fact: ""Eugene is Adam's ancestor."") -> `Eugene -> Adam`
    *   **Adam** is **Patrick's** ancestor. (Fact: ""Adam is Patrick's ancestor."") -> `Adam -> Patrick`
    *   **Patrick** is **Richard's** ancestor. (Fact: ""Patrick is Richard's ancestor."") -> `Patrick -> Richard`
    *   **Richard** is **Kyle's** ancestor. (Fact: ""Richard is Kyle's ancestor."") -> `Richard -> Kyle`
    *   **Kyle** is **Joshua's** ancestor. (Fact: ""Joshua is Kyle's descendant."") -> `Kyle -> Joshua`
    *   **Joshua** is **Ryan's** ancestor. (Fact: ""Joshua is Ryan's ancestor."") -> `Joshua -> Ryan`
    *   **Ryan** is **Marie's** ancestor. (Fact: ""Ryan is Marie's ancestor."") -> `Ryan -> Marie`
    *   **Marie** is **Matthew's** ancestor. (Fact: ""Marie is Matthew's ancestor."") -> `Marie -> Matthew`
    *   **Matthew** is **Abigail's** ancestor. (Fact: ""Matthew is Abigail's ancestor."") -> `Matthew -> Abigail`
    *   **Abigail** is **Michael's** ancestor. (Fact: ""Abigail is Michael's ancestor."") -> `Abigail -> Michael`
    *   **Michael** is **Emily's** ancestor. (Fact: ""Emily is Michael's descendant."") -> `Michael -> Emily`
    *   **Emily** is **Ann's** ancestor. (Fact: ""Emily is Ann's ancestor."") -> `Emily -> Ann`
    *   **Ann** is **Larry's** ancestor. (Fact: ""Ann is Larry's ancestor."") -> `Ann -> Larry`
    *   **Larry** is **Peter's** ancestor. (Fact: ""Larry is Peter's ancestor."") -> `Larry -> Peter`
    *   **Peter** is **Diana's** ancestor. (Fact: ""Peter is Diana's ancestor."") -> `Peter -> Diana`
    *   **Diana** is **Gary's** ancestor. (Fact: ""Diana is Gary's ancestor."") -> `Diana -> Gary`
    *   **Gary** is **Judith's** ancestor. (Fact: ""Gary is Judith's ancestor."") -> `Gary -> Judith`
    *   **Judith** is **Lori's** ancestor. (Fact: ""Judith is Lori's ancestor."") -> `Judith -> Lori`
    *   **Lori** is **Daniel's** ancestor. (Fact: ""Lori is Daniel's ancestor."") -> `Lori -> Daniel`
    *   **Daniel** is **Bryan's** ancestor. (Fact: ""Bryan is Daniel's descendant."") -> `Daniel -> Bryan`
    *   **Bryan** is **Bradley's** ancestor. (Fact: ""Bradley is Bryan's descendant."") -> `Bryan -> Bradley`
    *   **Bradley** is **Mason's** ancestor. (Fact: ""Bradley is Mason's ancestor."") -> `Bradley -> Mason`
    *   **Mason** is **Danielle's** ancestor. (Fact: ""Danielle is Mason's descendant."") -> `Mason -> Danielle`
    *   **Danielle** is **Eric's** ancestor. (Fact: ""Danielle is Eric's ancestor."") -> `Danielle -> Eric`
    *   **Eric** is **Gerald's** ancestor. (Fact: ""Gerald is Eric's descendant."") -> `Eric -> Gerald`
    *   **Gerald** is **Noah's** ancestor. (Fact: ""Gerald is Noah's ancestor."") -> `Gerald -> Noah`
    *   **Noah** is **Grace's** ancestor. (Fact: ""Grace is Noah's descendant."") -> `Noah -> Grace`
    *   **Grace** is **Diane's** ancestor. (Fact: ""Diane is Grace's descendant."") -> `Grace -> Diane`
    *   **Diane** is **John's** ancestor. (Fact: ""Diane is John's ancestor."") -> `Diane -> John`
    *   **John** is **Sean's** ancestor. (Fact: ""Sean is John's descendant."") -> `John -> Sean`
    *   **Sean** is **Carol's** ancestor. (Fact: ""Sean is Carol's ancestor."") -> `Sean -> Carol`
    *   **Carol** is **Andrea's** ancestor. (Fact: ""Carol is Andrea's ancestor."") -> `Carol -> Andrea`
    *   **Andrea** is **Katherine's** ancestor. (Fact: ""Andrea is Katherine's ancestor."") -> `Andrea -> Katherine`

3.  **Conclusion:**
    Combining these chains, we have a continuous lineage:
    `Russell -> ... -> Catherine -> ... -> Katherine`
    This establishes that Russell is an ancestor of Katherine.

<ANSWER>2</ANSWER>"
64,DESCENDANT,3,"Given the following lineage relationships:
* Philip is Michael's ancestor.
* Timothy is Elijah's descendant.
* Jordan is Diana's descendant.
* Carolyn is Anna's descendant.
* Eric is Tyler's ancestor.
* Lori is Arthur's descendant.
* Jeffrey is Daniel's ancestor.
* Benjamin is Sarah's ancestor.
* Diane is Sara's ancestor.
* Nicholas is Melissa's descendant.
* Melissa is Randy's descendant.
* Charles is Anna's ancestor.
* Rebecca is Michael's descendant.
* Dylan is Shirley's ancestor.
* Randy is Daniel's descendant.
* Alan is Alexis's descendant.
* Sarah is Dennis's ancestor.
* Theresa is Thomas's descendant.
* Gerald is Michelle's descendant.
* Madison is Diane's ancestor.
* Evelyn is Danielle's descendant.
* Danielle is Jean's descendant.
* Edward is Nicholas's descendant.
* William is Eric's ancestor.
* Logan is Lori's descendant.
* Jennifer is Peter's ancestor.
* Brian is Philip's ancestor.
* Michelle is Olivia's descendant.
* Kimberly is Alice's descendant.
* William is Karen's descendant.
* Alexis is Willie's descendant.
* Ashley is Ralph's descendant.
* Debra is Nicole's descendant.
* Willie is Dennis's descendant.
* Jordan is Carl's ancestor.
* Karen is Juan's descendant.
* Madison is Debra's descendant.
* Carolyn is Dylan's ancestor.
* Joseph is Arthur's ancestor.
* Noah is Samantha's ancestor.
* Natalie is Evelyn's descendant.
* Russell is Timothy's descendant.
* Edward is Diana's ancestor.
* Grace is Jean's ancestor.
* Russell is Bradley's ancestor.
* Ralph is Cheryl's descendant.
* Carl is Grace's ancestor.
* Juan is Rebecca's descendant.
* Jennifer is Natalie's descendant.
* Jeffrey is Kimberly's descendant.
* Sara is Thomas's ancestor.
* Nathan is Brian's ancestor.
* Theresa is Alice's ancestor.
* Olivia is Peter's descendant.
* Nicole is Ashley's descendant.
* Benjamin is Shirley's descendant.
* Charles is Logan's descendant.
* Noah is Bradley's descendant.
* Teresa is Samantha's descendant.
* Alan is Cheryl's ancestor.
* Gerald is Elijah's ancestor.
* Joseph is Tyler's descendant.
* Joan is Teresa's descendant.
Determine the lineage relationship between Joan and Nathan.
Select the correct answer:
1. Joan and Nathan share a common descendant.
2. Joan is Nathan's ancestor.
3. Joan is Nathan's descendant.
4. Joan and Nathan share a common ancestor.
5. None of the above is correct.
Enclose the selected answer number in the <ANSWER> tag, for example: <ANSWER>1</ANSWER>.",qwen/qwen3.5-9b,,,,"

To determine the lineage relationship between Joan and Nathan, we trace the connections provided in the statements. We will establish a path from Nathan to Joan.

1.  **Start with Nathan:**
    *   ""Nathan is Brian's ancestor."" $\rightarrow$ Nathan is an ancestor of Brian.
2.  **From Brian:**
    *   ""Brian is Philip's ancestor."" $\rightarrow$ Brian is an ancestor of Philip.
    *   ""Philip is Michael's ancestor."" $\rightarrow$ Michael is a descendant of Philip.
    *   ""Rebecca is Michael's descendant."" $\rightarrow$ Rebecca is a descendant of Michael.
    *   ""Juan is Rebecca's descendant."" $\rightarrow$ Juan is a descendant of Rebecca.
    *   ""Karen is Juan's descendant."" $\rightarrow$ Karen is a descendant of Juan.
    *   ""William is Karen's descendant."" $\rightarrow$ William is a descendant of Karen.
    *   ""William is Eric's ancestor."" $\rightarrow$ William is an ancestor of Eric.
    *   ""Eric is Tyler's ancestor."" $\rightarrow$ Eric is an ancestor of Tyler.
    *   ""Joseph is Tyler's descendant."" $\rightarrow$ Joseph is a descendant of Tyler.
    *   ""Joseph is Arthur's ancestor."" $\rightarrow$ Joseph is an ancestor of Arthur.
    *   ""Lori is Arthur's descendant."" $\rightarrow$ Lori is a descendant of Arthur.
    *   ""Logan is Lori's descendant."" $\rightarrow$ Logan is a descendant of Lori.
    *   ""Charles is Logan's descendant."" $\rightarrow$ Charles is a descendant of Logan.
    *   ""Charles is Anna's ancestor."" $\rightarrow$ Charles is an ancestor of Anna.
    *   ""Carolyn is Anna's descendant."" $\rightarrow$ Carolyn is a descendant of Anna.
    *   ""Carolyn is Dylan's ancestor."" $\rightarrow$ Carolyn is an ancestor of Dylan.
    *   ""Dylan is Shirley's ancestor."" $\rightarrow$ Dylan is an ancestor of Shirley.
    *   ""Benjamin is Shirley's descendant."" $\rightarrow$ Benjamin is a descendant of Shirley.
    *   ""Benjamin is Sarah's ancestor."" $\rightarrow$ Benjamin is an ancestor of Sarah.
    *   ""Sarah is Dennis's ancestor."" $\rightarrow$ Sarah is an ancestor of Dennis.
    *   ""Willie is Dennis's descendant."" $\rightarrow$ Willie is a descendant of Dennis.
    *   ""Alexis is Willie's descendant."" $\rightarrow$ Alexis is a descendant of Willie.
    *   ""Alan is Alexis's descendant."" $\rightarrow$ Alan is a descendant of Alexis.
    *   ""Alan is Cheryl's ancestor."" $\rightarrow$ Alan is an ancestor of Cheryl.
    *   ""Ralph is Cheryl's descendant."" $\rightarrow$ Ralph is a descendant of Cheryl.
    *   ""Ashley is Ralph's descendant."" $\rightarrow$ Ashley is a descendant of Ralph.
    *   ""Nicole is Ashley's descendant."" $\rightarrow$ Nicole is a descendant of Ashley.
    *   ""Debra is Nicole's descendant."" $\rightarrow$ Debra is a descendant of Nicole.
    *   ""Madison is Debra's descendant."" $\rightarrow$ Madison is a descendant of Debra.
    *   ""Madison is Diane's ancestor."" $\rightarrow$ Madison is an ancestor of Diane.
    *   ""Diane is Sara's ancestor."" $\rightarrow$ Diane is an ancestor of Sara.
    *   ""Sara is Thomas's ancestor."" $\rightarrow$ Sara is an ancestor of Thomas.
    *   ""Theresa is Thomas's descendant."" $\rightarrow$ Theresa is a descendant of Thomas.
    *   ""Theresa is Alice's ancestor."" $\rightarrow$ Theresa is an ancestor of Alice.
    *   ""Kimberly is Alice's descendant."" $\rightarrow$ Kimberly is a descendant of Alice.
    *   ""Jeffrey is Kimberly's descendant."" $\rightarrow$ Jeffrey is a descendant of Kimberly.
    *   ""Jeffrey is Daniel's ancestor."" $\rightarrow$ Jeffrey is an ancestor of Daniel.
    *   ""Randy is Daniel's descendant."" $\rightarrow$ Randy is a descendant of Daniel.
    *   ""Melissa is Randy's descendant."" $\rightarrow$ Melissa is a descendant of Randy.
    *   ""Nicholas is Melissa's descendant."" $\rightarrow$ Nicholas is a descendant of Melissa.
    *   ""Edward is Nicholas's descendant."" $\rightarrow$ Edward is a descendant of Nicholas.
    *   ""Edward is Diana's ancestor."" $\rightarrow$ Edward is an ancestor of Diana.
    *   ""Jordan is Diana's descendant."" $\rightarrow$ Jordan is a descendant of Diana.
    *   ""Jordan is Carl's ancestor."" $\rightarrow$ Jordan is an ancestor of Carl.
    *   ""Carl is Grace's ancestor."" $\rightarrow$ Carl is an ancestor of Grace.
    *   ""Grace is Jean's ancestor."" $\rightarrow$ Grace is an ancestor of Jean.
    *   ""Danielle is Jean's descendant."" $\rightarrow$ Danielle is a descendant of Jean.
    *   ""Evelyn is Danielle's descendant."" $\rightarrow$ Evelyn is a descendant of Danielle.
    *   ""Natalie is Evelyn's descendant."" $\rightarrow$ Natalie is a descendant of Evelyn.
    *   ""Jennifer is Natalie's descendant."" $\rightarrow$ Jennifer is a descendant of Natalie.
    *   ""Jennifer is Peter's ancestor."" $\rightarrow$ Jennifer is an ancestor of Peter.
    *   ""Olivia is Peter's descendant."" $\rightarrow$ Olivia is a descendant of Peter.
    *   ""Michelle is Olivia's descendant."" $\rightarrow$ Michelle is a descendant of Olivia.
    *   ""Gerald is Michelle's descendant."" $\rightarrow$ Gerald is a descendant of Michelle.
    *   ""Gerald is Elijah's ancestor."" $\rightarrow$ Gerald is an ancestor of Elijah.
    *   ""Timothy is Elijah's descendant."" $\rightarrow$ Timothy is a descendant of Elijah.
    *   ""Russell is Timothy's descendant."" $\rightarrow$ Russell is a descendant of Timothy.
    *   ""Russell is Bradley's ancestor."" $\rightarrow$ Russell is an ancestor of Bradley.
    *   ""Noah is Bradley's descendant."" $\rightarrow$ Noah is a descendant of Bradley.
    *   ""Noah is Samantha's ancestor."" $\rightarrow$ Noah is an ancestor of Samantha.
    *   ""Teresa is Samantha's descendant."" $\rightarrow$ Teresa is a descendant of Samantha.
    *   ""Joan is Teresa's descendant."" $\rightarrow$ Joan is a descendant of Teresa.

**Summary of the Chain:**
Nathan $\rightarrow$ Brian $\rightarrow$ Philip $\rightarrow$ Michael $\rightarrow$ Rebecca $\rightarrow$ Juan $\rightarrow$ Karen $\rightarrow$ William $\rightarrow$ Eric $\rightarrow$ Tyler $\rightarrow$ Joseph $\rightarrow$ Arthur $\rightarrow$ Lori $\rightarrow$ Logan $\rightarrow$ Charles $\rightarrow$ Anna $\rightarrow$ Carolyn $\rightarrow$ Dylan $\rightarrow$ Shirley $\rightarrow$ Benjamin $\rightarrow$ Sarah $\rightarrow$ Dennis $\rightarrow$ Willie $\rightarrow$ Alexis $\rightarrow$ Alan $\rightarrow$ Cheryl $\rightarrow$ Ralph $\rightarrow$ Ashley $\rightarrow$ Nicole $\rightarrow$ Debra $\rightarrow$ Madison $\rightarrow$ Diane $\rightarrow$ Sara $\rightarrow$ Thomas $\rightarrow$ Theresa $\rightarrow$ Alice $\rightarrow$ Kimberly $\rightarrow$ Jeffrey $\rightarrow$ Daniel $\rightarrow$ Randy $\rightarrow$ Melissa $\rightarrow$ Nicholas $\rightarrow$ Edward $\rightarrow$ Diana $\rightarrow$ Jordan $\rightarrow$ Carl $\rightarrow$ Grace $\rightarrow$ Jean $\rightarrow$ Danielle $\rightarrow$ Evelyn $\rightarrow$ Natalie $\rightarrow$ Jennifer $\rightarrow$ Peter $\rightarrow$ Olivia $\rightarrow$ Michelle $\rightarrow$ Gerald $\rightarrow$ Elijah $\rightarrow$ Timothy $\rightarrow$ Russell $\rightarrow$ Bradley $\rightarrow$ Noah $\rightarrow$ Samantha $\rightarrow$ Teresa $\rightarrow$ Joan.

Since there is a continuous lineage path from Nathan to Joan, Nathan is an ancestor of Joan, which means Joan is Nathan's descendant.

<ANSWER>3</ANSWER>"
64,COMMON_ANCESTOR,4,"Given the following lineage relationships:
* Brian is Paul's descendant.
* Gloria is Danielle's ancestor.
* William is Jason's ancestor.
* Tyler is Patrick's ancestor.
* Sean is Justin's descendant.
* Terry is Sophia's descendant.
* Victoria is Matthew's descendant.
* Sarah is Noah's descendant.
* Frances is Aaron's descendant.
* Thomas is William's ancestor.
* Carol is Brandon's descendant.
* Alexander is Charlotte's descendant.
* Teresa is Anthony's ancestor.
* Martha is George's ancestor.
* Elizabeth is Bruce's descendant.
* Amanda is Cynthia's ancestor.
* Carol is Charlotte's ancestor.
* Mason is Harold's descendant.
* Patrick is Bruce's ancestor.
* Grace is Logan's descendant.
* Andrea is Philip's descendant.
* Judy is Noah's ancestor.
* Matthew is Eugene's descendant.
* Martha is Victoria's descendant.
* Lori is Donna's ancestor.
* Sophia is Kenneth's descendant.
* Billy is Wayne's ancestor.
* Donna is Gloria's ancestor.
* Lori is Anna's descendant.
* Teresa is Elizabeth's descendant.
* Brian is Larry's ancestor.
* Eugene is Danielle's descendant.
* Stephen is Jesse's ancestor.
* Julie is Sarah's descendant.
* Logan is Kimberly's descendant.
* Kenneth is Rebecca's descendant.
* George is Rebecca's ancestor.
* Grace is Julia's ancestor.
* Paul is Andrew's descendant.
* Harold is Jesse's descendant.
* Kayla is Andrew's descendant.
* Willie is Amanda's ancestor.
* Alan is Austin's descendant.
* Larry is Anna's ancestor.
* Anthony is Thomas's ancestor.
* Robert is Dylan's ancestor.
* Austin is Douglas's descendant.
* Julia is Judy's ancestor.
* Sean is Stephen's ancestor.
* Terry is Justin's ancestor.
* Wayne is Brandon's ancestor.
* Julie is Deborah's ancestor.
* Mason is Douglas's ancestor.
* Willie is Gabriel's descendant.
* Aaron is Emma's descendant.
* Frances is Debra's ancestor.
* Kimberly is Jason's descendant.
* Tyler is Debra's descendant.
* Andrea is Emma's ancestor.
* Gabriel is Alexander's descendant.
* Alan is Philip's ancestor.
* Billy is Deborah's descendant.
* Robert is Kayla's descendant.
Determine the lineage relationship between Dylan and Cynthia.
Select the correct answer:
1. Dylan is Cynthia's descendant.
2. Dylan and Cynthia share a common descendant.
3. Dylan is Cynthia's ancestor.
4. Dylan and Cynthia share a common ancestor.
5. None of the above is correct.
Enclose the selected answer number in the <ANSWER> tag, for example: <ANSWER>1</ANSWER>.",qwen/qwen3.5-9b,,,,"

Based on the provided lineage relationships, we can trace the connections between Dylan and Cynthia.

1.  **Dylan's Lineage (Ancestors):**
    *   Fact 63: Robert is Kayla's descendant ($Kayla \rightarrow \dots \rightarrow Robert$).
    *   Fact 46: Robert is Dylan's ancestor ($Robert \rightarrow \dots \rightarrow Dylan$).
    *   Combining these: $Kayla \rightarrow \dots \rightarrow Dylan$.
    *   Fact 41: Kayla is Andrew's descendant ($Andrew \rightarrow \dots \rightarrow Kayla$).
    *   Combined: $Andrew \rightarrow \dots \rightarrow Dylan$.

2.  **Cynthia's Lineage (Ancestors):**
    *   Fact 16: Amanda is Cynthia's ancestor ($Amanda \rightarrow \dots \rightarrow Cynthia$).
    *   Fact 42: Willie is Amanda's ancestor ($Willie \rightarrow \dots \rightarrow Amanda$).
    *   Fact 54: Willie is Gabriel's descendant ($Gabriel \rightarrow \dots \rightarrow Willie$).
    *   Fact 60: Gabriel is Alexander's descendant ($Alexander \rightarrow \dots \rightarrow Gabriel$).
    *   Fact 12: Alexander is Charlotte's descendant ($Charlotte \rightarrow \dots \rightarrow Alexander$).
    *   Fact 17: Carol is Charlotte's ancestor ($Carol \rightarrow \dots \rightarrow Charlotte$).
    *   Fact 11: Carol is Brandon's descendant ($Brandon \rightarrow \dots \rightarrow Carol$).
    *   Fact 51: Wayne is Brandon's ancestor ($Wayne \rightarrow \dots \rightarrow Brandon$).
    *   Fact 27: Billy is Wayne's ancestor ($Billy \rightarrow \dots \rightarrow Wayne$).
    *   Fact 62: Billy is Deborah's descendant ($Deborah \rightarrow \dots \rightarrow Billy$).
    *   Fact 52: Julie is Deborah's ancestor ($Julie \rightarrow \dots \rightarrow Deborah$).
    *   Fact 34: Julie is Sarah's descendant ($Sarah \rightarrow \dots \rightarrow Julie$).
    *   Fact 8: Sarah is Noah's descendant ($Noah \rightarrow \dots \rightarrow Sarah$).
    *   Fact 22: Judy is Noah's ancestor ($Judy \rightarrow \dots \rightarrow Noah$).
    *   Fact 48: Julia is Judy's ancestor ($Julia \rightarrow \dots \rightarrow Judy$).
    *   Fact 38: Grace is Julia's ancestor ($Grace \rightarrow \dots \rightarrow Julia$).
    *   Fact 20: Grace is Logan's descendant ($Logan \rightarrow \dots \rightarrow Grace$).
    *   Fact 35: Logan is Kimberly's descendant ($Kimberly \rightarrow \dots \rightarrow Logan$).
    *   Fact 57: Kimberly is Jason's descendant ($Jason \rightarrow \dots \rightarrow Kimberly$).
    *   Fact 3: William is Jason's ancestor ($William \rightarrow \dots \rightarrow Jason$).
    *   Fact 10: Thomas is William's ancestor ($Thomas \rightarrow \dots \rightarrow William$).
    *   Fact 45: Anthony is Thomas's ancestor ($Anthony \rightarrow \dots \rightarrow Thomas$).
    *   Fact 13: Teresa is Anthony's ancestor ($Teresa \rightarrow \dots \rightarrow Anthony$).
    *   Fact 30: Teresa is Elizabeth's descendant ($Elizabeth \rightarrow \dots \rightarrow Teresa$).
    *   Fact 15: Elizabeth is Bruce's descendant ($Bruce \rightarrow \dots \rightarrow Elizabeth$).
    *   Fact 19: Patrick is Bruce's ancestor ($Patrick \rightarrow \dots \rightarrow Bruce$).
    *   Fact 4: Tyler is Patrick's ancestor ($Tyler \rightarrow \dots \rightarrow Patrick$).
    *   Fact 58: Tyler is Debra's descendant ($Debra \rightarrow \dots \rightarrow Tyler$).
    *   Fact 56: Frances is Debra's ancestor ($Frances \rightarrow \dots \rightarrow Debra$).
    *   Fact 9: Frances is Aaron's descendant ($Aaron \rightarrow \dots \rightarrow Frances$).
    *   Fact 55: Aaron is Emma's descendant ($Emma \rightarrow \dots \rightarrow Aaron$).
    *   Fact 59: Andrea is Emma's ancestor ($Andrea \rightarrow \dots \rightarrow Emma$).
    *   Fact 21: Andrea is Philip's descendant ($Philip \rightarrow \dots \rightarrow Andrea$).
    *   Fact 61: Alan is Philip's ancestor ($Alan \rightarrow \dots \rightarrow Philip$).
    *   Fact 43: Alan is Austin's descendant ($Austin \rightarrow \dots \rightarrow Alan$).
    *   Fact 47: Austin is Douglas's descendant ($Douglas \rightarrow \dots \rightarrow Austin$).
    *   Fact 53: Mason is Douglas's ancestor ($Mason \rightarrow \dots \rightarrow Douglas$).
    *   Fact 18: Mason is Harold's descendant ($Harold \rightarrow \dots \rightarrow Mason$).
    *   Fact 40: Harold is Jesse's descendant ($Jesse \rightarrow \dots \rightarrow Harold$).
    *   Fact 33: Stephen is Jesse's ancestor ($Stephen \rightarrow \dots \rightarrow Jesse$).
    *   Fact 49: Sean is Stephen's ancestor ($Sean \rightarrow \dots \rightarrow Stephen$).
    *   Fact 5: Sean is Justin's descendant ($Justin \rightarrow \dots \rightarrow Sean$).
    *   Fact 50: Terry is Justin's ancestor ($Terry \rightarrow \dots \rightarrow Justin$).
    *   Fact 6: Terry is Sophia's descendant ($Sophia \rightarrow \dots \rightarrow Terry$).
    *   Fact 26: Sophia is Kenneth's descendant ($Kenneth \rightarrow \dots \rightarrow Sophia$).
    *   Fact 36: Kenneth is Rebecca's descendant ($Rebecca \rightarrow \dots \rightarrow Kenneth$).
    *   Fact 37: George is Rebecca's ancestor ($George \rightarrow \dots \rightarrow Rebecca$).
    *   Fact 14: Martha is George's ancestor ($Martha \rightarrow \dots \rightarrow George$).
    *   Fact 24: Martha is Victoria's descendant ($Victoria \rightarrow \dots \rightarrow Martha$).
    *   Fact 7: Victoria is Matthew's descendant ($Matthew \rightarrow \dots \rightarrow Victoria$).
    *   Fact 23: Matthew is Eugene's descendant ($Eugene \rightarrow \dots \rightarrow Matthew$).
    *   Fact 32: Eugene is Danielle's descendant ($Danielle \rightarrow \dots \rightarrow Eugene$).
    *   Fact 2: Gloria is Danielle's ancestor ($Gloria \rightarrow \dots \rightarrow Danielle$).
    *   Fact 28: Donna is Gloria's ancestor ($Donna \rightarrow \dots \rightarrow Gloria$).
    *   Fact 25: Lori is Donna's ancestor ($Lori \rightarrow \dots \rightarrow Donna$).
    *   Fact 29: Lori is Anna's descendant ($Anna \rightarrow \dots \rightarrow Lori$).

    *   **Connecting to Andrew:**
        *   Fact 44: Larry is Anna's ancestor ($Larry \rightarrow \dots \rightarrow Anna$).
        *   Fact 31: Brian is Larry's ancestor ($Brian \rightarrow \dots \rightarrow Larry$).
        *   Fact 1: Brian is Paul's descendant ($Paul \rightarrow \dots \rightarrow Brian$).
        *   Fact 39: Paul is Andrew's descendant ($Andrew \rightarrow \dots \rightarrow Paul$).
        *   Chain: $Andrew \rightarrow \dots \rightarrow Paul \rightarrow \dots \rightarrow Brian \rightarrow \dots \rightarrow Larry \rightarrow \dots \rightarrow Anna \rightarrow \dots \rightarrow Cynthia$.

3.  **Conclusion:**
    *   Andrew is an ancestor of Dylan ($Andrew \rightarrow \dots \rightarrow Dylan$).
    *   Andrew is an ancestor of Cynthia ($Andrew \rightarrow \dots \rightarrow Cynthia$).
    *   Therefore, Dylan and Cynthia share a common ancestor (Andrew).
    *   There is no information suggesting one is an ancestor of the other, nor that they share a common descendant (as the paths do not merge again at a descendant level).

The correct relationship is that they share a common ancestor.

<ANSWER>4</ANSWER>"
64,COMMON_DESCENDANT,1,"Given the following lineage relationships:
* Kelly is Anthony's ancestor.
* Martha is Brenda's descendant.
* Jacob is Evelyn's ancestor.
* Kyle is Megan's descendant.
* Patricia is Walter's ancestor.
* Pamela is Walter's descendant.
* Rebecca is Christina's descendant.
* Martha is Jacqueline's ancestor.
* Gregory is Sara's descendant.
* Ronald is Maria's descendant.
* Kimberly is Stephen's ancestor.
* Kimberly is Ronald's descendant.
* Ashley is Henry's ancestor.
* Sarah is Jesse's descendant.
* Laura is David's descendant.
* Carolyn is Gloria's descendant.
* Lori is Anthony's descendant.
* Karen is Stephen's descendant.
* Ashley is Pamela's descendant.
* Carolyn is Patricia's ancestor.
* Melissa is Betty's descendant.
* Jerry is Sarah's descendant.
* Austin is Jacqueline's descendant.
* Nicholas is Ryan's ancestor.
* Anna is Nicholas's ancestor.
* Karen is Willie's ancestor.
* Bradley is Debra's descendant.
* Aaron is Rebecca's descendant.
* Russell is Juan's descendant.
* Peter is Frank's descendant.
* Russell is Gloria's ancestor.
* Peter is Diana's ancestor.
* Michael is Marilyn's descendant.
* Aaron is Maria's ancestor.
* Christine is Julia's ancestor.
* Megan is Daniel's descendant.
* Justin is Michael's descendant.
* Jacob is Teresa's descendant.
* Ryan is Jeffrey's ancestor.
* Ralph is Julia's descendant.
* Jesse is Justin's descendant.
* Alexander is Daniel's ancestor.
* Lori is Debra's ancestor.
* Teresa is Austin's descendant.
* George is Douglas's descendant.
* Eugene is Elijah's descendant.
* Gregory is Bradley's descendant.
* Douglas is Melissa's descendant.
* Brenda is Willie's descendant.
* Eugene is Betty's ancestor.
* Christina is Matthew's descendant.
* Raymond is George's descendant.
* Laura is Alexander's ancestor.
* Sharon is Elijah's ancestor.
* David is Diana's descendant.
* Frank is Raymond's descendant.
* Ralph is Sharon's ancestor.
* Matthew is Larry's descendant.
* Jerry is Christine's ancestor.
* Sara is Kyle's descendant.
* Kelly is Jeffrey's descendant.
* Anna is Evelyn's descendant.
* Marilyn is Henry's descendant.
Determine the lineage relationship between Larry and Juan.
Select the correct answer:
1. Larry and Juan share a common descendant.
2. Larry is Juan's descendant.
3. Larry is Juan's ancestor.
4. Larry and Juan share a common ancestor.
5. None of the above is correct.
Enclose the selected answer number in the <ANSWER> tag, for example: <ANSWER>1</ANSWER>.",qwen/qwen3.5-9b,,,,"

The relationships provided form a graph where edges represent lineage (Ancestor $\to$ Descendant).
1.  **Analyze the connections for Larry**:
    *   Fact 58: Matthew is Larry's ancestor.
    *   This gives the chain: **Matthew $\to$ Larry**.

2.  **Analyze the connections for Juan**:
    *   Fact 29: Russell is Juan's descendant. (Juan $\to$ Russell)
    *   Fact 31: Russell is Gloria's ancestor. (Russell $\to$ Gloria)
    *   Fact 16: Carolyn is Gloria's descendant. (Gloria $\to$ Carolyn)
    *   Fact 20: Carolyn is Patricia's ancestor. (Carolyn $\to$ Patricia)
    *   Fact 5: Patricia is Walter's ancestor. (Patricia $\to$ Walter)
    *   Fact 6: Pamela is Walter's descendant. (Walter $\to$ Pamela)
    *   Fact 19: Ashley is Pamela's descendant. (Pamela $\to$ Ashley)
    *   Fact 13: Ashley is Henry's ancestor. (Ashley $\to$ Henry)
    *   Fact 63: Marilyn is Henry's descendant. (Henry $\to$ Marilyn)
    *   Fact 33: Michael is Marilyn's descendant. (Marilyn $\to$ Michael)
    *   Fact 37: Justin is Michael's descendant. (Michael $\to$ Justin)
    *   Fact 41: Jesse is Justin's descendant. (Justin $\to$ Jesse)
    *   Fact 14: Sarah is Jesse's descendant. (Jesse $\to$ Sarah)
    *   Fact 22: Jerry is Sarah's descendant. (Sarah $\to$ Jerry)
    *   Fact 59: Jerry is Christine's ancestor. (Jerry $\to$ Christine)
    *   Fact 35: Christine is Julia's ancestor. (Christine $\to$ Julia)
    *   Fact 40: Ralph is Julia's descendant. (Julia $\to$ Ralph)
    *   Fact 57: Ralph is Sharon's ancestor. (Ralph $\to$ Sharon)
    *   Fact 54: Sharon is Elijah's ancestor. (Sharon $\to$ Elijah)
    *   Fact 46: Eugene is Elijah's descendant. (Elijah $\to$ Eugene)
    *   Fact 50: Eugene is Betty's ancestor. (Eugene $\to$ Betty)
    *   Fact 21: Melissa is Betty's descendant. (Betty $\to$ Melissa)
    *   Fact 48: Douglas is Melissa's descendant. (Melissa $\to$ Douglas)
    *   Fact 45: George is Douglas's descendant. (Douglas $\to$ George)
    *   Fact 52: Raymond is George's descendant. (George $\to$ Raymond)
    *   Fact 56: Frank is Raymond's descendant. (Raymond $\to$ Frank)
    *   Fact 30: Peter is Frank's descendant. (Frank $\to$ Peter)
    *   Fact 32: Peter is Diana's ancestor. (Peter $\to$ Diana)
    *   Fact 55: David is Diana's descendant. (Diana $\to$ David)
    *   Fact 15: Laura is David's descendant. (David $\to$ Laura)
    *   Fact 53: Laura is Alexander's ancestor. (Laura $\to$ Alexander)
    *   Fact 42: Alexander is Daniel's ancestor. (Alexander $\to$ Daniel)
    *   Fact 36: Megan is Daniel's descendant. (Daniel $\to$ Megan)
    *   Fact 4: Kyle is Megan's descendant. (Megan $\to$ Kyle)
    *   Fact 60: Sara is Kyle's descendant. (Kyle $\to$ Sara)
    *   Fact 9: Gregory is Sara's descendant. (Sara $\to$ Gregory)
    *   Fact 47: Gregory is Bradley's descendant. (Bradley $\to$ Gregory)
    *   Fact 27: Bradley is Debra's descendant. (Debra $\to$ Bradley)
    *   Fact 43: Lori is Debra's ancestor. (Debra $\to$ Lori)
    *   This forms a long chain: **Juan $\to$ ... $\to$ Lori**.

3.  **Connect Matthew and Juan**:
    *   From the Matthew chain (derived in the thought process): Matthew $\to$ Christina $\to$ Rebecca $\to$ Aaron $\to$ Maria $\to$ Ronald $\to$ Kimberly $\to$ Stephen $\to$ Karen $\to$ Willie $\to$ Brenda $\to$ Martha $\to$ Jacqueline $\to$ Austin $\to$ Teresa $\to$ Jacob $\to$ Evelyn $\to$ Anna $\to$ Nicholas $\to$ Ryan $\to$ Jeffrey $\to$ Kelly $\to$ Anthony $\to$ **Lori**.
    *   We see that **Matthew $\to$ Lori** and **Juan $\to$ Lori**.
    *   This implies that Lori is a common descendant of Matthew and Juan.

4.  **Determine relationship between Larry and Juan**:
    *   We know **Matthew $\to$ Larry**.
    *   We know **Matthew $\to$ Lori** and **Juan $\to$ Lori**.
    *   Since Matthew and Juan are both ancestors of Lori (and distinct individuals with different lineage paths), they share a common ancestor (e.g., their grandparents).
    *   Since Matthew is an ancestor of Larry, that common ancestor is also an ancestor of Larry.
    *   Therefore, **Larry and Juan share a common ancestor**.
    *   They do not share a common descendant (unless Larry $\to$ Lori, which is not implied).
    *   Larry is not Juan's descendant (no path from Juan to Matthew to Larry).
    *   Larry is not Juan's ancestor (no path from Larry to Juan).

Thus, the correct statement is that they share a common ancestor.

<ANSWER>4</ANSWER>"
64,ANCESTOR,1,"Given the following lineage relationships:
* Jacob is Andrea's ancestor.
* Kayla is Zachary's ancestor.
* Kathryn is Amber's descendant.
* Wayne is Rachel's ancestor.
* Sarah is Aaron's descendant.
* David is Joseph's ancestor.
* Patricia is Jerry's ancestor.
* Randy is Tyler's ancestor.
* Bryan is Gregory's descendant.
* Lawrence is Jerry's descendant.
* Christine is Kevin's descendant.
* Vincent is Joseph's descendant.
* Gary is Wayne's ancestor.
* Nancy is Nicole's ancestor.
* Henry is Donna's descendant.
* Jacob is Daniel's descendant.
* Shirley is Marilyn's ancestor.
* Carolyn is Kevin's ancestor.
* Nicole is Gregory's ancestor.
* Shirley is Jose's descendant.
* Carl is Aaron's ancestor.
* Willie is Evelyn's descendant.
* Jeffrey is Henry's descendant.
* George is Evelyn's ancestor.
* Sarah is Carol's ancestor.
* Madison is George's ancestor.
* Donald is Andrew's ancestor.
* Christian is Gabriel's ancestor.
* Beverly is Amber's ancestor.
* Charlotte is Emma's descendant.
* Christine is Donna's ancestor.
* Zachary is Emma's ancestor.
* Samantha is Alan's ancestor.
* Lisa is Willie's descendant.
* Peter is Deborah's ancestor.
* Lisa is Eugene's ancestor.
* Carolyn is Theresa's descendant.
* Jesse is Lawrence's descendant.
* Andrea is Melissa's ancestor.
* Jeffrey is Richard's ancestor.
* Tyler is Theresa's ancestor.
* Rebecca is Kayla's ancestor.
* Samantha is Vincent's descendant.
* Catherine is Jose's ancestor.
* Rebecca is Melissa's descendant.
* Eugene is Christian's ancestor.
* Dylan is Randy's ancestor.
* Charlotte is Ronald's ancestor.
* Margaret is Gabriel's descendant.
* Daniel is Deborah's descendant.
* Catherine is Margaret's descendant.
* Carol is Peter's ancestor.
* Beverly is Alan's descendant.
* Donald is Jesse's descendant.
* David is Marilyn's descendant.
* Raymond is Andrew's descendant.
* Brian is Ronald's descendant.
* Carl is Rachel's descendant.
* Gary is Richard's descendant.
* Kathryn is Bruce's ancestor.
* Brian is Patricia's ancestor.
* Nancy is Bruce's descendant.
* Madison is Raymond's descendant.
Determine the lineage relationship between Dylan and Bryan.
Select the correct answer:
1. Dylan is Bryan's ancestor.
2. Dylan and Bryan share a common descendant.
3. Dylan and Bryan share a common ancestor.
4. Dylan is Bryan's descendant.
5. None of the above is correct.
Enclose the selected answer number in the <ANSWER> tag, for example: <ANSWER>1</ANSWER>.",qwen/qwen3.5-9b,,,,"

To determine the lineage relationship between Dylan and Bryan, we need to trace the lineage connections provided in the text.

1.  **Trace the path from Dylan:**
    *   ""Dylan is Randy's ancestor."" $\rightarrow$ Dylan $\rightarrow$ Randy
    *   ""Randy is Tyler's ancestor."" $\rightarrow$ Randy $\rightarrow$ Tyler
    *   ""Tyler is Theresa's ancestor."" $\rightarrow$ Tyler $\rightarrow$ Theresa
    *   ""Carolyn is Theresa's descendant."" $\rightarrow$ Theresa $\rightarrow$ Carolyn
    *   ""Carolyn is Kevin's ancestor."" $\rightarrow$ Carolyn $\rightarrow$ Kevin
    *   ""Christine is Kevin's descendant."" $\rightarrow$ Kevin $\rightarrow$ Christine
    *   ""Christine is Donna's ancestor."" $\rightarrow$ Christine $\rightarrow$ Donna
    *   ""Henry is Donna's descendant."" $\rightarrow$ Donna $\rightarrow$ Henry
    *   ""Jeffrey is Henry's descendant."" $\rightarrow$ Henry $\rightarrow$ Jeffrey
    *   ""Jeffrey is Richard's ancestor."" $\rightarrow$ Jeffrey $\rightarrow$ Richard
    *   ""Gary is Richard's descendant."" $\rightarrow$ Richard $\rightarrow$ Gary
    *   ""Gary is Wayne's ancestor."" $\rightarrow$ Gary $\rightarrow$ Wayne
    *   ""Wayne is Rachel's ancestor."" $\rightarrow$ Wayne $\rightarrow$ Rachel
    *   ""Carl is Rachel's descendant."" $\rightarrow$ Rachel $\rightarrow$ Carl
    *   ""Carl is Aaron's ancestor."" $\rightarrow$ Carl $\rightarrow$ Aaron
    *   ""Sarah is Aaron's descendant."" $\rightarrow$ Aaron $\rightarrow$ Sarah
    *   ""Sarah is Carol's ancestor."" $\rightarrow$ Sarah $\rightarrow$ Carol
    *   ""Carol is Peter's ancestor."" $\rightarrow$ Carol $\rightarrow$ Peter
    *   ""Peter is Deborah's ancestor."" $\rightarrow$ Peter $\rightarrow$ Deborah
    *   ""Daniel is Deborah's descendant."" $\rightarrow$ Deborah $\rightarrow$ Daniel
    *   ""Jacob is Daniel's descendant."" $\rightarrow$ Daniel $\rightarrow$ Jacob
    *   ""Jacob is Andrea's ancestor."" $\rightarrow$ Jacob $\rightarrow$ Andrea
    *   ""Andrea is Melissa's ancestor."" $\rightarrow$ Andrea $\rightarrow$ Melissa
    *   ""Rebecca is Melissa's descendant."" $\rightarrow$ Melissa $\rightarrow$ Rebecca
    *   ""Rebecca is Kayla's ancestor."" $\rightarrow$ Rebecca $\rightarrow$ Kayla
    *   ""Kayla is Zachary's ancestor."" $\rightarrow$ Kayla $\rightarrow$ Zachary
    *   ""Zachary is Emma's ancestor."" $\rightarrow$ Zachary $\rightarrow$ Emma
    *   ""Charlotte is Emma's descendant."" $\rightarrow$ Emma $\rightarrow$ Charlotte
    *   ""Charlotte is Ronald's ancestor."" $\rightarrow$ Charlotte $\rightarrow$ Ronald
    *   ""Brian is Ronald's descendant."" $\rightarrow$ Ronald $\rightarrow$ Brian
    *   ""Brian is Patricia's ancestor."" $\rightarrow$ Brian $\rightarrow$ Patricia
    *   ""Patricia is Jerry's ancestor."" $\rightarrow$ Patricia $\rightarrow$ Jerry
    *   ""Lawrence is Jerry's descendant."" $\rightarrow$ Jerry $\rightarrow$ Lawrence
    *   ""Jesse is Lawrence's descendant."" $\rightarrow$ Lawrence $\rightarrow$ Jesse
    *   ""Donald is Jesse's descendant."" $\rightarrow$ Jesse $\rightarrow$ Donald
    *   ""Donald is Andrew's ancestor."" $\rightarrow$ Donald $\rightarrow$ Andrew
    *   ""Raymond is Andrew's descendant."" $\rightarrow$ Andrew $\rightarrow$ Raymond
    *   ""Madison is Raymond's descendant."" $\rightarrow$ Raymond $\rightarrow$ Madison
    *   ""Madison is George's ancestor."" $\rightarrow$ Madison $\rightarrow$ George
    *   ""George is Evelyn's ancestor."" $\rightarrow$ George $\rightarrow$ Evelyn
    *   ""Willie is Evelyn's descendant."" $\rightarrow$ Evelyn $\rightarrow$ Willie
    *   ""Lisa is Willie's descendant."" $\rightarrow$ Willie $\rightarrow$ Lisa
    *   ""Lisa is Eugene's ancestor."" $\rightarrow$ Lisa $\rightarrow$ Eugene
    *   ""Eugene is Christian's ancestor."" $\rightarrow$ Eugene $\rightarrow$ Christian
    *   ""Christian is Gabriel's ancestor."" $\rightarrow$ Christian $\rightarrow$ Gabriel
    *   ""Margaret is Gabriel's descendant."" $\rightarrow$ Gabriel $\rightarrow$ Margaret
    *   ""Catherine is Margaret's descendant."" $\rightarrow$ Margaret $\rightarrow$ Catherine
    *   ""Catherine is Jose's ancestor."" $\rightarrow$ Catherine $\rightarrow$ Jose
    *   ""Shirley is Jose's descendant."" $\rightarrow$ Jose $\rightarrow$ Shirley
    *   ""Shirley is Marilyn's ancestor."" $\rightarrow$ Shirley $\rightarrow$ Marilyn
    *   ""David is Marilyn's descendant."" $\rightarrow$ Marilyn $\rightarrow$ David
    *   ""David is Joseph's ancestor."" $\rightarrow$ David $\rightarrow$ Joseph
    *   ""Vincent is Joseph's descendant."" $\rightarrow$ Joseph $\rightarrow$ Vincent
    *   ""Samantha is Vincent's descendant."" $\rightarrow$ Vincent $\rightarrow$ Samantha

    **Result:** We have established the chain: **Dylan $\rightarrow$ ... $\rightarrow$ Samantha**.

2.  **Trace the path from Samantha to Bryan:**
    *   ""Samantha is Alan's ancestor."" $\rightarrow$ Samantha $\rightarrow$ Alan
    *   ""Beverly is Alan's descendant."" $\rightarrow$ Alan $\rightarrow$ Beverly
    *   ""Beverly is Amber's ancestor."" $\rightarrow$ Beverly $\rightarrow$ Amber
    *   ""Kathryn is Amber's descendant."" $\rightarrow$ Amber $\rightarrow$ Kathryn
    *   ""Kathryn is Bruce's ancestor."" $\rightarrow$ Kathryn $\rightarrow$ Bruce
    *   ""Nancy is Bruce's descendant."" $\rightarrow$ Bruce $\rightarrow$ Nancy
    *   ""Nancy is Nicole's ancestor."" $\rightarrow$ Nancy $\rightarrow$ Nicole
    *   ""Nicole is Gregory's ancestor."" $\rightarrow$ Nicole $\rightarrow$ Gregory
    *   ""Bryan is Gregory's descendant."" $\rightarrow$ Gregory $\rightarrow$ Bryan

    **Result:** We have established the chain: **Samantha $\rightarrow$ ... $\rightarrow$ Bryan**.

3.  **Combine the paths:**
    Since **Dylan $\rightarrow$ ... $\rightarrow$ Samantha** and **Samantha $\rightarrow$ ... $\rightarrow$ Bryan**, it follows that **Dylan $\rightarrow$ ... $\rightarrow$ Bryan**.

    Therefore, Dylan is Bryan's ancestor.

<ANSWER>1</ANSWER>"
64,DESCENDANT,2,"Given the following lineage relationships:
* Eugene is Joseph's descendant.
* Debra is Vincent's descendant.
* David is Raymond's ancestor.
* Paul is Bruce's descendant.
* Cheryl is Stephen's ancestor.
* Doris is Susan's descendant.
* Samuel is Emma's ancestor.
* Lisa is Noah's ancestor.
* Michelle is Emma's descendant.
* Donald is Alexander's ancestor.
* Eugene is Nicole's ancestor.
* Charles is Catherine's descendant.
* John is Betty's descendant.
* Christopher is Laura's ancestor.
* Emily is Rebecca's descendant.
* Joseph is Denise's descendant.
* Charlotte is Jessica's descendant.
* Jonathan is Walter's ancestor.
* Laura is Alan's ancestor.
* John is Robert's ancestor.
* Cheryl is Walter's descendant.
* Stephen is Carol's ancestor.
* Charlotte is David's ancestor.
* Sophia is Ryan's descendant.
* Paul is Betty's ancestor.
* Beverly is Sara's descendant.
* Maria is Christopher's ancestor.
* Noah is Jessica's ancestor.
* Denise is Wayne's descendant.
* Nancy is Doris's descendant.
* Jeremy is Carolyn's descendant.
* Sara is Alexander's descendant.
* Donald is Lawrence's descendant.
* Angela is Lisa's ancestor.
* Maria is Deborah's descendant.
* Bruce is Debra's descendant.
* Nathan is Mason's ancestor.
* Carolyn is Stephanie's descendant.
* Michelle is Catherine's ancestor.
* Nancy is Lawrence's ancestor.
* Robert is Elizabeth's ancestor.
* Cynthia is Kyle's descendant.
* Sean is Kathryn's descendant.
* Mason is Jose's ancestor.
* Rebecca is Jerry's descendant.
* Amy is Nathan's ancestor.
* Austin is Kathryn's ancestor.
* Charles is Deborah's ancestor.
* Raymond is Stephanie's ancestor.
* Shirley is Elizabeth's descendant.
* Beverly is Austin's ancestor.
* Jerry is Sophia's descendant.
* Carol is Henry's ancestor.
* Cynthia is Vincent's ancestor.
* Angela is Emily's descendant.
* Wayne is Henry's descendant.
* Susan is Frank's descendant.
* Alan is Ryan's ancestor.
* Sean is Samuel's ancestor.
* Gregory is Jeremy's descendant.
* Jose is Frank's ancestor.
* Jonathan is Gregory's descendant.
* Shirley is Amy's ancestor.
Determine the lineage relationship between Nicole and Kyle.
Select the correct answer:
1. Nicole is Kyle's ancestor.
2. Nicole is Kyle's descendant.
3. Nicole and Kyle share a common ancestor.
4. Nicole and Kyle share a common descendant.
5. None of the above is correct.
Enclose the selected answer number in the <ANSWER> tag, for example: <ANSWER>1</ANSWER>.",qwen/qwen3.5-9b,,,,"

The lineage relationships can be traced as follows:

1.  **Nicole's Lineage:**
    *   ""Eugene is Nicole's ancestor"" $\Rightarrow$ Nicole $\rightarrow$ Eugene.
    *   ""Eugene is Joseph's descendant"" $\Rightarrow$ Joseph $\rightarrow$ Eugene. (Chain: Joseph $\rightarrow$ Nicole? No, Joseph $\rightarrow$ Eugene $\leftarrow$ Nicole. Wait. If Eugene is Nicole's ancestor, Nicole is Eugene's descendant. If Eugene is Joseph's descendant, Joseph is Eugene's ancestor. So Joseph $\rightarrow$ Eugene $\rightarrow$ Nicole. So Joseph is Nicole's ancestor.
    *   ""Joseph is Denise's descendant"" $\Rightarrow$ Denise $\rightarrow$ Joseph. (Chain: Denise $\rightarrow$ Nicole).
    *   ""Denise is Wayne's descendant"" $\Rightarrow$ Wayne $\rightarrow$ Denise. (Chain: Wayne $\rightarrow$ Nicole).
    *   ""Wayne is Henry's descendant"" $\Rightarrow$ Henry $\rightarrow$ Wayne. (Chain: Henry $\rightarrow$ Nicole).
    *   ""Carol is Henry's ancestor"" $\Rightarrow$ Carol $\rightarrow$ Henry. (Chain: Carol $\rightarrow$ Nicole).
    *   ""Stephen is Carol's ancestor"" $\Rightarrow$ Stephen $\rightarrow$ Carol. (Chain: Stephen $\rightarrow$ Nicole).
    *   ""Cheryl is Stephen's ancestor"" $\Rightarrow$ Cheryl $\rightarrow$ Stephen. (Chain: Cheryl $\rightarrow$ Nicole).
    *   ""Cheryl is Walter's descendant"" $\Rightarrow$ Walter $\rightarrow$ Cheryl. (Chain: Walter $\rightarrow$ Nicole).
    *   ""Jonathan is Walter's ancestor"" $\Rightarrow$ Jonathan $\rightarrow$ Walter. (Chain: Jonathan $\rightarrow$ Nicole).
    *   ""Jonathan is Gregory's descendant"" $\Rightarrow$ Gregory $\rightarrow$ Jonathan. (Chain: Gregory $\rightarrow$ Nicole).
    *   ""Jeremy is Carolyn's descendant"" $\Rightarrow$ Carolyn $\rightarrow$ Jeremy. (Wait, Fact 31: Jeremy is Carolyn's descendant $\Rightarrow$ Carolyn $\rightarrow$ Jeremy).
    *   ""Carolyn is Stephanie's descendant"" $\Rightarrow$ Stephanie $\rightarrow$ Carolyn. (Chain: Stephanie $\rightarrow$ Nicole).
    *   ""Raymond is Stephanie's ancestor"" $\Rightarrow$ Stephanie $\rightarrow$ Raymond.
    *   ""David is Raymond's ancestor"" $\Rightarrow$ Raymond $\rightarrow$ David. (Chain: Stephanie $\rightarrow$ Nicole $\rightarrow$ David? No. Jonathan $\rightarrow$ Stephanie? No, Stephanie $\rightarrow$ Jonathan. So Stephanie is Nicole's ancestor. Stephanie $\rightarrow$ Raymond $\rightarrow$ David. So Stephanie is David's ancestor. Since Stephanie is Nicole's ancestor, Nicole is a descendant of Stephanie. And Stephanie is an ancestor of David. So Nicole is an ancestor of David.)
    *   **Conclusion:** Nicole is an ancestor of David.

2.  **Kyle's Lineage:**
    *   ""Cynthia is Kyle's descendant"" $\Rightarrow$ Kyle $\rightarrow$ Cynthia.
    *   ""Cynthia is Vincent's ancestor"" $\Rightarrow$ Cynthia $\rightarrow$ Vincent. (Chain: Kyle $\rightarrow$ Vincent).
    *   ""Debra is Vincent's descendant"" $\Rightarrow$ Vincent $\rightarrow$ Debra. (Chain: Kyle $\rightarrow$ Debra).
    *   ""Bruce is Debra's descendant"" $\Rightarrow$ Debra $\rightarrow$ Bruce. (Chain: Kyle $\rightarrow$ Bruce).
    *   ""Paul is Bruce's descendant"" $\Rightarrow$ Bruce $\rightarrow$ Paul. (Chain: Kyle $\rightarrow$ Paul).
    *   ""Paul is Betty's ancestor"" $\Rightarrow$ Paul $\rightarrow$ Betty. (Chain: Kyle $\rightarrow$ Betty).
    *   ""John is Betty's descendant"" $\Rightarrow$ Betty $\rightarrow$ John.
    *   ... (Chain continues to Jessica, Charlotte, David).
    *   ""Charlotte is Jessica's descendant"" $\Rightarrow$ Jessica $\rightarrow$ Charlotte.
    *   ""Charlotte is David's ancestor"" $\Rightarrow$ Charlotte $\rightarrow$ David.
    *   So the chain is Kyle $\rightarrow$ Betty $\rightarrow$ Jessica $\rightarrow$ Charlotte $\rightarrow$ David.
    *   **Conclusion:** Kyle is an ancestor of David.

3.  **Relationship between Nicole and Kyle:**
    *   Both Nicole and Kyle are ancestors of David.
    *   Therefore, they share a common descendant (David).

<ANSWER>4</ANSWER>"
64,COMMON_ANCESTOR,4,"Given the following lineage relationships:
* Gabriel is Logan's ancestor.
* Stephanie is Brandon's descendant.
* Joe is Dennis's descendant.
* Ronald is Larry's descendant.
* Jerry is Edward's descendant.
* Gregory is Rachel's ancestor.
* Christine is Gloria's descendant.
* Heather is Gloria's ancestor.
* Kathryn is Kathleen's descendant.
* Cynthia is Lori's descendant.
* Kelly is Jerry's descendant.
* Bobby is Bruce's descendant.
* Edward is Michael's descendant.
* Kenneth is Heather's ancestor.
* Ashley is Harold's descendant.
* William is Danielle's descendant.
* Christine is Lori's ancestor.
* Christopher is Jonathan's ancestor.
* Andrea is Jacob's descendant.
* Bradley is Jean's descendant.
* Larry is Helen's descendant.
* Bruce is Eric's descendant.
* Donald is Jordan's descendant.
* Brandon is Kathryn's descendant.
* Susan is Linda's descendant.
* Gregory is Deborah's descendant.
* Danielle is Bradley's descendant.
* Isabella is Stephanie's descendant.
* Brenda is Susan's descendant.
* Carl is Julia's descendant.
* Steven is Linda's ancestor.
* Ashley is Jean's ancestor.
* Theresa is Sophia's ancestor.
* Kevin is Samuel's descendant.
* Joshua is Jesse's descendant.
* Jordan is Sean's descendant.
* Amanda is Anthony's ancestor.
* Samuel is Rachel's descendant.
* Eric is Juan's descendant.
* Logan is Willie's ancestor.
* Sophia is Carol's ancestor.
* Bobby is Sean's ancestor.
* Jacob is Kelly's descendant.
* Jose is Jonathan's descendant.
* Kevin is Dennis's ancestor.
* Joe is Steven's ancestor.
* Michael is Matthew's descendant.
* Karen is Janet's ancestor.
* Brenda is Theresa's ancestor.
* Arthur is Kenneth's descendant.
* Karen is Arthur's descendant.
* Isabella is Christopher's ancestor.
* Juan is Cynthia's descendant.
* Carolyn is Janet's descendant.
* Carol is Helen's ancestor.
* Gabriel is Carolyn's descendant.
* Harold is Joshua's descendant.
* Donald is Jesse's ancestor.
* William is Matthew's ancestor.
* Jose is Julia's ancestor.
* Deborah is Willie's descendant.
* Amanda is Carl's descendant.
* Andrea is Kathleen's ancestor.
Determine the lineage relationship between Ronald and Anthony.
Select the correct answer:
1. Ronald and Anthony share a common descendant.
2. Ronald is Anthony's descendant.
3. Ronald is Anthony's ancestor.
4. Ronald and Anthony share a common ancestor.
5. None of the above is correct.
Enclose the selected answer number in the <ANSWER> tag, for example: <ANSWER>1</ANSWER>.",qwen/qwen3.5-9b,,,,"

The lineage relationships can be organized into a graph where an ""ancestor"" relationship implies a directed path from the ancestor to the descendant. Let's trace the connections between **Ronald** and **Anthony**.

1.  **Path from Ronald to Kenneth:**
    *   **Ronald** is Larry's descendant (Rule 4: Ronald $\leftarrow$ Larry).
    *   Larry is Helen's descendant (Rule 21: Larry $\leftarrow$ Helen). $\implies$ Helen $\to$ Larry $\to$ Ronald.
    *   Carol is Helen's ancestor (Rule 55: Carol $\to$ Helen).
    *   Sophia is Carol's ancestor (Rule 41: Sophia $\to$ Carol).
    *   Theresa is Sophia's ancestor (Rule 33: Theresa $\to$ Sophia).
    *   Brenda is Theresa's ancestor (Rule 49: Brenda $\to$ Theresa).
    *   Susan is Brenda's descendant (Rule 29: Susan $\to$ Brenda).
    *   Linda is Susan's descendant (Rule 25: Linda $\to$ Susan). Wait. ""Susan is Linda's descendant"" implies Linda $\to$ Susan.
    *   Steven is Linda's ancestor (Rule 31: Steven $\to$ Linda).
    *   Joe is Steven's ancestor (Rule 46: Joe $\to$ Steven).
    *   Joe is Dennis's descendant (Rule 3: Dennis $\to$ Joe).
    *   Kevin is Dennis's ancestor (Rule 45: Kevin $\to$ Dennis).
    *   Kevin is Samuel's descendant (Rule 34: Samuel $\to$ Kevin).
    *   Samuel is Rachel's descendant (Rule 38: Rachel $\to$ Samuel).
    *   Gregory is Rachel's ancestor (Rule 6: Gregory $\to$ Rachel).
    *   Gregory is Deborah's descendant (Rule 26: Deborah $\to$ Gregory).
    *   Deborah is Willie's descendant (Rule 61: Willie $\to$ Deborah).
    *   Logan is Willie's ancestor (Rule 40: Logan $\to$ Willie).
    *   Gabriel is Logan's ancestor (Rule 1: Gabriel $\to$ Logan).
    *   Gabriel is Carolyn's descendant (Rule 56: Carolyn $\to$ Gabriel).
    *   Carolyn is Janet's descendant (Rule 54: Janet $\to$ Carolyn).
    *   Karen is Janet's ancestor (Rule 48: Karen $\to$ Janet).
    *   Karen is Arthur's descendant (Rule 51: Arthur $\to$ Karen).
    *   Arthur is Kenneth's descendant (Rule 50: Kenneth $\to$ Arthur).
    *   **Result:** Kenneth is an ancestor of Ronald (Kenneth $\to$ Arthur $\to$ Karen $\to$ Janet $\to$ Carolyn $\to$ Gabriel $\to$ Logan $\to$ Willie $\to$ Deborah $\to$ Gregory $\to$ Rachel $\to$ Samuel $\to$ Kevin $\to$ Dennis $\to$ Joe $\to$ Steven $\to$ Linda $\to$ Susan $\to$ Brenda $\to$ Theresa $\to$ Sophia $\to$ Carol $\to$ Helen $\to$ Larry $\to$ Ronald).

2.  **Path from Kenneth to Anthony:**
    *   Kenneth is Heather's ancestor (Rule 14: Kenneth $\to$ Heather).
    *   Heather is Gloria's ancestor (Rule 8: Heather $\to$ Gloria).
    *   Christine is Gloria's descendant (Rule 7: Gloria $\to$ Christine).
    *   Christine is Lori's ancestor (Rule 17: Christine $\to$ Lori).
    *   Cynthia is Lori's descendant (Rule 10: Lori $\to$ Cynthia).
    *   Juan is Cynthia's descendant (Rule 53: Cynthia $\to$ Juan).
    *   Eric is Juan's descendant (Rule 39: Juan $\to$ Eric).
    *   Bruce is Eric's descendant (Rule 22: Eric $\to$ Bruce).
    *   Bobby is Bruce's descendant (Rule 12: Bruce $\to$ Bobby).
    *   Bobby is Sean's ancestor (Rule 42: Bobby $\to$ Sean).
    *   Jordan is Sean's descendant (Rule 36: Sean $\to$ Jordan).
    *   Donald is Jordan's descendant (Rule 23: Jordan $\to$ Donald).
    *   Donald is Jesse's ancestor (Rule 58: Donald $\to$ Jesse).
    *   Joshua is Jesse's descendant (Rule 35: Jesse $\to$ Joshua).
    *   Harold is Joshua's descendant (Rule 57: Joshua $\to$ Harold).
    *   Ashley is Harold's descendant (Rule 15: Harold $\to$ Ashley).
    *   Ashley is Jean's ancestor (Rule 32: Ashley $\to$ Jean).
    *   Bradley is Jean's descendant (Rule 20: Jean $\to$ Bradley).
    *   Danielle is Bradley's descendant (Rule 27: Bradley $\to$ Danielle).
    *   William is Danielle's descendant (Rule 16: Danielle $\to$ William).
    *   William is Matthew's ancestor (Rule 59: William $\to$ Matthew).
    *   Michael is Matthew's descendant (Rule 47: Matthew $\to$ Michael).
    *   Edward is Michael's descendant (Rule 13: Michael $\to$ Edward).
    *   Jerry is Edward's descendant (Rule 5: Edward $\to$ Jerry).
    *   Kelly is Jerry's descendant (Rule 11: Jerry $\to$ Kelly).
    *   Jacob is Kelly's descendant (Rule 43: Kelly $\to$ Jacob).
    *   Andrea is Jacob's descendant (Rule 19: Jacob $\to$ Andrea).
    *   Andrea is Kathleen's ancestor (Rule 63: Andrea $\to$ Kathleen).
    *   Kathryn is Kathleen's descendant (Rule 9: Kathleen $\to$ Kathryn).
    *   Brandon is Kathryn's descendant (Rule 24: Kathryn $\to$ Brandon).
    *   Stephanie is Brandon's descendant (Rule 2: Brandon $\to$ Stephanie).
    *   Isabella is Stephanie's descendant (Rule 28: Stephanie $\to$ Isabella).
    *   Isabella is Christopher's ancestor (Rule 52: Isabella $\to$ Christopher).
    *   Christopher is Jonathan's ancestor (Rule 18: Christopher $\to$ Jonathan).
    *   Jose is Jonathan's descendant (Rule 44: Jonathan $\to$ Jose).
    *   Jose is Julia's ancestor (Rule 60: Jose $\to$ Julia).
    *   Carl is Julia's descendant (Rule 30: Julia $\to$ Carl).
    *   Amanda is Carl's descendant (Rule 62: Carl $\to$ Amanda).
    *   Amanda is Anthony's ancestor (Rule 37: Amanda $\to$ Anthony).
    *   **Result:** Kenneth is an ancestor of Anthony (Kenneth $\to$ Heather $\to$ Gloria $\to$ Christine $\to$ Lori $\to$ Cynthia $\to$ Juan $\to$ Eric $\to$ Bruce $\to$ Bobby $\to$ Sean $\to$ Jordan $\to$ Donald $\to$ Jesse $\to$ Joshua $\to$ Harold $\to$ Ashley $\to$ Jean $\to$ Bradley $\to$ Danielle $\to$ William $\to$ Matthew $\to$ Michael $\to$ Edward $\to$ Jerry $\to$ Kelly $\to$ Jacob $\to$ Andrea $\to$ Kathleen $\to$ Kathryn $\to$ Brandon $\to$ Stephanie $\to$ Isabella $\to$ Christopher $\to$ Jonathan $\to$ Jose $\to$ Julia $\to$ Carl $\to$ Amanda $\to$ Anthony).

**Conclusion:**
Since Kenneth is an ancestor of both Ronald and Anthony, they share a common ancestor. There are no direct links indicating Ronald is Anthony's ancestor or descendant, nor is there a link indicating they share a common descendant.

<ANSWER>4</ANSWER>"
64,COMMON_DESCENDANT,4,"Given the following lineage relationships:
* Janice is Danielle's ancestor.
* Sophia is Olivia's descendant.
* Russell is Lawrence's descendant.
* Mason is Matthew's ancestor.
* Diana is Isabella's descendant.
* Danielle is Christine's ancestor.
* Kathryn is Matthew's descendant.
* Elizabeth is Brittany's descendant.
* Diane is Eric's descendant.
* Sophia is Jacqueline's ancestor.
* Michael is Keith's ancestor.
* Kathryn is Deborah's ancestor.
* Gary is Beverly's ancestor.
* Elijah is Denise's ancestor.
* Jerry is Billy's descendant.
* Kyle is Christine's descendant.
* Logan is Sarah's descendant.
* Lawrence is Evelyn's descendant.
* Ann is Benjamin's descendant.
* Paul is Michelle's ancestor.
* Kayla is Elijah's ancestor.
* Cheryl is Dennis's descendant.
* Sarah is Terry's descendant.
* Eric is Jonathan's descendant.
* Ryan is Jeffrey's descendant.
* Deborah is Rachel's ancestor.
* Carl is Russell's descendant.
* Kenneth is Benjamin's ancestor.
* Brenda is Bryan's descendant.
* Kathleen is Michelle's descendant.
* Linda is Elizabeth's descendant.
* Julie is Olivia's ancestor.
* Nancy is Ryan's descendant.
* Nancy is Evelyn's ancestor.
* Wayne is Andrea's ancestor.
* Logan is Paul's ancestor.
* Mason is Sharon's descendant.
* Andrea is Isabella's ancestor.
* Brittany is Jerry's descendant.
* Margaret is Pamela's ancestor.
* Scott is Janice's ancestor.
* Dennis is Amanda's descendant.
* Brenda is Alice's ancestor.
* Kenneth is Patrick's descendant.
* Cheryl is Jeffrey's ancestor.
* Bryan is Linda's descendant.
* Kathleen is Margaret's ancestor.
* Sharon is Rebecca's descendant.
* Bradley is Samantha's ancestor.
* Michael is Jacqueline's descendant.
* Amanda is Timothy's descendant.
* Kyle is Amy's ancestor.
* Scott is Keith's descendant.
* Bradley is Rachel's descendant.
* Beverly is Wayne's ancestor.
* Ann is Diane's descendant.
* Timothy is Denise's descendant.
* Terry is Alice's descendant.
* Diana is Patrick's ancestor.
* Carl is Billy's ancestor.
* Amy is Gary's ancestor.
* Samantha is Kayla's ancestor.
* Julie is Pamela's descendant.
Determine the lineage relationship between Jonathan and Rebecca.
Select the correct answer:
1. Jonathan is Rebecca's ancestor.
2. Jonathan is Rebecca's descendant.
3. Jonathan and Rebecca share a common ancestor.
4. Jonathan and Rebecca share a common descendant.
5. None of the above is correct.
Enclose the selected answer number in the <ANSWER> tag, for example: <ANSWER>1</ANSWER>.",qwen/qwen3.5-9b,,,,"

The lineage relationships are analyzed as follows:

1.  **Trace from Jonathan:**
    *   Jonathan is the ancestor of Eric (""Eric is Jonathan's descendant"").
    *   Eric is the ancestor of Diane (""Diane is Eric's descendant"").
    *   Diane is the ancestor of Ann (""Ann is Diane's descendant"").
    *   Ann is the descendant of Benjamin (""Ann is Benjamin's descendant"" $\rightarrow$ Benjamin is Ancestor of Ann).
    *   Kenneth is the ancestor of Benjamin (""Kenneth is Benjamin's ancestor"").
    *   Kenneth is the descendant of Patrick (""Kenneth is Patrick's descendant"" $\rightarrow$ Patrick is Ancestor of Kenneth).
    *   Diana is the ancestor of Patrick (""Diana is Patrick's ancestor"").
    *   Diana is the descendant of Isabella (""Diana is Isabella's descendant"" $\rightarrow$ Isabella is Ancestor of Diana).
    *   Andrea is the ancestor of Isabella (""Andrea is Isabella's ancestor"").
    *   Wayne is the ancestor of Andrea (""Wayne is Andrea's ancestor"").
    *   Beverly is the ancestor of Wayne (""Beverly is Wayne's ancestor"").
    *   Gary is the ancestor of Beverly (""Gary is Beverly's ancestor"").
    *   Amy is the ancestor of Gary (""Amy is Gary's ancestor"").
    *   Kyle is the ancestor of Amy (""Kyle is Amy's ancestor"").
    *   Kyle is the descendant of Christine (""Kyle is Christine's descendant"" $\rightarrow$ Christine is Ancestor of Kyle).
    *   Danielle is the ancestor of Christine (""Danielle is Christine's ancestor"").
    *   Janice is the ancestor of Danielle (""Janice is Danielle's ancestor"").
    *   Scott is the ancestor of Janice (""Scott is Janice's ancestor"").
    *   Scott is the descendant of Keith (""Scott is Keith's descendant"" $\rightarrow$ Keith is Ancestor of Scott).
    *   Michael is the ancestor of Keith (""Michael is Keith's ancestor"").
    *   Michael is the descendant of Jacqueline (""Michael is Jacqueline's descendant"" $\rightarrow$ Jacqueline is Ancestor of Michael).
    *   Sophia is the ancestor of Jacqueline (""Sophia is Jacqueline's ancestor"").
    *   Sophia is the descendant of Olivia (""Sophia is Olivia's descendant"" $\rightarrow$ Olivia is Ancestor of Sophia).
    *   Julie is the ancestor of Olivia (""Julie is Olivia's ancestor"").
    *   Julie is the descendant of Pamela (""Julie is Pamela's descendant"" $\rightarrow$ Pamela is Ancestor of Julie).
    *   Margaret is the ancestor of Pamela (""Margaret is Pamela's ancestor"").
    *   Kathleen is the ancestor of Margaret (""Kathleen is Margaret's ancestor"").
    *   Kathleen is the descendant of Michelle (""Kathleen is Michelle's descendant"" $\rightarrow$ Michelle is Ancestor of Kathleen).
    *   Paul is the ancestor of Michelle (""Paul is Michelle's ancestor"").
    *   Logan is the ancestor of Paul (""Logan is Paul's ancestor"").
    *   Logan is the descendant of Sarah (""Logan is Sarah's descendant"" $\rightarrow$ Sarah is Ancestor of Logan).
    *   Sarah is the descendant of Terry (""Sarah is Terry's descendant"" $\rightarrow$ Terry is Ancestor of Sarah).
    *   Terry is the descendant of Alice (""Terry is Alice's descendant"" $\rightarrow$ Alice is Ancestor of Terry).
    *   Brenda is the ancestor of Alice (""Brenda is Alice's ancestor"").
    *   Brenda is the descendant of Bryan (""Brenda is Bryan's descendant"" $\rightarrow$ Bryan is Ancestor of Brenda).
    *   Bryan is the descendant of Linda (""Bryan is Linda's descendant"" $\rightarrow$ Linda is Ancestor of Bryan).
    *   Linda is the descendant of Elizabeth (""Linda is Elizabeth's descendant"" $\rightarrow$ Elizabeth is Ancestor of Linda).
    *   Elizabeth is the descendant of Brittany (""Elizabeth is Brittany's descendant"" $\rightarrow$ Brittany is Ancestor of Elizabeth).
    *   Brittany is the descendant of Jerry (""Brittany is Jerry's descendant"" $\rightarrow$ Jerry is Ancestor of Brittany).
    *   Jerry is the descendant of Billy (""Jerry is Billy's descendant"" $\rightarrow$ Billy is Ancestor of Jerry).
    *   Carl is the ancestor of Billy (""Carl is Billy's ancestor"").
    *   Carl is the descendant of Russell (""Carl is Russell's descendant"" $\rightarrow$ Russell is Ancestor of Carl).
    *   Russell is the descendant of Lawrence (""Russell is Lawrence's descendant"" $\rightarrow$ Lawrence is Ancestor of Russell).
    *   Lawrence is the descendant of Evelyn (""Lawrence is Evelyn's descendant"" $\rightarrow$ Evelyn is Ancestor of Lawrence).

    This establishes a path from Jonathan to Carl:
    **Jonathan $\rightarrow$ ... $\rightarrow$ Carl.**

2.  **Trace from Rebecca:**
    *   Sharon is the descendant of Rebecca (""Sharon is Rebecca's descendant"" $\rightarrow$ Rebecca $\rightarrow$ Sharon).
    *   Mason is the descendant of Sharon (""Mason is Sharon's descendant"" $\rightarrow$ Sharon $\rightarrow$ Mason).
    *   Mason is the ancestor of Matthew (""Mason is Matthew's ancestor"" $\rightarrow$ Mason $\rightarrow$ Matthew).
    *   Kathryn is the descendant of Matthew (""Kathryn is Matthew's descendant"" $\rightarrow$ Matthew $\rightarrow$ Kathryn).
    *   Kathryn is the ancestor of Deborah (""Kathryn is Deborah's ancestor"").
    *   Deborah is the ancestor of Rachel (""Deborah is Rachel's ancestor"").
    *   Bradley is the descendant of Rachel (""Bradley is Rachel's descendant"").
    *   Bradley is the ancestor of Samantha (""Bradley is Samantha's ancestor"").
    *   Samantha is the descendant of Kayla (""Samantha is Kayla's ancestor"" $\rightarrow$ Kayla $\rightarrow$ Samantha).
    *   Kayla is the ancestor of Elijah (""Kayla is Elijah's ancestor"").
    *   Elijah is the ancestor of Denise (""Elijah is Denise's ancestor"").
    *   Timothy is the descendant of Denise (""Timothy is Denise's descendant"").
    *   Amanda is the descendant of Timothy (""Amanda is Timothy's descendant"").
    *   Dennis is the descendant of Amanda (""Dennis is Amanda's descendant"").
    *   Cheryl is the descendant of Dennis (""Cheryl is Dennis's descendant"").
    *   Cheryl is the ancestor of Jeffrey (""Cheryl is Jeffrey's ancestor"").
    *   Ryan is the descendant of Jeffrey (""Ryan is Jeffrey's descendant"").
    *   Nancy is the descendant of Ryan (""Nancy is Ryan's descendant"").
    *   Nancy is the ancestor of Evelyn (""Nancy is Evelyn's ancestor"").
    *   Evelyn is the ancestor of Lawrence (from previous trace: Lawrence is Evelyn's descendant).
    *   Lawrence is the ancestor of Russell.
    *   Russell is the ancestor of Carl.
    *   Carl is the ancestor of ... (from previous trace).

    This establishes a path from Rebecca to Carl:
    **Rebecca $\rightarrow$ ... $\rightarrow$ Carl.**

3.  **Conclusion:**
    Both Jonathan and Rebecca are ancestors of Carl. Therefore, Carl is a common descendant of Jonathan and Rebecca. They do not have an ancestor-descendant relationship between them (Jonathan is not Rebecca's ancestor, nor vice versa), nor is there a common ancestor explicitly linked other than through Carl's lineage. The most direct relationship established is that they share a common descendant.

<ANSWER>4</ANSWER>"
64,ANCESTOR,3,"Given the following lineage relationships:
* Sarah is Sophia's descendant.
* Betty is Cynthia's descendant.
* Amy is Gerald's descendant.
* Nicholas is Timothy's descendant.
* Roger is Randy's descendant.
* Zachary is Joshua's descendant.
* Kimberly is Catherine's ancestor.
* Jason is Susan's descendant.
* Carol is Debra's descendant.
* Heather is Samantha's descendant.
* Kathleen is Donald's descendant.
* Jesse is Grace's ancestor.
* Bryan is Lauren's descendant.
* Carl is Marie's ancestor.
* Douglas is Bryan's descendant.
* Jason is Julia's ancestor.
* Emma is Catherine's descendant.
* Lauren is Lori's descendant.
* Diane is Carol's descendant.
* Randy is Emma's descendant.
* Susan is Heather's descendant.
* Julie is Gabriel's descendant.
* Nathan is Amy's descendant.
* Joe is Alexander's descendant.
* Jeremy is Jordan's descendant.
* Debra is Ethan's descendant.
* Richard is Jose's ancestor.
* Joshua is Joan's descendant.
* Alexander is Julie's descendant.
* Kimberly is Janet's descendant.
* Roy is Ashley's ancestor.
* Jose is Lori's ancestor.
* Marie is Cynthia's ancestor.
* Zachary is Paul's ancestor.
* Ethan is Michael's descendant.
* Paul is Janet's ancestor.
* Diana is Ashley's descendant.
* Roy is Matthew's descendant.
* Justin is Beverly's ancestor.
* Joyce is Jesse's ancestor.
* Roger is Kathryn's ancestor.
* Sophia is Ryan's descendant.
* Grace is Michael's ancestor.
* Ryan is Betty's descendant.
* Ronald is Abigail's ancestor.
* Walter is Maria's ancestor.
* Samantha is Sarah's descendant.
* Jordan is Diana's descendant.
* Douglas is Justin's ancestor.
* Nathan is Walter's ancestor.
* Stephen is Jeremy's descendant.
* Diane is Ronald's ancestor.
* Gerald is Dennis's descendant.
* Julia is Elijah's ancestor.
* Gabriel is Elijah's descendant.
* Joe is Timothy's ancestor.
* Donald is Beverly's descendant.
* Elizabeth is Stephen's descendant.
* Joyce is Kathryn's descendant.
* Richard is Maria's descendant.
* Carl is Elizabeth's descendant.
* Abigail is Matthew's ancestor.
* Nicholas is Dennis's ancestor.
Determine the lineage relationship between Joan and Kathleen.
Select the correct answer:
1. Joan is Kathleen's descendant.
2. Joan and Kathleen share a common ancestor.
3. Joan is Kathleen's ancestor.
4. Joan and Kathleen share a common descendant.
5. None of the above is correct.
Enclose the selected answer number in the <ANSWER> tag, for example: <ANSWER>1</ANSWER>.",qwen/qwen3.5-9b,,,,"

Based on the provided lineage relationships, we can trace the connection between Joan and Kathleen by establishing a chain of ancestry.

1.  **Joan** is the ancestor of **Joshua** (""Joshua is Joan's descendant"").
2.  **Joshua** is the ancestor of **Zachary** (""Zachary is Joshua's descendant"").
3.  **Zachary** is the ancestor of **Paul** (""Zachary is Paul's ancestor"").
4.  **Paul** is the ancestor of **Janet** (""Paul is Janet's ancestor"").
5.  **Janet** is the ancestor of **Kimberly** (""Kimberly is Janet's descendant"").
6.  **Kimberly** is the ancestor of **Catherine** (""Kimberly is Catherine's ancestor"").
7.  **Catherine** is the ancestor of **Emma** (""Emma is Catherine's descendant"").
8.  **Emma** is the ancestor of **Randy** (""Randy is Emma's descendant"").
9.  **Randy** is the ancestor of **Roger** (""Roger is Randy's descendant"").
10. **Roger** is the ancestor of **Kathryn** (""Roger is Kathryn's ancestor"").
11. **Kathryn** is the ancestor of **Joyce** (""Joyce is Kathryn's descendant"").
12. **Joyce** is the ancestor of **Jesse** (""Joyce is Jesse's ancestor"").
13. **Jesse** is the ancestor of **Grace** (""Jesse is Grace's ancestor"").
14. **Grace** is the ancestor of **Michael** (""Grace is Michael's ancestor"").
15. **Michael** is the ancestor of **Ethan** (""Ethan is Michael's descendant"").
16. **Ethan** is the ancestor of **Debra** (""Debra is Ethan's descendant"").
17. **Debra** is the ancestor of **Carol** (""Carol is Debra's descendant"").
18. **Carol** is the ancestor of **Diane** (""Diane is Carol's descendant"").
19. **Diane** is the ancestor of **Ronald** (""Diane is Ronald's ancestor"").
20. **Ronald** is the ancestor of **Abigail** (""Ronald is Abigail's ancestor"").
21. **Abigail** is the ancestor of **Matthew** (""Abigail is Matthew's ancestor"").
22. **Matthew** is the ancestor of **Roy** (""Roy is Matthew's descendant"").
23. **Roy** is the ancestor of **Ashley** (""Roy is Ashley's ancestor"").
24. **Ashley** is the ancestor of **Diana** (""Diana is Ashley's descendant"").
25. **Diana** is the ancestor of **Jordan** (""Jordan is Diana's descendant"").
26. **Jordan** is the ancestor of **Jeremy** (""Jeremy is Jordan's descendant"").
27. **Jeremy** is the ancestor of **Stephen** (""Stephen is Jeremy's descendant"").
28. **Stephen** is the ancestor of **Elizabeth** (""Elizabeth is Stephen's descendant"").
29. **Elizabeth** is the ancestor of **Carl** (""Carl is Elizabeth's descendant"").
30. **Carl** is the ancestor of **Marie** (""Carl is Marie's ancestor"").
31. **Marie** is the ancestor of **Cynthia** (""Marie is Cynthia's ancestor"").
32. **Cynthia** is the ancestor of **Betty** (""Betty is Cynthia's descendant"").
33. **Betty** is the ancestor of **Ryan** (""Ryan is Betty's descendant"").
34. **Ryan** is the ancestor of **Sophia** (""Sophia is Ryan's descendant"").
35. **Sophia** is the ancestor of **Sarah** (""Sarah is Sophia's descendant"").
36. **Sarah** is the ancestor of **Samantha** (""Samantha is Sarah's descendant"").
37. **Samantha** is the ancestor of **Heather** (""Heather is Samantha's descendant"").
38. **Heather** is the ancestor of **Susan** (""Susan is Heather's descendant"").
39. **Susan** is the ancestor of **Jason** (""Jason is Susan's descendant"").
40. **Jason** is the ancestor of **Julia** (""Jason is Julia's ancestor"").
41. **Julia** is the ancestor of **Elijah** (""Julia is Elijah's ancestor"").
42. **Elijah** is the ancestor of **Gabriel** (""Gabriel is Elijah's descendant"").
43. **Gabriel** is the ancestor of **Julie** (""Julie is Gabriel's descendant"").
44. **Julie** is the ancestor of **Alexander** (""Alexander is Julie's descendant"").
45. **Alexander** is the ancestor of **Joe** (""Joe is Alexander's descendant"").
46. **Joe** is the ancestor of **Timothy** (""Joe is Timothy's ancestor"").
47. **Timothy** is the ancestor of **Nicholas** (""Nicholas is Timothy's descendant"").
48. **Nicholas** is the ancestor of **Dennis** (""Nicholas is Dennis's ancestor"").
49. **Dennis** is the ancestor of **Gerald** (""Gerald is Dennis's descendant"").
50. **Gerald** is the ancestor of **Amy** (""Amy is Gerald's descendant"").
51. **Amy** is the ancestor of **Nathan** (""Nathan is Amy's descendant"").
52. **Nathan** is the ancestor of **Walter** (""Nathan is Walter's ancestor"").
53. **Walter** is the ancestor of **Maria** (""Walter is Maria's ancestor"").
54. **Maria** is the ancestor of **Richard** (""Richard is Maria's descendant"").
55. **Richard** is the ancestor of **Jose** (""Richard is Jose's ancestor"").
56. **Jose** is the ancestor of **Lori** (""Jose is Lori's ancestor"").
57. **Lori** is the ancestor of **Lauren** (""Lauren is Lori's descendant"").
58. **Lauren** is the ancestor of **Bryan** (""Bryan is Lauren's descendant"").
59. **Bryan** is the ancestor of **Douglas** (""Douglas is Bryan's descendant"").
60. **Douglas** is the ancestor of **Justin** (""Douglas is Justin's ancestor"").
61. **Justin** is the ancestor of **Beverly** (""Justin is Beverly's ancestor"").
62. **Beverly** is the ancestor of **Donald** (""Donald is Beverly's descendant"").
63. **Donald** is the ancestor of **Kathleen** (""Kathleen is Donald's descendant"").

The chain of relationships confirms that Joan is the ancestor of Kathleen.

<ANSWER>3</ANSWER>"
64,DESCENDANT,1,"Given the following lineage relationships:
* Pamela is Gabriel's ancestor.
* Brittany is Kevin's ancestor.
* Bradley is Jesse's descendant.
* Albert is Laura's ancestor.
* Zachary is Stephanie's descendant.
* Keith is Ruth's ancestor.
* Ruth is Eric's ancestor.
* Janice is Madison's ancestor.
* Terry is Thomas's ancestor.
* Vincent is Brandon's ancestor.
* Sarah is Denise's ancestor.
* Raymond is Isabella's ancestor.
* Andrew is Russell's ancestor.
* Dennis is Harold's ancestor.
* Terry is Brandon's descendant.
* Michelle is Brittany's ancestor.
* Elizabeth is Carl's ancestor.
* Barbara is Carl's descendant.
* Evelyn is Brian's ancestor.
* Karen is Amy's ancestor.
* Matthew is Billy's ancestor.
* Pamela is Nicholas's descendant.
* Marie is Albert's ancestor.
* Nicholas is Zachary's descendant.
* Matthew is Diana's descendant.
* Kathleen is Billy's descendant.
* Katherine is Paul's descendant.
* Katherine is Raymond's ancestor.
* Madison is Evelyn's ancestor.
* Christine is Margaret's descendant.
* Jean is Marie's ancestor.
* Amy is Willie's ancestor.
* Paul is Stephen's descendant.
* Margaret is Austin's descendant.
* Karen is Thomas's descendant.
* Mason is Elizabeth's ancestor.
* Michelle is Russell's descendant.
* Larry is Tyler's ancestor.
* Daniel is Laura's descendant.
* Daniel is Vincent's ancestor.
* Eric is Patrick's ancestor.
* Hannah is Brian's descendant.
* Patrick is Debra's ancestor.
* Bobby is Barbara's descendant.
* Sarah is Gabriel's descendant.
* Jeffrey is Debra's descendant.
* Stephanie is Tyler's descendant.
* Bruce is Kathleen's descendant.
* Bobby is Dorothy's ancestor.
* Sophia is Grace's descendant.
* Austin is Nancy's descendant.
* Bruce is Keith's ancestor.
* Denise is Mason's ancestor.
* Larry is Willie's descendant.
* Scott is Jeffrey's descendant.
* Isabella is Grace's ancestor.
* Scott is Andrew's ancestor.
* Nancy is Kevin's descendant.
* Christine is Jean's ancestor.
* Stephen is Dorothy's descendant.
* Sophia is Dennis's ancestor.
* Hannah is Diana's ancestor.
* Bradley is Janice's ancestor.
Determine the lineage relationship between Harold and Jesse.
Select the correct answer:
1. Harold is Jesse's descendant.
2. Harold and Jesse share a common descendant.
3. Harold is Jesse's ancestor.
4. Harold and Jesse share a common ancestor.
5. None of the above is correct.
Enclose the selected answer number in the <ANSWER> tag, for example: <ANSWER>1</ANSWER>.",qwen/qwen3.5-9b,,,,"

<ANSWER>1</ANSWER>"
64,COMMON_ANCESTOR,1,"Given the following lineage relationships:
* Brandon is Eric's ancestor.
* Brandon is Edward's descendant.
* Kathryn is Evelyn's descendant.
* Patricia is Danielle's descendant.
* Andrew is Nicholas's descendant.
* Andrew is Joe's ancestor.
* Nancy is Harold's descendant.
* Natalie is Carolyn's ancestor.
* Alexis is Diane's descendant.
* Gloria is Paul's descendant.
* Laura is Samuel's descendant.
* Natalie is Ronald's descendant.
* Bobby is Willie's descendant.
* Kimberly is Christine's descendant.
* Thomas is Dorothy's descendant.
* Alexis is Willie's ancestor.
* Jose is Albert's ancestor.
* Kathryn is Ann's ancestor.
* Dorothy is Tyler's descendant.
* Gregory is Albert's descendant.
* Bobby is Deborah's ancestor.
* Kyle is Victoria's descendant.
* Virginia is Anthony's descendant.
* Deborah is Terry's ancestor.
* Susan is Noah's descendant.
* Teresa is Jesse's ancestor.
* Rebecca is Scott's descendant.
* Ann is Henry's ancestor.
* Nancy is Michael's ancestor.
* Judy is Christina's ancestor.
* Scott is Beverly's descendant.
* Noah is Michael's descendant.
* Julie is Carolyn's descendant.
* Juan is Thomas's descendant.
* Judy is Alan's descendant.
* Jesse is Ronald's ancestor.
* Roger is Diane's ancestor.
* Samuel is Julie's descendant.
* Beverly is Terry's descendant.
* Nicole is Paul's ancestor.
* Steven is Patricia's descendant.
* Karen is Evelyn's ancestor.
* Laura is Marie's ancestor.
* Jacob is Eric's descendant.
* Christine is Victoria's ancestor.
* Teresa is Henry's descendant.
* Gloria is Alan's ancestor.
* Steven is Nicole's ancestor.
* Marie is Jonathan's ancestor.
* Aaron is Jordan's descendant.
* Juan is Edward's ancestor.
* Nicholas is Aaron's descendant.
* Elizabeth is Jose's ancestor.
* Sandra is Jacob's descendant.
* Elizabeth is Christina's descendant.
* Jonathan is Roger's ancestor.
* Joe is Tyler's ancestor.
* Amy is Rebecca's descendant.
* Kyle is Anthony's ancestor.
* Harold is Amy's descendant.
* Susan is Jordan's ancestor.
* Danielle is Sandra's descendant.
* Karen is Virginia's descendant.
Determine the lineage relationship between Kimberly and Gregory.
Select the correct answer:
1. Kimberly and Gregory share a common ancestor.
2. Kimberly is Gregory's descendant.
3. Kimberly is Gregory's ancestor.
4. Kimberly and Gregory share a common descendant.
5. None of the above is correct.
Enclose the selected answer number in the <ANSWER> tag, for example: <ANSWER>1</ANSWER>.",qwen/qwen3.5-9b,,,,"

To determine the relationship between Kimberly and Gregory, we must trace the lineage paths from the given rules to find a connection between them.

1.  **Analyze Kimberly's lineage:**
    *   ""Kimberly is Christine's descendant."" -> Path: **Christine $\rightarrow$ Kimberly**.
    *   ""Christine is Victoria's ancestor."" -> Path: **Christine $\rightarrow$ Victoria**.
    *   Combining these, Christine is the ancestor of both Kimberly and Victoria.

2.  **Analyze Gregory's lineage:**
    *   ""Gregory is Albert's descendant."" -> Path: **Albert $\rightarrow$ Gregory**.
    *   ""Jose is Albert's ancestor."" -> Path: **Jose $\rightarrow$ Albert**.
    *   ""Elizabeth is Jose's ancestor."" -> Path: **Elizabeth $\rightarrow$ Jose**.
    *   ""Elizabeth is Christina's descendant."" -> Path: **Christina $\rightarrow$ Elizabeth**.
    *   ""Judy is Christina's ancestor."" -> Path: **Judy $\rightarrow$ Christina**.
    *   ""Judy is Alan's descendant."" -> Path: **Alan $\rightarrow$ Judy**.
    *   ""Gloria is Alan's ancestor."" -> Path: **Gloria $\rightarrow$ Alan**.
    *   ""Steven is Nicole's ancestor."" -> Path: **Nicole $\rightarrow$ Steven**.
    *   ""Nicole is Paul's ancestor."" -> Path: **Paul $\rightarrow$ Nicole**.
    *   ""Steven is Patricia's descendant."" -> Path: **Patricia $\rightarrow$ Steven**.
    *   ""Patricia is Danielle's descendant."" -> Path: **Danielle $\rightarrow$ Patricia**.
    *   ""Danielle is Sandra's descendant."" -> Path: **Sandra $\rightarrow$ Danielle**.
    *   ""Sandra is Jacob's descendant."" -> Path: **Jacob $\rightarrow$ Sandra**.
    *   ""Jacob is Eric's descendant."" -> Path: **Eric $\rightarrow$ Jacob**.
    *   ""Brandon is Eric's ancestor."" -> Path: **Brandon $\rightarrow$ Eric**.
    *   ""Brandon is Edward's descendant."" -> Path: **Edward $\rightarrow$ Brandon**.
    *   ""Joe is Tyler's ancestor."" -> Path: **Tyler $\rightarrow$ Joe**.
    *   ""Andrew is Joe's ancestor."" -> Path: **Andrew $\rightarrow$ Joe**.
    *   ""Andrew is Nicholas's descendant."" -> Path: **Nicholas $\rightarrow$ Andrew**.
    *   ""Nicholas is Aaron's descendant."" -> Path: **Aaron $\rightarrow$ Nicholas**.
    *   ""Aaron is Jordan's descendant."" -> Path: **Jordan $\rightarrow$ Aaron**.
    *   ""Susan is Jordan's ancestor."" -> Path: **Susan $\rightarrow$ Jordan**.
    *   ""Susan is Noah's descendant."" -> Path: **Noah $\rightarrow$ Susan**.
    *   ""Noah is Michael's descendant."" -> Path: **Michael $\rightarrow$ Noah**.
    *   ""Nancy is Michael's ancestor."" -> Path: **Michael $\rightarrow$ Nancy**.
    *   ""Nancy is Harold's descendant."" -> Path: **Harold $\rightarrow$ Nancy**.
    *   ""Harold is Amy's descendant."" -> Path: **Amy $\rightarrow$ Harold**.
    *   ""Amy is Rebecca's descendant."" -> Path: **Rebecca $\rightarrow$ Amy**.
    *   ""Scott is Beverly's descendant."" -> Path: **Beverly $\rightarrow$ Scott**.
    *   ""Scott is Rebecca's descendant."" -> Path: **Rebecca $\rightarrow$ Scott**.
    *   ""Rebecca is Scott's descendant."" (Repeated/consistent).
    *   ""Terry is Beverly's descendant."" -> Path: **Terry $\rightarrow$ Beverly**.
    *   ""Deborah is Terry's ancestor."" -> Path: **Terry $\rightarrow$ Deborah**.
    *   ""Bobby is Deborah's ancestor."" -> Path: **Bobby $\rightarrow$ Deborah**.
    *   ""Bobby is Willie's descendant."" -> Path: **Willie $\rightarrow$ Bobby**.
    *   ""Alexis is Willie's ancestor."" -> Path: **Willie $\rightarrow$ Alexis**.
    *   ""Alexis is Diane's descendant."" -> Path: **Diane $\rightarrow$ Alexis**.
    *   ""Roger is Diane's ancestor."" -> Path: **Roger $\rightarrow$ Diane**.
    *   ""Jonathan is Roger's ancestor."" -> Path: **Roger $\rightarrow$ Jonathan**.
    *   ""Marie is Jonathan's ancestor."" -> Path: **Marie $\rightarrow$ Jonathan**.
    *   ""Laura is Marie's ancestor."" -> Path: **Laura $\rightarrow$ Marie**.
    *   ""Samuel is Julie's descendant."" -> Path: **Julie $\rightarrow$ Samuel**.
    *   ""Julie is Carolyn's descendant."" -> Path: **Carolyn $\rightarrow$ Julie**.
    *   ""Natalie is Carolyn's ancestor."" -> Path: **Carolyn $\rightarrow$ Natalie**.
    *   ""Ronald is Natalie's ancestor."" -> Path: **Ronald $\rightarrow$ Natalie**.
    *   ""Jesse is Ronald's ancestor."" -> Path: **Jesse $\rightarrow$ Ronald**.
    *   ""Teresa is Jesse's ancestor."" -> Path: **Teresa $\rightarrow$ Jesse**.
    *   ""Teresa is Henry's descendant."" -> Path: **Henry $\rightarrow$ Teresa**.
    *   ""Ann is Henry's ancestor."" -> Path: **Ann $\rightarrow$ Henry**.
    *   ""Kathryn is Ann's ancestor."" -> Path: **Kathryn $\rightarrow$ Ann**.
    *   ""Kathryn is Evelyn's descendant."" -> Path: **Evelyn $\rightarrow$ Kathryn**.
    *   ""Karen is Evelyn's ancestor."" -> Path: **Karen $\rightarrow$ Evelyn**.
    *   ""Karen is Virginia's descendant."" -> Path: **Virginia $\rightarrow$ Karen**.
    *   ""Virginia is Anthony's descendant."" -> Path: **Anthony $\rightarrow$ Virginia**.
    *   ""Kyle is Anthony's ancestor."" -> Path: **Kyle $\rightarrow$ Anthony**.
    *   ""Kyle is Victoria's descendant."" -> Path: **Victoria $\rightarrow$ Kyle**.
    *   This establishes a path from **Victoria $\rightarrow$ Kyle $\rightarrow$ Anthony $\rightarrow$ ... $\rightarrow$ Gloria $\rightarrow$ Alan $\rightarrow$ Judy $\rightarrow$ Christina $\rightarrow$ Elizabeth $\rightarrow$ Jose $\rightarrow$ Albert $\rightarrow$ Gregory**.
    *   Since Victoria is the starting point of this chain that leads to Gregory, and we established earlier that Christine is Victoria's ancestor (Christine $\rightarrow$ Victoria), we have the path: **Christine $\rightarrow$ Victoria $\rightarrow$ ... $\rightarrow$ Gregory**.
    *   Thus, Christine is also an ancestor of Gregory.

3.  **Compare Lineages:**
    *   Kimberly is a descendant of Christine.
    *   Gregory is a descendant of Christine (via Victoria).
    *   Therefore, Kimberly and Gregory share Christine as a common ancestor.

The relationship is that they share a common ancestor.

<ANSWER>1</ANSWER>"
64,COMMON_DESCENDANT,2,"Given the following lineage relationships:
* Michael is Jonathan's descendant.
* Sara is Matthew's descendant.
* Heather is Janet's ancestor.
* Bryan is Maria's ancestor.
* Lawrence is Carol's ancestor.
* Lisa is Larry's ancestor.
* Vincent is Isabella's descendant.
* Madison is Shirley's ancestor.
* Emily is Laura's ancestor.
* Alice is Abigail's descendant.
* Hannah is Megan's ancestor.
* Judy is Jacqueline's descendant.
* Walter is Emily's ancestor.
* Elijah is Cheryl's descendant.
* Emma is Jonathan's ancestor.
* Eric is Marilyn's ancestor.
* Victoria is Jordan's descendant.
* Marilyn is Daniel's ancestor.
* Jennifer is Henry's descendant.
* Isabella is Elijah's descendant.
* Jerry is George's ancestor.
* Jordan is Jean's descendant.
* Sarah is Maria's descendant.
* Bobby is Lisa's ancestor.
* Samuel is Brenda's descendant.
* Terry is Christopher's ancestor.
* Edward is Sarah's descendant.
* Carol is Jacqueline's ancestor.
* Noah is Keith's ancestor.
* Janet is Deborah's ancestor.
* Shirley is Brittany's ancestor.
* Madison is Martha's descendant.
* Terry is Jeffrey's descendant.
* Roger is Jeffrey's ancestor.
* Catherine is Daniel's descendant.
* Noah is Pamela's descendant.
* Eric is Barbara's descendant.
* Walter is Paul's descendant.
* Ronald is Betty's descendant.
* Deborah is Pamela's ancestor.
* Victoria is Sean's ancestor.
* Abigail is Lauren's descendant.
* Jean is Evelyn's descendant.
* Jerry is Alice's descendant.
* Ronald is Emma's ancestor.
* Bobby is Kenneth's descendant.
* Megan is Janice's ancestor.
* Barbara is Sean's descendant.
* Brenda is Janice's descendant.
* Matthew is Charlotte's descendant.
* Paul is Samuel's descendant.
* Christopher is Cheryl's ancestor.
* Henry is Catherine's descendant.
* Sara is Bryan's ancestor.
* Martha is Judy's descendant.
* Heather is George's descendant.
* Brittany is Keith's ancestor.
* Charlotte is Jennifer's descendant.
* Larry is Lawrence's ancestor.
* Michael is Evelyn's ancestor.
* Lauren is Vincent's descendant.
* Betty is Laura's descendant.
* Roger is Edward's descendant.
Determine the lineage relationship between Kenneth and Hannah.
Select the correct answer:
1. Kenneth and Hannah share a common ancestor.
2. Kenneth and Hannah share a common descendant.
3. Kenneth is Hannah's ancestor.
4. Kenneth is Hannah's descendant.
5. None of the above is correct.
Enclose the selected answer number in the <ANSWER> tag, for example: <ANSWER>1</ANSWER>.",qwen/qwen3.5-9b,,,,"

To determine the relationship between Kenneth and Hannah, we need to trace the lineage connections provided in the prompt.

1.  **Tracing Hannah's Descendants:**
    *   Hannah is Megan's ancestor ($Hannah \rightarrow Megan$).
    *   Megan is Janice's ancestor ($Megan \rightarrow Janice$).
    *   Brenda is Janice's descendant ($Janice \rightarrow Brenda$).
    *   Samuel is Brenda's descendant ($Brenda \rightarrow Samuel$).
    *   Paul is Samuel's descendant ($Samuel \rightarrow Paul$).
    *   Walter is Paul's descendant ($Paul \rightarrow Walter$).
    *   Walter is Emily's ancestor ($Walter \rightarrow Emily$).
    *   Emily is Laura's ancestor ($Emily \rightarrow Laura$).
    *   Betty is Laura's descendant ($Laura \rightarrow Betty$).
    *   Ronald is Betty's descendant ($Betty \rightarrow Ronald$).
    *   Ronald is Emma's ancestor ($Ronald \rightarrow Emma$).
    *   Emma is Jonathan's ancestor ($Emma \rightarrow Jonathan$).
    *   Michael is Jonathan's descendant ($Jonathan \rightarrow Michael$).
    *   Michael is Evelyn's ancestor ($Michael \rightarrow Evelyn$).
    *   Jean is Evelyn's descendant ($Evelyn \rightarrow Jean$).
    *   Jordan is Jean's descendant ($Jean \rightarrow Jordan$).
    *   Victoria is Jordan's descendant ($Jordan \rightarrow Victoria$).
    *   Victoria is Sean's ancestor ($Victoria \rightarrow Sean$).
    *   Barbara is Sean's descendant ($Sean \rightarrow Barbara$).
    *   Eric is Barbara's descendant ($Barbara \rightarrow Eric$).
    *   Eric is Marilyn's ancestor ($Eric \rightarrow Marilyn$).
    *   Marilyn is Daniel's ancestor ($Marilyn \rightarrow Daniel$).
    *   Catherine is Daniel's descendant ($Daniel \rightarrow Catherine$).
    *   Henry is Catherine's descendant ($Catherine \rightarrow Henry$).
    *   Jennifer is Henry's descendant ($Henry \rightarrow Jennifer$).
    *   Charlotte is Jennifer's descendant ($Jennifer \rightarrow Charlotte$).
    *   Matthew is Charlotte's descendant ($Charlotte \rightarrow Matthew$).
    *   Sara is Matthew's descendant ($Matthew \rightarrow Sara$).
    *   Sara is Bryan's ancestor ($Sara \rightarrow Bryan$).
    *   Bryan is Maria's ancestor ($Bryan \rightarrow Maria$).
    *   Sarah is Maria's descendant ($Maria \rightarrow Sarah$).
    *   Edward is Sarah's descendant ($Sarah \rightarrow Edward$).
    *   Roger is Edward's descendant ($Edward \rightarrow Roger$).
    *   Roger is Jeffrey's ancestor ($Roger \rightarrow Jeffrey$).
    *   Terry is Jeffrey's descendant ($Jeffrey \rightarrow Terry$).
    *   Terry is Christopher's ancestor ($Terry \rightarrow Christopher$).
    *   Christopher is Cheryl's ancestor ($Christopher \rightarrow Cheryl$).
    *   Elijah is Cheryl's descendant ($Cheryl \rightarrow Elijah$).
    *   Isabella is Elijah's descendant ($Elijah \rightarrow Isabella$).
    *   Vincent is Isabella's descendant ($Isabella \rightarrow Vincent$).
    *   Lauren is Vincent's descendant ($Vincent \rightarrow Lauren$).
    *   Abigail is Lauren's descendant ($Lauren \rightarrow Abigail$).
    *   Alice is Abigail's descendant ($Abigail \rightarrow Alice$).
    *   Jerry is Alice's descendant ($Alice \rightarrow Jerry$).
    *   Jerry is George's ancestor ($Jerry \rightarrow George$).
    *   Heather is George's descendant ($George \rightarrow Heather$).
    *   Heather is Janet's ancestor ($Heather \rightarrow Janet$).
    *   Janet is Deborah's ancestor ($Janet \rightarrow Deborah$).
    *   Deborah is Pamela's ancestor ($Deborah \rightarrow Pamela$).
    *   Pamela is Noah's descendant ($Pamela \rightarrow Noah$).
    *   Noah is Keith's ancestor ($Noah \rightarrow Keith$).
    *   **Path A:** Hannah $\rightarrow$ Megan $\rightarrow$ ... $\rightarrow$ Jerry $\rightarrow$ ... $\rightarrow$ Keith.
    *   Also, **Path A** connects to **Carol** via Keith and Shirley?
        *   $Noah \rightarrow Keith$.
        *   $Brittany \rightarrow Keith$ ($Brittany$ is Keith's ancestor).
        *   $Shirley \rightarrow Brittany$ ($Shirley$ is Brittany's ancestor).
        *   $Madison \rightarrow Shirley$ ($Madison$ is Shirley's descendant).
        *   $Martha \rightarrow Madison$ ($Martha$ is Judy's descendant).
        *   $Judy \rightarrow Jacqueline$ ($Jacqueline$ is Judy's ancestor).
        *   $Carol \rightarrow Jacqueline$ ($Carol$ is Jacqueline's ancestor).
        *   So $Carol \rightarrow Jacqueline \rightarrow Judy \rightarrow Martha \rightarrow Madison \leftarrow Shirley \rightarrow Brittany \rightarrow Keith$.
        *   Wait, the prompt says ""Madison is Shirley's descendant"" ($Shirley \rightarrow Madison$).
        *   And ""Shirley is Brittany's ancestor"" ($Shirley \rightarrow Brittany$).
        *   So $Shirley$ is ancestor of both $Madison$ and $Brittany$ (and $Keith$).
        *   Does $Carol$ connect to $Keith$?
        *   $Carol \rightarrow Jacqueline \rightarrow Judy \rightarrow Martha \rightarrow Madison \leftarrow Shirley \rightarrow Brittany \rightarrow Keith$.
        *   $Shirley$ and $Carol$ share $Madison$ as a descendant.
        *   However, $Carol \rightarrow Lawrence$.
        *   And $Jerry \rightarrow Carol$? No, they share $Keith$.
        *   Wait, we established $Hannah \rightarrow Jerry \rightarrow Keith$.
        *   And $Carol \rightarrow Keith$.
        *   So $Hannah$ and $Carol$ share Keith.

2.  **Tracing Kenneth's Descendants:**
    *   Bobby is Kenneth's descendant ($Kenneth \rightarrow Bobby$).
    *   Bobby is Lisa's ancestor ($Bobby \rightarrow Lisa$).
    *   Lisa is Larry's ancestor ($Larry \rightarrow Lisa$).
    *   Larry is Lawrence's ancestor ($Larry \rightarrow Lawrence$).
    *   Lawrence is Carol's ancestor ($Carol \rightarrow Lawrence$).
    *   So $Carol \rightarrow Lawrence \leftarrow Larry$.
    *   And $Hannah$ is ancestor of $Keith$.
    *   $Carol$ is ancestor of $Keith$.
    *   $Keith$ and $Lawrence$ share $Carol$ as ancestor.
    *   So $Hannah$ and $Kenneth$ are both ancestors of $Keith$ and $Lawrence$?
    *   $Hannah \rightarrow Jerry \rightarrow Keith$.
    *   $Kenneth \rightarrow Bobby \rightarrow Lisa \leftarrow Larry \rightarrow Lawrence \leftarrow Carol \rightarrow Keith$.
    *   Since $Keith$ is a descendant of $Carol$ and $Jerry$ (and Hannah).
    *   And $Lawrence$ is a descendant of $Larry$ and $Carol$.
    *   Since $Carol$ is a common link, they share a common ancestor (the root) and potentially share descendants ($Keith$, $Lawrence$).
    *   However, checking the options:
        1. Kenneth and Hannah share a common ancestor. (True, as they are part of the same family tree).
        2. Kenneth and Hannah share a common descendant. (They share Keith and Lawrence).
        3. Kenneth is Hannah's ancestor. (No).
        4. Kenneth is Hannah's descendant. (No).
        5. None.

    In many logic puzzles, if two people share a common descendant, that is the specific relationship. However, ""share a common ancestor"" is also technically true. But if they are both ancestors of a common person, ""share a common descendant"" is the most specific description of their relationship to the tree structure. However, looking at the convergence, they both lead to $Keith$ and $Lawrence$.
    Wait, $Hannah \rightarrow Jerry \rightarrow Keith$.
    $Carol \rightarrow Keith$.
    $Hannah \rightarrow Jerry \rightarrow George \rightarrow Heather \rightarrow Janet \rightarrow Deborah \rightarrow Pamela \rightarrow Noah \rightarrow Keith$.
    So $Hannah$ is ancestor of $Keith$.
    $Carol$ is ancestor of $Keith$.
    Is $Hannah$ an ancestor of $Carol$? No, they share Keith.
    Is $Kenneth$ an ancestor of $Keith$?
    $Kenneth \rightarrow Bobby \rightarrow Lisa$.
    $Lisa \leftarrow Larry$.
    $Larry \rightarrow Lawrence$.
    $Lawrence \leftarrow Carol$.
    $Carol \rightarrow Keith$.
    So $Kenneth$ and $Carol$ share Lawrence (via $Larry$).
    $Hannah$ and $Carol$ share Keith.
    So $Hannah$ and $Kenneth$ share a common ancestor (the ancestor of $Carol$ and $Kenneth$).
    But do they share a common descendant?
    $Hannah$ is ancestor of $Keith$.
    Is $Kenneth$ ancestor of $Keith$?
    If $Kenneth \rightarrow Larry$, then yes. But we don't know that.
    So they don't necessarily share a common descendant in the strict sense of being ancestors of the same node (unless we assume the tree merges).
    However, ""share a common ancestor"" is always true if they are in the same tree.
    Wait, usually these questions look for the *closest* relationship. If they are cousins, they share a common ancestor. If they are both ancestors of someone, they share a common descendant.
    Given the complexity, ""share a common ancestor"" is the safest truth.
    But let's look closer at Option 1 vs 2.
    If A is ancestor of C and B is ancestor of C, then A and B share a common descendant (C).
    Here, Hannah is ancestor of Keith. Carol is ancestor of Keith.
    Kenneth is ancestor of Lisa. Larry is ancestor of Lisa.
    Carol is ancestor of Lawrence. Larry is ancestor of Lawrence.
    So $Hannah$ and $Carol$ share Keith.
    $Kenneth$ and $Larry$ share Lisa.
    $Carol$ and $Larry$ share Lawrence.
    So $Kenneth$ and $Hannah$ are ancestors of $Keith$ and $Lawrence$ (via intermediaries).
    If they share a common descendant, option 2 is correct.
    If they share a common ancestor, option 1 is correct.
    Usually, if they share a common descendant, that is a stronger relationship.
    But in the context of ""Lineage relationships"", ""Share a common ancestor"" is the standard answer for ""cousins"".
    However, given the convergence, ""Share a common descendant"" is possible.
    But let's check if they are distinct lines.
    Hannah $\rightarrow$ Jerry $\rightarrow$ Keith.
    Kenneth $\rightarrow$ Bobby $\rightarrow$ Lisa.
    They meet at Lawrence?
    $Keith \leftarrow Carol \rightarrow Lawrence$.
    $Lisa \leftarrow Larry \rightarrow Lawrence$.
    So $Keith$ and $Lisa$ are connected via Lawrence.
    So $Kenneth$ and $Hannah$ are ancestors of $Keith$ and $Lisa$.
    So they share a common descendant (Lawrence? No, $Lawrence$ is descendant of $Larry$ and $Carol$. $Keith$ and $Lisa$ are cousins).
    Wait, $Keith$ is descendant of $Carol$. $Lisa$ is descendant of $Larry$.
    $Carol$ and $Larry$ share $Lawrence$.
    So $Keith$ and $Lisa$ share a common ancestor ($Lawrence$).
    So $Hannah$ and $Kenneth$ share a common ancestor.
    They do not necessarily share a common descendant (unless $Kenneth \rightarrow Keith$ or $Hannah \rightarrow Lisa$).
    So Option 1 is the correct answer.

<ANSWER>1</ANSWER>"
64,ANCESTOR,3,"Given the following lineage relationships:
* Jose is Harold's descendant.
* Michelle is Logan's ancestor.
* Russell is Lauren's ancestor.
* Richard is Willie's descendant.
* Olivia is Philip's ancestor.
* Ashley is Jonathan's descendant.
* Austin is Judy's ancestor.
* Olivia is Victoria's descendant.
* Albert is Debra's ancestor.
* Janice is Carl's ancestor.
* Michael is Angela's ancestor.
* Christine is Katherine's descendant.
* Amanda is Ashley's descendant.
* Sara is Anthony's descendant.
* Ralph is Katherine's ancestor.
* Kyle is Julie's descendant.
* Daniel is Lauren's descendant.
* Kayla is Cheryl's ancestor.
* Alexis is Marilyn's descendant.
* Victoria is Emma's descendant.
* Stephen is Sean's ancestor.
* Julie is Logan's descendant.
* Walter is Doris's descendant.
* Amanda is Ralph's ancestor.
* Ruth is Denise's descendant.
* Jordan is Karen's ancestor.
* Frank is Dennis's ancestor.
* Brandon is Frank's ancestor.
* Emma is Cheryl's descendant.
* Christine is Janice's ancestor.
* Judy is Jordan's ancestor.
* Emily is Kelly's descendant.
* Michael is Jose's descendant.
* Ruth is Gregory's ancestor.
* Philip is Jack's ancestor.
* Anthony is Karen's descendant.
* Walter is Michelle's ancestor.
* Kimberly is Brian's ancestor.
* Richard is Jonathan's ancestor.
* John is Heather's ancestor.
* Susan is Marilyn's ancestor.
* Rachel is Kelly's ancestor.
* Scott is Jack's descendant.
* Alexis is Hannah's ancestor.
* Dennis is Stephen's ancestor.
* Timothy is Russell's ancestor.
* Hannah is Kayla's ancestor.
* Kyle is Betty's ancestor.
* Brian is Deborah's ancestor.
* Sean is Rachel's ancestor.
* Juan is Kimberly's ancestor.
* Juan is Debra's descendant.
* Susan is Heather's descendant.
* Dorothy is Albert's ancestor.
* Brandon is Scott's descendant.
* John is Deborah's descendant.
* Harold is Emily's descendant.
* Gregory is Dorothy's ancestor.
* Denise is Daniel's descendant.
* Austin is Gabriel's descendant.
* Carl is Gabriel's ancestor.
* Angela is Doris's ancestor.
* Sara is Timothy's ancestor.
Determine the lineage relationship between Willie and Betty.
Select the correct answer:
1. Willie is Betty's descendant.
2. Willie and Betty share a common descendant.
3. Willie is Betty's ancestor.
4. Willie and Betty share a common ancestor.
5. None of the above is correct.
Enclose the selected answer number in the <ANSWER> tag, for example: <ANSWER>1</ANSWER>.",qwen/qwen3.5-9b,,,,"

Based on the provided lineage relationships, we can trace the connections between **Willie** and **Betty** by constructing a graph of the relationships.

1.  **Willie** is the ancestor of **Richard** (Rule: ""Richard is Willie's descendant"" $\Rightarrow$ Willie $\rightarrow$ Richard).
2.  **Richard** is the ancestor of **Jonathan** (Rule: ""Richard is Jonathan's ancestor"" $\Rightarrow$ Richard $\rightarrow$ Jonathan).
3.  **Jonathan** is the ancestor of **Ashley** (Rule: ""Ashley is Jonathan's descendant"" $\Rightarrow$ Jonathan $\rightarrow$ Ashley).
4.  **Ashley** is the ancestor of **Amanda** (Rule: ""Amanda is Ashley's descendant"" $\Rightarrow$ Ashley $\rightarrow$ Amanda).
5.  **Amanda** is the ancestor of **Ralph** (Rule: ""Amanda is Ralph's ancestor"" $\Rightarrow$ Amanda $\rightarrow$ Ralph).
6.  **Ralph** is the ancestor of **Katherine** (Rule: ""Ralph is Katherine's ancestor"" $\Rightarrow$ Ralph $\rightarrow$ Katherine).
7.  **Katherine** is the ancestor of **Christine** (Rule: ""Christine is Katherine's descendant"" $\Rightarrow$ Katherine $\rightarrow$ Christine).
8.  **Christine** is the ancestor of **Janice** (Rule: ""Christine is Janice's ancestor"" $\Rightarrow$ Christine $\rightarrow$ Janice).
9.  **Janice** is the ancestor of **Carl** (Rule: ""Janice is Carl's ancestor"" $\Rightarrow$ Janice $\rightarrow$ Carl).
10. **Carl** is the ancestor of **Gabriel** (Rule: ""Carl is Gabriel's ancestor"" $\Rightarrow$ Carl $\rightarrow$ Gabriel).
11. **Gabriel** is the ancestor of **Austin** (Rule: ""Austin is Gabriel's descendant"" $\Rightarrow$ Gabriel $\rightarrow$ Austin).
12. **Austin** is the ancestor of **Judy** (Rule: ""Austin is Judy's ancestor"" $\Rightarrow$ Austin $\rightarrow$ Judy).
13. **Judy** is the ancestor of **Jordan** (Rule: ""Judy is Jordan's ancestor"" $\Rightarrow$ Judy $\rightarrow$ Jordan).
14. **Jordan** is the ancestor of **Karen** (Rule: ""Jordan is Karen's ancestor"" $\Rightarrow$ Jordan $\rightarrow$ Karen).
15. **Karen** is the ancestor of **Anthony** (Rule: ""Anthony is Karen's descendant"" $\Rightarrow$ Karen $\rightarrow$ Anthony).
16. **Anthony** is the ancestor of **Sara** (Rule: ""Sara is Anthony's descendant"" $\Rightarrow$ Anthony $\rightarrow$ Sara).
17. **Sara** is the ancestor of **Timothy** (Rule: ""Sara is Timothy's ancestor"" $\Rightarrow$ Sara $\rightarrow$ Timothy).
18. **Timothy** is the ancestor of **Russell** (Rule: ""Timothy is Russell's ancestor"" $\Rightarrow$ Timothy $\rightarrow$ Russell).
19. **Russell** is the ancestor of **Lauren** (Rule: ""Russell is Lauren's ancestor"" $\Rightarrow$ Russell $\rightarrow$ Lauren).
20. **Lauren** is the ancestor of **Daniel** (Rule: ""Daniel is Lauren's descendant"" $\Rightarrow$ Lauren $\rightarrow$ Daniel).
21. **Daniel** is the ancestor of **Denise** (Rule: ""Denise is Daniel's descendant"" $\Rightarrow$ Daniel $\rightarrow$ Denise).
22. **Denise** is the ancestor of **Ruth** (Rule: ""Ruth is Denise's descendant"" $\Rightarrow$ Denise $\rightarrow$ Ruth).
23. **Ruth** is the ancestor of **Gregory** (Rule: ""Ruth is Gregory's ancestor"" $\Rightarrow$ Ruth $\rightarrow$ Gregory).
24. **Gregory** is the ancestor of **Dorothy** (Rule: ""Gregory is Dorothy's ancestor"" $\Rightarrow$ Gregory $\rightarrow$ Dorothy).
25. **Dorothy** is the ancestor of **Albert** (Rule: ""Dorothy is Albert's ancestor"" $\Rightarrow$ Dorothy $\rightarrow$ Albert).
26. **Albert** is the ancestor of **Debra** (Rule: ""Albert is Debra's ancestor"" $\Rightarrow$ Albert $\rightarrow$ Debra).
27. **Debra** is the ancestor of **Juan** (Rule: ""Juan is Debra's descendant"" $\Rightarrow$ Debra $\rightarrow$ Juan).
28. **Juan** is the ancestor of **Kimberly** (Rule: ""Juan is Kimberly's ancestor"" $\Rightarrow$ Juan $\rightarrow$ Kimberly).
29. **Kimberly** is the ancestor of **Brian** (Rule: ""Kimberly is Brian's ancestor"" $\Rightarrow$ Kimberly $\rightarrow$ Brian).
30. **Brian** is the ancestor of **Deborah** (Rule: ""Brian is Deborah's ancestor"" $\Rightarrow$ Brian $\rightarrow$ Deborah).
31. **Deborah** is the ancestor of **John** (Rule: ""John is Deborah's descendant"" $\Rightarrow$ Deborah $\rightarrow$ John).
32. **John** is the ancestor of **Heather** (Rule: ""John is Heather's ancestor"" $\Rightarrow$ John $\rightarrow$ Heather).
33. **Heather** is the ancestor of **Susan** (Rule: ""Susan is Heather's descendant"" $\Rightarrow$ Heather $\rightarrow$ Susan).
34. **Susan** is the ancestor of **Marilyn** (Rule: ""Susan is Marilyn's ancestor"" $\Rightarrow$ Susan $\rightarrow$ Marilyn).
35. **Marilyn** is the ancestor of **Alexis** (Rule: ""Alexis is Marilyn's descendant"" $\Rightarrow$ Marilyn $\rightarrow$ Alexis).
36. **Alexis** is the ancestor of **Hannah** (Rule: ""Alexis is Hannah's ancestor"" $\Rightarrow$ Alexis $\rightarrow$ Hannah).
37. **Hannah** is the ancestor of **Kayla** (Rule: ""Hannah is Kayla's ancestor"" $\Rightarrow$ Hannah $\rightarrow$ Kayla).
38. **Kayla** is the ancestor of **Cheryl** (Rule: ""Kayla is Cheryl's ancestor"" $\Rightarrow$ Kayla $\rightarrow$ Cheryl).
39. **Cheryl** is the ancestor of **Emma** (Rule: ""Emma is Cheryl's descendant"" $\Rightarrow$ Cheryl $\rightarrow$ Emma).
40. **Emma** is the ancestor of **Victoria** (Rule: ""Victoria is Emma's descendant"" $\Rightarrow$ Emma $\rightarrow$ Victoria).
41. **Victoria** is the ancestor of **Olivia** (Rule: ""Olivia is Victoria's descendant"" $\Rightarrow$ Victoria $\rightarrow$ Olivia).
42. **Olivia** is the ancestor of **Philip** (Rule: ""Olivia is Philip's ancestor"" $\Rightarrow$ Olivia $\rightarrow$ Philip).
43. **Philip** is the ancestor of **Jack** (Rule: ""Philip is Jack's ancestor"" $\Rightarrow$ Philip $\rightarrow$ Jack).
44. **Jack** is the ancestor of **Scott** (Rule: ""Scott is Jack's descendant"" $\Rightarrow$ Jack $\rightarrow$ Scott).
45. **Scott** is the ancestor of **Brandon** (Rule: ""Brandon is Scott's descendant"" $\Rightarrow$ Scott $\rightarrow$ Brandon).
46. **Brandon** is the ancestor of **Frank** (Rule: ""Brandon is Frank's ancestor"" $\Rightarrow$ Brandon $\rightarrow$ Frank).
47. **Frank** is the ancestor of **Dennis** (Rule: ""Frank is Dennis's ancestor"" $\Rightarrow$ Frank $\rightarrow$ Dennis).
48. **Dennis** is the ancestor of **Stephen** (Rule: ""Dennis is Stephen's ancestor"" $\Rightarrow$ Dennis $\rightarrow$ Stephen).
49. **Stephen** is the ancestor of **Sean** (Rule: ""Stephen is Sean's ancestor"" $\Rightarrow$ Stephen $\rightarrow$ Sean).
50. **Sean** is the ancestor of **Rachel** (Rule: ""Sean is Rachel's ancestor"" $\Rightarrow$ Sean $\rightarrow$ Rachel).
51. **Rachel** is the ancestor of **Kelly** (Rule: ""Rachel is Kelly's ancestor"" $\Rightarrow$ Rachel $\rightarrow$ Kelly).
52. **Kelly** is the ancestor of **Emily** (Rule: ""Emily is Kelly's descendant"" $\Rightarrow$ Kelly $\rightarrow$ Emily).
53. **Emily** is the ancestor of **Harold** (Rule: ""Harold is Emily's descendant"" $\Rightarrow$ Emily $\rightarrow$ Harold).
54. **Harold** is the ancestor of **Jose** (Rule: ""Jose is Harold's descendant"" $\Rightarrow$ Harold $\rightarrow$ Jose).
55. **Jose** is the ancestor of **Michael** (Rule: ""Michael is Jose's descendant"" $\Rightarrow$ Jose $\rightarrow$ Michael).
56. **Michael** is the ancestor of **Angela** (Rule: ""Michael is Angela's ancestor"" $\Rightarrow$ Michael $\rightarrow$ Angela).
57. **Angela** is the ancestor of **Doris** (Rule: ""Angela is Doris's ancestor"" $\Rightarrow$ Angela $\rightarrow$ Doris).
58. **Doris** is the ancestor of **Walter** (Rule: ""Walter is Doris's descendant"" $\Rightarrow$ Doris $\rightarrow$ Walter).
59. **Walter** is the ancestor of **Michelle** (Rule: ""Walter is Michelle's ancestor"" $\Rightarrow$ Walter $\rightarrow$ Michelle).
60. **Michelle** is the ancestor of **Logan** (Rule: ""Michelle is Logan's ancestor"" $\Rightarrow$ Michelle $\rightarrow$ Logan).
61. **Logan** is the ancestor of **Julie** (Rule: ""Julie is Logan's descendant"" $\Rightarrow$ Logan $\rightarrow$ Julie).
62. **Julie** is the ancestor of **Kyle** (Rule: ""Kyle is Julie's descendant"" $\Rightarrow$ Julie $\rightarrow$ Kyle).
63. **Kyle** is the ancestor of **Betty** (Rule: ""Kyle is Betty's ancestor"" $\Rightarrow$ Kyle $\rightarrow$ Betty).

Following the chain from **Willie** to **Betty**:
$Willie \rightarrow Richard \rightarrow Jonathan \rightarrow Ashley \rightarrow Amanda \rightarrow Ralph \rightarrow Katherine \rightarrow Christine \rightarrow Janice \rightarrow Carl \rightarrow Gabriel \rightarrow Austin \rightarrow Judy \rightarrow Jordan \rightarrow Karen \rightarrow Anthony \rightarrow Sara \rightarrow Timothy \rightarrow Russell \rightarrow Lauren \rightarrow Daniel \rightarrow Denise \rightarrow Ruth \rightarrow Gregory \rightarrow Dorothy \rightarrow Albert \rightarrow Debra \rightarrow Juan \rightarrow Kimberly \rightarrow Brian \rightarrow Deborah \rightarrow John \rightarrow Heather \rightarrow Susan \rightarrow Marilyn \rightarrow Alexis \rightarrow Hannah \rightarrow Kayla \rightarrow Cheryl \rightarrow Emma \rightarrow Victoria \rightarrow Olivia \rightarrow Philip \rightarrow Jack \rightarrow Scott \rightarrow Brandon \rightarrow Frank \rightarrow Dennis \rightarrow Stephen \rightarrow Sean \rightarrow Rachel \rightarrow Kelly \rightarrow Emily \rightarrow Harold \rightarrow Jose \rightarrow Michael \rightarrow Angela \rightarrow Doris \rightarrow Walter \rightarrow Michelle \rightarrow Logan \rightarrow Julie \rightarrow Kyle \rightarrow Betty$.

This confirms that **Willie** is an ancestor of **Betty**.

<ANSWER>3</ANSWER>"
64,DESCENDANT,4,"Given the following lineage relationships:
* Arthur is James's ancestor.
* Keith is Kyle's descendant.
* James is Margaret's ancestor.
* Olivia is Bruce's ancestor.
* Jordan is Paul's descendant.
* Janice is Justin's descendant.
* Julia is Megan's ancestor.
* Beverly is Brenda's ancestor.
* Carolyn is Terry's descendant.
* Carol is Janet's ancestor.
* Brittany is Betty's ancestor.
* Kelly is Brenda's descendant.
* Abigail is Debra's ancestor.
* Joseph is Roy's ancestor.
* Marilyn is Natalie's ancestor.
* Bruce is Terry's ancestor.
* Marilyn is Barbara's descendant.
* Daniel is Christine's ancestor.
* Ruth is Richard's ancestor.
* Edward is Cheryl's descendant.
* Megan is Carl's ancestor.
* David is Alice's ancestor.
* Joyce is Joshua's descendant.
* Olivia is Kevin's descendant.
* Harold is Scott's ancestor.
* Eric is Kyle's ancestor.
* Heather is Joseph's ancestor.
* David is Janet's descendant.
* Alice is Paul's ancestor.
* Kimberly is Patrick's ancestor.
* Alexander is Denise's descendant.
* Jose is Nathan's descendant.
* Debra is Victoria's ancestor.
* Kevin is Sara's descendant.
* Austin is Gabriel's descendant.
* Kelly is Samuel's ancestor.
* Benjamin is Richard's descendant.
* Christine is Kimberly's ancestor.
* Sarah is Carolyn's descendant.
* Janice is Barbara's ancestor.
* Harold is Dennis's descendant.
* Joyce is Gabriel's ancestor.
* Emily is Nathan's ancestor.
* Joshua is Jordan's descendant.
* Ralph is Eric's ancestor.
* Edward is Dennis's ancestor.
* Benjamin is Abigail's ancestor.
* Patrick is Julia's ancestor.
* Denise is Jeremy's descendant.
* Daniel is Betty's descendant.
* Angela is Ralph's ancestor.
* Sarah is Brittany's ancestor.
* Angela is Samuel's descendant.
* Sara is Victoria's descendant.
* Margaret is Cheryl's ancestor.
* Keith is Jeremy's ancestor.
* Arthur is Sean's descendant.
* Sean is Alexander's descendant.
* Austin is Ruth's ancestor.
* Heather is Carl's descendant.
* Emily is Scott's descendant.
* Roy is Beverly's ancestor.
* Jose is Justin's ancestor.
Determine the lineage relationship between Natalie and Carol.
Select the correct answer:
1. Natalie is Carol's ancestor.
2. Natalie and Carol share a common descendant.
3. Natalie and Carol share a common ancestor.
4. Natalie is Carol's descendant.
5. None of the above is correct.
Enclose the selected answer number in the <ANSWER> tag, for example: <ANSWER>1</ANSWER>.",qwen/qwen3.5-9b,,,,"

To determine the lineage relationship between Natalie and Carol, we trace the connections between them using the provided statements.

**Step 1: Identify the path starting from Carol.**
1.  **Carol** is Janet's ancestor.
    *   *Direction:* Carol $\rightarrow$ Janet
2.  **David** is Janet's descendant.
    *   *Direction:* Janet $\rightarrow$ David.
    *   *Connection:* Carol $\rightarrow$ David
3.  **David** is Alice's ancestor.
    *   *Direction:* David $\rightarrow$ Alice.
    *   *Connection:* Carol $\rightarrow$ Alice
4.  **Alice** is Paul's ancestor.
    *   *Direction:* Alice $\rightarrow$ Paul.
    *   *Connection:* Carol $\rightarrow$ Paul
5.  **Jordan** is Paul's descendant.
    *   *Direction:* Paul $\rightarrow$ Jordan.
    *   *Connection:* Carol $\rightarrow$ Jordan
6.  **Joshua** is Jordan's descendant.
    *   *Direction:* Jordan $\rightarrow$ Joshua.
    *   *Connection:* Carol $\rightarrow$ Joshua
7.  **Joyce** is Joshua's descendant.
    *   *Direction:* Joshua $\rightarrow$ Joyce.
    *   *Connection:* Carol $\rightarrow$ Joyce
8.  **Joyce** is Gabriel's ancestor.
    *   *Direction:* Joyce $\rightarrow$ Gabriel.
    *   *Connection:* Carol $\rightarrow$ Gabriel
9.  **Austin** is Gabriel's descendant.
    *   *Direction:* Gabriel $\rightarrow$ Austin.
    *   *Connection:* Carol $\rightarrow$ Austin
10. **Austin** is Ruth's ancestor.
    *   *Direction:* Austin $\rightarrow$ Ruth.
    *   *Connection:* Carol $\rightarrow$ Ruth
11. **Ruth** is Richard's ancestor.
    *   *Direction:* Ruth $\rightarrow$ Richard.
    *   *Connection:* Carol $\rightarrow$ Richard
12. **Benjamin** is Richard's descendant.
    *   *Direction:* Richard $\rightarrow$ Benjamin.
    *   *Connection:* Carol $\rightarrow$ Benjamin
13. **Benjamin** is Abigail's ancestor.
    *   *Direction:* Benjamin $\rightarrow$ Abigail.
    *   *Connection:* Carol $\rightarrow$ Abigail
14. **Abigail** is Debra's ancestor.
    *   *Direction:* Abigail $\rightarrow$ Debra.
    *   *Connection:* Carol $\rightarrow$ Debra
15. **Debra** is Victoria's ancestor.
    *   *Direction:* Debra $\rightarrow$ Victoria.
    *   *Connection:* Carol $\rightarrow$ Victoria
16. **Sara** is Victoria's descendant.
    *   *Direction:* Victoria $\rightarrow$ Sara.
    *   *Connection:* Carol $\rightarrow$ Sara
17. **Kevin** is Sara's descendant.
    *   *Direction:* Sara $\rightarrow$ Kevin.
    *   *Connection:* Carol $\rightarrow$ Kevin
18. **Olivia** is Kevin's descendant.
    *   *Direction:* Kevin $\rightarrow$ Olivia.
    *   *Connection:* Carol $\rightarrow$ Olivia
19. **Olivia** is Bruce's ancestor.
    *   *Direction:* Olivia $\rightarrow$ Bruce.
    *   *Connection:* Carol $\rightarrow$ Bruce
20. **Bruce** is Terry's ancestor.
    *   *Direction:* Bruce $\rightarrow$ Terry.
    *   *Connection:* Carol $\rightarrow$ Terry
21. **Carolyn** is Terry's descendant.
    *   *Direction:* Terry $\rightarrow$ Carolyn.
    *   *Connection:* Carol $\rightarrow$ Carolyn
22. **Sarah** is Carolyn's descendant.
    *   *Direction:* Carolyn $\rightarrow$ Sarah.
    *   *Connection:* Carol $\rightarrow$ Sarah
23. **Sarah** is Brittany's ancestor.
    *   *Direction:* Sarah $\rightarrow$ Brittany.
    *   *Connection:* Carol $\rightarrow$ Brittany
24. **Brittany** is Betty's ancestor.
    *   *Direction:* Brittany $\rightarrow$ Betty.
    *   *Connection:* Carol $\rightarrow$ Betty
25. **Daniel** is Betty's descendant.
    *   *Direction:* Betty $\rightarrow$ Daniel.
    *   *Connection:* Carol $\rightarrow$ Daniel
26. **Daniel** is Christine's ancestor.
    *   *Direction:* Daniel $\rightarrow$ Christine.
    *   *Connection:* Carol $\rightarrow$ Christine
27. **Christine** is Kimberly's ancestor.
    *   *Direction:* Christine $\rightarrow$ Kimberly.
    *   *Connection:* Carol $\rightarrow$ Kimberly
28. **Kimberly** is Patrick's ancestor.
    *   *Direction:* Kimberly $\rightarrow$ Patrick.
    *   *Connection:* Carol $\rightarrow$ Patrick
29. **Patrick** is Julia's ancestor.
    *   *Direction:* Patrick $\rightarrow$ Julia.
    *   *Connection:* Carol $\rightarrow$ Julia
30. **Julia** is Megan's ancestor.
    *   *Direction:* Julia $\rightarrow$ Megan.
    *   *Connection:* Carol $\rightarrow$ Megan
31. **Megan** is Carl's ancestor.
    *   *Direction:* Megan $\rightarrow$ Carl.
    *   *Connection:* Carol $\rightarrow$ Carl
32. **Heather** is Carl's descendant.
    *   *Direction:* Carl $\rightarrow$ Heather.
    *   *Connection:* Carol $\rightarrow$ Heather
33. **Heather** is Joseph's ancestor.
    *   *Direction:* Heather $\rightarrow$ Joseph.
    *   *Connection:* Carol $\rightarrow$ Joseph
34. **Joseph** is Roy's ancestor.
    *   *Direction:* Joseph $\rightarrow$ Roy.
    *   *Connection:* Carol $\rightarrow$ Roy
35. **Roy** is Beverly's ancestor.
    *   *Direction:* Roy $\rightarrow$ Beverly.
    *   *Connection:* Carol $\rightarrow$ Beverly
36. **Beverly** is Brenda's ancestor.
    *   *Direction:* Beverly $\rightarrow$ Brenda.
    *   *Connection:* Carol $\rightarrow$ Brenda
37. **Kelly** is Brenda's descendant.
    *   *Direction:* Brenda $\rightarrow$ Kelly.
    *   *Connection:* Carol $\rightarrow$ Kelly
38. **Kelly** is Samuel's ancestor.
    *   *Direction:* Kelly $\rightarrow$ Samuel.
    *   *Connection:* Carol $\rightarrow$ Samuel
39. **Angela** is Samuel's descendant.
    *   *Direction:* Samuel $\rightarrow$ Angela.
    *   *Connection:* Carol $\rightarrow$ Angela
40. **Angela** is Ralph's ancestor.
    *   *Direction:* Angela $\rightarrow$ Ralph.
    *   *Connection:* Carol $\rightarrow$ Ralph
41. **Ralph** is Eric's ancestor.
    *   *Direction:* Ralph $\rightarrow$ Eric.
    *   *Connection:* Carol $\rightarrow$ Eric
42. **Eric** is Kyle's ancestor.
    *   *Direction:* Eric $\rightarrow$ Kyle.
    *   *Connection:* Carol $\rightarrow$ Kyle
43. **Keith** is Kyle's descendant.
    *   *Direction:* Kyle $\rightarrow$ Keith.
    *   *Connection:* Carol $\rightarrow$ Keith
44. **Keith** is Jeremy's ancestor.
    *   *Direction:* Keith $\rightarrow$ Jeremy.
    *   *Connection:* Carol $\rightarrow$ Jeremy
45. **Denise** is Jeremy's descendant.
    *   *Direction:* Jeremy $\rightarrow$ Denise.
    *   *Connection:* Carol $\rightarrow$ Denise
46. **Alexander** is Denise's descendant.
    *   *Direction:* Denise $\rightarrow$ Alexander.
    *   *Connection:* Carol $\rightarrow$ Alexander
47. **Sean** is Alexander's descendant.
    *   *Direction:* Alexander $\rightarrow$ Sean.
    *   *Connection:* Carol $\rightarrow$ Sean
48. **Arthur** is Sean's descendant.
    *   *Direction:* Sean $\rightarrow$ Arthur.
    *   *Connection:* Carol $\rightarrow$ Arthur

**Step 2: Connect the path from Arthur to Natalie.**
49. **Arthur** is James's ancestor.
    *   *Direction:* Arthur $\rightarrow$ James.
    *   *Connection:* Carol $\rightarrow$ James
50. **James** is Margaret's ancestor.
    *   *Direction:* James $\rightarrow$ Margaret.
    *   *Connection:* Carol $\rightarrow$ Margaret
51. **Margaret** is Cheryl's ancestor.
    *   *Direction:* Margaret $\rightarrow$ Cheryl.
    *   *Connection:* Carol $\rightarrow$ Cheryl
52. **Edward** is Cheryl's descendant.
    *   *Direction:* Cheryl $\rightarrow$ Edward.
    *   *Connection:* Carol $\rightarrow$ Edward
53. **Edward** is Dennis's ancestor.
    *   *Direction:* Edward $\rightarrow$ Dennis.
    *   *Connection:* Carol $\rightarrow$ Dennis
54. **Harold** is Dennis's descendant.
    *   *Direction:* Dennis $\rightarrow$ Harold.
    *   *Connection:* Carol $\rightarrow$ Harold
55. **Harold** is Scott's ancestor.
    *   *Direction:* Harold $\rightarrow$ Scott.
    *   *Connection:* Carol $\rightarrow$ Scott
56. **Emily** is Scott's descendant.
    *   *Direction:* Scott $\rightarrow$ Emily.
    *   *Connection:* Carol $\rightarrow$ Emily
57. **Emily** is Nathan's ancestor.
    *   *Direction:* Emily $\rightarrow$ Nathan.
    *   *Connection:* Carol $\rightarrow$ Nathan
58. **Jose** is Nathan's descendant.
    *   *Direction:* Nathan $\rightarrow$ Jose.
    *   *Connection:* Carol $\rightarrow$ Jose
59. **Jose** is Justin's ancestor.
    *   *Direction:* Jose $\rightarrow$ Justin.
    *   *Connection:* Carol $\rightarrow$ Justin
60. **Janice** is Justin's descendant.
    *   *Direction:* Justin $\rightarrow$ Janice.
    *   *Connection:* Carol $\rightarrow$ Janice
61. **Janice** is Barbara's ancestor.
    *   *Direction:* Janice $\rightarrow$ Barbara.
    *   *Connection:* Carol $\rightarrow$ Barbara
62. **Marilyn** is Barbara's descendant.
    *   *Direction:* Barbara $\rightarrow$ Marilyn.
    *   *Connection:* Carol $\rightarrow$ Marilyn
63. **Marilyn** is Natalie's ancestor.
    *   *Direction:* Marilyn $\rightarrow$ Natalie.
    *   *Connection:* Carol $\rightarrow$ Natalie

**Conclusion:**
We have established a continuous lineage chain where Carol is the ancestor of Natalie.
Specifically: Carol $\rightarrow$ ... $\rightarrow$ Natalie.
This means Natalie is the descendant of Carol.

Checking the options:
1. Natalie is Carol's ancestor. (False)
2. Natalie and Carol share a common descendant. (False)
3. Natalie and Carol share a common ancestor. (False, Carol is their common ancestor)
4. Natalie is Carol's descendant. (True)
5. None of the above is correct. (False)

<ANSWER>4</ANSWER>"
64,COMMON_ANCESTOR,2,"Given the following lineage relationships:
* Willie is Kevin's ancestor.
* Kathryn is Keith's ancestor.
* Patrick is Billy's descendant.
* Amanda is Brenda's ancestor.
* Amber is Anna's ancestor.
* Ashley is Diane's ancestor.
* Jose is Patrick's descendant.
* Joan is Katherine's ancestor.
* Elijah is Juan's ancestor.
* Debra is Peter's descendant.
* Dennis is Julie's ancestor.
* Kathryn is Julie's descendant.
* Kenneth is Judith's ancestor.
* Diane is Judy's ancestor.
* Donald is Jesse's descendant.
* Rebecca is Cheryl's ancestor.
* Danielle is Terry's ancestor.
* Olivia is Donald's descendant.
* Alan is Nicholas's descendant.
* Rebecca is Robert's descendant.
* Mary is Debra's descendant.
* Mary is Gabriel's ancestor.
* Helen is Diana's ancestor.
* Harold is Edward's ancestor.
* Kathleen is Frances's descendant.
* Willie is Kathleen's descendant.
* Abigail is Jonathan's descendant.
* Gabriel is Lisa's ancestor.
* Bradley is Abigail's descendant.
* Elijah is Jose's descendant.
* Keith is Stephanie's ancestor.
* Stephanie is Megan's ancestor.
* Carl is Bradley's descendant.
* Diana is Joan's ancestor.
* Denise is Gregory's ancestor.
* Robert is Kevin's descendant.
* Dennis is Andrew's descendant.
* Ruth is Angela's descendant.
* Helen is Ethan's descendant.
* Alice is Jonathan's descendant.
* Terry is Frances's ancestor.
* Cheryl is Ethan's ancestor.
* Katherine is Nicholas's ancestor.
* Sara is Randy's descendant.
* Brandon is Amanda's ancestor.
* Brandon is Carl's descendant.
* Brenda is Danielle's ancestor.
* Ruth is Ashley's ancestor.
* Sara is Martha's ancestor.
* Randy is Alan's descendant.
* Lisa is Jesse's ancestor.
* Billy is Megan's descendant.
* Angela is Roy's descendant.
* Martha is Kenneth's ancestor.
* Andrew is Judy's descendant.
* Hannah is Judith's descendant.
* Amber is Juan's descendant.
* Peter is Edward's descendant.
* Alice is Denise's ancestor.
* Roy is Gregory's descendant.
* Heather is Hannah's descendant.
* Harold is Anna's descendant.
* Heather is Shirley's ancestor.
Determine the lineage relationship between Shirley and Olivia.
Select the correct answer:
1. Shirley is Olivia's ancestor.
2. Shirley and Olivia share a common ancestor.
3. Shirley and Olivia share a common descendant.
4. Shirley is Olivia's descendant.
5. None of the above is correct.
Enclose the selected answer number in the <ANSWER> tag, for example: <ANSWER>1</ANSWER>.",qwen/qwen3.5-9b,,,,"

To determine the relationship between Shirley and Olivia, we must trace the lineage connections provided in the text to find a path between them or their common ancestor.

**1. Trace the lineages to Olivia:**
*   ""Olivia is Donald's descendant."" $\rightarrow$ Donald $\to$ Olivia.
*   ""Donald is Jesse's descendant."" $\rightarrow$ Jesse $\to$ Donald.
*   ""Lisa is Jesse's ancestor."" $\rightarrow$ Lisa $\to$ Jesse.
*   ""Gabriel is Lisa's ancestor."" $\rightarrow$ Gabriel $\to$ Lisa.
*   ""Mary is Gabriel's ancestor."" $\rightarrow$ Mary $\to$ Gabriel.
*   ""Mary is Debra's descendant."" $\rightarrow$ Debra $\to$ Mary.
*   ""Debra is Peter's descendant."" $\rightarrow$ Peter $\to$ Debra.
*   ""Peter is Edward's descendant."" $\rightarrow$ Edward $\to$ Peter.
*   ""Harold is Edward's ancestor."" $\rightarrow$ Harold $\to$ Edward.
*   ""Harold is Anna's descendant."" $\rightarrow$ Anna $\to$ Harold.
*   ""Amber is Anna's ancestor."" $\rightarrow$ Amber $\to$ Anna.
*   ""Amber is Juan's descendant."" $\rightarrow$ Juan $\to$ Amber.
*   ""Elijah is Juan's ancestor."" $\rightarrow$ Elijah $\to$ Juan.
*   ""Elijah is Jose's descendant."" $\rightarrow$ Jose $\to$ Elijah.
*   ""Jose is Patrick's descendant."" $\rightarrow$ Patrick $\to$ Jose.
*   ""Patrick is Billy's descendant."" $\rightarrow$ Billy $\to$ Patrick.
*   ""Billy is Megan's descendant."" $\rightarrow$ Megan $\to$ Billy.
*   ""Stephanie is Megan's ancestor."" $\rightarrow$ Stephanie $\to$ Megan.
*   ""Keith is Stephanie's ancestor."" $\rightarrow$ Keith $\to$ Stephanie.
*   ""Kathryn is Keith's ancestor."" $\rightarrow$ Kathryn $\to$ Keith.
*   **Path to Olivia:** Kathryn $\to$ Keith $\to$ Stephanie $\to$ Megan $\to$ Billy $\to$ Patrick $\to$ Jose $\to$ Elijah $\to$ Juan $\to$ Amber $\to$ Anna $\to$ Harold $\to$ Edward $\to$ Peter $\to$ Debra $\to$ Mary $\to$ Gabriel $\to$ Lisa $\to$ Jesse $\to$ Donald $\to$ Olivia.

**2. Trace the lineages to Shirley:**
*   ""Heather is Shirley's ancestor."" $\rightarrow$ Heather $\to$ Shirley.
*   ""Heather is Hannah's descendant."" $\rightarrow$ Hannah $\to$ Heather.
*   ""Hannah is Judith's descendant."" $\rightarrow$ Judith $\to$ Hannah.
*   ""Kenneth is Judith's ancestor."" $\rightarrow$ Kenneth $\to$ Judith.
*   ""Martha is Kenneth's ancestor."" $\rightarrow$ Martha $\to$ Kenneth.
*   ""Sara is Martha's ancestor."" $\rightarrow$ Sara $\to$ Martha.
*   ""Sara is Randy's descendant."" $\rightarrow$ Randy $\to$ Sara.
*   ""Randy is Alan's descendant."" $\rightarrow$ Alan $\to$ Randy.
*   ""Alan is Nicholas's descendant."" $\rightarrow$ Nicholas $\to$ Alan.
*   ""Katherine is Nicholas's ancestor."" $\rightarrow$ Katherine $\to$ Nicholas.
*   ""Joan is Katherine's ancestor."" $\rightarrow$ Joan $\to$ Katherine.
*   ""Diana is Joan's ancestor."" $\rightarrow$ Diana $\to$ Joan.
*   **Path to Shirley:** Diana $\to$ Joan $\to$ Katherine $\to$ Nicholas $\to$ Alan $\to$ Randy $\to$ Sara $\to$ Martha $\to$ Kenneth $\to$ Judith $\to$ Hannah $\to$ Heather $\to$ Shirley.

**3. Find the connection between the two lineages:**
*   We have the ancestor **Ashley** connecting to the Katherine and Kathryn branches.
*   ""Ruth is Ashley's ancestor."" $\rightarrow$ Ruth $\to$ Ashley.
*   ""Ruth is Angela's descendant."" $\rightarrow$ Angela $\to$ Ruth.
*   ""Angela is Roy's descendant."" $\rightarrow$ Roy $\to$ Angela.
*   ""Roy is Gregory's descendant."" $\rightarrow$ Gregory $\to$ Roy.
*   ""Denise is Gregory's ancestor."" $\rightarrow$ Denise $\to$ Gregory.
*   ""Alice is Denise's ancestor."" $\rightarrow$ Alice $\to$ Denise.
*   ""Alice is Jonathan's descendant."" $\rightarrow$ Jonathan $\to$ Alice.
*   ""Abigail is Jonathan's descendant."" $\rightarrow$ Jonathan $\to$ Abigail.
*   ""Bradley is Abigail's descendant."" $\rightarrow$ Abigail $\to$ Bradley.
*   ""Carl is Bradley's descendant."" $\rightarrow$ Bradley $\to$ Carl.
*   ""Brandon is Carl's descendant."" $\rightarrow$ Carl $\to$ Brandon.
*   ""Brandon is Amanda's ancestor."" $\rightarrow$ Brandon $\to$ Amanda.
*   ""Amanda is Brenda's ancestor."" $\rightarrow$ Amanda $\to$ Brenda.
*   ""Brenda is Danielle's ancestor."" $\rightarrow$ Brenda $\to$ Danielle.
*   ""Danielle is Terry's ancestor."" $\rightarrow$ Danielle $\to$ Terry.
*   ""Terry is Frances's ancestor."" $\rightarrow$ Terry $\to$ Frances.
*   ""Frances is Kathleen's ancestor"" (implied by ""Kathleen is Frances's descendant"").
*   ""Kathleen is Frances's descendant"" $\rightarrow$ Frances $\to$ Kathleen.
*   ""Willie is Kathleen's descendant"" $\rightarrow$ Kathleen $\to$ Willie.
*   ""Willie is Kevin's ancestor"" $\rightarrow$ Willie $\to$ Kevin.
*   ""Robert is Kevin's descendant"" $\rightarrow$ Kevin $\to$ Robert.
*   ""Rebecca is Robert's descendant"" $\rightarrow$ Robert $\to$ Rebecca.
*   ""Rebecca is Cheryl's ancestor"" $\rightarrow$ Rebecca $\to$ Cheryl.
*   ""Cheryl is Ethan's ancestor"" $\rightarrow$ Cheryl $\to$ Ethan.
*   ""Helen is Ethan's descendant"" $\rightarrow$ Ethan $\to$ Helen.
*   ""Helen is Diana's ancestor"" $\rightarrow$ Helen $\to$ Diana.
*   **Connecting Katherine Branch to the Root:** The path ends at **Diana** (from $Katherine \to Joan \to Diana$). The path above also ends at **Diana** (from $Helen \to Diana$).
    *   Wait, let's check the connection for **Kathryn**.
    *   ""Ashley is Diane's ancestor."" $\rightarrow$ Ashley $\to$ Diane.
    *   ""Diane is Judy's ancestor."" $\rightarrow$ Diane $\to$ Judy.
    *   ""Andrew is Judy's descendant."" $\rightarrow$ Judy $\to$ Andrew.
    *   ""Dennis is Andrew's descendant."" $\rightarrow$ Andrew $\to$ Dennis.
    *   ""Dennis is Julie's ancestor."" $\rightarrow$ Dennis $\to$ Julie.
    *   ""Kathryn is Julie's descendant."" $\rightarrow$ Julie $\to$ Kathryn.
    *   So, **Ashley** is an ancestor of **Kathryn**.
    *   We established **Ashley** is an ancestor of **Katherine** (via Ruth $\to$ Angela $\to$ Roy $\to$ Gregory $\to$ Denise $\to$ Alice $\to$ Jonathan $\to$ ...? No, we need to check the link for Katherine).
    *   Let's check the link from Ashley to Katherine:
        *   Path 1: $Ashley \to Diane \to Judy \to Andrew \to Dennis \to Julie \to Kathryn \dots \to Olivia$.
        *   Path 2: $Ashley \to Diane$ (Wait, is there a link from Ashley to Diana/Diane connecting to Katherine?).
        *   Let's re-examine ""Ruth is Ashley's ancestor."" $\to$ Ruth $\to$ Ashley.
        *   We found ""Helen is Diana's ancestor"" ($Helen \to Diana$).
        *   We found ""Diana is Joan's ancestor"" ($Diana \to Joan$).
        *   We found ""Joan is Katherine's ancestor"" ($Joan \to Katherine$).
        *   We found ""Brandon ... $\to$ Amanda ... $\to$ Brenda ... $\to$ Danielle ... $\to$ Terry ... $\to$ Frances ... $\to$ Kathleen ... $\to$ Willie ... $\to$ Kevin ... $\to$ Robert ... $\to$ Rebecca ... $\to$ Cheryl ... $\to$ Ethan ... $\to$ Helen.""
        *   So, $Brandon \to \dots \to Helen \to Diana \to Joan \to Katherine$.
        *   Where does Brandon connect to Ashley?
        *   ""Alice is Jonathan's descendant."" ""Abigail is Jonathan's descendant."" ""Bradley is Abigail's descendant."" ""Carl is Bradley's descendant."" ""Brandon is Carl's descendant.""
        *   ""Brandon is Amanda's ancestor."" $\to$ This branch (Brandon) connects to the Shirley chain.
        *   Does this branch connect to the Kathryn chain?
        *   We found **Jonathan** connects to **Alice** and **Abigail** (both descendants of Jonathan).
        *   $Alice \to Denise \to Gregory \to Roy \to Angela \to Ruth \to Ashley$.
        *   So **Jonathan** is an ancestor of **Ashley**.
        *   Does Jonathan connect to the Shirley chain?
        *   The Shirley chain goes $Brandon \to \dots \to Katherine \to \dots \to Shirley$.
        *   The Kathryn chain goes $Ashley \to \dots \to Kathryn \to \dots \to Olivia$.
        *   Is there a link between Katherine and Ashley?
        *   We have $Ashley \to Diane \to Judy \to Andrew \to Dennis \to Julie \to Kathryn$.
        *   We have $Brandon \to \dots \to Katherine$.
        *   Is there a link between Katherine and Kathryn? Or Katherine and Ashley?
        *   Let's look for a node shared between the Katherine branch ($Brandon \dots Katherine$) and the Kathryn branch ($Ashley \dots Kathryn$).
        *   We have $Jonathan \to \dots \to Ashley$.
        *   Is Jonathan in the Katherine branch?
        *   Let's check if Katherine connects to Jonathan.
        *   ""Abigail is Jonathan's descendant."" ""Alice is Jonathan's descendant.""
        *   Is there any rule linking Katherine/Brandon to Jonathan?
        *   No direct rule. However, ""Alice is Denise's ancestor"" and ""Alice is Jonathan's descendant"".
        *   ""Denise is Gregory's ancestor"". ""Roy is Gregory's descendant"".
        *   ""Angela is Roy's descendant"". ""Ruth is Angela's descendant"".
        *   ""Ruth is Ashley's ancestor"".
        *   So $Jonathan \to Alice \to Denise \to Gregory \to Roy \to Angela \to Ruth \to Ashley$.
        *   Now, does $Ashley$ connect to $Katherine$?
        *   ""Ashley is Diane's ancestor."" ""Diane is Judy's ancestor.""
        *   ""Diana is Joan's ancestor."" ""Joan is Katherine's ancestor.""
        *   If ""Diane"" is the same as ""Diana"":
            *   $Ashley \to Diane \to Judy \dots$ (Kathryn branch)
            *   $Diane \to Joan \to Katherine$ (Shirley branch)
            *   Then $Ashley$ is an ancestor of $Katherine$.
            *   Then $Ashley \to Katherine \to Shirley$.
            *   And $Ashley \to Kathryn \to Olivia$.
            *   So $Ashley$ is a common ancestor.
            *   Even if Diane and Diana are different, there is a common node **Jonathan** who is an ancestor of **Alice** (who is an ancestor of **Ashley**).
            *   Does Jonathan connect to **Shirley**?
            *   If ""Diane"" != ""Diana"", is there another link?
            *   Let's check the Katherine branch again. ""Brandon ... Katherine"".
            *   Is Brandon connected to Jonathan? No.
            *   However, we have ""Alice is Jonathan's descendant."" ""Alice is Denise's ancestor.""
            *   ""Ruth is Ashley's ancestor."" ""Ruth is Angela's descendant."" ""Angela is Roy's descendant."" ""Roy is Gregory's descendant."" ""Gregory is Denise's descendant"" (No, ""Denise is Gregory's ancestor"").
            *   Wait, ""Denise is Gregory's ancestor"" ($Denise \to Gregory$). ""Roy is Gregory's descendant"" ($Gregory \to Roy$). ""Ruth is Angela's descendant"" ($Angela \to Ruth$). ""Angela is Roy's descendant"" ($Roy \to Angela$). ""Ruth is Ashley's ancestor"" ($Ruth \to Ashley$).
            *   ""Alice is Jonathan's descendant"" ($Jonathan \to Alice$). ""Alice is Denise's ancestor"" ($Alice \to Denise$).
            *   So: $Jonathan \to Alice \to Denise \to Gregory \to Roy \to Angela \to Ruth \to Ashley$.
            *   Now, look at the Shirley branch again.
            *   We need a link from **Jonathan** or **Ashley** to **Katherine**.
            *   If ""Diane"" and ""Diana"" are the same: $Ashley \to Diane(Diana) \to Joan \to Katherine$. This connects.
            *   If they are different, we need another link.
            *   Is there a link between Katherine and Kathryn? No.
            *   Is there a link between Katherine and Alice/Diane?
            *   ""Alice is Denise's ancestor.""
            *   ""Diane is Judy's ancestor.""
            *   ""Diana is Joan's ancestor.""
            *   Usually, in these datasets, ""Diane"" and ""Diana"" are considered distinct unless specified. However, if there is no other connection, the puzzle implies they are the same or there is a connection I missed.
            *   Let's check for ""Shirley is Olivia's descendant"" or vice versa.
            *   If they share a common ancestor (Jonathan/Ashley), and their paths diverge, the answer is ""share a common ancestor"".
            *   Given the complexity and the likely ""Diane/Diana"" merge point or the Jonathan connection to the Katherine branch (possibly missing a text link in my parsing but implied by the puzzle structure), the most robust relationship found is a shared ancestor.
            *   Let's assume the puzzle is solvable.
            *   Path 1: Jonathan -> Alice -> ... -> Olivia.
            *   Path 2: Jonathan -> Abigail -> ... -> Shirley (via Brandon -> Katherine).
            *   Wait, does Jonathan connect to Shirley?
            *   I traced $Jonathan \to Alice \to Ashley$.
            *   I traced $Ashley \to Katherine \to Shirley$ (assuming Diane=Diana).
            *   If Diane=Diana, then yes.
            *   If Diane!=Diana, is there a path?
            *   Maybe ""Alice is Denise's ancestor"" and ""Denise is Gregory's ancestor"" and ""Roy is Gregory's descendant"".
            *   ""Ashley is Diane's ancestor"".
            *   Is there any other link?
            *   Let's check ""Mary is Gabriel's ancestor"". ""Mary is Debra's descendant"".
            *   ""Debra is Peter's descendant"".
            *   ""Peter is Edward's descendant"".
            *   ""Harold is Edward's ancestor"".
            *   ""Harold is Anna's descendant"".
            *   ""Amber is Anna's ancestor"".
            *   ""Amber is Juan's descendant"".
            *   ""Elijah is Juan's ancestor"".
            *   ""Elijah is Jose's descendant"".
            *   ""Jose is Patrick's descendant"".
            *   ""Patrick is Billy's descendant"".
            *   ""Billy is Megan's descendant"".
            *   ""Stephanie is Megan's ancestor"".
            *   ""Keith is Stephanie's ancestor"".
            *   ""Kathryn is Keith's ancestor"".
            *   ""Kathryn is Julie's descendant"".
            *   ""Dennis is Julie's ancestor"".
            *   ""Dennis is Andrew's descendant"".
            *   ""Andrew is Judy's descendant"".
            *   ""Diane is Judy's ancestor"".
            *   ""Diana is Joan's ancestor"".
            *   ""Joan is Katherine's ancestor"".
            *   ""Kenneth is Judith's ancestor"".
            *   ""Martha is Kenneth's ancestor"".
            *   ""Sara is Martha's ancestor"".
            *   ""Sara is Randy's descendant"".
            *   ""Randy is Alan's descendant"".
            *   ""Alan is Nicholas's descendant"".
            *   ""Katherine is Nicholas's ancestor"".
            *   ""Brandon is Carl's descendant"".
            *   ""Carl is Bradley's descendant"".
            *   ""Bradley is Abigail's descendant"".
            *   ""Abigail is Jonathan's descendant"".
            *   ""Alice is Jonathan's descendant"".
            *   ""Alice is Denise's ancestor"".
            *   ""Denise is Gregory's ancestor"".
            *   ""Roy is Gregory's descendant"".
            *   ""Angela is Roy's descendant"".
            *   ""Ruth is Angela's descendant"".
            *   ""Ruth is Ashley's ancestor"".
            *   ""Ashley is Diane's ancestor"".
            *   ""Brandon is Amanda's ancestor"".
            *   ""Amanda is Brenda's ancestor"".
            *   ""Brenda is Danielle's ancestor"".
            *   ""Danielle is Terry's ancestor"".
            *   ""Terry is Frances's ancestor"".
            *   ""Kathleen is Frances's descendant"".
            *   ""Willie is Kathleen's descendant"".
            *   ""Willie is Kevin's ancestor"".
            *   ""Robert is Kevin's descendant"".
            *   ""Rebecca is Robert's descendant"".
            *   ""Rebecca is Cheryl's ancestor"".
            *   ""Cheryl is Ethan's ancestor"".
            *   ""Helen is Ethan's descendant"".
            *   ""Helen is Diana's ancestor"".

    *   Okay, the chain from **Jonathan** to **Kathryn** is clear:
        $Jonathan \to Alice \to Denise \to Gregory \to Roy \to Angela \to Ruth \to Ashley \to Diane \to Judy \to Andrew \to Dennis \to Julie \to Kathryn$.
    *   The chain from **Jonathan** to **Shirley**?
        *   We need to link Jonathan to the Katherine/Shirley branch.
        *   The Katherine branch starts at **Brandon**.
        *   $Brandon \to Amanda \dots \to Katherine \to Shirley$.
        *   Is **Jonathan** an ancestor of **Brandon**?
        *   ""Abigail is Jonathan's descendant."" ""Bradley is Abigail's descendant."" ""Carl is Bradley's descendant."" ""Brandon is Carl's descendant.""
        *   Yes! $Jonathan \to Abigail \to Bradley \to Carl \to Brandon$.
    *   So, **Jonathan is a common ancestor of both Shirley and Olivia.**
    *   Since the paths from Jonathan diverge (Jonathan -> Abigail... vs Jonathan -> Alice...), they do not form a direct ancestor/descendant relationship between Shirley and Olivia.
    *   Therefore, they share a common ancestor.

<ANSWER>2</ANSWER>"
64,COMMON_DESCENDANT,1,"Given the following lineage relationships:
* Ryan is Theresa's ancestor.
* Megan is Amy's descendant.
* Ruth is Joseph's ancestor.
* Douglas is Jordan's ancestor.
* Betty is Lori's descendant.
* Alice is Joan's ancestor.
* Paul is Anna's descendant.
* Gerald is Anthony's descendant.
* Jesse is Robert's ancestor.
* Betty is Brenda's ancestor.
* Linda is Debra's descendant.
* Christian is Olivia's ancestor.
* Elizabeth is Jordan's descendant.
* Margaret is Lisa's ancestor.
* Nicholas is Roy's descendant.
* James is Lisa's descendant.
* Kathleen is Philip's ancestor.
* Lauren is Madison's ancestor.
* Nancy is Nicole's ancestor.
* Megan is Martha's ancestor.
* Brenda is Kathryn's ancestor.
* Jeffrey is Jerry's descendant.
* Deborah is Kevin's descendant.
* Aaron is Jean's descendant.
* Lauren is Linda's descendant.
* James is Benjamin's ancestor.
* Juan is Roger's ancestor.
* Bruce is Frances's ancestor.
* Barbara is Kevin's ancestor.
* Olivia is Nicholas's descendant.
* Kyle is Douglas's ancestor.
* Roger is Joyce's ancestor.
* Jesse is Frances's descendant.
* Elizabeth is Roy's ancestor.
* Anna is Madison's descendant.
* Joseph is Amy's ancestor.
* Jack is Gerald's descendant.
* Ruth is Logan's descendant.
* Deborah is Gloria's ancestor.
* William is Peter's descendant.
* Alice is Denise's descendant.
* Joan is Logan's ancestor.
* Barbara is Benjamin's descendant.
* Kathryn is Anthony's ancestor.
* Dennis is Patrick's descendant.
* Gloria is Nancy's ancestor.
* Bryan is Patrick's ancestor.
* Marie is Susan's descendant.
* Aaron is Kathleen's ancestor.
* Christian is Thomas's descendant.
* Jerry is Marie's descendant.
* Ryan is Joyce's descendant.
* Isabella is Bruce's ancestor.
* Juan is Robert's descendant.
* Denise is Nicole's descendant.
* Isabella is Jack's descendant.
* Theresa is Susan's ancestor.
* Paul is Lori's ancestor.
* Jeffrey is Kyle's ancestor.
* William is Debra's ancestor.
* Bryan is Philip's descendant.
* Margaret is Dennis's descendant.
* Martha is Peter's ancestor.
Determine the lineage relationship between Jean and Thomas.
Select the correct answer:
1. Jean and Thomas share a common descendant.
2. Jean and Thomas share a common ancestor.
3. Jean is Thomas's ancestor.
4. Jean is Thomas's descendant.
5. None of the above is correct.
Enclose the selected answer number in the <ANSWER> tag, for example: <ANSWER>1</ANSWER>.",qwen/qwen3.5-9b,,,,"

To determine the lineage relationship between **Jean** and **Thomas**, we must trace their respective connections using the provided statements.

**1. Tracing Jean's Lineage:**
*   ""Aaron is Jean's descendant."" $\rightarrow$ **Jean is an ancestor of Aaron**.
*   ""Aaron is Kathleen's ancestor."" $\rightarrow$ **Aaron is an ancestor of Kathleen**.
*   ""Kathleen is Philip's ancestor."" $\rightarrow$ **Kathleen is an ancestor of Philip**.
*   ""Bryan is Philip's descendant."" $\rightarrow$ **Philip is an ancestor of Bryan**.
*   ""Bryan is Patrick's ancestor."" $\rightarrow$ **Bryan is an ancestor of Patrick**.
*   ""Dennis is Patrick's descendant."" $\rightarrow$ **Patrick is an ancestor of Dennis**.
*   ""Margaret is Dennis's descendant."" $\rightarrow$ **Dennis is an ancestor of Margaret**.
*   ""Margaret is Lisa's ancestor."" $\rightarrow$ **Margaret is an ancestor of Lisa**.
*   ""James is Lisa's descendant."" $\rightarrow$ **Lisa is an ancestor of James**.
*   ""James is Benjamin's ancestor."" $\rightarrow$ **James is an ancestor of Benjamin**.
*   ""Barbara is Benjamin's descendant."" $\rightarrow$ **Benjamin is an ancestor of Barbara**.
*   ""Barbara is Kevin's ancestor."" $\rightarrow$ **Barbara is an ancestor of Kevin**.
*   ""Deborah is Kevin's descendant."" $\rightarrow$ **Kevin is an ancestor of Deborah**.
*   ""Deborah is Gloria's ancestor."" $\rightarrow$ **Deborah is an ancestor of Gloria**.
*   ""Gloria is Nancy's ancestor."" $\rightarrow$ **Gloria is an ancestor of Nancy**.
*   ""Nancy is Nicole's ancestor."" $\rightarrow$ **Nancy is an ancestor of Nicole**.
*   ""Denise is Nicole's descendant."" $\rightarrow$ **Nicole is an ancestor of Denise**.
*   ""Alice is Denise's descendant."" $\rightarrow$ **Denise is an ancestor of Alice**.
*   ""Alice is Joan's ancestor."" $\rightarrow$ **Alice is an ancestor of Joan**.
*   ""Joan is Logan's ancestor."" $\rightarrow$ **Joan is an ancestor of Logan**.
*   ""Ruth is Logan's descendant."" $\rightarrow$ **Logan is an ancestor of Ruth**.
*   ""Ruth is Joseph's ancestor."" $\rightarrow$ **Ruth is an ancestor of Joseph**.
*   ""Joseph is Amy's ancestor."" $\rightarrow$ **Joseph is an ancestor of Amy**.
*   ""Megan is Amy's descendant."" $\rightarrow$ **Amy is an ancestor of Megan**.
*   ""Megan is Martha's ancestor."" $\rightarrow$ **Megan is an ancestor of Martha**.
*   ""Martha is Peter's ancestor."" $\rightarrow$ **Martha is an ancestor of Peter**.
*   ""William is Peter's descendant."" $\rightarrow$ **Peter is an ancestor of William**.
*   ""William is Debra's ancestor."" $\rightarrow$ **William is an ancestor of Debra**.
*   ""Linda is Debra's descendant."" $\rightarrow$ **Debra is an ancestor of Linda**.
*   ""Lauren is Linda's descendant."" $\rightarrow$ **Linda is an ancestor of Lauren**.
*   ""Lauren is Madison's ancestor."" $\rightarrow$ **Lauren is an ancestor of Madison**.
*   ""Anna is Madison's descendant."" $\rightarrow$ **Madison is an ancestor of Anna**.
*   ""Paul is Anna's descendant."" $\rightarrow$ **Anna is an ancestor of Paul**.
*   ""Paul is Lori's ancestor."" $\rightarrow$ **Paul is an ancestor of Lori**.
*   ""Betty is Lori's descendant."" $\rightarrow$ **Lori is an ancestor of Betty**.
*   ""Betty is Brenda's ancestor."" $\rightarrow$ **Betty is an ancestor of Brenda**.
*   ""Brenda is Kathryn's ancestor."" $\rightarrow$ **Brenda is an ancestor of Kathryn**.
*   ""Kathryn is Anthony's ancestor."" $\rightarrow$ **Kathryn is an ancestor of Anthony**.
*   ""Gerald is Anthony's descendant."" $\rightarrow$ **Anthony is an ancestor of Gerald**.
*   ""Jack is Gerald's descendant."" $\rightarrow$ **Gerald is an ancestor of Jack**.
*   ""Isabella is Jack's descendant."" $\rightarrow$ **Jack is an ancestor of Isabella**.
*   ""Isabella is Bruce's ancestor."" $\rightarrow$ **Isabella is an ancestor of Bruce**.
*   ""Bruce is Frances's ancestor."" $\rightarrow$ **Bruce is an ancestor of Frances**.
*   ""Jesse is Frances's descendant."" $\rightarrow$ **Frances is an ancestor of Jesse**.
*   ""Jesse is Robert's ancestor."" $\rightarrow$ **Jesse is an ancestor of Robert**.
*   ""Juan is Robert's descendant."" $\rightarrow$ **Robert is an ancestor of Juan**.
*   ""Juan is Roger's ancestor."" $\rightarrow$ **Juan is an ancestor of Roger**.
*   ""Roger is Joyce's ancestor."" $\rightarrow$ **Roger is an ancestor of Joyce**.
*   ""Ryan is Joyce's descendant."" $\rightarrow$ **Joyce is an ancestor of Ryan**.
*   ""Ryan is Theresa's ancestor."" $\rightarrow$ **Ryan is an ancestor of Theresa**.
*   ""Theresa is Susan's ancestor."" $\rightarrow$ **Theresa is an ancestor of Susan**.
*   ""Marie is Susan's descendant."" $\rightarrow$ **Susan is an ancestor of Marie**.
*   ""Jerry is Marie's descendant."" $\rightarrow$ **Marie is an ancestor of Jerry**.
*   ""Jeffrey is Jerry's descendant."" $\rightarrow$ **Jerry is an ancestor of Jeffrey**.
*   ""Jeffrey is Kyle's ancestor."" $\rightarrow$ **Jeffrey is an ancestor of Kyle**.
*   ""Kyle is Douglas's ancestor."" $\rightarrow$ **Kyle is an ancestor of Douglas**.
*   ""Douglas is Jordan's ancestor."" $\rightarrow$ **Douglas is an ancestor of Jordan**.
*   ""Elizabeth is Jordan's descendant."" $\rightarrow$ **Jordan is an ancestor of Elizabeth**.
*   ""Elizabeth is Roy's ancestor."" $\rightarrow$ **Elizabeth is an ancestor of Roy**.
*   ""Nicholas is Roy's descendant."" $\rightarrow$ **Roy is an ancestor of Nicholas**.
*   ""Olivia is Nicholas's descendant."" $\rightarrow$ **Nicholas is an ancestor of Olivia**.

Combining these, **Jean is an ancestor of Olivia**.

**2. Tracing Thomas's Lineage:**
*   ""Christian is Thomas's descendant."" $\rightarrow$ **Thomas is an ancestor of Christian**.
*   ""Christian is Olivia's ancestor."" $\rightarrow$ **Christian is an ancestor of Olivia**.

Combining these, **Thomas is an ancestor of Olivia**.

**3. Conclusion:**
Since both **Jean** and **Thomas** are ancestors of **Olivia**, they share **Olivia** as a common descendant.

The relationship is that they share a common descendant.

<ANSWER>1</ANSWER>"
64,ANCESTOR,2,"Given the following lineage relationships:
* Virginia is Bradley's descendant.
* Doris is Brian's descendant.
* Terry is Benjamin's ancestor.
* Alice is Stephanie's descendant.
* Joseph is Anthony's ancestor.
* Albert is Jacqueline's ancestor.
* Diane is Carolyn's descendant.
* Betty is Gloria's descendant.
* Laura is Albert's ancestor.
* Kenneth is Sophia's descendant.
* Jacqueline is Bradley's ancestor.
* Natalie is Kenneth's descendant.
* Isabella is Vincent's descendant.
* Jordan is Cynthia's descendant.
* Amanda is Elizabeth's ancestor.
* Ethan is Melissa's ancestor.
* Ashley is Carolyn's ancestor.
* Benjamin is Danielle's ancestor.
* Patricia is Evelyn's descendant.
* Joyce is Alexander's descendant.
* Emily is Ethan's ancestor.
* Teresa is Hannah's ancestor.
* Russell is Jennifer's descendant.
* Jesse is Brittany's ancestor.
* Roger is Edward's ancestor.
* Vincent is Anthony's descendant.
* Diane is Joseph's ancestor.
* Denise is Roger's ancestor.
* Betty is Linda's ancestor.
* Juan is Jack's descendant.
* Jacob is Dylan's ancestor.
* Mark is Anna's descendant.
* Gabriel is Alexander's ancestor.
* Isabella is Stephanie's ancestor.
* Austin is Sophia's ancestor.
* Evelyn is Roy's descendant.
* Samantha is Gabriel's ancestor.
* Sharon is William's descendant.
* Mark is Janice's ancestor.
* Danielle is Anna's ancestor.
* Alice is John's ancestor.
* Jack is Sharon's descendant.
* Janice is Austin's ancestor.
* Roy is Linda's descendant.
* Maria is Patricia's descendant.
* Jacob is John's descendant.
* Nicholas is Gary's descendant.
* Gary is Dylan's descendant.
* Jennifer is Doris's descendant.
* William is Hannah's descendant.
* Laura is Russell's descendant.
* Edward is Jesse's ancestor.
* Juan is Ashley's ancestor.
* Brian is Maria's descendant.
* Amanda is Melissa's descendant.
* Matthew is Natalie's descendant.
* Jordan is Samantha's ancestor.
* Cynthia is Amber's descendant.
* Matthew is Gloria's ancestor.
* Virginia is Emily's ancestor.
* Joyce is Teresa's ancestor.
* Brittany is Terry's ancestor.
* Denise is Nicholas's descendant.
Determine the lineage relationship between Amber and Elizabeth.
Select the correct answer:
1. Amber and Elizabeth share a common descendant.
2. Amber is Elizabeth's ancestor.
3. Amber is Elizabeth's descendant.
4. Amber and Elizabeth share a common ancestor.
5. None of the above is correct.
Enclose the selected answer number in the <ANSWER> tag, for example: <ANSWER>1</ANSWER>.",qwen/qwen3.5-9b,,,,"

The lineage relationships form a single connected chain starting from Amber and ending at Elizabeth. We can trace the path as follows:

1.  **Amber**: ""Cynthia is Amber's descendant"" implies **Amber $\rightarrow$ Cynthia**.
2.  **Cynthia**: ""Jordan is Cynthia's descendant"" implies **Cynthia $\rightarrow$ Jordan**.
3.  **Jordan**: ""Jordan is Samantha's ancestor"" implies **Jordan $\rightarrow$ Samantha**.
4.  **Samantha**: ""Samantha is Gabriel's ancestor"" implies **Samantha $\rightarrow$ Gabriel**.
5.  **Gabriel**: ""Gabriel is Alexander's ancestor"" implies **Gabriel $\rightarrow$ Alexander**.
6.  **Alexander**: ""Joyce is Alexander's descendant"" implies **Alexander $\rightarrow$ Joyce**.
7.  **Joyce**: ""Joyce is Teresa's ancestor"" implies **Joyce $\rightarrow$ Teresa**.
8.  **Teresa**: ""Teresa is Hannah's ancestor"" implies **Teresa $\rightarrow$ Hannah**.
9.  **Hannah**: ""William is Hannah's descendant"" implies **Hannah $\rightarrow$ William**.
10. **William**: ""Sharon is William's descendant"" implies **William $\rightarrow$ Sharon**.
11. **Sharon**: ""Jack is Sharon's descendant"" implies **Sharon $\rightarrow$ Jack**.
12. **Jack**: ""Juan is Jack's descendant"" implies **Jack $\rightarrow$ Juan**.
13. **Juan**: ""Juan is Ashley's ancestor"" implies **Juan $\rightarrow$ Ashley**.
14. **Ashley**: ""Ashley is Carolyn's ancestor"" implies **Ashley $\rightarrow$ Carolyn**.
15. **Carolyn**: ""Diane is Carolyn's descendant"" implies **Carolyn $\rightarrow$ Diane**.
16. **Diane**: ""Diane is Joseph's ancestor"" implies **Diane $\rightarrow$ Joseph**.
17. **Joseph**: ""Joseph is Anthony's ancestor"" implies **Joseph $\rightarrow$ Anthony**.
18. **Anthony**: ""Vincent is Anthony's descendant"" implies **Anthony $\rightarrow$ Vincent**.
19. **Vincent**: ""Isabella is Vincent's descendant"" implies **Vincent $\rightarrow$ Isabella**.
20. **Isabella**: ""Isabella is Stephanie's ancestor"" implies **Isabella $\rightarrow$ Stephanie**.
21. **Stephanie**: ""Alice is Stephanie's descendant"" implies **Stephanie $\rightarrow$ Alice**.
22. **Alice**: ""Alice is John's ancestor"" implies **Alice $\rightarrow$ John**.
23. **John**: ""Jacob is John's descendant"" implies **John $\rightarrow$ Jacob**.
24. **Jacob**: ""Jacob is Dylan's ancestor"" implies **Jacob $\rightarrow$ Dylan**.
25. **Dylan**: ""Gary is Dylan's descendant"" implies **Dylan $\rightarrow$ Gary**.
26. **Gary**: ""Nicholas is Gary's descendant"" implies **Gary $\rightarrow$ Nicholas**.
27. **Nicholas**: ""Denise is Nicholas's descendant"" implies **Nicholas $\rightarrow$ Denise**.
28. **Denise**: ""Denise is Roger's ancestor"" implies **Denise $\rightarrow$ Roger**.
29. **Roger**: ""Roger is Edward's ancestor"" implies **Roger $\rightarrow$ Edward**.
30. **Edward**: ""Edward is Jesse's ancestor"" implies **Edward $\rightarrow$ Jesse**.
31. **Jesse**: ""Jesse is Brittany's ancestor"" implies **Jesse $\rightarrow$ Brittany**.
32. **Brittany**: ""Brittany is Terry's ancestor"" implies **Brittany $\rightarrow$ Terry**.
33. **Terry**: ""Terry is Benjamin's ancestor"" implies **Terry $\rightarrow$ Benjamin**.
34. **Benjamin**: ""Benjamin is Danielle's ancestor"" implies **Benjamin $\rightarrow$ Danielle**.
35. **Danielle**: ""Danielle is Anna's ancestor"" implies **Danielle $\rightarrow$ Anna**.
36. **Anna**: ""Mark is Anna's descendant"" implies **Anna $\rightarrow$ Mark**.
37. **Mark**: ""Mark is Janice's ancestor"" implies **Mark $\rightarrow$ Janice**.
38. **Janice**: ""Janice is Austin's ancestor"" implies **Janice $\rightarrow$ Austin**.
39. **Austin**: ""Austin is Sophia's ancestor"" implies **Austin $\rightarrow$ Sophia**.
40. **Sophia**: ""Kenneth is Sophia's descendant"" implies **Sophia $\rightarrow$ Kenneth**.
41. **Kenneth**: ""Natalie is Kenneth's descendant"" implies **Kenneth $\rightarrow$ Natalie**.
42. **Natalie**: ""Matthew is Natalie's descendant"" implies **Natalie $\rightarrow$ Matthew**.
43. **Matthew**: ""Matthew is Gloria's ancestor"" implies **Matthew $\rightarrow$ Gloria**.
44. **Gloria**: ""Betty is Gloria's descendant"" implies **Gloria $\rightarrow$ Betty**.
45. **Betty**: ""Betty is Linda's ancestor"" implies **Betty $\rightarrow$ Linda**.
46. **Linda**: ""Roy is Linda's descendant"" implies **Linda $\rightarrow$ Roy**.
47. **Roy**: ""Evelyn is Roy's descendant"" implies **Roy $\rightarrow$ Evelyn**.
48. **Evelyn**: ""Patricia is Evelyn's descendant"" implies **Evelyn $\rightarrow$ Patricia**.
49. **Patricia**: ""Maria is Patricia's descendant"" implies **Patricia $\rightarrow$ Maria**.
50. **Maria**: ""Brian is Maria's descendant"" implies **Maria $\rightarrow$ Brian**.
51. **Brian**: ""Doris is Brian's descendant"" implies **Brian $\rightarrow$ Doris**.
52. **Doris**: ""Jennifer is Doris's descendant"" implies **Doris $\rightarrow$ Jennifer**.
53. **Jennifer**: ""Russell is Jennifer's descendant"" implies **Jennifer $\rightarrow$ Russell**.
54. **Russell**: ""Laura is Russell's descendant"" implies **Russell $\rightarrow$ Laura**.
55. **Laura**: ""Laura is Albert's ancestor"" implies **Laura $\rightarrow$ Albert**.
56. **Albert**: ""Albert is Jacqueline's ancestor"" implies **Albert $\rightarrow$ Jacqueline**.
57. **Jacqueline**: ""Jacqueline is Bradley's ancestor"" implies **Jacqueline $\rightarrow$ Bradley**.
58. **Bradley**: ""Virginia is Bradley's descendant"" implies **Bradley $\rightarrow$ Virginia**.
59. **Virginia**: ""Virginia is Emily's ancestor"" implies **Virginia $\rightarrow$ Emily**.
60. **Emily**: ""Emily is Ethan's ancestor"" implies **Emily $\rightarrow$ Ethan**.
61. **Ethan**: ""Ethan is Melissa's ancestor"" implies **Ethan $\rightarrow$ Melissa**.
62. **Melissa**: ""Amanda is Melissa's descendant"" implies **Melissa $\rightarrow$ Amanda**.
63. **Amanda**: ""Amanda is Elizabeth's ancestor"" implies **Amanda $\rightarrow$ Elizabeth**.

The chain connects **Amber $\rightarrow$ ... $\rightarrow$ Elizabeth**.
This means Amber is the ancestor of Elizabeth.

<ANSWER>2</ANSWER>"
64,DESCENDANT,3,"Given the following lineage relationships:
* Theresa is Eugene's ancestor.
* Alexis is Kayla's descendant.
* Pamela is Charlotte's descendant.
* Amber is Brittany's ancestor.
* Jacob is Stephen's descendant.
* Mary is James's descendant.
* George is Theresa's ancestor.
* Christian is Jennifer's ancestor.
* Jean is Alice's ancestor.
* Gary is Kenneth's ancestor.
* Grace is Thomas's ancestor.
* Melissa is Jennifer's descendant.
* Gregory is Sara's descendant.
* Vincent is Randy's ancestor.
* Megan is Charlotte's ancestor.
* Joshua is Brittany's descendant.
* Andrea is Amber's ancestor.
* Sophia is Teresa's ancestor.
* Heather is Grace's ancestor.
* Keith is Wayne's ancestor.
* Pamela is Sophia's ancestor.
* Jerry is Thomas's descendant.
* Juan is Nancy's descendant.
* Frank is Juan's descendant.
* Cheryl is James's ancestor.
* Philip is Sharon's descendant.
* Ronald is Wayne's descendant.
* Raymond is Mary's descendant.
* Katherine is Cheryl's ancestor.
* Christian is Teresa's descendant.
* Jacob is Jean's ancestor.
* Jacqueline is Betty's ancestor.
* Lawrence is Dylan's descendant.
* Patricia is David's descendant.
* Stephen is Raymond's descendant.
* Gary is Debra's descendant.
* Larry is Walter's descendant.
* Betty is Roy's ancestor.
* Keith is Margaret's descendant.
* Eugene is Walter's ancestor.
* Ronald is Dylan's ancestor.
* Lori is Sara's ancestor.
* Megan is Larry's descendant.
* Sharon is Sandra's descendant.
* Virginia is David's ancestor.
* Andrea is Lawrence's descendant.
* Heather is Philip's descendant.
* Frances is Virginia's ancestor.
* Rebecca is George's ancestor.
* Sandra is Melissa's descendant.
* Jordan is Nancy's ancestor.
* Lori is Kenneth's descendant.
* Joyce is Vincent's ancestor.
* Jordan is Roy's descendant.
* Rebecca is Gregory's descendant.
* Alice is Kayla's ancestor.
* Joyce is Joshua's descendant.
* Austin is Debra's ancestor.
* Randy is Austin's ancestor.
* Patricia is Jacqueline's ancestor.
* Frank is Margaret's ancestor.
* Jason is Katherine's ancestor.
* Jason is Jerry's descendant.
Determine the lineage relationship between Alexis and Frances.
Select the correct answer:
1. Alexis is Frances's ancestor.
2. Alexis and Frances share a common ancestor.
3. Alexis is Frances's descendant.
4. Alexis and Frances share a common descendant.
5. None of the above is correct.
Enclose the selected answer number in the <ANSWER> tag, for example: <ANSWER>1</ANSWER>.",qwen/qwen3.5-9b,,,,"

The lineage relationships can be traced as follows:

1.  **Start with Alexis**:
    *   **Alexis** is **Kayla**'s descendant.
    *   **Alice** is **Kayla**'s ancestor.
    *   **Jean** is **Alice**'s ancestor.
    *   **Jacob** is **Jean**'s ancestor.
    *   **Jacob** is **Stephen**'s descendant.
    *   **Stephen** is **Raymond**'s descendant.
    *   **Raymond** is **Mary**'s descendant.
    *   **Mary** is **James**'s descendant.
    *   **Cheryl** is **James**'s ancestor.
    *   **Katherine** is **Cheryl**'s ancestor.
    *   **Jason** is **Katherine**'s ancestor.
    *   **Jason** is **Jerry**'s descendant.
    *   **Jerry** is **Thomas**'s descendant.
    *   **Grace** is **Thomas**'s ancestor.
    *   **Heather** is **Grace**'s ancestor.
    *   **Heather** is **Philip**'s descendant.
    *   **Philip** is **Sharon**'s descendant.
    *   **Sharon** is **Sandra**'s descendant.
    *   **Sandra** is **Melissa**'s descendant.
    *   **Melissa** is **Jennifer**'s descendant.
    *   **Christian** is **Jennifer**'s ancestor.
    *   **Christian** is **Teresa**'s descendant. (Note: ""Theresa"" in line 1 and ""Teresa"" in line 30 are treated as the same individual based on the context of the puzzle connecting the two main chains).
    *   **Sophia** is **Teresa**'s ancestor.
    *   **Pamela** is **Sophia**'s ancestor.
    *   **Pamela** is **Charlotte**'s descendant.
    *   **Megan** is **Charlotte**'s ancestor.
    *   **Megan** is **Larry**'s descendant.
    *   **Larry** is **Walter**'s descendant.
    *   **Eugene** is **Walter**'s ancestor.
    *   **Theresa** (Eugene's ancestor) is **George**'s descendant. (From Line 7: ""George is Theresa's ancestor"").

2.  **Trace the connection to Frances**:
    *   **George**'s ancestor is **Rebecca**.
    *   **Rebecca**'s descendant is **Gregory**.
    *   **Gregory**'s descendant is **Sara** (Line 42: ""Lori is Sara's ancestor"").
    *   **Lori**'s descendant is **Kenneth**.
    *   **Gary** is **Kenneth**'s ancestor.
    *   **Vincent** is **Randy**'s ancestor.
    *   **Randy**'s descendant is **Austin**.
    *   **Austin**'s descendant is **Debra**.
    *   **Gary** is **Debra**'s descendant.
    *   (Alternative path for Frances): **Frances** is **Virginia**'s ancestor. **Virginia** is **David**'s ancestor. **David**'s descendant is **Patricia**. **Patricia** is **Jacqueline**'s ancestor. **Jacqueline** is **Betty**'s ancestor. **Betty** is **Roy**'s ancestor. **Roy**'s descendant is **Jordan**. **Jordan** is **Nancy**'s ancestor. **Nancy**'s descendant is **Juan**. **Juan**'s descendant is **Frank**. **Frank** is **Margaret**'s ancestor. **Margaret**'s descendant is **Keith**. **Keith** is **Wayne**'s ancestor. **Wayne**'s descendant is **Ronald**. **Ronald** is **Dylan**'s ancestor. **Dylan**'s descendant is **Lawrence**. **Lawrence**'s descendant is **Andrea**. **Andrea** is **Amber**'s ancestor. **Amber** is **Brittany**'s ancestor. **Brittany**'s descendant is **Joshua**. **Joshua**'s descendant is **Joyce**. **Joyce** is **Vincent**'s ancestor.
    *   This path connects **Frances** to **Vincent** to **Randy** to **Austin** to **Debra** to **Gary**.
    *   **Gary** is **Kenneth**'s ancestor.
    *   **Kenneth**'s descendant is **Lori**.
    *   **Lori** is **Sara**'s ancestor.
    *   **Sara**'s descendant is **Gregory**.
    *   **Gregory**'s descendant is **Rebecca**.
    *   **Rebecca** is **George**'s ancestor.
    *   **George** is **Theresa**'s ancestor.
    *   **Theresa** is **Eugene**'s ancestor.
    *   **Eugene** is **Walter**'s ancestor.
    *   **Walter**'s descendant is **Larry**.
    *   **Larry**'s descendant is **Megan**.
    *   **Megan** is **Charlotte**'s ancestor.
    *   **Charlotte**'s descendant is **Pamela**.
    *   **Pamela** is **Sophia**'s ancestor.
    *   **Sophia** is **Teresa**'s ancestor.
    *   **Teresa**'s descendant is **Christian**.
    *   **Christian** is **Jennifer**'s ancestor.
    *   **Jennifer**'s descendant is **Melissa**.
    *   **Melissa**'s descendant is **Sandra**.
    *   **Sandra**'s descendant is **Sharon**.
    *   **Sharon**'s descendant is **Philip**.
    *   **Philip**'s descendant is **Heather**.
    *   **Heather** is **Grace**'s ancestor.
    *   **Grace** is **Thomas**'s ancestor.
    *   **Thomas**'s descendant is **Jerry**.
    *   **Jerry**'s descendant is **Jason**.
    *   **Jason** is **Katherine**'s ancestor.
    *   **Katherine** is **Cheryl**'s ancestor.
    *   **Cheryl** is **James**'s ancestor.
    *   **James**'s descendant is **Mary**.
    *   **Mary**'s descendant is **Raymond**.
    *   **Raymond**'s descendant is **Stephen**.
    *   **Stephen**'s descendant is **Jacob**.
    *   **Jacob** is **Jean**'s ancestor.
    *   **Jean** is **Alice**'s ancestor.
    *   **Alice** is **Kayla**'s ancestor.
    *   **Kayla**'s descendant is **Alexis**.

The chain confirms that **Frances** is an ancestor of **Alexis**.

Therefore, **Alexis** is **Frances**'s descendant.

<ANSWER>3</ANSWER>"
64,COMMON_ANCESTOR,4,"Given the following lineage relationships:
* Samuel is Lori's ancestor.
* Charlotte is Jennifer's descendant.
* Evelyn is Ethan's ancestor.
* Linda is Thomas's ancestor.
* Margaret is Jennifer's ancestor.
* Ruth is William's ancestor.
* Pamela is Charles's descendant.
* Matthew is Randy's ancestor.
* Susan is Victoria's descendant.
* Raymond is Sharon's ancestor.
* Ronald is Elijah's descendant.
* Evelyn is William's descendant.
* Sean is Ruth's descendant.
* Donna is Joseph's ancestor.
* Steven is Raymond's ancestor.
* Alexis is Christina's descendant.
* Benjamin is Anna's descendant.
* Diana is Albert's descendant.
* Wayne is Hannah's descendant.
* Anna is Diana's descendant.
* Megan is Donna's ancestor.
* Christina is Karen's descendant.
* Mark is Emily's descendant.
* Elijah is Ethan's descendant.
* Susan is Willie's ancestor.
* Zachary is Brenda's ancestor.
* Andrea is Jeremy's ancestor.
* Cynthia is Wayne's descendant.
* Andrew is Deborah's ancestor.
* Richard is Janice's ancestor.
* Cynthia is Abigail's ancestor.
* Albert is Abigail's descendant.
* Sharon is Emily's ancestor.
* Ann is Logan's ancestor.
* Danielle is Joe's ancestor.
* Doris is Dylan's descendant.
* Kathryn is Roger's descendant.
* Thomas is Jack's ancestor.
* Ann is Laura's descendant.
* Patricia is Zachary's ancestor.
* Victoria is Randy's descendant.
* Richard is Charlotte's descendant.
* Nicole is Billy's ancestor.
* Nathan is Danielle's ancestor.
* Karen is Brenda's descendant.
* Kathryn is Andrew's ancestor.
* Matthew is Jack's descendant.
* Jeremy is Nathan's ancestor.
* Janice is Nicole's ancestor.
* Deborah is Linda's ancestor.
* Jason is Mark's descendant.
* Stephanie is Doris's descendant.
* Benjamin is Roger's ancestor.
* Steven is Sean's descendant.
* Jason is Andrea's ancestor.
* Dylan is Willie's descendant.
* Billy is Hannah's ancestor.
* Megan is Logan's descendant.
* Stephanie is Samuel's ancestor.
* Patricia is Joseph's descendant.
* Lori is Laura's ancestor.
* Charles is Ronald's descendant.
* Margaret is Pamela's descendant.
Determine the lineage relationship between Alexis and Joe.
Select the correct answer:
1. Alexis and Joe share a common descendant.
2. Alexis is Joe's descendant.
3. Alexis is Joe's ancestor.
4. Alexis and Joe share a common ancestor.
5. None of the above is correct.
Enclose the selected answer number in the <ANSWER> tag, for example: <ANSWER>1</ANSWER>.",qwen/qwen3.5-9b,,,,"

The problem asks for the lineage relationship between **Alexis** and **Joe**. We need to trace the paths for both individuals based on the provided relationships.

**1. Path from Alexis:**
*   **Alexis** is **Christina**'s descendant (Statement 16: ""Alexis is Christina's descendant"").
*   **Christina** is **Karen**'s descendant (Statement 22: ""Christina is Karen's descendant"").
*   **Karen** is **Brenda**'s descendant (Statement 45: ""Karen is Brenda's descendant"").
*   **Brenda**'s ancestor is **Zachary** (Statement 26: ""Zachary is Brenda's ancestor"").
*   **Zachary**'s ancestor is **Patricia** (Statement 40: ""Patricia is Zachary's ancestor"").
*   **Patricia** is **Joseph**'s descendant (Statement 60: ""Patricia is Joseph's descendant"").
*   **Joseph**'s ancestor is **Donna** (Statement 14: ""Donna is Joseph's ancestor"").
*   **Donna**'s ancestor is **Megan** (Statement 21: ""Megan is Donna's ancestor"").
*   **Megan** is **Logan**'s descendant (Statement 58: ""Megan is Logan's descendant"").
*   **Logan**'s ancestor is **Ann** (Statement 34: ""Ann is Logan's ancestor"").
*   **Ann** is **Laura**'s descendant (Statement 39: ""Ann is Laura's descendant"").
*   **Laura**'s ancestor is **Lori** (Statement 61: ""Lori is Laura's ancestor"").
*   **Lori**'s ancestor is **Samuel** (Statement 1: ""Samuel is Lori's ancestor"").
*   **Samuel**'s ancestor is **Stephanie** (Statement 59: ""Stephanie is Samuel's ancestor"").

Summary for Alexis: **Stephanie -> Samuel -> Lori -> Laura -> Ann -> Logan -> Megan -> Donna -> Joseph -> Patricia -> Zachary -> Brenda -> Karen -> Christina -> Alexis**.
This establishes a chain where **Stephanie is an ancestor of Alexis**.

**2. Path from Joe:**
*   **Joe**'s ancestor is **Danielle** (Statement 35: ""Danielle is Joe's ancestor"").
*   **Danielle**'s ancestor is **Nathan** (Statement 44: ""Nathan is Danielle's ancestor"").
*   **Nathan**'s ancestor is **Jeremy** (Statement 48: ""Jeremy is Nathan's ancestor"").
*   **Jeremy**'s ancestor is **Andrea** (Statement 27: ""Andrea is Jeremy's ancestor"").
*   **Andrea**'s ancestor is **Jason** (Statement 55: ""Jason is Andrea's ancestor"").
*   **Jason** is **Mark**'s descendant (Statement 51: ""Jason is Mark's descendant"").
*   **Mark** is **Emily**'s descendant (Statement 23: ""Mark is Emily's descendant"").
*   **Emily**'s ancestor is **Sharon** (Statement 33: ""Sharon is Emily's ancestor"").
*   **Sharon**'s ancestor is **Raymond** (Statement 10: ""Raymond is Sharon's ancestor"").
*   **Raymond**'s ancestor is **Steven** (Statement 15: ""Steven is Raymond's ancestor"").
*   **Steven** is **Sean**'s descendant (Statement 54: ""Steven is Sean's descendant"").
*   **Sean** is **Ruth**'s descendant (Statement 13: ""Sean is Ruth's descendant"").

Summary for Joe: **Ruth -> Sean -> Steven -> Raymond -> Sharon -> Emily -> Mark -> Jason -> Andrea -> Jeremy -> Nathan -> Danielle -> Joe**.
This establishes a chain where **Ruth is an ancestor of Joe**.

**3. Connection Analysis:**
We compare the set of names in the Alexis lineage (Stephanie, Samuel, Lori, Laura, Ann, Logan, Megan, Donna, Joseph, Patricia, Zachary, Brenda, Karen, Christina, Alexis) with the set of names in the Joe lineage (Ruth, Sean, Steven, Raymond, Sharon, Emily, Mark, Jason, Andrea, Jeremy, Nathan, Danielle, Joe, plus other connected nodes like William, Evelyn, etc.).
There are no common names between the two branches. While ""Ann"" appears in the Alexis branch and ""Anna"" appears in the Joe lineage branch, standard logic puzzles treat distinct strings as distinct entities unless specified otherwise. Therefore, the two lineage trees are disjoint.

Since there is no connection between Alexis and Joe:
*   Alexis is not Joe's descendant.
*   Alexis is not Joe's ancestor.
*   They do not share a common descendant (as they don't connect).
*   They do not share a common ancestor (as they don't connect).

Thus, none of the specific relationships 1-4 are correct.

<ANSWER>5</ANSWER>"
64,COMMON_DESCENDANT,1,"Given the following lineage relationships:
* Martha is Richard's descendant.
* Eric is Peter's descendant.
* Joyce is Gabriel's descendant.
* Willie is Marilyn's descendant.
* Brandon is Pamela's ancestor.
* Mary is Doris's descendant.
* Margaret is Natalie's descendant.
* Karen is Andrew's ancestor.
* Joe is Bradley's descendant.
* Lawrence is Joan's descendant.
* Jessica is Dorothy's descendant.
* Randy is Cynthia's ancestor.
* Michelle is Nicole's ancestor.
* Bruce is Ethan's ancestor.
* Ethan is Dennis's ancestor.
* Joseph is Kimberly's ancestor.
* Abigail is Eugene's descendant.
* Jordan is Anthony's descendant.
* Karen is Willie's descendant.
* Benjamin is Laura's descendant.
* Austin is Laura's ancestor.
* Joe is Austin's ancestor.
* Maria is Richard's ancestor.
* Gloria is Roy's ancestor.
* Joseph is Victoria's descendant.
* Jonathan is Maria's ancestor.
* Marie is Michelle's ancestor.
* Nicole is Sharon's ancestor.
* Marilyn is Janet's descendant.
* Eugene is Roy's descendant.
* Kyle is Benjamin's descendant.
* Amanda is Rebecca's ancestor.
* Barbara is Carolyn's ancestor.
* Brandon is Carolyn's descendant.
* Angela is Barbara's ancestor.
* Anthony is Sandra's descendant.
* Deborah is Vincent's descendant.
* Brittany is Jordan's descendant.
* Victoria is Joyce's descendant.
* Kyle is Steven's ancestor.
* Abigail is Ryan's ancestor.
* Gloria is Steven's descendant.
* Amanda is Kimberly's descendant.
* Jeremy is Sharon's descendant.
* Andrew is Randy's ancestor.
* Jonathan is Mary's descendant.
* Deborah is Natalie's ancestor.
* Doris is Jeremy's descendant.
* Jessica is Angela's ancestor.
* Bradley is Pamela's descendant.
* Roger is Sandra's ancestor.
* Vincent is Justin's descendant.
* Marie is Joshua's descendant.
* Gabriel is Eric's descendant.
* Brittany is Ryan's descendant.
* Dorothy is Margaret's descendant.
* Martha is Heather's ancestor.
* Justin is Lawrence's descendant.
* Janet is Stephen's descendant.
* Cynthia is Roger's ancestor.
* Peter is Dennis's descendant.
* Joan is Heather's descendant.
* Rebecca is Stephen's ancestor.
Determine the lineage relationship between Joshua and Bruce.
Select the correct answer:
1. Joshua and Bruce share a common descendant.
2. Joshua and Bruce share a common ancestor.
3. Joshua is Bruce's descendant.
4. Joshua is Bruce's ancestor.
5. None of the above is correct.
Enclose the selected answer number in the <ANSWER> tag, for example: <ANSWER>1</ANSWER>.",qwen/qwen3.5-9b,,,,"

The relationships are parsed as follows:

1.  **Identify the lineage of Joshua:**
    *   **Joshua** is the ancestor of **Marie** (""Marie is Joshua's descendant"").
    *   **Marie** is the ancestor of **Michelle** (""Marie is Michelle's ancestor"").
    *   **Michelle** is the ancestor of **Nicole** (""Michelle is Nicole's ancestor"").
    *   **Nicole** is the ancestor of **Sharon** (""Nicole is Sharon's ancestor"").
    *   **Sharon** is the ancestor of **Jeremy** (""Jeremy is Sharon's descendant"").
    *   **Jeremy** is the ancestor of **Doris** (""Doris is Jeremy's descendant"").
    *   **Doris** is the ancestor of **Mary** (""Mary is Doris's descendant"").
    *   **Mary** is the ancestor of **Jonathan** (""Jonathan is Mary's descendant"").
    *   **Jonathan** is the ancestor of **Maria** (""Jonathan is Maria's ancestor"").
    *   **Maria** is the ancestor of **Richard** (""Maria is Richard's ancestor"").
    *   **Richard** is the ancestor of **Martha** (""Martha is Richard's descendant"").
    *   **Martha** is the ancestor of **Heather** (""Martha is Heather's ancestor"").
    *   **Heather** is the ancestor of **Joan** (""Joan is Heather's descendant"").
    *   **Joan** is the ancestor of **Lawrence** (""Lawrence is Joan's descendant"").
    *   **Lawrence** is the ancestor of **Justin** (""Justin is Lawrence's descendant"").
    *   **Justin** is the ancestor of **Vincent** (""Vincent is Justin's descendant"").
    *   **Vincent** is the ancestor of **Deborah** (""Deborah is Vincent's descendant"").
    *   **Deborah** is the ancestor of **Natalie** (""Deborah is Natalie's ancestor"").
    *   **Natalie** is the ancestor of **Margaret** (""Margaret is Natalie's descendant"").
    *   **Margaret** is the ancestor of **Dorothy** (""Dorothy is Margaret's descendant"").
    *   **Dorothy** is the ancestor of **Jessica** (""Jessica is Dorothy's descendant"").
    *   **Jessica** is the ancestor of **Angela** (""Jessica is Angela's ancestor"").
    *   **Angela** is the ancestor of **Barbara** (""Angela is Barbara's ancestor"").
    *   **Barbara** is the ancestor of **Carolyn** (""Barbara is Carolyn's ancestor"").
    *   **Carolyn** is the ancestor of **Brandon** (""Brandon is Carolyn's descendant"").
    *   **Brandon** is the ancestor of **Pamela** (""Brandon is Pamela's ancestor"").
    *   **Pamela** is the ancestor of **Bradley** (""Bradley is Pamela's descendant"").
    *   **Bradley** is the ancestor of **Joe** (""Joe is Bradley's descendant"").
    *   **Joe** is the ancestor of **Austin** (""Joe is Austin's ancestor"").
    *   **Austin** is the ancestor of **Laura** (""Austin is Laura's ancestor"").
    *   **Laura** is the ancestor of **Benjamin** (""Benjamin is Laura's descendant"").
    *   **Benjamin** is the ancestor of **Kyle** (""Kyle is Benjamin's descendant"").
    *   **Kyle** is the ancestor of **Steven** (""Kyle is Steven's ancestor"").
    *   **Steven** is the ancestor of **Gloria** (""Gloria is Steven's descendant"").
    *   **Gloria** is the ancestor of **Roy** (""Gloria is Roy's ancestor"").
    *   **Roy** is the ancestor of **Eugene** (""Eugene is Roy's descendant"").
    *   **Eugene** is the ancestor of **Abigail** (""Abigail is Eugene's descendant"").
    *   **Abigail** is the ancestor of **Ryan** (""Abigail is Ryan's ancestor"").
    *   **Ryan** is the ancestor of **Brittany** (""Brittany is Ryan's descendant"").
    *   **Brittany** is the ancestor of **Jordan** (""Brittany is Jordan's descendant"").
    *   **Jordan** is the ancestor of **Anthony** (""Jordan is Anthony's descendant"").
    *   **Anthony** is the ancestor of **Sandra** (""Anthony is Sandra's descendant"").
    *   **Sandra** is the ancestor of **Roger** (""Roger is Sandra's ancestor"").
    *   **Roger** is the ancestor of **Cynthia** (""Cynthia is Roger's ancestor"").
    *   **Cynthia** is the ancestor of **Randy** (""Randy is Cynthia's ancestor"").
    *   **Randy** is the ancestor of **Andrew** (""Andrew is Randy's ancestor"").
    *   **Andrew** is the ancestor of **Karen** (""Karen is Andrew's ancestor"").
    *   **Karen** is the ancestor of **Willie** (""Karen is Willie's descendant"").
    *   **Willie** is the ancestor of **Marilyn** (""Willie is Marilyn's descendant"").
    *   **Marilyn** is the ancestor of **Janet** (""Marilyn is Janet's descendant"").
    *   **Janet** is the descendant of **Stephen** (""Janet is Stephen's descendant"").
        *   Wait, the fact says ""Janet is Stephen's descendant"". This implies **Stephen** is an ancestor of **Janet**.
        *   So the chain is **Stephen -> Janet -> Marilyn -> ... -> Joshua**.
        *   Wait, if Joshua is an ancestor of Janet, and Stephen is an ancestor of Janet.
        *   Does Joshua = Stephen? No.
        *   So Joshua and Stephen are ancestors of Janet.
        *   However, we must check the **Bruce** lineage.

2.  **Identify the lineage of Bruce:**
    *   **Bruce** is the ancestor of **Ethan** (""Bruce is Ethan's ancestor"").
    *   **Ethan** is the ancestor of **Dennis** (""Ethan is Dennis's ancestor"").
    *   **Dennis** is the ancestor of **Peter** (""Peter is Dennis's descendant"").
    *   **Peter** is the ancestor of **Eric** (""Eric is Peter's descendant"").
    *   **Eric** is the ancestor of **Gabriel** (""Gabriel is Eric's descendant"").
    *   **Gabriel** is the ancestor of **Joyce** (""Joyce is Gabriel's descendant"").
    *   **Joyce** is the ancestor of **Victoria** (""Victoria is Joyce's descendant"").
    *   **Victoria** is the ancestor of **Joseph** (""Joseph is Victoria's descendant"").
    *   **Joseph** is the ancestor of **Kimberly** (""Joseph is Kimberly's ancestor"").
    *   **Kimberly** is the ancestor of **Amanda** (""Amanda is Kimberly's descendant"").
    *   **Amanda** is the ancestor of **Rebecca** (""Amanda is Rebecca's ancestor"").
    *   **Rebecca** is the ancestor of **Stephen** (""Rebecca is Stephen's ancestor"").
        *   So **Bruce -> ... -> Rebecca -> Stephen**.
        *   And from the Janet connection: **Stephen -> Janet**.
        *   So **Bruce -> ... -> Stephen -> Janet**.
        *   And from the Joshua chain: **Joshua -> ... -> Janet**.
        *   Thus, **Janet** is a descendant of both **Joshua** and **Bruce**.

3.  **Conclusion:**
    Since both Joshua and Bruce are ancestors of Janet, Janet is a common descendant of Joshua and Bruce.
    Therefore, ""Joshua and Bruce share a common descendant"" is the correct statement.

<ANSWER>1</ANSWER>"
64,ANCESTOR,1,"Given the following lineage relationships:
* Rachel is Isabella's descendant.
* Lori is Jordan's ancestor.
* Roy is Barbara's descendant.
* Rachel is Timothy's ancestor.
* Kelly is Jesse's descendant.
* Kathleen is Margaret's ancestor.
* Beverly is Brian's ancestor.
* Wayne is Ronald's descendant.
* Frank is Gerald's ancestor.
* Lori is Ralph's descendant.
* Dylan is Jordan's descendant.
* Teresa is Beverly's ancestor.
* Bobby is Emily's descendant.
* Teresa is Roger's descendant.
* Abigail is Bobby's descendant.
* Carl is Elizabeth's ancestor.
* Nathan is Dylan's descendant.
* Joseph is Barbara's ancestor.
* Matthew is Ronald's ancestor.
* Amanda is Helen's descendant.
* John is Samantha's ancestor.
* Victoria is Nathan's descendant.
* Katherine is Olivia's descendant.
* Anthony is Philip's ancestor.
* Keith is Kathleen's ancestor.
* Sara is Matthew's ancestor.
* Jonathan is Joseph's ancestor.
* Robert is Carl's ancestor.
* Frank is Brian's descendant.
* Billy is Jonathan's ancestor.
* Cheryl is Nicole's descendant.
* Shirley is Eugene's ancestor.
* Austin is Mason's descendant.
* Donald is Katherine's descendant.
* Terry is Olivia's ancestor.
* Shirley is Carolyn's descendant.
* Pamela is Elizabeth's descendant.
* Nicole is Philip's descendant.
* Kelly is Helen's ancestor.
* Ruth is Samantha's descendant.
* Anthony is Larry's descendant.
* Natalie is John's ancestor.
* Roger is Amanda's descendant.
* Joshua is Austin's descendant.
* David is Stephen's ancestor.
* Keith is Charles's descendant.
* Roy is Anna's ancestor.
* Ruth is Ralph's ancestor.
* Carolyn is Timothy's descendant.
* Justin is Sara's ancestor.
* Mason is Pamela's descendant.
* Billy is Victoria's descendant.
* Margaret is Isabella's ancestor.
* David is Nicholas's descendant.
* Natalie is Stephen's descendant.
* Jesse is Amber's descendant.
* Amber is Donald's descendant.
* Larry is Eugene's descendant.
* Emily is Joshua's descendant.
* Terry is Cheryl's descendant.
* Gerald is Justin's ancestor.
* Robert is Anna's descendant.
* Wayne is Nicholas's ancestor.
Determine the lineage relationship between Charles and Abigail.
Select the correct answer:
1. Charles is Abigail's ancestor.
2. Charles is Abigail's descendant.
3. Charles and Abigail share a common descendant.
4. Charles and Abigail share a common ancestor.
5. None of the above is correct.
Enclose the selected answer number in the <ANSWER> tag, for example: <ANSWER>1</ANSWER>.",qwen/qwen3.5-9b,,,,"

To determine the relationship between Charles and Abigail, we must trace the lineage connections provided in the text. We will construct a path starting from Charles and see if we can reach Abigail.

1.  **Start with Charles:**
    *   `Keith is Charles's descendant.` $\rightarrow$ **Charles is an ancestor of Keith.**
2.  **Trace from Keith:**
    *   `Keith is Kathleen's ancestor.` $\rightarrow$ **Keith is an ancestor of Kathleen.**
    *   `Kathleen is Margaret's ancestor.` $\rightarrow$ **Kathleen is an ancestor of Margaret.**
    *   `Margaret is Isabella's ancestor.` $\rightarrow$ **Margaret is an ancestor of Isabella.**
    *   `Rachel is Isabella's descendant.` $\rightarrow$ **Isabella is an ancestor of Rachel.**
    *   `Rachel is Timothy's ancestor.` $\rightarrow$ **Rachel is an ancestor of Timothy.**
    *   `Carolyn is Timothy's descendant.` $\rightarrow$ **Timothy is an ancestor of Carolyn.**
    *   `Shirley is Carolyn's descendant.` $\rightarrow$ **Carolyn is an ancestor of Shirley.**
    *   `Shirley is Eugene's ancestor.` $\rightarrow$ **Shirley is an ancestor of Eugene.**
    *   `Larry is Eugene's descendant.` $\rightarrow$ **Eugene is an ancestor of Larry.**
    *   `Anthony is Larry's descendant.` $\rightarrow$ **Larry is an ancestor of Anthony.**
    *   `Anthony is Philip's ancestor.` $\rightarrow$ **Anthony is an ancestor of Philip.**
    *   `Nicole is Philip's descendant.` $\rightarrow$ **Philip is an ancestor of Nicole.**
    *   `Cheryl is Nicole's descendant.` $\rightarrow$ **Nicole is an ancestor of Cheryl.**
    *   `Terry is Cheryl's descendant.` $\rightarrow$ **Cheryl is an ancestor of Terry.**
    *   `Terry is Olivia's ancestor.` $\rightarrow$ **Terry is an ancestor of Olivia.**
    *   `Katherine is Olivia's descendant.` $\rightarrow$ **Olivia is an ancestor of Katherine.**
    *   `Donald is Katherine's descendant.` $\rightarrow$ **Katherine is an ancestor of Donald.**
    *   `Amber is Donald's descendant.` $\rightarrow$ **Donald is an ancestor of Amber.**
    *   `Jesse is Amber's descendant.` $\rightarrow$ **Amber is an ancestor of Jesse.**
    *   `Kelly is Jesse's descendant.` $\rightarrow$ **Jesse is an ancestor of Kelly.**
    *   `Kelly is Helen's ancestor.` $\rightarrow$ **Kelly is an ancestor of Helen.**
    *   `Amanda is Helen's descendant.` $\rightarrow$ **Helen is an ancestor of Amanda.**
    *   `Roger is Amanda's descendant.` $\rightarrow$ **Amanda is an ancestor of Roger.**
    *   `Teresa is Roger's descendant.` $\rightarrow$ **Roger is an ancestor of Teresa.**
    *   `Teresa is Beverly's ancestor.` $\rightarrow$ **Teresa is an ancestor of Beverly.**
    *   `Beverly is Brian's ancestor.` $\rightarrow$ **Beverly is an ancestor of Brian.**
    *   `Frank is Brian's descendant.` $\rightarrow$ **Brian is an ancestor of Frank.**
    *   `Frank is Gerald's ancestor.` $\rightarrow$ **Frank is an ancestor of Gerald.**
    *   `Gerald is Justin's ancestor.` $\rightarrow$ **Gerald is an ancestor of Justin.**
    *   `Justin is Sara's ancestor.` $\rightarrow$ **Justin is an ancestor of Sara.**
    *   `Sara is Matthew's ancestor.` $\rightarrow$ **Sara is an ancestor of Matthew.**
    *   `Matthew is Ronald's ancestor.` $\rightarrow$ **Matthew is an ancestor of Ronald.**
    *   `Wayne is Ronald's descendant.` $\rightarrow$ **Ronald is an ancestor of Wayne.**
    *   `Wayne is Nicholas's ancestor.` $\rightarrow$ **Wayne is an ancestor of Nicholas.**
    *   `David is Nicholas's descendant.` $\rightarrow$ **Nicholas is an ancestor of David.**
    *   `David is Stephen's ancestor.` $\rightarrow$ **David is an ancestor of Stephen.**
    *   `Natalie is Stephen's descendant.` $\rightarrow$ **Stephen is an ancestor of Natalie.**
    *   `Natalie is John's ancestor.` $\rightarrow$ **Natalie is an ancestor of John.**
    *   `John is Samantha's ancestor.` $\rightarrow$ **John is an ancestor of Samantha.**
    *   `Ruth is Samantha's descendant.` $\rightarrow$ **Samantha is an ancestor of Ruth.**
    *   `Ruth is Ralph's ancestor.` $\rightarrow$ **Ruth is an ancestor of Ralph.**
    *   `Lori is Ralph's descendant.` $\rightarrow$ **Ralph is an ancestor of Lori.**
    *   `Lori is Jordan's ancestor.` $\rightarrow$ **Lori is an ancestor of Jordan.**
    *   `Dylan is Jordan's descendant.` $\rightarrow$ **Jordan is an ancestor of Dylan.**
    *   `Nathan is Dylan's descendant.` $\rightarrow$ **Dylan is an ancestor of Nathan.**
    *   `Victoria is Nathan's descendant.` $\rightarrow$ **Nathan is an ancestor of Victoria.**
    *   `Billy is Victoria's descendant.` $\rightarrow$ **Victoria is an ancestor of Billy.**
    *   `Billy is Jonathan's ancestor.` $\rightarrow$ **Billy is an ancestor of Jonathan.**
    *   `Jonathan is Joseph's ancestor.` $\rightarrow$ **Jonathan is an ancestor of Joseph.**
    *   `Joseph is Barbara's ancestor.` $\rightarrow$ **Joseph is an ancestor of Barbara.**
    *   `Roy is Barbara's descendant.` $\rightarrow$ **Barbara is an ancestor of Roy.**
    *   `Robert is Carl's ancestor.` $\rightarrow$ **Robert is an ancestor of Carl.**
    *   `Carl is Elizabeth's ancestor.` $\rightarrow$ **Carl is an ancestor of Elizabeth.**
    *   `Pamela is Elizabeth's descendant.` $\rightarrow$ **Elizabeth is an ancestor of Pamela.**
    *   `Mason is Pamela's descendant.` $\rightarrow$ **Pamela is an ancestor of Mason.**
    *   `Austin is Mason's descendant.` $\rightarrow$ **Mason is an ancestor of Austin.**
    *   `Joshua is Austin's descendant.` $\rightarrow$ **Austin is an ancestor of Joshua.**
    *   `Emily is Joshua's descendant.` $\rightarrow$ **Joshua is an ancestor of Emily.**
    *   `Bobby is Emily's descendant.` $\rightarrow$ **Emily is an ancestor of Bobby.**
    *   `Abigail is Bobby's descendant.` $\rightarrow$ **Bobby is an ancestor of Abigail.**

    This sequence establishes a continuous lineage chain from Charles to Abigail. Since Charles is the ancestor of the entire chain leading to Abigail, Charles is an ancestor of Abigail.

    **Relationship:** Charles is Abigail's ancestor.

<ANSWER>1</ANSWER>"
64,DESCENDANT,2,"Given the following lineage relationships:
* Joyce is Megan's ancestor.
* Austin is Matthew's ancestor.
* Kenneth is Susan's descendant.
* Sarah is Charles's ancestor.
* Charles is Elizabeth's ancestor.
* Elizabeth is Olivia's ancestor.
* Amy is Andrew's ancestor.
* Bradley is Amy's ancestor.
* Danielle is Christopher's descendant.
* Vincent is Kathleen's descendant.
* Brenda is Nicole's ancestor.
* Bryan is Tyler's ancestor.
* Eric is Gary's ancestor.
* Matthew is James's ancestor.
* Amber is Judy's ancestor.
* Olivia is Donald's ancestor.
* Susan is Megan's descendant.
* Alan is Diane's ancestor.
* Kevin is Judith's ancestor.
* Joseph is Samuel's ancestor.
* Hannah is Tyler's descendant.
* Isabella is Jerry's ancestor.
* Bryan is Judith's descendant.
* Keith is Virginia's ancestor.
* Patricia is Angela's descendant.
* Danielle is Linda's ancestor.
* Linda is Keith's ancestor.
* Beverly is Brenda's ancestor.
* Kevin is Carl's descendant.
* Donald is William's ancestor.
* Samuel is Jordan's ancestor.
* Christopher is Jack's descendant.
* Elijah is Bradley's ancestor.
* Stephanie is Roger's ancestor.
* Kathleen is Joshua's descendant.
* Elijah is Gary's descendant.
* Frank is Austin's ancestor.
* Douglas is James's descendant.
* Kimberly is Isabella's ancestor.
* Patricia is Beverly's ancestor.
* Gregory is Ann's descendant.
* Christine is Jack's ancestor.
* Samantha is Jacob's ancestor.
* Amber is Vincent's descendant.
* Virginia is Kimberly's ancestor.
* Jerry is Ruth's ancestor.
* Amanda is Kenneth's descendant.
* William is Joseph's ancestor.
* Christine is Jacob's descendant.
* Douglas is Jeffrey's ancestor.
* Jeffrey is Ann's ancestor.
* Sarah is Gregory's descendant.
* Mason is Nicole's descendant.
* Angela is Ruth's descendant.
* Roger is Joyce's ancestor.
* Judy is Stephanie's ancestor.
* Diane is Samantha's ancestor.
* Mason is Janet's ancestor.
* Frank is Carolyn's descendant.
* Andrew is Joshua's ancestor.
* Jordan is Carl's ancestor.
* Janet is Carolyn's ancestor.
* Eric is Hannah's descendant.
Determine the lineage relationship between Amanda and Alan.
Select the correct answer:
1. Amanda and Alan share a common descendant.
2. Amanda is Alan's descendant.
3. Amanda and Alan share a common ancestor.
4. Amanda is Alan's ancestor.
5. None of the above is correct.
Enclose the selected answer number in the <ANSWER> tag, for example: <ANSWER>1</ANSWER>.",qwen/qwen3.5-9b,,,,"

To determine the relationship between Amanda and Alan, we trace the lineage connections provided in the text.

**1. Analyze the lineage from Alan:**
*   **Alan** is Diane's ancestor (Alan $\to$ Diane).
*   Diane is Samantha's ancestor (Diane $\to$ Samantha).
*   Samantha is Jacob's ancestor (Samantha $\to$ Jacob).
*   Christine is Jacob's descendant (Jacob $\to$ Christine).
*   Christine is Jack's ancestor (Christine $\to$ Jack).
*   Christopher is Jack's descendant (Jack $\to$ Christopher).
*   Danielle is Christopher's descendant (Christopher $\to$ Danielle).
*   Danielle is Linda's ancestor (Danielle $\to$ Linda).
*   Linda is Keith's ancestor (Linda $\to$ Keith).
*   Keith is Virginia's ancestor (Keith $\to$ Virginia).
*   Virginia is Kimberly's ancestor (Virginia $\to$ Kimberly).
*   Kimberly is Isabella's ancestor (Kimberly $\to$ Isabella).
*   Isabella is Jerry's ancestor (Isabella $\to$ Jerry).
*   Jerry is Ruth's ancestor (Jerry $\to$ Ruth).
*   Angela is Ruth's descendant (Ruth $\to$ Angela).
*   Patricia is Angela's descendant (Angela $\to$ Patricia).
*   Patricia is Beverly's ancestor (Patricia $\to$ Beverly).
*   Beverly is Brenda's ancestor (Beverly $\to$ Brenda).
*   Brenda is Nicole's ancestor (Brenda $\to$ Nicole).
*   Mason is Nicole's descendant (Nicole $\to$ Mason).
*   Mason is Janet's ancestor (Mason $\to$ Janet).
*   Janet is Carolyn's ancestor (Janet $\to$ Carolyn).
*   Frank is Carolyn's descendant (Carolyn $\to$ Frank).
*   Frank is Austin's ancestor (Frank $\to$ Austin).
*   Austin is Matthew's ancestor (Austin $\to$ Matthew).
*   Matthew is James's ancestor (Matthew $\to$ James).
*   Douglas is James's descendant (James $\to$ Douglas).
*   Douglas is Jeffrey's ancestor (Douglas $\to$ Jeffrey).
*   Jeffrey is Ann's ancestor (Jeffrey $\to$ Ann).
*   Gregory is Ann's descendant (Ann $\to$ Gregory).
*   Sarah is Gregory's descendant (Gregory $\to$ Sarah).
*   Sarah is Charles's ancestor (Sarah $\to$ Charles).
*   Charles is Elizabeth's ancestor (Charles $\to$ Elizabeth).
*   Elizabeth is Olivia's ancestor (Elizabeth $\to$ Olivia).
*   Olivia is Donald's ancestor (Olivia $\to$ Donald).
*   Donald is William's ancestor (Donald $\to$ William).
*   William is Joseph's ancestor (William $\to$ Joseph).
*   Joseph is Samuel's ancestor (Joseph $\to$ Samuel).
*   Samuel is Jordan's ancestor (Samuel $\to$ Jordan).
*   Jordan is Carl's ancestor (Jordan $\to$ Carl).
*   Kevin is Carl's descendant (Carl $\to$ Kevin).
*   Kevin is Judith's ancestor (Kevin $\to$ Judith).
*   Bryan is Judith's descendant (Judith $\to$ Bryan).
*   Bryan is Tyler's ancestor (Bryan $\to$ Tyler).
*   Hannah is Tyler's descendant (Tyler $\to$ Hannah).
*   Eric is Hannah's descendant (Hannah $\to$ Eric).
*   Eric is Gary's ancestor (Eric $\to$ Gary).
*   Elijah is Gary's descendant (Gary $\to$ Elijah).
*   Elijah is Bradley's ancestor (Elijah $\to$ Bradley).
*   Bradley is Amy's ancestor (Bradley $\to$ Amy).
*   Amy is Andrew's ancestor (Amy $\to$ Andrew).
*   Andrew is Joshua's ancestor (Andrew $\to$ Joshua).
*   Kathleen is Joshua's descendant (Joshua $\to$ Kathleen).
*   Vincent is Kathleen's descendant (Kathleen $\to$ Vincent).
*   Amber is Vincent's descendant (Vincent $\to$ Amber).
*   Amber is Judy's ancestor (Amber $\to$ Judy).
*   Judy is Stephanie's ancestor (Judy $\to$ Stephanie).
*   Stephanie is Roger's ancestor (Stephanie $\to$ Roger).
*   Roger is Joyce's ancestor (Roger $\to$ Joyce).

    **Chain 1 Result:** Alan is an ancestor of Joyce.

**2. Analyze the lineage from Joyce to Amanda:**
*   Joyce is Megan's ancestor (Joyce $\to$ Megan).
*   Susan is Megan's descendant (Megan $\to$ Susan).
*   Kenneth is Susan's descendant (Susan $\to$ Kenneth).
*   Amanda is Kenneth's descendant (Kenneth $\to$ Amanda).

    **Chain 2 Result:** Joyce is an ancestor of Amanda.

**3. Combine the paths:**
Since Alan is an ancestor of Joyce, and Joyce is an ancestor of Amanda, Alan is an ancestor of Amanda.
Therefore, Amanda is Alan's descendant.

**4. Evaluate the options:**
1. Amanda and Alan share a common descendant. (Incorrect)
2. Amanda is Alan's descendant. (Correct)
3. Amanda and Alan share a common ancestor. (While technically true in a general sense, option 2 is the specific relationship derived).
4. Amanda is Alan's ancestor. (Incorrect)
5. None of the above is correct. (Incorrect)

<ANSWER>2</ANSWER>"
64,COMMON_ANCESTOR,4,"Given the following lineage relationships:
* Donald is Carol's ancestor.
* Debra is Teresa's descendant.
* Russell is Stephen's ancestor.
* Sean is Jerry's ancestor.
* Charles is Catherine's ancestor.
* Gabriel is Brian's descendant.
* Janet is Denise's descendant.
* Gloria is Julie's ancestor.
* Charles is Jerry's descendant.
* Gregory is Richard's ancestor.
* Lisa is Benjamin's descendant.
* Margaret is Russell's ancestor.
* Jacqueline is Gloria's ancestor.
* Deborah is Scott's descendant.
* Larry is Kathryn's ancestor.
* Olivia is Bradley's descendant.
* Peter is Sharon's ancestor.
* Olivia is Lawrence's ancestor.
* Carol is Brittany's ancestor.
* Sara is Donna's ancestor.
* Madison is Frances's ancestor.
* Janet is Sara's ancestor.
* Brenda is Kenneth's descendant.
* Gabriel is Judy's ancestor.
* Brittany is Gregory's ancestor.
* Dorothy is Noah's descendant.
* Doris is Catherine's descendant.
* Kathleen is Lawrence's descendant.
* Scott is Kimberly's ancestor.
* Sandra is Margaret's ancestor.
* Victoria is Elijah's descendant.
* Austin is Frances's descendant.
* Kathleen is Keith's ancestor.
* Victoria is Sean's ancestor.
* Deborah is Jennifer's ancestor.
* Marie is Debra's descendant.
* Stephen is Jacqueline's ancestor.
* Charlotte is Madison's ancestor.
* Austin is Noah's ancestor.
* Rebecca is Dorothy's descendant.
* Henry is Albert's ancestor.
* Bradley is Harold's descendant.
* Philip is Aaron's ancestor.
* Charlotte is Albert's descendant.
* Sandra is Linda's descendant.
* Jennifer is Henry's ancestor.
* Donald is Helen's descendant.
* Doris is Brian's ancestor.
* Sharon is Kenneth's ancestor.
* Rebecca is Benjamin's ancestor.
* Richard is Marilyn's ancestor.
* Donna is Cheryl's ancestor.
* Judy is Grace's ancestor.
* Peter is Julie's descendant.
* Grace is Hannah's ancestor.
* Harold is Cheryl's descendant.
* Marilyn is Linda's ancestor.
* Lisa is Philip's ancestor.
* Larry is Brenda's descendant.
* Elijah is Keith's descendant.
* Marie is Denise's ancestor.
* Helen is Aaron's descendant.
* Teresa is Kimberly's descendant.
Determine the lineage relationship between Kathryn and Hannah.
Select the correct answer:
1. Kathryn is Hannah's ancestor.
2. Kathryn is Hannah's descendant.
3. Kathryn and Hannah share a common descendant.
4. Kathryn and Hannah share a common ancestor.
5. None of the above is correct.
Enclose the selected answer number in the <ANSWER> tag, for example: <ANSWER>1</ANSWER>.",qwen/qwen3.5-9b,,,,"

To determine the lineage relationship between Kathryn and Hannah, we must analyze the provided facts to construct the lineage paths for both individuals.

**Step 1: Analyze the lineage path for Kathryn.**
*   **Fact:** ""Larry is Kathryn's ancestor.""
    *   This implies: **Larry $\rightarrow$ Kathryn**.
*   **Fact:** ""Larry is Brenda's descendant.""
    *   This implies: **Brenda $\rightarrow$ Larry**.
*   **Fact:** ""Brenda is Kenneth's descendant.""
    *   This implies: **Kenneth $\rightarrow$ Brenda**.
*   Combining these: **Kenneth $\rightarrow$ Brenda $\rightarrow$ Larry $\rightarrow$ Kathryn**.
*   Further connections (from other facts like ""Sharon is Kenneth's ancestor"" and ""Peter is Sharon's ancestor"") place Kathryn deep within a large lineage tree that includes Peter, Sharon, Brenda, Larry, and many others (Gloria, Julie, etc.).

**Step 2: Analyze the lineage path for Hannah.**
*   **Fact:** ""Grace is Hannah's ancestor.""
    *   This implies: **Grace $\rightarrow$ Hannah**.
*   **Fact:** ""Judy is Grace's ancestor.""
    *   This implies: **Judy $\rightarrow$ Grace**.
*   Combining these: **Judy $\rightarrow$ Grace $\rightarrow$ Hannah**.

**Step 3: Check for intersections between the two paths.**
*   We have two separate chains:
    1.  **Kathryn's Chain:** ... $\rightarrow$ Kenneth $\rightarrow$ Brenda $\rightarrow$ Larry $\rightarrow$ Kathryn.
    2.  **Hannah's Chain:** Judy $\rightarrow$ Grace $\rightarrow$ Hannah.
*   We must verify if any nodes in Kathryn's chain (Kenneth, Brenda, Larry, Sharon, Peter, Gloria, etc.) match any nodes in Hannah's chain (Judy, Grace, Hannah).
*   **Intersection Check:**
    *   Does ""Judy"", ""Grace"", or ""Hannah"" appear in Kathryn's chain facts? No.
    *   Does ""Kenneth"", ""Brenda"", ""Larry"", ""Kathryn"", ""Sharon"", ""Peter"", ""Gloria"", etc. appear in Hannah's chain facts? No.
*   There are no factual links connecting the group containing Kathryn and the group containing Hannah. For instance, there is no fact stating ""Judy is [Person in Kathryn's chain]'s ancestor/descendant"" or ""Grace is [Person in Kathryn's chain]'s ancestor/descendant"".

**Conclusion:**
Since there is no path connecting Kathryn to Hannah (or vice versa), nor any shared ancestor or descendant listed in the provided text, they are in disjoint parts of the lineage graph. Therefore, none of the specific relationship options (Ancestor, Descendant, Common Descendant, Common Ancestor) are correct.

<ANSWER>5</ANSWER>"
64,COMMON_DESCENDANT,1,"Given the following lineage relationships:
* Amber is Maria's ancestor.
* Lawrence is Jesse's ancestor.
* Hannah is Ethan's ancestor.
* Mark is Russell's ancestor.
* Cynthia is Robert's descendant.
* Andrea is Ralph's descendant.
* Megan is Stephen's descendant.
* Mark is Jennifer's descendant.
* Kevin is Maria's descendant.
* Eric is Ethan's descendant.
* Ann is Donna's ancestor.
* Debra is Willie's ancestor.
* Pamela is Amber's ancestor.
* Jesse is Janet's ancestor.
* Jeffrey is Christina's ancestor.
* Jerry is Gregory's ancestor.
* Keith is Steven's descendant.
* Elizabeth is Emily's descendant.
* Brian is Roy's ancestor.
* Scott is Jeremy's descendant.
* Jerry is Judith's descendant.
* Anthony is Larry's descendant.
* Lisa is Michael's ancestor.
* Debra is Scott's descendant.
* Lisa is Randy's descendant.
* Kyle is Donna's descendant.
* Jennifer is Anthony's descendant.
* Bradley is Margaret's ancestor.
* Ralph is Russell's descendant.
* Anna is Stephen's ancestor.
* Sharon is Randy's ancestor.
* Christina is Frances's ancestor.
* Lawrence is Billy's descendant.
* Bradley is Gregory's descendant.
* Anna is Margaret's descendant.
* Grace is Raymond's ancestor.
* Brian is Patrick's descendant.
* Robert is Jonathan's descendant.
* Judith is Ronald's descendant.
* Ryan is Andrea's descendant.
* Hannah is Janet's descendant.
* Ryan is Patrick's ancestor.
* Frances is Emily's ancestor.
* Steven is Raymond's descendant.
* Grace is Elizabeth's descendant.
* Tyler is Jean's descendant.
* Larry is Kayla's descendant.
* Ann is Cynthia's descendant.
* Walter is Roy's descendant.
* Gerald is Kayla's ancestor.
* Emma is Jonathan's ancestor.
* Tyler is Billy's ancestor.
* Eric is Sharon's ancestor.
* Walter is Mason's descendant.
* Paul is Michael's descendant.
* Jean is Keith's descendant.
* Pamela is Willie's descendant.
* Jeffrey is Kyle's descendant.
* Paul is Ronald's ancestor.
* Mason is Julie's descendant.
* Emma is Adam's descendant.
* Gerald is Kevin's descendant.
* Julie is Megan's descendant.
Determine the lineage relationship between Adam and Jeremy.
Select the correct answer:
1. Adam and Jeremy share a common descendant.
2. Adam is Jeremy's ancestor.
3. Adam is Jeremy's descendant.
4. Adam and Jeremy share a common ancestor.
5. None of the above is correct.
Enclose the selected answer number in the <ANSWER> tag, for example: <ANSWER>1</ANSWER>.",qwen/qwen3.5-9b,,,,"

Based on the lineage relationships provided, we can trace the connections for Adam and Jeremy.

**1. Trace the lineage of Adam:**
*   ""Emma is Adam's descendant"" $\rightarrow$ Adam $\rightarrow$ Emma
*   ""Emma is Jonathan's ancestor"" $\rightarrow$ Emma $\rightarrow$ Jonathan
*   ""Robert is Jonathan's descendant"" $\rightarrow$ Jonathan $\rightarrow$ Robert
*   ""Cynthia is Robert's descendant"" $\rightarrow$ Robert $\rightarrow$ Cynthia
*   ""Ann is Cynthia's descendant"" $\rightarrow$ Cynthia $\rightarrow$ Ann
*   ""Ann is Donna's ancestor"" $\rightarrow$ Ann $\rightarrow$ Donna
*   ""Kyle is Donna's descendant"" $\rightarrow$ Donna $\rightarrow$ Kyle
*   ""Jeffrey is Kyle's descendant"" $\rightarrow$ Kyle $\rightarrow$ Jeffrey
*   ""Jeffrey is Christina's ancestor"" $\rightarrow$ Jeffrey $\rightarrow$ Christina
*   ""Christina is Frances's ancestor"" $\rightarrow$ Christina $\rightarrow$ Frances
*   ""Frances is Emily's ancestor"" $\rightarrow$ Frances $\rightarrow$ Emily
*   ""Elizabeth is Emily's descendant"" $\rightarrow$ Emily $\rightarrow$ Elizabeth
*   ""Grace is Elizabeth's descendant"" $\rightarrow$ Elizabeth $\rightarrow$ Grace
*   ""Grace is Raymond's ancestor"" $\rightarrow$ Grace $\rightarrow$ Raymond
*   ""Steven is Raymond's descendant"" $\rightarrow$ Raymond $\rightarrow$ Steven
*   ""Keith is Steven's descendant"" $\rightarrow$ Steven $\rightarrow$ Keith
*   ""Jean is Keith's descendant"" $\rightarrow$ Keith $\rightarrow$ Jean
*   ""Tyler is Jean's descendant"" $\rightarrow$ Jean $\rightarrow$ Tyler
*   ""Tyler is Billy's ancestor"" $\rightarrow$ Tyler $\rightarrow$ Billy
*   ""Lawrence is Billy's descendant"" $\rightarrow$ Billy $\rightarrow$ Lawrence
*   ""Lawrence is Jesse's ancestor"" $\rightarrow$ Lawrence $\rightarrow$ Jesse
*   ""Jesse is Janet's ancestor"" $\rightarrow$ Jesse $\rightarrow$ Janet
*   ""Hannah is Janet's descendant"" $\rightarrow$ Janet $\rightarrow$ Hannah
*   ""Hannah is Ethan's ancestor"" $\rightarrow$ Hannah $\rightarrow$ Ethan
*   ""Eric is Ethan's descendant"" $\rightarrow$ Ethan $\rightarrow$ Eric
*   ""Eric is Sharon's ancestor"" $\rightarrow$ Eric $\rightarrow$ Sharon
*   ""Sharon is Randy's ancestor"" $\rightarrow$ Sharon $\rightarrow$ Randy
*   ""Lisa is Randy's descendant"" $\rightarrow$ Randy $\rightarrow$ Lisa
*   ""Lisa is Michael's ancestor"" $\rightarrow$ Lisa $\rightarrow$ Michael
*   ""Paul is Michael's descendant"" $\rightarrow$ Michael $\rightarrow$ Paul
*   ""Paul is Ronald's ancestor"" $\rightarrow$ Paul $\rightarrow$ Ronald
*   ""Judith is Ronald's descendant"" $\rightarrow$ Ronald $\rightarrow$ Judith
*   ""Jerry is Judith's descendant"" $\rightarrow$ Judith $\rightarrow$ Jerry
*   ""Jerry is Gregory's ancestor"" $\rightarrow$ Jerry $\rightarrow$ Gregory
*   ""Bradley is Gregory's descendant"" $\rightarrow$ Gregory $\rightarrow$ Bradley
*   ""Bradley is Margaret's ancestor"" $\rightarrow$ Bradley $\rightarrow$ Margaret
*   ""Anna is Margaret's descendant"" $\rightarrow$ Margaret $\rightarrow$ Anna
*   ""Anna is Stephen's ancestor"" $\rightarrow$ Anna $\rightarrow$ Stephen
*   ""Megan is Stephen's descendant"" $\rightarrow$ Stephen $\rightarrow$ Megan
*   ""Julie is Megan's descendant"" $\rightarrow$ Megan $\rightarrow$ Julie
*   ""Mason is Julie's descendant"" $\rightarrow$ Julie $\rightarrow$ Mason
*   ""Walter is Mason's descendant"" $\rightarrow$ Mason $\rightarrow$ Walter

From this path, we see that **Adam is an ancestor of Walter**.

**2. Trace the lineage of Jeremy:**
*   ""Scott is Jeremy's descendant"" $\rightarrow$ Jeremy $\rightarrow$ Scott
*   ""Debra is Scott's descendant"" $\rightarrow$ Scott $\rightarrow$ Debra
*   ""Debra is Willie's ancestor"" $\rightarrow$ Debra $\rightarrow$ Willie
*   ""Pamela is Willie's descendant"" $\rightarrow$ Willie $\rightarrow$ Pamela
*   ""Pamela is Amber's ancestor"" $\rightarrow$ Pamela $\rightarrow$ Amber
*   ""Amber is Maria's ancestor"" $\rightarrow$ Amber $\rightarrow$ Maria
*   ""Kevin is Maria's descendant"" $\rightarrow$ Maria $\rightarrow$ Kevin
*   ""Gerald is Kevin's descendant"" $\rightarrow$ Kevin $\rightarrow$ Gerald
*   ""Gerald is Kayla's ancestor"" $\rightarrow$ Gerald $\rightarrow$ Kayla
*   ""Larry is Kayla's descendant"" $\rightarrow$ Kayla $\rightarrow$ Larry
*   ""Anthony is Larry's descendant"" $\rightarrow$ Larry $\rightarrow$ Anthony
*   ""Jennifer is Anthony's descendant"" $\rightarrow$ Anthony $\rightarrow$ Jennifer
*   ""Mark is Jennifer's descendant"" $\rightarrow$ Jennifer $\rightarrow$ Mark
*   ""Mark is Russell's ancestor"" $\rightarrow$ Mark $\rightarrow$ Russell
*   ""Ralph is Russell's descendant"" $\rightarrow$ Russell $\rightarrow$ Ralph
*   ""Andrea is Ralph's descendant"" $\rightarrow$ Ralph $\rightarrow$ Andrea
*   ""Ryan is Andrea's descendant"" $\rightarrow$ Andrea $\rightarrow$ Ryan
*   ""Ryan is Patrick's ancestor"" $\rightarrow$ Ryan $\rightarrow$ Patrick
*   ""Brian is Patrick's descendant"" $\rightarrow$ Patrick $\rightarrow$ Brian
*   ""Brian is Roy's ancestor"" $\rightarrow$ Brian $\rightarrow$ Roy
*   ""Walter is Roy's descendant"" $\rightarrow$ Roy $\rightarrow$ Walter

From this path, we see that **Jeremy is an ancestor of Walter**.

**3. Determine the relationship:**
*   Adam is an ancestor of Walter.
*   Jeremy is an ancestor of Walter.
*   Therefore, Adam and Jeremy share a common descendant (Walter).

None of the direct ancestor/descendant relationships hold between Adam and Jeremy themselves, nor is there evidence of a common ancestor in the provided chain that merges above Adam or Jeremy. The clear connection is through their shared descendant.

<ANSWER>1</ANSWER>"
64,ANCESTOR,4,"Given the following lineage relationships:
* Gloria is Isabella's descendant.
* Russell is Stephen's ancestor.
* Diana is Olivia's descendant.
* Virginia is Betty's descendant.
* Samantha is Aaron's ancestor.
* Jeffrey is Catherine's descendant.
* Olivia is Frances's descendant.
* Billy is Christine's descendant.
* Megan is Charlotte's descendant.
* Gerald is Kevin's ancestor.
* Charles is Aaron's descendant.
* Douglas is Wayne's ancestor.
* Dorothy is Kevin's descendant.
* George is Mary's ancestor.
* Anthony is Jeffrey's descendant.
* Dorothy is Austin's ancestor.
* Douglas is Diana's descendant.
* Charles is Jean's ancestor.
* Lawrence is Christine's ancestor.
* David is Betty's ancestor.
* Jonathan is Billy's descendant.
* Sean is Martha's descendant.
* Russell is Mason's descendant.
* Zachary is Patricia's descendant.
* Janice is Edward's descendant.
* Peter is Mary's descendant.
* Ryan is Brian's ancestor.
* Richard is Willie's ancestor.
* Willie is Judy's ancestor.
* Ronald is Denise's ancestor.
* Edward is Denise's descendant.
* Barbara is Kathryn's descendant.
* Helen is Kimberly's ancestor.
* Kimberly is Ralph's ancestor.
* Helen is Sara's descendant.
* George is Zachary's descendant.
* Barbara is Joe's ancestor.
* Cynthia is Megan's descendant.
* Patricia is Noah's descendant.
* Anthony is Noah's ancestor.
* David is Cynthia's descendant.
* Ruth is Roger's ancestor.
* Charlotte is Jennifer's descendant.
* Nancy is Melissa's ancestor.
* Sophia is Austin's descendant.
* Jonathan is Kathryn's ancestor.
* Paul is Ryan's ancestor.
* Gerald is Randy's descendant.
* Isabella is Janice's descendant.
* Roger is Nancy's ancestor.
* Catherine is Wayne's descendant.
* Mason is Gloria's descendant.
* Joe is Richard's ancestor.
* Sara is Sophia's descendant.
* Virginia is Ronald's ancestor.
* Frances is Natalie's descendant.
* Judy is Martha's ancestor.
* Paul is Melissa's descendant.
* Samantha is Ralph's descendant.
* Ruth is Jean's descendant.
* Lawrence is Brian's descendant.
* Jennifer is Sean's descendant.
* Stephen is Natalie's ancestor.
Determine the lineage relationship between Randy and Peter.
Select the correct answer:
1. Randy and Peter share a common ancestor.
2. Randy and Peter share a common descendant.
3. Randy is Peter's descendant.
4. Randy is Peter's ancestor.
5. None of the above is correct.
Enclose the selected answer number in the <ANSWER> tag, for example: <ANSWER>1</ANSWER>.",qwen/qwen3.5-9b,,,,"

To determine the relationship between Randy and Peter, we trace the lineage chain provided in the statements.

1.  **Start with Randy:**
    *   ""Gerald is Randy's descendant."" $\rightarrow$ **Randy is the ancestor of Gerald.**
    *   ""Gerald is Kevin's ancestor."" $\rightarrow$ **Gerald is the ancestor of Kevin.**
    *   Combining these: **Randy is the ancestor of Kevin.**

2.  **Trace from Kevin:**
    *   ""Dorothy is Kevin's descendant."" $\rightarrow$ **Kevin is the ancestor of Dorothy.**
    *   ""Dorothy is Austin's ancestor."" $\rightarrow$ **Dorothy is the ancestor of Austin.**
    *   ""Sophia is Austin's descendant."" $\rightarrow$ **Austin is the ancestor of Sophia.**
    *   ""Sara is Sophia's descendant."" $\rightarrow$ **Sophia is the ancestor of Sara.**
    *   ""Helen is Sara's descendant."" $\rightarrow$ **Sara is the ancestor of Helen.**
    *   ""Helen is Kimberly's ancestor."" $\rightarrow$ **Helen is the ancestor of Kimberly.**
    *   ""Kimberly is Ralph's ancestor."" $\rightarrow$ **Kimberly is the ancestor of Ralph.**
    *   ""Samantha is Ralph's descendant."" $\rightarrow$ **Ralph is the ancestor of Samantha.**
    *   ""Samantha is Aaron's ancestor."" $\rightarrow$ **Samantha is the ancestor of Aaron.**
    *   ""Charles is Aaron's descendant."" $\rightarrow$ **Aaron is the ancestor of Charles.**
    *   ""Charles is Jean's ancestor."" $\rightarrow$ **Charles is the ancestor of Jean.**
    *   ""Ruth is Jean's descendant."" $\rightarrow$ **Jean is the ancestor of Ruth.**
    *   ""Ruth is Roger's ancestor."" $\rightarrow$ **Ruth is the ancestor of Roger.**
    *   ""Roger is Nancy's ancestor."" $\rightarrow$ **Roger is the ancestor of Nancy.**
    *   ""Nancy is Melissa's ancestor."" $\rightarrow$ **Nancy is the ancestor of Melissa.**
    *   ""Paul is Melissa's descendant."" $\rightarrow$ **Melissa is the ancestor of Paul.**
    *   ""Paul is Ryan's ancestor."" $\rightarrow$ **Paul is the ancestor of Ryan.**
    *   ""Ryan is Brian's ancestor."" $\rightarrow$ **Ryan is the ancestor of Brian.**
    *   ""Lawrence is Brian's descendant."" $\rightarrow$ **Brian is the ancestor of Lawrence.**
    *   ""Lawrence is Christine's ancestor."" $\rightarrow$ **Lawrence is the ancestor of Christine.**
    *   ""Billy is Christine's descendant."" $\rightarrow$ **Christine is the ancestor of Billy.**
    *   ""Jonathan is Billy's descendant."" $\rightarrow$ **Billy is the ancestor of Jonathan.**
    *   ""Jonathan is Kathryn's ancestor."" $\rightarrow$ **Jonathan is the ancestor of Kathryn.**
    *   ""Barbara is Kathryn's descendant."" $\rightarrow$ **Kathryn is the ancestor of Barbara.**
    *   ""Barbara is Joe's ancestor."" $\rightarrow$ **Barbara is the ancestor of Joe.**
    *   ""Joe is Richard's ancestor."" $\rightarrow$ **Joe is the ancestor of Richard.**
    *   ""Richard is Willie's ancestor."" $\rightarrow$ **Richard is the ancestor of Willie.**
    *   ""Willie is Judy's ancestor."" $\rightarrow$ **Willie is the ancestor of Judy.**
    *   ""Judy is Martha's ancestor."" $\rightarrow$ **Judy is the ancestor of Martha.**
    *   ""Sean is Martha's descendant."" $\rightarrow$ **Martha is the ancestor of Sean.**
    *   ""Jennifer is Sean's descendant."" $\rightarrow$ **Sean is the ancestor of Jennifer.**
    *   ""Charlotte is Jennifer's descendant."" $\rightarrow$ **Jennifer is the ancestor of Charlotte.**
    *   ""Megan is Charlotte's descendant."" $\rightarrow$ **Charlotte is the ancestor of Megan.**
    *   ""Cynthia is Megan's descendant."" $\rightarrow$ **Megan is the ancestor of Cynthia.**
    *   ""David is Cynthia's descendant."" $\rightarrow$ **Cynthia is the ancestor of David.**
    *   ""David is Betty's ancestor."" $\rightarrow$ **David is the ancestor of Betty.**
    *   ""Virginia is Betty's descendant."" $\rightarrow$ **Betty is the ancestor of Virginia.**
    *   ""Virginia is Ronald's ancestor."" $\rightarrow$ **Virginia is the ancestor of Ronald.**
    *   ""Ronald is Denise's ancestor."" $\rightarrow$ **Ronald is the ancestor of Denise.**
    *   ""Edward is Denise's descendant."" $\rightarrow$ **Denise is the ancestor of Edward.**
    *   ""Janice is Edward's descendant."" $\rightarrow$ **Edward is the ancestor of Janice.**
    *   ""Isabella is Janice's descendant."" $\rightarrow$ **Janice is the ancestor of Isabella.**
    *   ""Gloria is Isabella's descendant."" $\rightarrow$ **Isabella is the ancestor of Gloria.**
    *   ""Mason is Gloria's descendant."" $\rightarrow$ **Gloria is the ancestor of Mason.**
    *   ""Russell is Mason's descendant."" $\rightarrow$ **Mason is the ancestor of Russell.**
    *   ""Russell is Stephen's ancestor."" $\rightarrow$ **Russell is the ancestor of Stephen.**
    *   ""Stephen is Natalie's ancestor."" $\rightarrow$ **Stephen is the ancestor of Natalie.**
    *   ""Frances is Natalie's descendant."" $\rightarrow$ **Natalie is the ancestor of Frances.**
    *   ""Olivia is Frances's descendant."" $\rightarrow$ **Frances is the ancestor of Olivia.**
    *   ""Diana is Olivia's descendant."" $\rightarrow$ **Olivia is the ancestor of Diana.**
    *   ""Douglas is Diana's descendant."" $\rightarrow$ **Diana is the ancestor of Douglas.**
    *   ""Douglas is Wayne's ancestor."" $\rightarrow$ **Douglas is the ancestor of Wayne.**
    *   ""Catherine is Wayne's descendant."" $\rightarrow$ **Wayne is the ancestor of Catherine.**
    *   ""Jeffrey is Catherine's descendant."" $\rightarrow$ **Catherine is the ancestor of Jeffrey.**
    *   ""Anthony is Jeffrey's descendant."" $\rightarrow$ **Jeffrey is the ancestor of Anthony.**
    *   ""Anthony is Noah's ancestor."" $\rightarrow$ **Anthony is the ancestor of Noah.**
    *   ""Patricia is Noah's descendant."" $\rightarrow$ **Noah is the ancestor of Patricia.**
    *   ""Zachary is Patricia's descendant."" $\rightarrow$ **Patricia is the ancestor of Zachary.**
    *   ""George is Zachary's descendant."" $\rightarrow$ **Zachary is the ancestor of George.**
    *   ""George is Mary's ancestor."" $\rightarrow$ **George is the ancestor of Mary.**
    *   ""Peter is Mary's descendant."" $\rightarrow$ **Mary is the ancestor of Peter.**

3.  **Conclusion:**
    The chain connects Randy to Peter as follows:
    Randy $\rightarrow$ Gerald $\rightarrow$ Kevin $\rightarrow$ Dorothy $\rightarrow$ Austin $\rightarrow$ Sophia $\rightarrow$ Sara $\rightarrow$ Helen $\rightarrow$ Kimberly $\rightarrow$ Ralph $\rightarrow$ Samantha $\rightarrow$ Aaron $\rightarrow$ Charles $\rightarrow$ Jean $\rightarrow$ Ruth $\rightarrow$ Roger $\rightarrow$ Nancy $\rightarrow$ Melissa $\rightarrow$ Paul $\rightarrow$ Ryan $\rightarrow$ Brian $\rightarrow$ Lawrence $\rightarrow$ Christine $\rightarrow$ Billy $\rightarrow$ Jonathan $\rightarrow$ Kathryn $\rightarrow$ Barbara $\rightarrow$ Joe $\rightarrow$ Richard $\rightarrow$ Willie $\rightarrow$ Judy $\rightarrow$ Martha $\rightarrow$ Sean $\rightarrow$ Jennifer $\rightarrow$ Charlotte $\rightarrow$ Megan $\rightarrow$ Cynthia $\rightarrow$ David $\rightarrow$ Betty $\rightarrow$ Virginia $\rightarrow$ Ronald $\rightarrow$ Denise $\rightarrow$ Edward $\rightarrow$ Janice $\rightarrow$ Isabella $\rightarrow$ Gloria $\rightarrow$ Mason $\rightarrow$ Russell $\rightarrow$ Stephen $\rightarrow$ Natalie $\rightarrow$ Frances $\rightarrow$ Olivia $\rightarrow$ Diana $\rightarrow$ Douglas $\rightarrow$ Wayne $\rightarrow$ Catherine $\rightarrow$ Jeffrey $\rightarrow$ Anthony $\rightarrow$ Noah $\rightarrow$ Patricia $\rightarrow$ Zachary $\rightarrow$ George $\rightarrow$ Mary $\rightarrow$ Peter.

    Since Randy is an ancestor in the lineage chain that ends with Peter as a descendant, Randy is Peter's ancestor.

<ANSWER>4</ANSWER>"
64,DESCENDANT,2,"Given the following lineage relationships:
* Brittany is Amber's ancestor.
* Emily is Kenneth's descendant.
* Janet is Joe's descendant.
* Virginia is Larry's descendant.
* Deborah is Natalie's descendant.
* Matthew is Mason's ancestor.
* Alexander is Philip's descendant.
* Joyce is Matthew's ancestor.
* Betty is Jennifer's ancestor.
* Joyce is Anna's descendant.
* Alan is Kelly's descendant.
* Patrick is Eric's ancestor.
* Hannah is Terry's descendant.
* Michelle is Bruce's ancestor.
* Samuel is Albert's ancestor.
* Jean is Brenda's ancestor.
* Kelly is Teresa's descendant.
* Laura is Kathryn's descendant.
* Alexander is Margaret's ancestor.
* William is Nancy's descendant.
* Eric is Cheryl's ancestor.
* William is Scott's ancestor.
* Teresa is Gary's descendant.
* Albert is Kathryn's ancestor.
* Bobby is Scott's descendant.
* Douglas is Brenda's descendant.
* Nathan is Ryan's descendant.
* Margaret is Joe's ancestor.
* Stephanie is Larry's ancestor.
* Melissa is Michelle's ancestor.
* Jennifer is Philip's ancestor.
* Natalie is Nicole's descendant.
* Linda is David's ancestor.
* Nancy is David's descendant.
* Janet is Melissa's ancestor.
* Judy is Kenneth's ancestor.
* Patrick is Emily's descendant.
* Anna is Laura's descendant.
* Judy is Amy's descendant.
* Karen is Cheryl's descendant.
* Anthony is Vincent's ancestor.
* Kayla is Dylan's descendant.
* Virginia is Sandra's ancestor.
* Samuel is Bruce's descendant.
* Jeremy is Julie's descendant.
* Sandra is Eugene's ancestor.
* Ryan is Jeremy's descendant.
* Daniel is Nathan's descendant.
* Eugene is Betty's ancestor.
* Stephanie is Carl's descendant.
* Gary is Deborah's descendant.
* Dylan is Juan's descendant.
* Julie is Amber's descendant.
* Amy is Daniel's descendant.
* Kayla is Linda's ancestor.
* Karen is Ashley's ancestor.
* Anthony is Elizabeth's descendant.
* Terry is Vincent's descendant.
* Douglas is Brittany's ancestor.
* Alan is Elizabeth's ancestor.
* Hannah is Juan's ancestor.
* Ashley is Nicole's ancestor.
* Jean is Mason's descendant.
Determine the lineage relationship between Bobby and Carl.
Select the correct answer:
1. Bobby and Carl share a common ancestor.
2. Bobby is Carl's descendant.
3. Bobby is Carl's ancestor.
4. Bobby and Carl share a common descendant.
5. None of the above is correct.
Enclose the selected answer number in the <ANSWER> tag, for example: <ANSWER>1</ANSWER>.",qwen/qwen3.5-9b,,,,"

Based on the provided lineage relationships, we can trace the connections between Carl and Bobby.

1.  **Carl to Stephanie:** ""Stephanie is Carl's descendant"" implies Carl is the ancestor of Stephanie (Carl → Stephanie).
2.  **Stephanie to Larry:** ""Stephanie is Larry's ancestor"" implies Larry is the descendant of Stephanie (Stephanie → Larry).
3.  **Larry to Virginia:** ""Virginia is Larry's descendant"" implies Larry is the ancestor of Virginia (Larry → Virginia).
4.  **Virginia to Sandra:** ""Virginia is Sandra's ancestor"" implies Sandra is the descendant of Virginia (Virginia → Sandra).
5.  **Sandra to Eugene:** ""Sandra is Eugene's descendant"" implies Eugene is the ancestor of Sandra (Eugene → Sandra).
6.  **Eugene to Betty:** ""Eugene is Betty's ancestor"" implies Eugene is the ancestor of Betty (Eugene → Betty).
7.  **Betty to Jennifer:** ""Betty is Jennifer's ancestor"" implies Jennifer is the ancestor of Betty (Jennifer → Betty).
8.  **Jennifer to Philip:** ""Jennifer is Philip's ancestor"" implies Jennifer is the ancestor of Philip (Jennifer → Philip).
9.  **Philip to Alexander:** ""Alexander is Philip's descendant"" implies Philip is the ancestor of Alexander (Philip → Alexander).
10. **Alexander to Margaret:** ""Alexander is Margaret's ancestor"" implies Alexander is the ancestor of Margaret (Alexander → Margaret).
11. **Margaret to Joe:** ""Margaret is Joe's ancestor"" implies Joe is the descendant of Margaret (Margaret → Joe).
12. **Joe to Janet:** ""Janet is Joe's descendant"" implies Joe is the ancestor of Janet (Joe → Janet).
13. **Janet to Melissa:** ""Janet is Melissa's ancestor"" implies Janet is the ancestor of Melissa (Janet → Melissa).
14. **Melissa to Michelle:** ""Melissa is Michelle's ancestor"" implies Melissa is the ancestor of Michelle (Melissa → Michelle).
15. **Michelle to Bruce:** ""Michelle is Bruce's ancestor"" implies Michelle is the ancestor of Bruce (Michelle → Bruce).
16. **Bruce to Samuel:** ""Samuel is Bruce's descendant"" implies Bruce is the ancestor of Samuel (Bruce → Samuel).
17. **Samuel to Albert:** ""Samuel is Albert's ancestor"" implies Samuel is the ancestor of Albert (Samuel → Albert).
18. **Albert to Kathryn:** ""Albert is Kathryn's ancestor"" implies Albert is the ancestor of Kathryn (Albert → Kathryn).
19. **Kathryn to Laura:** ""Laura is Kathryn's descendant"" implies Kathryn is the ancestor of Laura (Kathryn → Laura).
20. **Laura to Anna:** ""Anna is Laura's descendant"" implies Laura is the ancestor of Anna (Laura → Anna).
21. **Anna to Joyce:** ""Joyce is Anna's descendant"" implies Anna is the ancestor of Joyce (Anna → Joyce).
22. **Joyce to Matthew:** ""Joyce is Matthew's ancestor"" implies Joyce is the ancestor of Matthew (Joyce → Matthew).
23. **Matthew to Mason:** ""Matthew is Mason's ancestor"" implies Matthew is the ancestor of Mason (Matthew → Mason).
24. **Mason to Jean:** ""Jean is Mason's descendant"" implies Mason is the ancestor of Jean (Mason → Jean).
25. **Jean to Brenda:** ""Jean is Brenda's ancestor"" implies Jean is the ancestor of Brenda (Jean → Brenda).
26. **Brenda to Douglas:** ""Douglas is Brenda's descendant"" implies Brenda is the ancestor of Douglas (Brenda → Douglas).
27. **Douglas to Brittany:** ""Douglas is Brittany's ancestor"" implies Douglas is the ancestor of Brittany (Douglas → Brittany).
28. **Brittany to Amber:** ""Brittany is Amber's ancestor"" implies Brittany is the ancestor of Amber (Brittany → Amber).
29. **Amber to Julie:** ""Julie is Amber's descendant"" implies Amber is the ancestor of Julie (Amber → Julie).
30. **Julie to Jeremy:** ""Jeremy is Julie's descendant"" implies Julie is the ancestor of Jeremy (Julie → Jeremy).
31. **Jeremy to Ryan:** ""Ryan is Jeremy's descendant"" implies Jeremy is the ancestor of Ryan (Jeremy → Ryan).
32. **Ryan to Nathan:** ""Nathan is Ryan's descendant"" implies Ryan is the ancestor of Nathan (Ryan → Nathan).
33. **Nathan to Daniel:** ""Daniel is Nathan's descendant"" implies Nathan is the ancestor of Daniel (Nathan → Daniel).
34. **Daniel to Amy:** ""Amy is Daniel's descendant"" implies Daniel is the ancestor of Amy (Daniel → Amy).
35. **Amy to Judy:** ""Judy is Amy's descendant"" implies Amy is the ancestor of Judy (Amy → Judy).
36. **Judy to Kenneth:** ""Judy is Kenneth's ancestor"" implies Judy is the ancestor of Kenneth (Judy → Kenneth).
37. **Kenneth to Emily:** ""Emily is Kenneth's descendant"" implies Kenneth is the ancestor of Emily (Kenneth → Emily).
38. **Emily to Patrick:** ""Patrick is Emily's descendant"" implies Emily is the ancestor of Patrick (Emily → Patrick).
39. **Eric to Patrick:** ""Patrick is Eric's ancestor"" implies Eric is the ancestor of Patrick (Eric → Patrick).
40. **Cheryl to Eric:** ""Eric is Cheryl's ancestor"" implies Cheryl is the ancestor of Eric (Cheryl → Eric).
41. **Cheryl to Karen:** ""Karen is Cheryl's descendant"" implies Cheryl is the ancestor of Karen (Cheryl → Karen).
42. **Ashley to Karen:** ""Karen is Ashley's ancestor"" implies Ashley is the ancestor of Karen (Ashley → Karen).
43. **Nicole to Ashley:** ""Ashley is Nicole's ancestor"" implies Nicole is the ancestor of Ashley (Nicole → Ashley).
44. **Nicole to Natalie:** ""Natalie is Nicole's descendant"" implies Nicole is the ancestor of Natalie (Nicole → Natalie).
45. **Natalie to Deborah:** ""Deborah is Natalie's descendant"" implies Natalie is the ancestor of Deborah (Natalie → Deborah).
46. **Deborah to Gary:** ""Gary is Deborah's descendant"" implies Deborah is the ancestor of Gary (Deborah → Gary).
47. **Gary to Teresa:** ""Teresa is Gary's descendant"" implies Gary is the ancestor of Teresa (Gary → Teresa).
48. **Teresa to Kelly:** ""Kelly is Teresa's descendant"" implies Teresa is the ancestor of Kelly (Teresa → Kelly).
49. **Kelly to Alan:** ""Alan is Kelly's descendant"" implies Kelly is the ancestor of Alan (Kelly → Alan).
50. **Elizabeth to Alan:** ""Alan is Elizabeth's ancestor"" implies Elizabeth is the ancestor of Alan (Elizabeth → Alan).
51. **Elizabeth to Anthony:** ""Anthony is Elizabeth's descendant"" implies Elizabeth is the ancestor of Anthony (Elizabeth → Anthony).
52. **Anthony to Vincent:** ""Anthony is Vincent's ancestor"" implies Anthony is the ancestor of Vincent (Anthony → Vincent).
53. **Vincent to Terry:** ""Terry is Vincent's descendant"" implies Vincent is the ancestor of Terry (Vincent → Terry).
54. **Terry to Hannah:** ""Hannah is Terry's descendant"" implies Terry is the ancestor of Hannah (Terry → Hannah).
55. **Hannah to Juan:** ""Hannah is Juan's ancestor"" implies Juan is the descendant of Hannah? No. ""Hannah is Juan's ancestor"" means Hannah → Juan.
    *   Wait, let's check direction again. ""Hannah is Juan's ancestor"". Hannah → Juan.
    *   ""Juan is Hannah's descendant"".
    *   ""Hannah is Terry's descendant"". Terry → Hannah.
    *   ""Hannah is Juan's ancestor"". Hannah → Juan.
    *   ""Juan is Hannah's descendant"". Juan → Hannah? No.
    *   Let's re-read ""Hannah is Juan's ancestor"". This means Hannah is older. Hannah → Juan.
    *   ""Juan is Hannah's ancestor""? No. ""Hannah is Juan's ancestor"".
    *   So the chain is Terry → Hannah → Juan.
56. **Juan to Dylan:** ""Dylan is Juan's descendant"" implies Juan is the ancestor of Dylan (Juan → Dylan).
57. **Dylan to Kayla:** ""Kayla is Dylan's descendant"" implies Dylan is the ancestor of Kayla (Dylan → Kayla).
58. **Kayla to Linda:** ""Kayla is Linda's ancestor"" implies Kayla is the ancestor of Linda (Kayla → Linda).
59. **Linda to David:** ""Linda is David's ancestor"" implies Linda is the ancestor of David (Linda → David).
60. **David to Nancy:** ""Nancy is David's descendant"" implies David is the ancestor of Nancy (David → Nancy).
61. **Nancy to William:** ""William is Nancy's descendant"" implies Nancy is the ancestor of William (Nancy → William).
62. **William to Scott:** ""William is Scott's ancestor"" implies William is the ancestor of Scott (William → Scott).
63. **Scott to Bobby:** ""Bobby is Scott's descendant"" implies Scott is the ancestor of Bobby (Scott → Bobby).

Combining these chains:
Carl → Stephanie → Larry → Virginia → Sandra → Eugene → Betty → Jennifer → Philip → Alexander → Margaret → Joe → Janet → Melissa → Michelle → Bruce → Samuel → Albert → Kathryn → Laura → Anna → Joyce → Matthew → Mason → Jean → Brenda → Douglas → Brittany → Amber → Julie → Jeremy → Ryan → Nathan → Daniel → Amy → Judy → Kenneth → Emily → Patrick → Eric → Cheryl → Karen → Ashley → Nicole → Natalie → Deborah → Gary → Teresa → Kelly → Alan.
Also Elizabeth → Alan.
Since Carl and Elizabeth are ancestors of Alan, and both lead to Bobby (via Scott), the lineage connects Carl to Bobby.
Specifically, from the chain: Carl is an ancestor of Alan, and Alan is an ancestor of Elizabeth? No, Elizabeth is an ancestor of Alan.
But Carl is an ancestor of Alan.
And Elizabeth is an ancestor of Alan.
However, since they are in the same tree and both lead to Bobby (via Scott), Carl must be an ancestor of Bobby.
Wait, let's re-evaluate the connection between Carl and Elizabeth.
If Carl -> ... -> Alan and Elizabeth -> Alan, and Alan is an ancestor of Bobby? No, Alan is not an ancestor of Bobby.
Alan is a descendant of Kelly.
Elizabeth is an ancestor of Bobby (via Anthony -> Vincent -> Terry -> Hannah -> Juan -> Dylan -> Kayla -> Linda -> David -> Nancy -> William -> Scott -> Bobby).
Since Carl -> ... -> Kelly -> Alan and Elizabeth -> ... -> Bobby.
Is there a connection between Alan and Bobby?
From Elizabeth's chain: Elizabeth -> ... -> Bobby.
From Carl's chain: Carl -> ... -> Kelly -> Alan.
Also Elizabeth -> Alan.
So Elizabeth is an ancestor of Alan.
And Elizabeth is an ancestor of Bobby.
This implies Alan and Bobby are in the same family tree.
If Carl is an ancestor of Elizabeth, then Carl is an ancestor of Bobby.
If Carl is a descendant of Elizabeth, then Elizabeth is an ancestor of Carl.
If Carl -> ... -> Alan and Elizabeth -> Alan.
And Elizabeth -> ... -> Bobby.
It is most likely that Carl is an ancestor of Bobby (as per Option 2) or they share a common ancestor/descendant.
Given the flow from Carl through Stephanie, Larry, etc., all the way down to Kelly and Alan, and the flow from Elizabeth down to Bobby, and the fact that Carl is an ancestor of Kelly who is an ancestor of Alan, and Elizabeth is an ancestor of Alan.
Since Elizabeth is also an ancestor of Bobby, and Carl is an ancestor of Kelly who is an ancestor of Alan.
If Carl is an ancestor of Bobby, then Option 2 is correct.
Let's assume the connections form a single lineage where Carl is the root or an ancestor of Elizabeth.
Thus, Carl is an ancestor of Bobby.
Therefore, Bobby is Carl's descendant.

<ANSWER>2</ANSWER>

<ANSWER>2</ANSWER>"
64,COMMON_ANCESTOR,2,"Given the following lineage relationships:
* Gloria is Jean's ancestor.
* Betty is Carolyn's descendant.
* Bradley is Gloria's ancestor.
* Judith is Samantha's ancestor.
* Hannah is Deborah's descendant.
* Jennifer is Bradley's ancestor.
* Helen is Jack's descendant.
* Beverly is Helen's descendant.
* Anna is Eugene's descendant.
* Randy is Gary's ancestor.
* Ann is Emily's descendant.
* Ann is Alice's ancestor.
* Jordan is Scott's descendant.
* Gabriel is Diane's descendant.
* Stephanie is Debra's descendant.
* Betty is Christopher's ancestor.
* Jennifer is Jason's descendant.
* Aaron is Diane's ancestor.
* Christopher is Walter's ancestor.
* Megan is Carolyn's ancestor.
* Beverly is Joyce's ancestor.
* Emma is William's descendant.
* Sarah is Evelyn's descendant.
* Joan is Joyce's descendant.
* Noah is Samantha's descendant.
* Rachel is Edward's descendant.
* Julia is Jose's ancestor.
* Noah is Steven's ancestor.
* Nicholas is Jerry's descendant.
* Janice is Sarah's descendant.
* Elijah is Benjamin's ancestor.
* Evelyn is Rachel's descendant.
* Judith is Jose's descendant.
* Anna is Dorothy's ancestor.
* Lawrence is Hannah's descendant.
* Dorothy is Jerry's ancestor.
* Elijah is Emma's descendant.
* Aaron is Benjamin's descendant.
* Charlotte is Jeremy's ancestor.
* Steven is Jason's ancestor.
* Eugene is Katherine's descendant.
* Karen is William's ancestor.
* Christina is Katherine's ancestor.
* Marie is Christina's ancestor.
* Randy is Patricia's descendant.
* Alice is Debra's ancestor.
* Jordan is Jack's ancestor.
* Julia is Deborah's descendant.
* Doris is Edward's ancestor.
* Willie is Kyle's descendant.
* Sandra is Charlotte's ancestor.
* Karen is Jean's descendant.
* Kevin is Scott's ancestor.
* Jeremy is Marie's ancestor.
* Gabriel is Austin's ancestor.
* Patricia is Janice's descendant.
* Megan is Stephanie's descendant.
* Abigail is Lawrence's descendant.
* Willie is Sandra's ancestor.
* Kyle is Walter's descendant.
* Austin is Doris's ancestor.
* Emily is Abigail's descendant.
* Kevin is Nicholas's descendant.
Determine the lineage relationship between Gary and Joan.
Select the correct answer:
1. Gary is Joan's ancestor.
2. Gary and Joan share a common ancestor.
3. Gary is Joan's descendant.
4. Gary and Joan share a common descendant.
5. None of the above is correct.
Enclose the selected answer number in the <ANSWER> tag, for example: <ANSWER>1</ANSWER>.",qwen/qwen3.5-9b,,,,"

<ANSWER>5</ANSWER>"
64,COMMON_DESCENDANT,4,"Given the following lineage relationships:
* Rebecca is Joan's descendant.
* Kelly is Dylan's descendant.
* Richard is Matthew's ancestor.
* Donald is Grace's ancestor.
* James is Heather's ancestor.
* Cynthia is Linda's ancestor.
* Benjamin is Brenda's ancestor.
* Jesse is Gabriel's descendant.
* Rebecca is Joshua's ancestor.
* Amanda is Robert's descendant.
* Linda is Justin's ancestor.
* Jesse is Nancy's ancestor.
* Frank is Carolyn's ancestor.
* Virginia is Janice's ancestor.
* Evelyn is Angela's descendant.
* James is Joshua's descendant.
* Ryan is Cheryl's descendant.
* Alan is Michelle's ancestor.
* Barbara is Amanda's descendant.
* Michelle is Donald's ancestor.
* Lori is Harold's ancestor.
* Joan is Marilyn's descendant.
* Noah is Cheryl's ancestor.
* Dylan is Evelyn's descendant.
* Shirley is Dorothy's descendant.
* Doris is Grace's descendant.
* Mark is Emily's descendant.
* Emily is Barbara's descendant.
* Anna is Ashley's descendant.
* Carol is Jack's descendant.
* Robert is David's descendant.
* Carolyn is Richard's ancestor.
* Alexis is Doris's descendant.
* Heather is Lawrence's ancestor.
* Kathryn is Cynthia's ancestor.
* Laura is Jack's ancestor.
* Denise is Noah's ancestor.
* Frances is Shirley's descendant.
* Carol is Eugene's ancestor.
* Timothy is Jordan's descendant.
* Harold is Jordan's ancestor.
* David is Jeremy's descendant.
* Kathryn is Christina's descendant.
* Alan is Nancy's descendant.
* Kenneth is Anna's descendant.
* Dennis is Timothy's descendant.
* Virginia is Ryan's descendant.
* Jeremy is Kenneth's descendant.
* Lori is Mark's descendant.
* Arthur is Brenda's descendant.
* Christina is Kelly's descendant.
* Benjamin is Dennis's descendant.
* Gabriel is Matthew's descendant.
* Danielle is Alexis's descendant.
* Eugene is Frank's ancestor.
* Denise is Danielle's descendant.
* Steven is Justin's descendant.
* Steven is Charlotte's ancestor.
* Arthur is Angela's ancestor.
* Laura is Lawrence's descendant.
* Frances is Amy's ancestor.
* Ashley is Janice's descendant.
* Amy is Charlotte's descendant.
Determine the lineage relationship between Marilyn and Dorothy.
Select the correct answer:
1. Marilyn is Dorothy's descendant.
2. Marilyn is Dorothy's ancestor.
3. Marilyn and Dorothy share a common ancestor.
4. Marilyn and Dorothy share a common descendant.
5. None of the above is correct.
Enclose the selected answer number in the <ANSWER> tag, for example: <ANSWER>1</ANSWER>.",qwen/qwen3.5-9b,,,,"

To determine the lineage relationship between Marilyn and Dorothy, we need to trace their relationships to find any common links.

1.  **Analyze the connections involving Marilyn:**
    *   ""Joan is Marilyn's descendant."" $\Rightarrow$ Marilyn is Joan's ancestor.
    *   ""Rebecca is Joan's descendant."" $\Rightarrow$ Joan is Rebecca's ancestor.
    *   ""Rebecca is Joshua's ancestor."" $\Rightarrow$ Rebecca is Joshua's ancestor.
    *   ""James is Joshua's descendant."" $\Rightarrow$ Joshua is James's ancestor.
    *   ""James is Heather's ancestor."" $\Rightarrow$ James is Heather's ancestor.
    *   ""Heather is Lawrence's ancestor."" $\Rightarrow$ Heather is Lawrence's ancestor.
    *   ""Laura is Lawrence's descendant."" $\Rightarrow$ Lawrence is Laura's ancestor.
    *   ""Laura is Jack's ancestor."" $\Rightarrow$ Laura is Jack's ancestor.
    *   ""Carol is Jack's descendant."" $\Rightarrow$ Jack is Carol's ancestor.
    *   ""Carol is Eugene's ancestor."" $\Rightarrow$ Carol is Eugene's ancestor.
    *   ""Eugene is Frank's ancestor."" $\Rightarrow$ Eugene is Frank's ancestor.
    *   ""Frank is Carolyn's ancestor."" $\Rightarrow$ Frank is Carolyn's ancestor.
    *   ""Carolyn is Richard's ancestor."" $\Rightarrow$ Carolyn is Richard's ancestor.
    *   ""Richard is Matthew's ancestor."" $\Rightarrow$ Richard is Matthew's ancestor.
    *   ""Gabriel is Matthew's descendant."" $\Rightarrow$ Matthew is Gabriel's ancestor.
    *   ""Jesse is Gabriel's descendant."" $\Rightarrow$ Gabriel is Jesse's ancestor.
    *   ""Jesse is Nancy's ancestor."" $\Rightarrow$ Jesse is Nancy's ancestor.
    *   ""Alan is Nancy's descendant."" $\Rightarrow$ Nancy is Alan's ancestor.
    *   ""Alan is Michelle's ancestor."" $\Rightarrow$ Alan is Michelle's ancestor.
    *   ""Michelle is Donald's ancestor."" $\Rightarrow$ Michelle is Donald's ancestor.
    *   ""Donald is Grace's ancestor."" $\Rightarrow$ Donald is Grace's ancestor.
    *   ""Doris is Grace's descendant."" $\Rightarrow$ Grace is Doris's ancestor.
    *   ""Alexis is Doris's descendant."" $\Rightarrow$ Doris is Alexis's ancestor.
    *   ""Danielle is Alexis's descendant."" $\Rightarrow$ Alexis is Danielle's ancestor.
    *   ""Denise is Danielle's descendant."" $\Rightarrow$ Danielle is Denise's ancestor.
    *   ""Denise is Noah's ancestor."" $\Rightarrow$ Denise is Noah's ancestor.
    *   ""Noah is Cheryl's ancestor."" $\Rightarrow$ Noah is Cheryl's ancestor.
    *   ""Virginia is Ryan's descendant."" $\Rightarrow$ Ryan is Virginia's ancestor.
    *   ""Ryan is Cheryl's descendant."" $\Rightarrow$ Cheryl is Ryan's ancestor.
    *   ""Virginia is Janice's ancestor."" $\Rightarrow$ Virginia is Janice's ancestor.
    *   ""Ashley is Janice's descendant."" $\Rightarrow$ Janice is Ashley's ancestor.
    *   ""Anna is Ashley's descendant."" $\Rightarrow$ Ashley is Anna's ancestor.
    *   ""Kenneth is Anna's descendant."" $\Rightarrow$ Anna is Kenneth's ancestor.
    *   ""Jeremy is Kenneth's descendant."" $\Rightarrow$ Kenneth is Jeremy's ancestor.
    *   ""David is Jeremy's descendant."" $\Rightarrow$ Jeremy is David's ancestor.
    *   ""Robert is David's descendant."" $\Rightarrow$ David is Robert's ancestor.
    *   ""Amanda is Robert's descendant."" $\Rightarrow$ Robert is Amanda's ancestor.
    *   ""Barbara is Amanda's descendant."" $\Rightarrow$ Amanda is Barbara's ancestor.
    *   ""Emily is Barbara's descendant."" $\Rightarrow$ Barbara is Emily's ancestor.
    *   ""Mark is Emily's descendant."" $\Rightarrow$ Emily is Mark's ancestor.
    *   ""Lori is Mark's descendant."" $\Rightarrow$ Mark is Lori's ancestor.
    *   ""Lori is Harold's ancestor."" $\Rightarrow$ Lori is Harold's ancestor.
    *   ""Harold is Jordan's ancestor."" $\Rightarrow$ Harold is Jordan's ancestor.
    *   ""Timothy is Jordan's descendant."" $\Rightarrow$ Jordan is Timothy's ancestor.
    *   ""Dennis is Timothy's descendant."" $\Rightarrow$ Timothy is Dennis's ancestor.
    *   ""Benjamin is Dennis's descendant."" $\Rightarrow$ Dennis is Benjamin's ancestor.
    *   ""Benjamin is Brenda's ancestor."" $\Rightarrow$ Benjamin is Brenda's ancestor.
    *   ""Arthur is Brenda's descendant."" $\Rightarrow$ Brenda is Arthur's ancestor.
    *   ""Arthur is Angela's ancestor."" $\Rightarrow$ Arthur is Angela's ancestor.
    *   ""Evelyn is Angela's descendant."" $\Rightarrow$ Angela is Evelyn's ancestor.
    *   ""Dylan is Evelyn's descendant."" $\Rightarrow$ Evelyn is Dylan's ancestor.
    *   ""Kelly is Dylan's descendant."" $\Rightarrow$ Dylan is Kelly's ancestor.
    *   ""Christina is Kelly's descendant."" $\Rightarrow$ Kelly is Christina's ancestor.
    *   ""Kathryn is Christina's descendant."" $\Rightarrow$ Christina is Kathryn's ancestor.
    *   ""Kathryn is Cynthia's ancestor."" $\Rightarrow$ Kathryn is Cynthia's ancestor.
    *   ""Cynthia is Linda's ancestor."" $\Rightarrow$ Cynthia is Linda's ancestor.
    *   ""Linda is Justin's ancestor."" $\Rightarrow$ Linda is Justin's ancestor.
    *   ""Steven is Justin's descendant."" $\Rightarrow$ Justin is Steven's ancestor.
    *   ""Steven is Charlotte's ancestor."" $\Rightarrow$ Steven is Charlotte's ancestor.
    *   **Conclusion:** Marilyn is an ancestor of Charlotte.

2.  **Analyze the connections involving Dorothy:**
    *   ""Shirley is Dorothy's descendant."" $\Rightarrow$ Dorothy is Shirley's ancestor.
    *   ""Frances is Shirley's descendant."" $\Rightarrow$ Shirley is Frances's ancestor.
    *   ""Frances is Amy's ancestor."" $\Rightarrow$ Frances is Amy's ancestor.
    *   ""Amy is Charlotte's descendant."" $\Rightarrow$ Charlotte is Amy's ancestor.
    *   **Conclusion:** Dorothy is an ancestor of Amy. Charlotte is an ancestor of Amy.
    *   Since Marilyn is an ancestor of Charlotte, and Charlotte is an ancestor of Amy, **Marilyn is an ancestor of Amy**.
    *   Since Dorothy is an ancestor of Amy, and Amy is a descendant of Dorothy, **Dorothy is an ancestor of Amy**.

3.  **Determine the relationship between Marilyn and Dorothy:**
    *   Both Marilyn and Dorothy are ancestors of Amy.
    *   There is no information stating that Marilyn is an ancestor of Dorothy or vice versa (the chains merge at Amy, but do not overlap before that point in a way that makes one an ancestor of the other).
    *   Therefore, they are co-ancestors of Amy.
    *   This means they share a common descendant, Amy.

<ANSWER>4</ANSWER>"
64,ANCESTOR,3,"Given the following lineage relationships:
* Madison is Aaron's ancestor.
* Nicole is Richard's descendant.
* Alice is Willie's ancestor.
* Natalie is Julie's ancestor.
* Joyce is Noah's ancestor.
* Mark is Walter's descendant.
* Kevin is Cheryl's descendant.
* Sharon is Dylan's ancestor.
* Katherine is Dylan's descendant.
* Judith is Christine's descendant.
* Nathan is Teresa's ancestor.
* Mason is Dorothy's descendant.
* Megan is Christine's ancestor.
* Angela is Russell's ancestor.
* Kevin is Charlotte's ancestor.
* Alice is Judith's descendant.
* Jack is Dennis's descendant.
* Shirley is Gerald's descendant.
* Jordan is Kathleen's descendant.
* Donna is Joyce's ancestor.
* Billy is Julie's descendant.
* Willie is Gerald's ancestor.
* Vincent is Sharon's ancestor.
* Donald is Jordan's descendant.
* Nicole is Donna's ancestor.
* Alexander is Mark's descendant.
* Roger is Ruth's descendant.
* Carol is Beverly's descendant.
* Albert is Gregory's descendant.
* Peter is Dennis's ancestor.
* Shirley is Ruth's ancestor.
* Roger is Jacqueline's ancestor.
* Frank is Roy's descendant.
* Patrick is Vincent's ancestor.
* Walter is Nicholas's descendant.
* Helen is Albert's descendant.
* Angela is Elijah's descendant.
* Lisa is Madison's ancestor.
* Natalie is Kayla's descendant.
* Richard is Billy's descendant.
* Kimberly is Gloria's ancestor.
* Jack is Dorothy's ancestor.
* Elijah is Jean's descendant.
* Roy is Donald's descendant.
* Nicholas is Gloria's descendant.
* Kimberly is Frank's descendant.
* Beverly is Henry's descendant.
* Jacqueline is Cheryl's ancestor.
* Aaron is Keith's ancestor.
* Eric is Lisa's ancestor.
* Keith is Kathleen's ancestor.
* Megan is Adam's descendant.
* Mason is Adam's ancestor.
* Patrick is Noah's descendant.
* Eric is Janice's descendant.
* Peter is Katherine's descendant.
* Nathan is Carol's descendant.
* Russell is Gregory's ancestor.
* Jose is Jean's ancestor.
* Amanda is Charlotte's descendant.
* Jose is Alexander's descendant.
* Helen is Henry's ancestor.
* Amanda is Janice's ancestor.
Determine the lineage relationship between Kayla and Teresa.
Select the correct answer:
1. Kayla and Teresa share a common descendant.
2. Kayla is Teresa's descendant.
3. Kayla is Teresa's ancestor.
4. Kayla and Teresa share a common ancestor.
5. None of the above is correct.
Enclose the selected answer number in the <ANSWER> tag, for example: <ANSWER>1</ANSWER>.",qwen/qwen3.5-9b,,,,"

Based on the provided lineage relationships, we can trace the connection between **Kayla** and **Teresa**.

1.  **Start with Kayla:**
    *   ""Natalie is Kayla's descendant."" -> **Kayla** is an ancestor of **Natalie**.
    *   ""Natalie is Julie's ancestor."" -> **Natalie** is an ancestor of **Julie**.
    *   ""Billy is Julie's descendant."" -> **Julie** is an ancestor of **Billy**.
    *   ""Richard is Billy's descendant."" -> **Billy** is an ancestor of **Richard**.
    *   ""Nicole is Richard's descendant."" -> **Richard** is an ancestor of **Nicole**.
    *   ""Nicole is Donna's ancestor."" -> **Nicole** is an ancestor of **Donna**.
    *   ""Donna is Joyce's ancestor."" -> **Donna** is an ancestor of **Joyce**.
    *   ""Joyce is Noah's ancestor."" -> **Joyce** is an ancestor of **Noah**.
    *   ""Patrick is Noah's descendant."" -> **Noah** is an ancestor of **Patrick**.
    *   ""Patrick is Vincent's ancestor."" -> **Patrick** is an ancestor of **Vincent**.
    *   ""Vincent is Sharon's ancestor."" -> **Vincent** is an ancestor of **Sharon**.
    *   ""Sharon is Dylan's ancestor."" -> **Sharon** is an ancestor of **Dylan**.
    *   ""Katherine is Dylan's descendant."" -> **Dylan** is an ancestor of **Katherine**.
    *   ""Peter is Katherine's descendant."" -> **Katherine** is an ancestor of **Peter**.
    *   ""Peter is Dennis's ancestor."" -> **Peter** is an ancestor of **Dennis**.
    *   ""Jack is Dennis's descendant."" -> **Dennis** is an ancestor of **Jack**.
    *   ""Jack is Dorothy's ancestor."" -> **Jack** is an ancestor of **Dorothy**.
    *   ""Mason is Dorothy's descendant."" -> **Dorothy** is an ancestor of **Mason**.

2.  **Connect Mason to Teresa:**
    *   ""Mason is Adam's ancestor."" -> **Mason** is an ancestor of **Adam**.
    *   ""Megan is Adam's descendant."" -> **Adam** is an ancestor of **Megan**.
    *   ""Megan is Christine's ancestor."" -> **Megan** is an ancestor of **Christine**.
    *   ""Judith is Christine's descendant."" -> **Christine** is an ancestor of **Judith**.
    *   ""Alice is Judith's descendant."" -> **Judith** is an ancestor of **Alice**.
    *   ""Alice is Willie's ancestor."" -> **Alice** is an ancestor of **Willie**.
    *   ""Willie is Gerald's ancestor."" -> **Willie** is an ancestor of **Gerald**.
    *   ""Shirley is Gerald's descendant."" -> **Gerald** is an ancestor of **Shirley**.
    *   ""Shirley is Ruth's ancestor."" -> **Shirley** is an ancestor of **Ruth**.
    *   ""Roger is Ruth's descendant."" -> **Ruth** is an ancestor of **Roger**.
    *   ""Roger is Jacqueline's ancestor."" -> **Roger** is an ancestor of **Jacqueline**.
    *   ""Jacqueline is Cheryl's ancestor."" -> **Jacqueline** is an ancestor of **Cheryl**.
    *   ""Kevin is Cheryl's descendant."" -> **Cheryl** is an ancestor of **Kevin**.
    *   ""Kevin is Charlotte's ancestor."" -> **Kevin** is an ancestor of **Charlotte**.
    *   ""Amanda is Charlotte's descendant."" -> **Charlotte** is an ancestor of **Amanda**.
    *   ""Amanda is Janice's ancestor."" -> **Amanda** is an ancestor of **Janice**.
    *   ""Eric is Janice's descendant."" -> **Janice** is an ancestor of **Eric**.
    *   ""Eric is Lisa's ancestor."" -> **Eric** is an ancestor of **Lisa**.
    *   ""Lisa is Madison's ancestor."" -> **Lisa** is an ancestor of **Madison**.
    *   ""Madison is Aaron's ancestor."" -> **Madison** is an ancestor of **Aaron**.
    *   ""Aaron is Keith's ancestor."" -> **Aaron** is an ancestor of **Keith**.
    *   ""Keith is Kathleen's ancestor."" -> **Keith** is an ancestor of **Kathleen**.
    *   ""Jordan is Kathleen's descendant."" -> **Kathleen** is an ancestor of **Jordan**.
    *   ""Donald is Jordan's descendant."" -> **Jordan** is an ancestor of **Donald**.
    *   ""Roy is Donald's descendant."" -> **Donald** is an ancestor of **Roy**.
    *   ""Frank is Roy's descendant."" -> **Roy** is an ancestor of **Frank**.
    *   ""Kimberly is Frank's descendant."" -> **Frank** is an ancestor of **Kimberly**.
    *   ""Kimberly is Gloria's ancestor."" -> **Kimberly** is an ancestor of **Gloria**.
    *   ""Nicholas is Gloria's descendant."" -> **Gloria** is an ancestor of **Nicholas**.
    *   ""Walter is Nicholas's descendant."" -> **Nicholas** is an ancestor of **Walter**.
    *   ""Mark is Walter's descendant."" -> **Walter** is an ancestor of **Mark**.
    *   ""Alexander is Mark's descendant."" -> **Mark** is an ancestor of **Alexander**.
    *   ""Jose is Alexander's descendant."" -> **Alexander** is an ancestor of **Jose**.
    *   ""Jose is Jean's ancestor."" -> **Jose** is an ancestor of **Jean**.
    *   ""Elijah is Jean's descendant."" -> **Jean** is an ancestor of **Elijah**.
    *   ""Angela is Elijah's descendant."" -> **Elijah** is an ancestor of **Angela**.
    *   ""Angela is Russell's ancestor."" -> **Angela** is an ancestor of **Russell**.
    *   ""Russell is Gregory's ancestor."" -> **Russell** is an ancestor of **Gregory**.
    *   ""Albert is Gregory's descendant."" -> **Gregory** is an ancestor of **Albert**.
    *   ""Helen is Albert's descendant."" -> **Albert** is an ancestor of **Helen**.
    *   ""Helen is Henry's ancestor."" -> **Helen** is an ancestor of **Henry**.
    *   ""Beverly is Henry's descendant."" -> **Henry** is an ancestor of **Beverly**.
    *   ""Carol is Beverly's descendant."" -> **Beverly** is an ancestor of **Carol**.
    *   ""Nathan is Carol's descendant."" -> **Carol** is an ancestor of **Nathan**.
    *   ""Nathan is Teresa's ancestor."" -> **Nathan** is an ancestor of **Teresa**.

**Conclusion:**
Tracing the line from Kayla down through Natalie, Julie, Billy, Richard, Nicole, Donna, Joyce, Noah, Patrick, Vincent, Sharon, Dylan, Katherine, Peter, Dennis, Jack, Dorothy, Mason, Adam, Megan, Christine, Judith, Alice, Willie, Gerald, Shirley, Ruth, Roger, Jacqueline, Cheryl, Kevin, Charlotte, Amanda, Janice, Eric, Lisa, Madison, Aaron, Keith, Kathleen, Jordan, Donald, Roy, Frank, Kimberly, Gloria, Nicholas, Walter, Mark, Alexander, Jose, Jean, Elijah, Angela, Russell, Gregory, Albert, Helen, Henry, Beverly, Carol, Nathan, leads directly to Teresa.
Thus, Kayla is an ancestor of Teresa.

<ANSWER>3</ANSWER>"
64,DESCENDANT,2,"Given the following lineage relationships:
* Jonathan is Bobby's descendant.
* Jonathan is Alice's ancestor.
* Joe is Christina's descendant.
* David is Ann's ancestor.
* Christina is Billy's descendant.
* Eric is Diane's ancestor.
* Kathryn is Matthew's descendant.
* Jose is Elizabeth's ancestor.
* Deborah is Diana's ancestor.
* Eric is Andrea's descendant.
* Vincent is Justin's ancestor.
* Joe is Christopher's ancestor.
* Alexander is Debra's descendant.
* Julie is Adam's descendant.
* Victoria is Harold's ancestor.
* Victoria is Jessica's descendant.
* Isabella is Samuel's ancestor.
* Douglas is Brenda's ancestor.
* Matthew is Alan's descendant.
* Jose is Dylan's descendant.
* Wayne is Diana's descendant.
* Carolyn is Jason's descendant.
* Samuel is Walter's ancestor.
* Paul is Alice's descendant.
* Alexander is Melissa's ancestor.
* David is Brenda's descendant.
* Amber is Diane's descendant.
* Helen is Elizabeth's descendant.
* Rachel is Julie's descendant.
* Virginia is Jacob's descendant.
* Angela is Amber's descendant.
* Douglas is Catherine's descendant.
* Martha is Melissa's descendant.
* Rachel is Dylan's ancestor.
* Terry is Russell's ancestor.
* Isabella is Evelyn's descendant.
* Kathryn is Peter's ancestor.
* Richard is Debra's ancestor.
* Richard is Jeremy's descendant.
* Terry is Peter's descendant.
* Kenneth is Andrew's descendant.
* Teresa is Austin's ancestor.
* Michelle is Austin's descendant.
* John is Russell's descendant.
* Helen is Jacqueline's ancestor.
* Ronald is Deborah's ancestor.
* Walter is Anna's ancestor.
* Anna is Alan's ancestor.
* Adam is Angela's descendant.
* Brandon is Justin's descendant.
* Anthony is Ann's descendant.
* Jeremy is Michelle's descendant.
* Virginia is Vincent's ancestor.
* Martha is Andrew's ancestor.
* Harold is Bobby's ancestor.
* Jacqueline is Billy's ancestor.
* Anthony is Andrea's ancestor.
* Ronald is Christopher's descendant.
* Carolyn is Evelyn's ancestor.
* Teresa is John's descendant.
* Brandon is Catherine's ancestor.
* Paul is Jacob's ancestor.
* Jessica is Kenneth's descendant.
Determine the lineage relationship between Wayne and Jason.
Select the correct answer:
1. Wayne and Jason share a common descendant.
2. Wayne is Jason's descendant.
3. Wayne is Jason's ancestor.
4. Wayne and Jason share a common ancestor.
5. None of the above is correct.
Enclose the selected answer number in the <ANSWER> tag, for example: <ANSWER>1</ANSWER>.",qwen/qwen3.5-9b,,,,"

To determine the lineage relationship between Wayne and Jason, we need to trace the connections between them using the provided relationships. We will build a path from Jason to Wayne and vice versa if necessary, verifying the direction of ancestry and descent.

**1. Trace the path from Jason:**
*   **Jason to Carolyn:** ""Carolyn is Jason's descendant.""
    *   Relationship: **Jason** $\rightarrow$ **Carolyn** (Jason is an ancestor of Carolyn).
*   **Carolyn to Evelyn:** ""Carolyn is Evelyn's ancestor.""
    *   Relationship: **Carolyn** $\rightarrow$ **Evelyn**.
*   **Evelyn to Isabella:** ""Isabella is Evelyn's descendant.""
    *   Relationship: **Evelyn** $\rightarrow$ **Isabella**.
*   **Isabella to Samuel:** ""Isabella is Samuel's ancestor.""
    *   Relationship: **Isabella** $\rightarrow$ **Samuel**.
*   **Samuel to Walter:** ""Samuel is Walter's ancestor.""
    *   Relationship: **Samuel** $\rightarrow$ **Walter**.
*   **Walter to Anna:** ""Walter is Anna's ancestor.""
    *   Relationship: **Walter** $\rightarrow$ **Anna**.
*   **Anna to Alan:** ""Anna is Alan's ancestor.""
    *   Relationship: **Anna** $\rightarrow$ **Alan**.
*   **Alan to Matthew:** ""Matthew is Alan's descendant.""
    *   Relationship: **Alan** $\rightarrow$ **Matthew**.
*   **Matthew to Kathryn:** ""Kathryn is Matthew's descendant.""
    *   Relationship: **Matthew** $\rightarrow$ **Kathryn**.
*   **Kathryn to Peter:** ""Kathryn is Peter's ancestor.""
    *   Relationship: **Kathryn** $\rightarrow$ **Peter**.
*   **Peter to Terry:** ""Terry is Peter's descendant.""
    *   Relationship: **Peter** $\rightarrow$ **Terry**.
*   **Terry to Russell:** ""Terry is Russell's ancestor.""
    *   Relationship: **Terry** $\rightarrow$ **Russell**.
*   **Russell to John:** ""John is Russell's descendant.""
    *   Relationship: **Russell** $\rightarrow$ **John**.
*   **John to Teresa:** ""Teresa is John's descendant.""
    *   Relationship: **John** $\rightarrow$ **Teresa**.
*   **Teresa to Austin:** ""Teresa is Austin's ancestor.""
    *   Relationship: **Teresa** $\rightarrow$ **Austin**.
*   **Austin to Michelle:** ""Michelle is Austin's descendant.""
    *   Relationship: **Austin** $\rightarrow$ **Michelle**.
*   **Michelle to Jeremy:** ""Jeremy is Michelle's descendant.""
    *   Relationship: **Michelle** $\rightarrow$ **Jeremy**.
*   **Jeremy to Ronald:** ""Ronald is Jeremy's descendant.""
    *   Relationship: **Jeremy** $\rightarrow$ **Ronald**.
*   **Ronald to Deborah:** ""Ronald is Deborah's ancestor.""
    *   Relationship: **Ronald** $\rightarrow$ **Deborah**.
*   **Deborah to Diana:** ""Deborah is Diana's ancestor.""
    *   Relationship: **Deborah** $\rightarrow$ **Diana**.
*   **Diana to Wayne:** ""Wayne is Diana's descendant.""
    *   Relationship: **Diana** $\rightarrow$ **Wayne**.

**2. Combine the path:**
By connecting these steps, we form the following complete lineage chain:
**Jason** $\rightarrow$ Carolyn $\rightarrow$ Evelyn $\rightarrow$ Isabella $\rightarrow$ Samuel $\rightarrow$ Walter $\rightarrow$ Anna $\rightarrow$ Alan $\rightarrow$ Matthew $\rightarrow$ Kathryn $\rightarrow$ Peter $\rightarrow$ Terry $\rightarrow$ Russell $\rightarrow$ John $\rightarrow$ Teresa $\rightarrow$ Austin $\rightarrow$ Michelle $\rightarrow$ Jeremy $\rightarrow$ Ronald $\rightarrow$ Deborah $\rightarrow$ Diana $\rightarrow$ **Wayne**.

**3. Conclusion:**
This chain indicates that **Jason** is an ancestor of **Wayne**, which is equivalent to saying **Wayne** is a descendant of **Jason**.

Comparing this to the options:
1.  Wayne and Jason share a common descendant. (Technically true if they have descendants, but less specific).
2.  Wayne is Jason's descendant. (This is the direct relationship derived).
3.  Wayne is Jason's ancestor. (Incorrect direction).
4.  Wayne and Jason share a common ancestor. (Technically true, as Jason is his own ancestor).
5.  None of the above is correct.

The most accurate description of the specific lineage relationship found is that Wayne is Jason's descendant.

<ANSWER>2</ANSWER>"
64,COMMON_ANCESTOR,4,"Given the following lineage relationships:
* Julia is Elizabeth's ancestor.
* Ruth is James's descendant.
* Terry is Dennis's ancestor.
* Scott is Teresa's ancestor.
* Arthur is Melissa's ancestor.
* Pamela is Wayne's descendant.
* Elijah is Ashley's ancestor.
* Joan is Brandon's descendant.
* Juan is Alan's ancestor.
* George is Harold's ancestor.
* Kathleen is Diane's ancestor.
* Douglas is Olivia's descendant.
* Jean is Jacqueline's descendant.
* Jack is Danielle's descendant.
* Jacqueline is Sophia's descendant.
* Isabella is Amanda's descendant.
* Raymond is Julia's ancestor.
* Matthew is Jonathan's ancestor.
* Jean is Kathleen's ancestor.
* Elijah is James's descendant.
* Beverly is Linda's ancestor.
* Kevin is Vincent's ancestor.
* Vincent is Jerry's ancestor.
* Helen is Madison's descendant.
* Evelyn is Shirley's ancestor.
* Debra is Wayne's ancestor.
* Olivia is Pamela's descendant.
* Mary is Katherine's descendant.
* Alan is Sophia's ancestor.
* Gloria is Amanda's ancestor.
* Harold is Scott's ancestor.
* Joan is Ralph's ancestor.
* Douglas is Tyler's ancestor.
* Mary is George's ancestor.
* Gloria is John's descendant.
* Nicholas is Tyler's descendant.
* Arthur is Justin's descendant.
* Raymond is Christian's descendant.
* Heather is Gerald's ancestor.
* Abigail is Linda's descendant.
* Anna is Abigail's descendant.
* Ruth is Donald's ancestor.
* Denise is Anna's descendant.
* Brandon is Kelly's descendant.
* Jason is Diane's descendant.
* Juan is Helen's descendant.
* Donald is Madison's ancestor.
* Evelyn is Jonathan's descendant.
* Jordan is Shirley's descendant.
* Kevin is Nicholas's descendant.
* Ashley is Justin's ancestor.
* Kelly is Jack's descendant.
* Teresa is Danielle's ancestor.
* Melissa is John's ancestor.
* Jerry is Katherine's ancestor.
* Heather is Denise's descendant.
* Isabella is Debra's ancestor.
* Joseph is Ralph's descendant.
* Elizabeth is Terry's ancestor.
* Christian is Jason's descendant.
* Lori is Joseph's descendant.
* Matthew is Dennis's descendant.
* Beverly is Lori's descendant.
Determine the lineage relationship between Jordan and Gerald.
Select the correct answer:
1. Jordan is Gerald's descendant.
2. Jordan is Gerald's ancestor.
3. Jordan and Gerald share a common descendant.
4. Jordan and Gerald share a common ancestor.
5. None of the above is correct.
Enclose the selected answer number in the <ANSWER> tag, for example: <ANSWER>1</ANSWER>.",qwen/qwen3.5-9b,,,,"

To determine the relationship between Jordan and Gerald, we must analyze the lineage provided in the statements.

**1. Identify the lineage of Jordan:**
*   ""Jordan is Shirley's descendant."" (Shirley $\rightarrow$ Jordan)
*   ""Evelyn is Shirley's ancestor."" (Evelyn $\rightarrow$ Shirley)
*   ""Evelyn is Jonathan's descendant."" (Jonathan $\rightarrow$ Evelyn)
*   ""Matthew is Jonathan's ancestor."" (Matthew $\rightarrow$ Jonathan)
*   ""Matthew is Dennis's descendant."" (Dennis $\rightarrow$ Matthew)
*   ""Terry is Dennis's ancestor."" (Terry $\rightarrow$ Dennis)
*   ""Elizabeth is Terry's ancestor."" (Elizabeth $\rightarrow$ Terry)
*   ""Julia is Elizabeth's ancestor."" (Julia $\rightarrow$ Elizabeth)
*   ""Raymond is Julia's ancestor."" (Raymond $\rightarrow$ Julia)
*   ""Raymond is Christian's descendant."" (Christian $\rightarrow$ Raymond)
*   ""Christian is Jason's descendant."" (Jason $\rightarrow$ Christian)
*   ""Jason is Diane's descendant."" (Diane $\rightarrow$ Jason)
*   ""Kathleen is Diane's ancestor."" (Kathleen $\rightarrow$ Diane)
*   ""Jean is Kathleen's ancestor."" (Jean $\rightarrow$ Kathleen)
*   ""Jean is Jacqueline's descendant."" (Jacqueline $\rightarrow$ Jean)

Combining these, Jordan is a descendant of Matthew, who is a descendant of Dennis, who is a descendant of Terry, who is a descendant of Elizabeth, who is a descendant of Julia, who is a descendant of Raymond.
Cluster A (Jordan's lineage): {Raymond, Julia, Elizabeth, Terry, Dennis, Matthew, Jonathan, Evelyn, Shirley, Jordan, Christian, Jason, Diane, Kathleen, Jean, Jacqueline}.

**2. Identify the lineage of Gerald:**
*   ""Heather is Gerald's ancestor."" (Heather $\rightarrow$ Gerald)
*   ""Heather is Denise's descendant."" (Denise $\rightarrow$ Heather)
*   ""Denise is Anna's descendant."" (Anna $\rightarrow$ Denise)
*   ""Anna is Abigail's descendant."" (Abigail $\rightarrow$ Anna)
*   ""Abigail is Linda's descendant."" (Linda $\rightarrow$ Abigail)
*   ""Beverly is Linda's ancestor."" (Beverly $\rightarrow$ Linda)
*   ""Beverly is Lori's descendant."" (Lori $\rightarrow$ Beverly)
*   ""Lori is Joseph's descendant."" (Joseph $\rightarrow$ Lori)
*   ""Joseph is Ralph's descendant."" (Ralph $\rightarrow$ Joseph)
*   ""Joan is Ralph's ancestor."" (Joan $\rightarrow$ Ralph)
*   ""Joan is Brandon's descendant."" (Brandon $\rightarrow$ Joan)
*   ""Brandon is Kelly's descendant."" (Kelly $\rightarrow$ Brandon)
*   ""Kelly is Jack's descendant."" (Jack $\rightarrow$ Kelly)
*   ""Jack is Danielle's descendant."" (Danielle $\rightarrow$ Jack)
*   ""Teresa is Danielle's ancestor."" (Teresa $\rightarrow$ Danielle)
*   ""Scott is Teresa's ancestor."" (Scott $\rightarrow$ Teresa)
*   ""Harold is Scott's ancestor."" (Harold $\rightarrow$ Scott)
*   ""George is Harold's ancestor."" (George $\rightarrow$ Harold)
*   ""Mary is George's ancestor."" (Mary $\rightarrow$ George)
*   ""Mary is Katherine's descendant."" (Katherine $\rightarrow$ Mary)
*   ""Jerry is Katherine's ancestor."" (Jerry $\rightarrow$ Katherine)
*   ""Vincent is Jerry's ancestor."" (Vincent $\rightarrow$ Jerry)
*   ""Kevin is Vincent's ancestor."" (Kevin $\rightarrow$ Vincent)
*   ""Kevin is Nicholas's descendant."" (Nicholas $\rightarrow$ Kevin)
*   ""Nicholas is Tyler's descendant."" (Tyler $\rightarrow$ Nicholas)
*   ""Douglas is Tyler's ancestor."" (Douglas $\rightarrow$ Tyler)
*   ""Douglas is Olivia's descendant."" (Olivia $\rightarrow$ Douglas)
*   ""Olivia is Pamela's descendant."" (Pamela $\rightarrow$ Olivia)
*   ""Pamela is Wayne's descendant."" (Wayne $\rightarrow$ Pamela)
*   ""Debra is Wayne's ancestor."" (Debra $\rightarrow$ Wayne)
*   ""Isabella is Debra's ancestor."" (Isabella $\rightarrow$ Debra)
*   ""Isabella is Amanda's descendant."" (Amanda $\rightarrow$ Isabella)
*   ""Gloria is Amanda's ancestor."" (Gloria $\rightarrow$ Amanda)
*   ""Gloria is John's descendant."" (John $\rightarrow$ Gloria)
*   ""Melissa is John's ancestor."" (Melissa $\rightarrow$ John)
*   ""Arthur is Melissa's ancestor."" (Arthur $\rightarrow$ Melissa)
*   ""Arthur is Justin's descendant."" (Justin $\rightarrow$ Arthur)
*   ""Ashley is Justin's ancestor."" (Ashley $\rightarrow$ Justin)
*   ""Elijah is Ashley's ancestor."" (Ashley $\rightarrow$ Elijah)
*   ""Elijah is James's descendant."" (James $\rightarrow$ Elijah)
*   ""Ruth is James's descendant."" (James $\rightarrow$ Ruth)
*   ""Ruth is Donald's ancestor."" (Ruth $\rightarrow$ Donald)
*   ""Donald is Madison's ancestor."" (Donald $\rightarrow$ Madison)
*   ""Helen is Madison's descendant."" (Madison $\rightarrow$ Helen)
*   ""Juan is Helen's descendant."" (Helen $\rightarrow$ Juan)
*   ""Juan is Alan's ancestor."" (Alan $\rightarrow$ Juan)
*   ""Alan is Sophia's ancestor."" (Alan $\rightarrow$ Sophia)

Combining these, Gerald is a descendant of Heather, Denise, Anna, Abigail, Linda, Beverly, Lori, Joseph, Ralph, Joan, Brandon, Kelly, Jack, Danielle, Teresa, Scott, Harold, George, Mary, Katherine, Jerry, Vincent, Kevin, Nicholas, Tyler, Douglas, Olivia, Pamela, Wayne, Debra, Isabella, Amanda, Gloria, John, Melissa, Arthur, Justin, Ashley, Elijah, James, Ruth, Donald, Madison, Helen, Juan, Alan, Sophia.
Cluster B (Gerald's lineage): {Gerald, Heather, Denise, Anna, Abigail, Linda, Beverly, Lori, Joseph, Ralph, Joan, Brandon, Kelly, Jack, Danielle, Teresa, Scott, Harold, George, Mary, Katherine, Jerry, Vincent, Kevin, Nicholas, Tyler, Douglas, Olivia, Pamela, Wayne, Debra, Isabella, Amanda, Gloria, John, Melissa, Arthur, Justin, Ashley, Elijah, James, Ruth, Donald, Madison, Helen, Juan, Alan, Sophia}.

**3. Check for connections between Cluster A and Cluster B:**
Comparing the sets of names in Cluster A and Cluster B:
*   Cluster A names: Jordan, Shirley, Evelyn, Jonathan, Matthew, Dennis, Terry, Elizabeth, Julia, Raymond, Christian, Jason, Diane, Kathleen, Jean, Jacqueline.
*   Cluster B names: Gerald, Heather, Denise, Anna, Abigail, Linda, Beverly, Lori, Joseph, Ralph, Joan, Brandon, Kelly, Jack, Danielle, Teresa, Scott, Harold, George, Mary, Katherine, Jerry, Vincent, Kevin, Nicholas, Tyler, Douglas, Olivia, Pamela, Wayne, Debra, Isabella, Amanda, Gloria, John, Melissa, Arthur, Justin, Ashley, Elijah, James, Ruth, Donald, Madison, Helen, Juan, Alan, Sophia.

There are no shared names between the two clusters. The lineage chains do not intersect. Therefore, Jordan and Gerald are not connected in any way (neither direct ancestor/descendant nor through a common ancestor/descendant).

The available options are:
1. Jordan is Gerald's descendant. (False)
2. Jordan is Gerald's ancestor. (False)
3. Jordan and Gerald share a common descendant. (False)
4. Jordan and Gerald share a common ancestor. (False)
5. None of the above is correct. (True)

<ANSWER>5</ANSWER>"
64,COMMON_DESCENDANT,3,"Given the following lineage relationships:
* Jose is Angela's descendant.
* Logan is Karen's ancestor.
* Ryan is Noah's ancestor.
* Gerald is Peter's descendant.
* Patricia is Vincent's ancestor.
* David is Ronald's descendant.
* Janet is Christopher's descendant.
* Gary is Ashley's descendant.
* Helen is Debra's descendant.
* Eric is Nancy's descendant.
* Virginia is Frank's ancestor.
* Raymond is Lauren's descendant.
* Philip is Lauren's ancestor.
* Megan is Samantha's descendant.
* Helen is Julie's ancestor.
* Emily is Janet's descendant.
* Denise is Jesse's descendant.
* Noah is Ronald's ancestor.
* Angela is Justin's descendant.
* Timothy is Gregory's ancestor.
* Marie is Randy's descendant.
* Jeffrey is Joshua's descendant.
* Nathan is David's descendant.
* Robert is Randy's ancestor.
* Paul is Ashley's ancestor.
* Gabriel is Ethan's ancestor.
* Stephanie is Mark's ancestor.
* Jeffrey is Christopher's ancestor.
* Gregory is Anthony's ancestor.
* Gary is Justin's ancestor.
* Brenda is Michelle's ancestor.
* Anthony is Patricia's ancestor.
* Joshua is Raymond's descendant.
* Paul is Lisa's descendant.
* Melissa is Ann's ancestor.
* Kelly is Nancy's ancestor.
* Virginia is Julie's descendant.
* Frank is Peter's ancestor.
* Timothy is Ethan's descendant.
* Jesse is Arthur's descendant.
* Doris is Gerald's descendant.
* Sophia is Sarah's descendant.
* Robert is Denise's descendant.
* Debra is Sean's descendant.
* Emily is Kelly's ancestor.
* Sophia is Logan's ancestor.
* Joyce is Stephanie's ancestor.
* Melissa is Karen's descendant.
* Evelyn is Jose's descendant.
* Ann is Stephen's ancestor.
* Janice is Doris's descendant.
* Philip is Stephen's descendant.
* Mark is Lisa's ancestor.
* Marie is Gabriel's ancestor.
* Evelyn is Sarah's ancestor.
* Nathan is Brenda's ancestor.
* Joyce is Megan's descendant.
* Ryan is Rachel's descendant.
* Julia is Eric's descendant.
* Samantha is Vincent's descendant.
* Janice is Arthur's ancestor.
* Kenneth is Julia's ancestor.
* Sean is Michelle's descendant.
Determine the lineage relationship between Rachel and Kenneth.
Select the correct answer:
1. Rachel is Kenneth's descendant.
2. Rachel is Kenneth's ancestor.
3. Rachel and Kenneth share a common descendant.
4. Rachel and Kenneth share a common ancestor.
5. None of the above is correct.
Enclose the selected answer number in the <ANSWER> tag, for example: <ANSWER>1</ANSWER>.",qwen/qwen3.5-9b,,,,"

To determine the lineage relationship between Rachel and Kenneth, we must trace the lineage provided in the statements to see if a connection exists.

**Step 1: Trace the lineage starting from Rachel.**
1.  ""Ryan is Rachel's descendant."" -> Rachel is an ancestor of Ryan. (Rachel → Ryan)
2.  ""Ryan is Noah's ancestor."" -> Ryan is an ancestor of Noah. (Rachel → Ryan → Noah)
3.  ""Noah is Ronald's ancestor."" -> Noah is an ancestor of Ronald. (Rachel → ... → Ronald)
4.  ""David is Ronald's descendant."" -> Ronald is an ancestor of David. (Rachel → ... → David)
5.  ""Nathan is David's descendant."" -> David is an ancestor of Nathan. (Rachel → ... → Nathan)
6.  ""Nathan is Brenda's ancestor."" -> Nathan is an ancestor of Brenda. (Rachel → ... → Brenda)
7.  ""Brenda is Michelle's ancestor."" -> Brenda is an ancestor of Michelle. (Rachel → ... → Michelle)
8.  ""Sean is Michelle's descendant."" -> Michelle is an ancestor of Sean. (Rachel → ... → Sean)
9.  ""Debra is Sean's descendant."" -> Sean is an ancestor of Debra. (Rachel → ... → Debra)
10. ""Helen is Debra's descendant."" -> Debra is an ancestor of Helen. (Rachel → ... → Helen)
11. ""Helen is Julie's ancestor."" -> Helen is an ancestor of Julie. (Rachel → ... → Julie)
12. ""Virginia is Julie's descendant."" -> Julie is an ancestor of Virginia. (Rachel → ... → Virginia)
13. ""Virginia is Frank's ancestor."" -> Virginia is an ancestor of Frank. (Rachel → ... → Frank)
14. ""Frank is Peter's ancestor."" -> Frank is an ancestor of Peter. (Rachel → ... → Peter)
15. ""Gerald is Peter's descendant."" -> Peter is an ancestor of Gerald. (Rachel → ... → Gerald)
16. ""Doris is Gerald's descendant."" -> Gerald is an ancestor of Doris. (Rachel → ... → Doris)
17. ""Janice is Doris's descendant."" -> Doris is an ancestor of Janice. (Rachel → ... → Janice)
18. ""Janice is Arthur's ancestor."" -> Janice is an ancestor of Arthur. (Rachel → ... → Arthur)
19. ""Jesse is Arthur's descendant."" -> Arthur is an ancestor of Jesse. (Rachel → ... → Jesse)
20. ""Denise is Jesse's descendant."" -> Jesse is an ancestor of Denise. (Rachel → ... → Denise)
21. ""Robert is Denise's descendant."" -> Denise is an ancestor of Robert. (Rachel → ... → Robert)
22. ""Robert is Randy's ancestor."" -> Robert is an ancestor of Randy. (Rachel → ... → Randy)
23. ""Marie is Randy's descendant."" -> Randy is an ancestor of Marie. (Rachel → ... → Marie)
24. ""Marie is Gabriel's ancestor."" -> Marie is an ancestor of Gabriel. (Rachel → ... → Gabriel)
25. ""Gabriel is Ethan's ancestor."" -> Gabriel is an ancestor of Ethan. (Rachel → ... → Ethan)
26. ""Timothy is Ethan's descendant."" -> Ethan is an ancestor of Timothy. (Rachel → ... → Timothy)
27. ""Timothy is Gregory's ancestor."" -> Timothy is an ancestor of Gregory. (Rachel → ... → Gregory)
28. ""Gregory is Anthony's ancestor."" -> Gregory is an ancestor of Anthony. (Rachel → ... → Anthony)
29. ""Anthony is Patricia's ancestor."" -> Anthony is an ancestor of Patricia. (Rachel → ... → Patricia)
30. ""Patricia is Vincent's ancestor."" -> Patricia is an ancestor of Vincent. (Rachel → ... → Vincent)
31. ""Samantha is Vincent's descendant."" -> Vincent is an ancestor of Samantha. (Rachel → ... → Samantha)
32. ""Megan is Samantha's descendant."" -> Samantha is an ancestor of Megan. (Rachel → ... → Megan)
33. ""Joyce is Megan's descendant."" -> Megan is an ancestor of Joyce. (Rachel → ... → Joyce)
34. ""Joyce is Stephanie's ancestor."" -> Joyce is an ancestor of Stephanie. (Rachel → ... → Stephanie)
35. ""Stephanie is Mark's ancestor."" -> Stephanie is an ancestor of Mark. (Rachel → ... → Mark)
36. ""Mark is Lisa's ancestor."" -> Mark is an ancestor of Lisa. (Rachel → ... → Lisa)
37. ""Paul is Lisa's descendant."" -> Lisa is an ancestor of Paul. (Rachel → ... → Paul)
38. ""Paul is Ashley's ancestor."" -> Paul is an ancestor of Ashley. (Rachel → ... → Ashley)
39. ""Gary is Ashley's descendant."" -> Ashley is an ancestor of Gary. (Rachel → ... → Gary)
40. ""Gary is Justin's ancestor."" -> Gary is an ancestor of Justin. (Rachel → ... → Justin)
41. ""Angela is Justin's descendant."" -> Justin is an ancestor of Angela. (Rachel → ... → Angela)
42. ""Jose is Angela's descendant."" -> Angela is an ancestor of Jose. (Rachel → ... → Jose)
43. ""Evelyn is Jose's descendant."" -> Jose is an ancestor of Evelyn. (Rachel → ... → Evelyn)
44. ""Evelyn is Sarah's ancestor."" -> Evelyn is an ancestor of Sarah. (Rachel → ... → Sarah)
45. ""Sophia is Sarah's descendant."" -> Sarah is an ancestor of Sophia. (Rachel → ... → Sophia)
46. ""Sophia is Logan's ancestor."" -> Sophia is an ancestor of Logan. (Rachel → ... → Logan)
47. ""Logan is Karen's ancestor."" -> Logan is an ancestor of Karen. (Rachel → ... → Karen)
48. ""Melissa is Karen's descendant."" -> Karen is an ancestor of Melissa. (Rachel → ... → Melissa)
49. ""Melissa is Ann's ancestor."" -> Melissa is an ancestor of Ann. (Rachel → ... → Ann)
50. ""Ann is Stephen's ancestor."" -> Ann is an ancestor of Stephen. (Rachel → ... → Stephen)
51. ""Philip is Stephen's descendant."" -> Stephen is an ancestor of Philip. (Rachel → ... → Philip)
52. ""Philip is Lauren's ancestor."" -> Philip is an ancestor of Lauren. (Rachel → ... → Lauren)
53. ""Raymond is Lauren's descendant."" -> Lauren is an ancestor of Raymond. (Rachel → ... → Raymond)
54. ""Joshua is Raymond's descendant."" -> Raymond is an ancestor of Joshua. (Rachel → ... → Joshua)
55. ""Jeffrey is Joshua's descendant."" -> Joshua is an ancestor of Jeffrey. (Rachel → ... → Jeffrey)
56. ""Jeffrey is Christopher's ancestor."" -> Jeffrey is an ancestor of Christopher. (Rachel → ... → Christopher)
57. ""Janet is Christopher's descendant."" -> Christopher is an ancestor of Janet. (Rachel → ... → Janet)
58. ""Emily is Janet's descendant."" -> Janet is an ancestor of Emily. (Rachel → ... → Emily)
59. ""Emily is Kelly's ancestor."" -> Emily is an ancestor of Kelly. (Rachel → ... → Kelly)
60. ""Kelly is Nancy's ancestor."" -> Kelly is an ancestor of Nancy. (Rachel → ... → Nancy)
61. ""Eric is Nancy's descendant."" -> Nancy is an ancestor of Eric. (Rachel → ... → Eric)
62. ""Julia is Eric's descendant."" -> Eric is an ancestor of Julia. (Rachel → ... → Julia)

**Conclusion for Rachel:** Rachel is an ancestor of Julia.

**Step 2: Trace the lineage involving Kenneth.**
1.  ""Kenneth is Julia's ancestor."" -> Kenneth is an ancestor of Julia. (Kenneth → Julia)

**Step 3: Compare the findings.**
*   Rachel is an ancestor of Julia.
*   Kenneth is an ancestor of Julia.

This means Julia is a common descendant of both Rachel and Kenneth.
We do not have enough information to determine if Rachel is an ancestor of Kenneth, or if Kenneth is an ancestor of Rachel, or if they share a common ancestor. However, the fact that they both lead to Julia as a descendant is established.

Therefore, Rachel and Kenneth share a common descendant.

<ANSWER>3</ANSWER>"
64,ANCESTOR,2,"Given the following lineage relationships:
* Betty is Cheryl's descendant.
* Ashley is Albert's ancestor.
* Joseph is Anthony's descendant.
* Cheryl is Roger's descendant.
* Samuel is Kathleen's ancestor.
* Mason is Kathleen's descendant.
* Frank is Andrea's ancestor.
* Jesse is Sara's ancestor.
* Betty is Jesse's ancestor.
* Brittany is Kyle's ancestor.
* Jeremy is Melissa's ancestor.
* Emma is Teresa's descendant.
* Shirley is Larry's descendant.
* Denise is Ashley's ancestor.
* Benjamin is Amy's ancestor.
* Willie is Diana's ancestor.
* Janet is Heather's descendant.
* Noah is Natalie's descendant.
* Peter is Alice's descendant.
* Samuel is Lauren's descendant.
* Mason is Arthur's ancestor.
* Bradley is David's descendant.
* Sean is Alexander's ancestor.
* Shirley is Heather's ancestor.
* Sean is Albert's descendant.
* Frank is Ethan's descendant.
* Amy is William's ancestor.
* Emma is Stephen's ancestor.
* Alan is Melissa's descendant.
* Susan is Ethan's ancestor.
* Anthony is Jonathan's descendant.
* James is Mary's descendant.
* Kayla is James's descendant.
* Brittany is Noah's descendant.
* Alan is Kimberly's ancestor.
* Amanda is Denise's ancestor.
* Joseph is Eric's ancestor.
* Diana is Barbara's ancestor.
* Cynthia is Justin's ancestor.
* Gregory is Gloria's descendant.
* Jacob is Doris's descendant.
* Judith is Andrea's descendant.
* Willie is Janet's descendant.
* Alexander is Ronald's ancestor.
* Julia is Alice's ancestor.
* Kyle is Teresa's ancestor.
* Barbara is Natalie's ancestor.
* Jacob is Gloria's ancestor.
* Jonathan is Kayla's descendant.
* Judith is Larry's ancestor.
* Evelyn is Susan's ancestor.
* Lawrence is Mary's ancestor.
* Roger is Stephen's descendant.
* Donald is Peter's descendant.
* Jeremy is Ronald's descendant.
* Donald is Lauren's ancestor.
* Lawrence is Gregory's descendant.
* Evelyn is William's descendant.
* Doris is Bradley's descendant.
* Amanda is Sara's descendant.
* Kimberly is Cynthia's ancestor.
* David is Justin's descendant.
* Julia is Eric's descendant.
Determine the lineage relationship between Benjamin and Arthur.
Select the correct answer:
1. Benjamin is Arthur's descendant.
2. Benjamin is Arthur's ancestor.
3. Benjamin and Arthur share a common ancestor.
4. Benjamin and Arthur share a common descendant.
5. None of the above is correct.
Enclose the selected answer number in the <ANSWER> tag, for example: <ANSWER>1</ANSWER>.",qwen/qwen3.5-9b,,,,"

The lineage relationships can be traced as follows:

1.  **Benjamin** is **Amy**'s ancestor (Statement 15).
2.  **Amy** is **William**'s ancestor (Statement 27).
3.  **William** is **Evelyn**'s ancestor (Statement 58 states Evelyn is William's descendant).
4.  **Evelyn** is **Susan**'s ancestor (Statement 51).
5.  **Susan** is **Ethan**'s ancestor (Statement 30).
6.  **Ethan** is **Frank**'s ancestor (Statement 26 states Frank is Ethan's descendant).
7.  **Frank** is **Andrea**'s ancestor (Statement 7).
8.  **Andrea** is **Judith**'s ancestor (Statement 42 states Judith is Andrea's descendant).
9.  **Judith** is **Larry**'s ancestor (Statement 50).
10. **Larry** is **Shirley**'s ancestor (Statement 13 states Shirley is Larry's descendant).
11. **Shirley** is **Heather**'s ancestor (Statement 24).
12. **Heather** is **Janet**'s ancestor (Statement 17 states Janet is Heather's descendant).
13. **Janet** is **Willie**'s ancestor (Statement 43 states Willie is Janet's descendant).
14. **Willie** is **Diana**'s ancestor (Statement 16).
15. **Diana** is **Barbara**'s ancestor (Statement 38).
16. **Barbara** is **Natalie**'s ancestor (Statement 47).

From **Natalie** to **Arthur**:
17. **Natalie** is **Noah**'s ancestor (Statement 18 states Noah is Natalie's descendant).
18. **Noah** is **Brittany**'s ancestor (Statement 34 states Brittany is Noah's descendant).
19. **Brittany** is **Kyle**'s ancestor (Statement 10).
20. **Kyle** is **Teresa**'s ancestor (Statement 46).
21. **Teresa** is **Emma**'s ancestor (Statement 12 states Emma is Teresa's descendant).
22. **Emma** is **Stephen**'s ancestor (Statement 28).
23. **Stephen** is **Roger**'s ancestor (Statement 53 states Roger is Stephen's descendant).
24. **Roger** is **Cheryl**'s ancestor (Statement 4 states Cheryl is Roger's descendant).
25. **Cheryl** is **Betty**'s ancestor (Statement 1 states Betty is Cheryl's descendant).
26. **Betty** is **Jesse**'s ancestor (Statement 9).
27. **Jesse** is **Sara**'s ancestor (Statement 8).
28. **Sara** is **Amanda**'s ancestor (Statement 60 states Amanda is Sara's descendant).
29. **Amanda** is **Denise**'s ancestor (Statement 36).
30. **Denise** is **Ashley**'s ancestor (Statement 14).
31. **Ashley** is **Albert**'s ancestor (Statement 2).
32. **Albert** is **Sean**'s ancestor (Statement 25 states Sean is Albert's descendant).
33. **Sean** is **Alexander**'s ancestor (Statement 23).
34. **Alexander** is **Ronald**'s ancestor (Statement 44).
35. **Ronald** is **Jeremy**'s ancestor (Statement 55 states Jeremy is Ronald's descendant).
36. **Jeremy** is **Melissa**'s ancestor (Statement 11).
37. **Melissa** is **Alan**'s ancestor (Statement 29 states Alan is Melissa's descendant).
38. **Alan** is **Kimberly**'s ancestor (Statement 35).
39. **Kimberly** is **Cynthia**'s ancestor (Statement 61).
40. **Cynthia** is **Justin**'s ancestor (Statement 39).
41. **Justin** is **David**'s ancestor (Statement 62 states David is Justin's descendant).
42. **David** is **Bradley**'s ancestor (Statement 22 states Bradley is David's descendant).
43. **Bradley** is **Doris**'s ancestor (Statement 59 states Doris is Bradley's descendant).
44. **Doris** is **Jacob**'s ancestor (Statement 41 states Jacob is Doris's descendant).
45. **Jacob** is **Gloria**'s ancestor (Statement 48).
46. **Gloria** is **Gregory**'s ancestor (Statement 40 states Gregory is Gloria's descendant).
47. **Gregory** is **Lawrence**'s ancestor (Statement 57 states Lawrence is Gregory's descendant).
48. **Lawrence** is **Mary**'s ancestor (Statement 52).
49. **Mary** is **James**'s ancestor (Statement 32 states James is Mary's descendant).
50. **James** is **Kayla**'s ancestor (Statement 33 states Kayla is James's descendant).
51. **Kayla** is **Jonathan**'s ancestor (Statement 49 states Jonathan is Kayla's descendant).
52. **Jonathan** is **Anthony**'s ancestor (Statement 31 states Anthony is Jonathan's descendant).
53. **Anthony** is **Joseph**'s ancestor (Statement 3 states Joseph is Anthony's descendant).
54. **Joseph** is **Eric**'s ancestor (Statement 37).
55. **Eric** is **Julia**'s ancestor (Statement 63 states Julia is Eric's descendant).
56. **Julia** is **Alice**'s ancestor (Statement 45).
57. **Alice** is **Peter**'s ancestor (Statement 19 states Peter is Alice's descendant).
58. **Peter** is **Donald**'s ancestor (Statement 54 states Donald is Peter's descendant).
59. **Donald** is **Lauren**'s ancestor (Statement 56).
60. **Lauren** is **Samuel**'s ancestor (Statement 20 states Samuel is Lauren's descendant).
61. **Samuel** is **Kathleen**'s ancestor (Statement 5).
62. **Kathleen** is **Mason**'s ancestor (Statement 6 states Mason is Kathleen's descendant).
63. **Mason** is **Arthur**'s ancestor (Statement 21).

Connecting the two chains via **Natalie**: **Benjamin** is an ancestor of **Natalie**, and **Natalie** is an ancestor of **Arthur**. Thus, **Benjamin** is an ancestor of **Arthur**.

<ANSWER>2</ANSWER>"
64,DESCENDANT,1,"Given the following lineage relationships:
* Amy is Sarah's ancestor.
* Jacob is Nicholas's ancestor.
* Kayla is Alexander's ancestor.
* Jeremy is Paul's descendant.
* Janice is Donald's descendant.
* Adam is Scott's ancestor.
* Henry is Steven's descendant.
* Tyler is Amy's ancestor.
* Marilyn is Walter's ancestor.
* Harold is Laura's descendant.
* Eric is Jean's descendant.
* Natalie is Wayne's ancestor.
* Raymond is Noah's ancestor.
* Jessica is Raymond's ancestor.
* Megan is Douglas's ancestor.
* Angela is Mary's descendant.
* Carolyn is Nicole's descendant.
* Gloria is Doris's descendant.
* Peter is Natalie's ancestor.
* Shirley is Martha's ancestor.
* Jacob is Walter's descendant.
* Jose is Roy's ancestor.
* Jean is Stephanie's descendant.
* Martha is Mary's ancestor.
* Janice is Frank's ancestor.
* Hannah is Lori's ancestor.
* Kevin is Hannah's ancestor.
* Teresa is Andrea's descendant.
* Gabriel is Ralph's ancestor.
* Donald is Eugene's descendant.
* Alexander is Marilyn's ancestor.
* Roger is Dennis's ancestor.
* Dennis is Ruth's ancestor.
* Frances is Steven's ancestor.
* Nicole is Frank's descendant.
* Ruth is Kevin's ancestor.
* Lauren is Douglas's descendant.
* Scott is Eugene's ancestor.
* Russell is Gerald's ancestor.
* Ralph is Roger's ancestor.
* Christina is Lori's descendant.
* Gloria is Stephanie's ancestor.
* Sarah is Gabriel's ancestor.
* Henry is Jordan's ancestor.
* Jordan is Adam's ancestor.
* Andrea is Harold's descendant.
* Christina is Megan's ancestor.
* Betty is Marie's ancestor.
* Michelle is Doris's ancestor.
* Wayne is Paul's ancestor.
* Eric is Samuel's ancestor.
* Teresa is Shirley's ancestor.
* Angela is Jessica's ancestor.
* Jeremy is David's ancestor.
* Nicholas is Michelle's ancestor.
* Noah is Frances's ancestor.
* Marie is Kayla's ancestor.
* Laura is Samuel's descendant.
* Beverly is Peter's ancestor.
* Roy is Betty's ancestor.
* Tyler is Gerald's descendant.
* Carolyn is Russell's ancestor.
* Beverly is Lauren's descendant.
Determine the lineage relationship between David and Jose.
Select the correct answer:
1. David is Jose's descendant.
2. David and Jose share a common ancestor.
3. David and Jose share a common descendant.
4. David is Jose's ancestor.
5. None of the above is correct.
Enclose the selected answer number in the <ANSWER> tag, for example: <ANSWER>1</ANSWER>.",qwen/qwen3.5-9b,,,,"

To determine the lineage relationship between David and Jose, we trace the connections provided in the prompt.

**1. Construct the chain for Jose:**
*   ""Jose is Roy's ancestor"" $\Rightarrow$ **Jose $\rightarrow$ Roy**
*   ""Roy is Betty's ancestor"" $\Rightarrow$ **Roy $\rightarrow$ Betty**
*   ""Betty is Marie's ancestor"" $\Rightarrow$ **Betty $\rightarrow$ Marie**
*   ""Marie is Kayla's ancestor"" $\Rightarrow$ **Marie $\rightarrow$ Kayla**
*   ""Kayla is Alexander's ancestor"" $\Rightarrow$ **Kayla $\rightarrow$ Alexander**
*   ""Alexander is Marilyn's ancestor"" $\Rightarrow$ **Alexander $\rightarrow$ Marilyn**
*   ""Marilyn is Walter's ancestor"" $\Rightarrow$ **Marilyn $\rightarrow$ Walter**
*   ""Jacob is Walter's descendant"" $\Rightarrow$ **Walter $\rightarrow$ Jacob**
*   ""Jacob is Nicholas's ancestor"" $\Rightarrow$ **Jacob $\rightarrow$ Nicholas**
*   **Result:** **Jose $\rightarrow$ Roy $\rightarrow$ Betty $\rightarrow$ Marie $\rightarrow$ Kayla $\rightarrow$ Alexander $\rightarrow$ Marilyn $\rightarrow$ Walter $\rightarrow$ Jacob $\rightarrow$ Nicholas**

**2. Connect Jose's chain to the larger genealogy:**
*   ""Nicholas is Michelle's ancestor"" $\Rightarrow$ **Nicholas $\rightarrow$ Michelle**
*   **Result:** **Jose $\rightarrow$ ... $\rightarrow$ Nicholas $\rightarrow$ Michelle**

**3. Construct the chain from Michelle to David:**
*   ""Michelle is Doris's ancestor"" $\Rightarrow$ **Michelle $\rightarrow$ Doris**
*   ""Gloria is Doris's descendant"" $\Rightarrow$ **Doris $\rightarrow$ Gloria**
*   ""Gloria is Stephanie's ancestor"" $\Rightarrow$ **Gloria $\rightarrow$ Stephanie**
*   ""Jean is Stephanie's descendant"" $\Rightarrow$ **Stephanie $\rightarrow$ Jean**
*   ""Eric is Jean's descendant"" $\Rightarrow$ **Jean $\rightarrow$ Eric**
*   ""Eric is Samuel's ancestor"" $\Rightarrow$ **Eric $\rightarrow$ Samuel**
*   ""Laura is Samuel's descendant"" $\Rightarrow$ **Samuel $\rightarrow$ Laura**
*   ""Harold is Laura's descendant"" $\Rightarrow$ **Laura $\rightarrow$ Harold**
*   ""Andrea is Harold's descendant"" $\Rightarrow$ **Harold $\rightarrow$ Andrea**
*   ""Teresa is Andrea's descendant"" $\Rightarrow$ **Andrea $\rightarrow$ Teresa**
*   ""Teresa is Shirley's ancestor"" $\Rightarrow$ **Teresa $\rightarrow$ Shirley**
*   ""Shirley is Martha's ancestor"" $\Rightarrow$ **Shirley $\rightarrow$ Martha**
*   ""Martha is Mary's ancestor"" $\Rightarrow$ **Martha $\rightarrow$ Mary**
*   ""Angela is Mary's descendant"" $\Rightarrow$ **Mary $\rightarrow$ Angela**
*   ""Angela is Jessica's ancestor"" $\Rightarrow$ **Angela $\rightarrow$ Jessica**
*   ""Jessica is Raymond's ancestor"" $\Rightarrow$ **Jessica $\rightarrow$ Raymond**
*   ""Raymond is Noah's ancestor"" $\Rightarrow$ **Raymond $\rightarrow$ Noah**
*   ""Noah is Frances's ancestor"" $\Rightarrow$ **Noah $\rightarrow$ Frances**
*   ""Frances is Steven's ancestor"" $\Rightarrow$ **Frances $\rightarrow$ Steven**
*   ""Henry is Steven's descendant"" $\Rightarrow$ **Steven $\rightarrow$ Henry**
*   ""Henry is Jordan's ancestor"" $\Rightarrow$ **Henry $\rightarrow$ Jordan**
*   ""Jordan is Adam's ancestor"" $\Rightarrow$ **Jordan $\rightarrow$ Adam**
*   ""Adam is Scott's ancestor"" $\Rightarrow$ **Adam $\rightarrow$ Scott**
*   ""Scott is Eugene's ancestor"" $\Rightarrow$ **Scott $\rightarrow$ Eugene**
*   ""Donald is Eugene's descendant"" $\Rightarrow$ **Eugene $\rightarrow$ Donald**
*   ""Janice is Donald's descendant"" $\Rightarrow$ **Donald $\rightarrow$ Janice**
*   ""Janice is Frank's ancestor"" $\Rightarrow$ **Janice $\rightarrow$ Frank**
*   ""Nicole is Frank's descendant"" $\Rightarrow$ **Frank $\rightarrow$ Nicole**
*   ""Carolyn is Nicole's descendant"" $\Rightarrow$ **Nicole $\rightarrow$ Carolyn**
*   ""Carolyn is Russell's ancestor"" $\Rightarrow$ **Carolyn $\rightarrow$ Russell**
*   ""Russell is Gerald's ancestor"" $\Rightarrow$ **Russell $\rightarrow$ Gerald**
*   ""Tyler is Gerald's descendant"" $\Rightarrow$ **Gerald $\rightarrow$ Tyler**
*   ""Tyler is Amy's ancestor"" $\Rightarrow$ **Tyler $\rightarrow$ Amy**
*   ""Amy is Sarah's ancestor"" $\Rightarrow$ **Amy $\rightarrow$ Sarah**
*   ""Sarah is Gabriel's ancestor"" $\Rightarrow$ **Gabriel $\rightarrow$ Sarah**
*   ""Gabriel is Ralph's ancestor"" $\Rightarrow$ **Gabriel $\rightarrow$ Ralph**
*   ""Ralph is Roger's ancestor"" $\Rightarrow$ **Ralph $\rightarrow$ Roger**
*   ""Roger is Dennis's ancestor"" $\Rightarrow$ **Roger $\rightarrow$ Dennis**
*   ""Dennis is Ruth's ancestor"" $\Rightarrow$ **Dennis $\rightarrow$ Ruth**
*   ""Ruth is Kevin's ancestor"" $\Rightarrow$ **Ruth $\rightarrow$ Kevin**
*   ""Kevin is Hannah's ancestor"" $\Rightarrow$ **Kevin $\rightarrow$ Hannah**
*   ""Hannah is Lori's ancestor"" $\Rightarrow$ **Lori $\rightarrow$ Hannah**
*   ""Christina is Lori's descendant"" $\Rightarrow$ **Lori $\rightarrow$ Christina**
*   ""Christina is Megan's ancestor"" $\Rightarrow$ **Christina $\rightarrow$ Megan**
*   ""Megan is Douglas's ancestor"" $\Rightarrow$ **Megan $\rightarrow$ Douglas**
*   ""Lauren is Douglas's descendant"" $\Rightarrow$ **Douglas $\rightarrow$ Lauren**
*   ""Beverly is Lauren's descendant"" $\Rightarrow$ **Lauren $\rightarrow$ Beverly**
*   ""Beverly is Peter's ancestor"" $\Rightarrow$ **Beverly $\rightarrow$ Peter**
*   ""Peter is Natalie's ancestor"" $\Rightarrow$ **Peter $\rightarrow$ Natalie**
*   ""Natalie is Wayne's ancestor"" $\Rightarrow$ **Natalie $\rightarrow$ Wayne**
*   ""Wayne is Paul's ancestor"" $\Rightarrow$ **Wayne $\rightarrow$ Paul**
*   ""Jeremy is Paul's descendant"" $\Rightarrow$ **Paul $\rightarrow$ Jeremy**
*   ""Jeremy is David's ancestor"" $\Rightarrow$ **Jeremy $\rightarrow$ David**
*   **Result:** **Michelle $\rightarrow$ ... $\rightarrow$ David**

**4. Combine the chains:**
Since **Jose $\rightarrow$ ... $\rightarrow$ Nicholas $\rightarrow$ Michelle** and **Michelle $\rightarrow$ ... $\rightarrow$ David**, the full lineage is:
**Jose $\rightarrow$ ... $\rightarrow$ Nicholas $\rightarrow$ Michelle $\rightarrow$ ... $\rightarrow$ David.**

This means Jose is an ancestor of David, which implies **David is Jose's descendant**.

<ANSWER>1</ANSWER>"
64,COMMON_ANCESTOR,1,"Given the following lineage relationships:
* Rebecca is Joe's ancestor.
* Martha is Andrea's descendant.
* Gerald is Amy's descendant.
* Emily is Ethan's ancestor.
* Marie is Arthur's descendant.
* Marie is Stephen's ancestor.
* Mary is Karen's ancestor.
* Mason is Betty's ancestor.
* Albert is Bobby's descendant.
* Julie is Frank's ancestor.
* Jesse is Amy's ancestor.
* Eugene is Angela's descendant.
* Cynthia is Joseph's descendant.
* Ann is Walter's ancestor.
* Stephanie is Brandon's ancestor.
* Vincent is Ethan's descendant.
* Christine is Kyle's descendant.
* Laura is Amber's ancestor.
* Douglas is Logan's descendant.
* Gloria is Joseph's descendant.
* Dylan is Sandra's descendant.
* Betty is Logan's ancestor.
* Alice is Rebecca's ancestor.
* Isabella is David's ancestor.
* Peter is Matthew's ancestor.
* Joe is Bobby's ancestor.
* Madison is Paul's descendant.
* Ann is Frank's descendant.
* Frances is Judith's ancestor.
* Catherine is Thomas's ancestor.
* Denise is Diane's ancestor.
* Christine is Denise's ancestor.
* Angela is Brittany's descendant.
* Adam is Diana's ancestor.
* Laura is Thomas's descendant.
* Eugene is Kyle's ancestor.
* Terry is Amber's descendant.
* Arthur is Gloria's descendant.
* David is Alice's ancestor.
* Christian is Vincent's descendant.
* Stephen is Andrea's ancestor.
* Nathan is Peter's ancestor.
* Robert is Cynthia's descendant.
* Martha is Bruce's ancestor.
* Noah is Brittany's ancestor.
* Deborah is Judith's descendant.
* Karen is Isabella's ancestor.
* Mason is Billy's descendant.
* Catherine is Barbara's descendant.
* Stephanie is Dylan's descendant.
* Gerald is Barbara's ancestor.
* Paul is Walter's descendant.
* Emily is Terry's descendant.
* Bruce is Julie's ancestor.
* Matthew is Billy's ancestor.
* Rachel is Sandra's ancestor.
* Jesse is Albert's descendant.
* Mary is Diane's descendant.
* Frances is Christian's descendant.
* Robert is Noah's ancestor.
* Nathan is Madison's descendant.
* Brandon is Adam's ancestor.
* Deborah is Rachel's ancestor.
Determine the lineage relationship between Douglas and Diana.
Select the correct answer:
1. Douglas and Diana share a common ancestor.
2. Douglas is Diana's ancestor.
3. Douglas is Diana's descendant.
4. Douglas and Diana share a common descendant.
5. None of the above is correct.
Enclose the selected answer number in the <ANSWER> tag, for example: <ANSWER>1</ANSWER>.",qwen/qwen3.5-9b,,,,"

Based on the lineage relationships provided, we can trace the ancestry of both Douglas and Diana to determine their relationship.

1.  **Douglas's Lineage:**
    *   `Douglas is Logan's descendant` (Logan $\rightarrow$ Douglas)
    *   `Betty is Logan's ancestor` (Betty $\rightarrow$ Logan)
    *   `Mason is Betty's ancestor` (Mason $\rightarrow$ Betty)
    *   `Mason is Billy's descendant` (Billy $\rightarrow$ Mason)
    *   `Matthew is Billy's ancestor` (Matthew $\rightarrow$ Billy)
    *   `Peter is Matthew's ancestor` (Peter $\rightarrow$ Matthew)
    *   `Nathan is Peter's ancestor` (Nathan $\rightarrow$ Peter)
    *   `Nathan is Madison's descendant` (Madison $\rightarrow$ Nathan)
    *   `Madison is Paul's descendant` (Paul $\rightarrow$ Madison)
    *   `Paul is Walter's descendant` (Walter $\rightarrow$ Paul)
    *   `Ann is Walter's ancestor` (Ann $\rightarrow$ Walter)
    *   `Ann is Frank's descendant` (Frank $\rightarrow$ Ann)
    *   `Julie is Frank's ancestor` (Julie $\rightarrow$ Frank)
    *   `Bruce is Julie's ancestor` (Bruce $\rightarrow$ Julie)
    *   `Martha is Bruce's ancestor` (Martha $\rightarrow$ Bruce)
    *   `Martha is Andrea's descendant` (Andrea $\rightarrow$ Martha)
    *   `Stephen is Andrea's ancestor` (Stephen $\rightarrow$ Andrea)
    *   `Marie is Stephen's ancestor` (Marie $\rightarrow$ Stephen)
    *   `Marie is Arthur's descendant` (Arthur $\rightarrow$ Marie)
    *   `Arthur is Gloria's descendant` (Gloria $\rightarrow$ Arthur)
    *   `Gloria is Joseph's descendant` (Joseph $\rightarrow$ Gloria)
    *   Combining these, **Joseph** is an ancestor of **Douglas**.

2.  **Diana's Lineage:**
    *   `Adam is Diana's ancestor` (Adam $\rightarrow$ Diana)
    *   `Brandon is Adam's ancestor` (Brandon $\rightarrow$ Adam)
    *   `Stephanie is Brandon's ancestor` (Stephanie $\rightarrow$ Brandon)
    *   `Stephanie is Dylan's descendant` (Dylan $\rightarrow$ Stephanie)
    *   `Dylan is Sandra's descendant` (Sandra $\rightarrow$ Dylan)
    *   `Rachel is Sandra's ancestor` (Rachel $\rightarrow$ Sandra)
    *   `Deborah is Rachel's ancestor` (Deborah $\rightarrow$ Rachel)
    *   `Frances is Judith's ancestor` (Frances $\rightarrow$ Judith)
    *   `Deborah is Judith's descendant` (Judith $\rightarrow$ Deborah)
    *   `Frances is Christian's descendant` (Christian $\rightarrow$ Frances)
    *   `Christian is Vincent's descendant` (Vincent $\rightarrow$ Christian)
    *   `Vincent is Ethan's descendant` (Ethan $\rightarrow$ Vincent)
    *   `Emily is Ethan's ancestor` (Emily $\rightarrow$ Ethan)
    *   `Emily is Terry's descendant` (Terry $\rightarrow$ Emily)
    *   `Terry is Amber's descendant` (Amber $\rightarrow$ Terry)
    *   `Laura is Amber's ancestor` (Laura $\rightarrow$ Amber)
    *   `Laura is Thomas's descendant` (Thomas $\rightarrow$ Laura)
    *   `Catherine is Thomas's ancestor` (Catherine $\rightarrow$ Thomas)
    *   `Catherine is Barbara's descendant` (Barbara $\rightarrow$ Catherine)
    *   `Gerald is Barbara's ancestor` (Gerald $\rightarrow$ Barbara)
    *   `Gerald is Amy's descendant` (Amy $\rightarrow$ Gerald)
    *   `Jesse is Amy's ancestor` (Jesse $\rightarrow$ Amy)
    *   `Jesse is Albert's descendant` (Albert $\rightarrow$ Jesse)
    *   `Albert is Bobby's descendant` (Bobby $\rightarrow$ Albert)
    *   `Joe is Bobby's ancestor` (Joe $\rightarrow$ Bobby)
    *   `Rebecca is Joe's ancestor` (Rebecca $\rightarrow$ Joe)
    *   `Alice is Rebecca's ancestor` (Alice $\rightarrow$ Rebecca)
    *   `David is Alice's ancestor` (David $\rightarrow$ Alice)
    *   `Isabella is David's ancestor` (Isabella $\rightarrow$ David)
    *   `Karen is Isabella's ancestor` (Karen $\rightarrow$ Isabella)
    *   `Mary is Karen's ancestor` (Mary $\rightarrow$ Karen)
    *   `Mary is Diane's descendant` (Diane $\rightarrow$ Mary)
    *   `Denise is Diane's ancestor` (Denise $\rightarrow$ Diane)
    *   `Christine is Denise's ancestor` (Christine $\rightarrow$ Denise)
    *   `Christine is Kyle's descendant` (Kyle $\rightarrow$ Christine)
    *   `Eugene is Kyle's ancestor` (Eugene $\rightarrow$ Kyle)
    *   `Eugene is Angela's descendant` (Angela $\rightarrow$ Eugene)
    *   `Angela is Brittany's descendant` (Brittany $\rightarrow$ Angela)
    *   `Noah is Brittany's ancestor` (Noah $\rightarrow$ Brittany)
    *   `Robert is Noah's ancestor` (Robert $\rightarrow$ Noah)
    *   `Robert is Cynthia's descendant` (Cynthia $\rightarrow$ Robert)
    *   `Cynthia is Joseph's descendant` (Joseph $\rightarrow$ Cynthia)
    *   Following this chain upwards from Diana to Joseph: Diana $\leftarrow$ Adam $\leftarrow$ Brandon $\leftarrow$ Stephanie $\leftarrow$ Dylan $\leftarrow$ Sandra $\leftarrow$ Rachel $\leftarrow$ Deborah $\leftarrow$ Judith $\leftarrow$ Frances $\leftarrow$ Christian $\leftarrow$ Vincent $\leftarrow$ Ethan $\leftarrow$ Emily $\leftarrow$ Terry $\leftarrow$ Amber $\leftarrow$ Laura $\leftarrow$ Thomas $\leftarrow$ Catherine $\leftarrow$ Barbara $\leftarrow$ Gerald $\leftarrow$ Amy $\leftarrow$ Jesse $\leftarrow$ Albert $\leftarrow$ Bobby $\leftarrow$ Joe $\leftarrow$ Rebecca $\leftarrow$ Alice $\leftarrow$ David $\leftarrow$ Isabella $\leftarrow$ Karen $\leftarrow$ Mary $\leftarrow$ Diane $\leftarrow$ Denise $\leftarrow$ Christine $\leftarrow$ Kyle $\leftarrow$ Eugene $\leftarrow$ Angela $\leftarrow$ Brittany $\leftarrow$ Noah $\leftarrow$ Robert $\leftarrow$ Cynthia $\leftarrow$ **Joseph**.
    *   Thus, **Joseph** is also an ancestor of **Diana**.

Since Joseph is an ancestor of both Douglas and Diana, they share a common ancestor.

<ANSWER>1</ANSWER>"
64,COMMON_DESCENDANT,2,"Given the following lineage relationships:
* Alan is Benjamin's ancestor.
* Lawrence is Debra's ancestor.
* Benjamin is Austin's ancestor.
* William is Charlotte's descendant.
* Kelly is Ronald's descendant.
* Ashley is Roy's ancestor.
* Ethan is James's descendant.
* Cheryl is Maria's ancestor.
* Richard is Karen's descendant.
* Richard is Bobby's ancestor.
* Austin is Wayne's ancestor.
* Nicole is Maria's descendant.
* Gary is Ethan's descendant.
* Christian is Amber's descendant.
* Mason is Frank's ancestor.
* Noah is Kelly's descendant.
* Gerald is Keith's descendant.
* Kevin is Debra's descendant.
* Kimberly is Bruce's ancestor.
* Teresa is Grace's ancestor.
* Gabriel is Aaron's ancestor.
* Susan is Nicole's descendant.
* Barbara is Donna's ancestor.
* Beverly is Emily's descendant.
* Janet is Daniel's ancestor.
* Scott is Donald's ancestor.
* Edward is Kyle's descendant.
* Kimberly is Danielle's descendant.
* Gabriel is Daniel's descendant.
* Teresa is Donald's descendant.
* Emma is Donna's descendant.
* Elizabeth is Jason's descendant.
* Rebecca is Abigail's descendant.
* Betty is Rebecca's descendant.
* Ronald is Kevin's descendant.
* Beverly is Scott's ancestor.
* Nancy is Mason's ancestor.
* James is Stephanie's descendant.
* Deborah is William's descendant.
* Kyle is Wayne's descendant.
* Angela is Karen's ancestor.
* Betty is Keith's ancestor.
* Gerald is Samuel's ancestor.
* Christian is Roy's ancestor.
* Amber is Emma's descendant.
* Jason is Frank's descendant.
* Ashley is Edward's descendant.
* Diana is Randy's ancestor.
* Cheryl is Grace's descendant.
* Bruce is Joe's ancestor.
* Terry is Aaron's descendant.
* Jesse is Charlotte's ancestor.
* Nancy is Deborah's descendant.
* Elizabeth is Emily's ancestor.
* Susan is Lawrence's ancestor.
* Samuel is Barbara's ancestor.
* Jesse is Megan's descendant.
* Megan is Gary's descendant.
* Alan is Terry's descendant.
* Randy is Angela's ancestor.
* Noah is Diana's ancestor.
* Janet is Bobby's descendant.
* Stephanie is Joe's descendant.
Determine the lineage relationship between Danielle and Abigail.
Select the correct answer:
1. Danielle is Abigail's descendant.
2. Danielle and Abigail share a common descendant.
3. Danielle and Abigail share a common ancestor.
4. Danielle is Abigail's ancestor.
5. None of the above is correct.
Enclose the selected answer number in the <ANSWER> tag, for example: <ANSWER>1</ANSWER>.",qwen/qwen3.5-9b,,,,"

To determine the relationship between Danielle and Abigail, we need to trace the lineage chains involving their names using the provided statements.

**1. Analyze the relationship with Abigail:**
*   ""Rebecca is Abigail's descendant."" $\rightarrow$ Abigail $\rightarrow$ Rebecca
*   ""Betty is Rebecca's descendant."" $\rightarrow$ Rebecca $\rightarrow$ Betty
*   ""Betty is Keith's ancestor."" $\rightarrow$ Betty $\rightarrow$ Keith
*   ""Gerald is Keith's descendant."" $\rightarrow$ Keith $\rightarrow$ Gerald
*   ""Gerald is Samuel's ancestor."" $\rightarrow$ Gerald $\rightarrow$ Samuel
*   ""Samuel is Barbara's ancestor."" $\rightarrow$ Samuel $\rightarrow$ Barbara
*   ""Barbara is Donna's ancestor."" $\rightarrow$ Barbara $\rightarrow$ Donna
*   ""Emma is Donna's descendant."" $\rightarrow$ Donna $\rightarrow$ Emma
*   ""Amber is Emma's descendant."" $\rightarrow$ Emma $\rightarrow$ Amber
*   ""Christian is Amber's descendant."" $\rightarrow$ Amber $\rightarrow$ Christian
*   ""Christian is Roy's ancestor."" $\rightarrow$ Christian $\rightarrow$ Roy
*   **Chain:** Abigail $\rightarrow$ Rebecca $\rightarrow$ Betty $\rightarrow$ Keith $\rightarrow$ Gerald $\rightarrow$ Samuel $\rightarrow$ Barbara $\rightarrow$ Donna $\rightarrow$ Emma $\rightarrow$ Amber $\rightarrow$ Christian $\rightarrow$ Roy.
*   **Key Finding:** Abigail is an ancestor of Roy.

**2. Analyze the relationship with Danielle:**
*   ""Kimberly is Danielle's descendant."" $\rightarrow$ Danielle $\rightarrow$ Kimberly
*   ""Kimberly is Bruce's ancestor."" $\rightarrow$ Kimberly $\rightarrow$ Bruce
*   ""Bruce is Joe's ancestor."" $\rightarrow$ Bruce $\rightarrow$ Joe
*   ""Stephanie is Joe's descendant."" $\rightarrow$ Joe $\rightarrow$ Stephanie
*   ""James is Stephanie's descendant."" $\rightarrow$ Stephanie $\rightarrow$ James
*   ""Ethan is James's descendant."" $\rightarrow$ James $\rightarrow$ Ethan
*   ""Gary is Ethan's descendant."" $\rightarrow$ Ethan $\rightarrow$ Gary
*   ""Megan is Gary's descendant."" $\rightarrow$ Gary $\rightarrow$ Megan
*   ""Jesse is Megan's descendant."" $\rightarrow$ Megan $\rightarrow$ Jesse
*   ""Jesse is Charlotte's ancestor."" $\rightarrow$ Jesse $\rightarrow$ Charlotte
*   ""William is Charlotte's descendant."" $\rightarrow$ Charlotte $\rightarrow$ William
*   ""Deborah is William's descendant."" $\rightarrow$ William $\rightarrow$ Deborah
*   ""Nancy is Deborah's descendant."" $\rightarrow$ Deborah $\rightarrow$ Nancy
*   ""Nancy is Mason's ancestor."" $\rightarrow$ Nancy $\rightarrow$ Mason
*   ""Mason is Frank's ancestor."" $\rightarrow$ Mason $\rightarrow$ Frank
*   ""Jason is Frank's descendant."" $\rightarrow$ Frank $\rightarrow$ Jason
*   ""Elizabeth is Jason's descendant."" $\rightarrow$ Jason $\rightarrow$ Elizabeth
*   ""Elizabeth is Emily's ancestor."" $\rightarrow$ Elizabeth $\rightarrow$ Emily
*   ""Beverly is Emily's descendant."" $\rightarrow$ Emily $\rightarrow$ Beverly
*   ""Beverly is Scott's ancestor."" $\rightarrow$ Beverly $\rightarrow$ Scott
*   ""Scott is Donald's ancestor."" $\rightarrow$ Scott $\rightarrow$ Donald
*   ""Teresa is Donald's descendant."" $\rightarrow$ Donald $\rightarrow$ Teresa
*   ""Teresa is Grace's ancestor."" $\rightarrow$ Teresa $\rightarrow$ Grace
*   ""Cheryl is Grace's descendant."" $\rightarrow$ Grace $\rightarrow$ Cheryl
*   ""Cheryl is Maria's ancestor."" $\rightarrow$ Cheryl $\rightarrow$ Maria
*   ""Nicole is Maria's descendant."" $\rightarrow$ Maria $\rightarrow$ Nicole
*   ""Susan is Nicole's descendant."" $\rightarrow$ Nicole $\rightarrow$ Susan
*   ""Susan is Lawrence's ancestor."" $\rightarrow$ Susan $\rightarrow$ Lawrence
*   ""Lawrence is Debra's ancestor."" $\rightarrow$ Lawrence $\rightarrow$ Debra
*   ""Kevin is Debra's descendant."" $\rightarrow$ Debra $\rightarrow$ Kevin
*   ""Ronald is Kevin's descendant."" $\rightarrow$ Kevin $\rightarrow$ Ronald
*   ""Kelly is Ronald's descendant."" $\rightarrow$ Ronald $\rightarrow$ Kelly
*   ""Noah is Kelly's descendant."" $\rightarrow$ Kelly $\rightarrow$ Noah
*   ""Noah is Diana's ancestor."" $\rightarrow$ Noah $\rightarrow$ Diana
*   ""Diana is Randy's ancestor."" $\rightarrow$ Diana $\rightarrow$ Randy
*   ""Randy is Angela's ancestor."" $\rightarrow$ Randy $\rightarrow$ Angela
*   ""Angela is Karen's ancestor."" $\rightarrow$ Angela $\rightarrow$ Karen
*   ""Richard is Karen's descendant."" $\rightarrow$ Karen $\rightarrow$ Richard
*   ""Richard is Bobby's ancestor."" $\rightarrow$ Richard $\rightarrow$ Bobby
*   ""Janet is Bobby's descendant."" $\rightarrow$ Bobby $\rightarrow$ Janet
*   ""Janet is Daniel's ancestor."" $\rightarrow$ Janet $\rightarrow$ Daniel
*   ""Gabriel is Daniel's descendant."" $\rightarrow$ Daniel $\rightarrow$ Gabriel
*   ""Gabriel is Aaron's ancestor."" $\rightarrow$ Gabriel $\rightarrow$ Aaron
*   ""Terry is Aaron's descendant."" $\rightarrow$ Aaron $\rightarrow$ Terry
*   ""Alan is Terry's descendant."" $\rightarrow$ Terry $\rightarrow$ Alan
*   ""Alan is Benjamin's ancestor."" $\rightarrow$ Alan $\rightarrow$ Benjamin
*   ""Benjamin is Austin's ancestor."" $\rightarrow$ Benjamin $\rightarrow$ Austin
*   ""Austin is Wayne's ancestor."" $\rightarrow$ Austin $\rightarrow$ Wayne
*   ""Kyle is Wayne's descendant."" $\rightarrow$ Wayne $\rightarrow$ Kyle
*   ""Edward is Kyle's descendant."" $\rightarrow$ Kyle $\rightarrow$ Edward
*   ""Ashley is Edward's descendant."" $\rightarrow$ Edward $\rightarrow$ Ashley
*   ""Ashley is Roy's ancestor."" $\rightarrow$ Ashley $\rightarrow$ Roy
*   **Chain:** Danielle $\rightarrow$ Kimberly $\rightarrow$ Bruce $\rightarrow$ Joe $\rightarrow$ Stephanie $\rightarrow$ James $\rightarrow$ Ethan $\rightarrow$ Gary $\rightarrow$ Megan $\rightarrow$ Jesse $\rightarrow$ Charlotte $\rightarrow$ William $\rightarrow$ Deborah $\rightarrow$ Nancy $\rightarrow$ Mason $\rightarrow$ Frank $\rightarrow$ Jason $\rightarrow$ Elizabeth $\rightarrow$ Emily $\rightarrow$ Beverly $\rightarrow$ Scott $\rightarrow$ Donald $\rightarrow$ Teresa $\rightarrow$ Grace $\rightarrow$ Cheryl $\rightarrow$ Maria $\rightarrow$ Nicole $\rightarrow$ Susan $\rightarrow$ Lawrence $\rightarrow$ Debra $\rightarrow$ Kevin $\rightarrow$ Ronald $\rightarrow$ Kelly $\rightarrow$ Noah $\rightarrow$ Diana $\rightarrow$ Randy $\rightarrow$ Angela $\rightarrow$ Karen $\rightarrow$ Richard $\rightarrow$ Bobby $\rightarrow$ Janet $\rightarrow$ Daniel $\rightarrow$ Gabriel $\rightarrow$ Aaron $\rightarrow$ Terry $\rightarrow$ Alan $\rightarrow$ Benjamin $\rightarrow$ Austin $\rightarrow$ Wayne $\rightarrow$ Kyle $\rightarrow$ Edward $\rightarrow$ Ashley $\rightarrow$ Roy.
*   **Key Finding:** Danielle is an ancestor of Roy.

**3. Compare the two chains:**
*   Abigail is an ancestor of Roy.
*   Danielle is an ancestor of Roy.
*   The set of names in the Abigail chain (excluding Roy) does not overlap with the set of names in the Danielle chain (excluding Roy).
*   Therefore, Abigail and Danielle are distinct ancestors who both lead to the same descendant, Roy.

**Conclusion:**
Danielle and Abigail both share a common descendant (Roy). They are not ancestors or descendants of each other. There is no information provided to confirm a common ancestor (someone above both Abigail and Danielle). Thus, the relationship established by the text is that they share a common descendant.

<ANSWER>2</ANSWER>"
