64,ANCESTOR,4,"Given the following lineage relationships:
* Victoria is Alexis's ancestor.
* Zachary is Margaret's ancestor.
* Andrea is Jeffrey's ancestor.
* Gary is Pamela's descendant.
* Kyle is Cynthia's ancestor.
* Natalie is Cheryl's descendant.
* Richard is Jeffrey's descendant.
* Douglas is Jeremy's descendant.
* Charlotte is Albert's descendant.
* Mason is Jerry's ancestor.
* Jason is Janice's ancestor.
* George is Joseph's descendant.
* Peter is Julie's descendant.
* Terry is Daniel's ancestor.
* Brian is Samantha's descendant.
* Marilyn is Stephen's descendant.
* Natalie is Jessica's ancestor.
* Terry is Elijah's descendant.
* Daniel is Emily's ancestor.
* Amber is Benjamin's descendant.
* Diane is Carl's ancestor.
* Kenneth is Christine's ancestor.
* Robert is Carl's descendant.
* Jessica is Zachary's ancestor.
* Emily is Pamela's ancestor.
* Mason is Lawrence's descendant.
* Henry is Kyle's ancestor.
* Douglas is Stephen's ancestor.
* Benjamin is Robert's descendant.
* Jason is Marilyn's descendant.
* Brian is Olivia's ancestor.
* Brandon is Judy's ancestor.
* Beverly is Richard's descendant.
* Brandon is Martha's descendant.
* Beverly is Gerald's ancestor.
* Cynthia is Victoria's ancestor.
* Sarah is Thomas's ancestor.
* Willie is Martha's ancestor.
* Russell is Kenneth's ancestor.
* Ronald is Alice's descendant.
* Arthur is Maria's ancestor.
* Gary is Russell's ancestor.
* Thomas is Joseph's ancestor.
* Willie is Amber's descendant.
* Jerry is Andrew's ancestor.
* Arthur is Peter's descendant.
* Albert is Judy's descendant.
* Gerald is Jeremy's ancestor.
* Isabella is Bradley's ancestor.
* Vincent is Timothy's descendant.
* Elijah is Vincent's descendant.
* Alice is Maria's descendant.
* Timothy is Bradley's descendant.
* Sarah is Olivia's descendant.
* Alexis is Debra's ancestor.
* Andrew is Julie's ancestor.
* Janice is Samantha's ancestor.
* Debra is Tyler's ancestor.
* Lawrence is Christine's descendant.
* Charlotte is Isabella's ancestor.
* Margaret is Diane's ancestor.
* George is Henry's ancestor.
* Tyler is Cheryl's ancestor.
Determine the lineage relationship between Andrea and Ronald.
Select the correct answer:
1. Andrea is Ronald's descendant.
2. Andrea and Ronald share a common descendant.
3. Andrea and Ronald share a common ancestor.
4. Andrea is Ronald's ancestor.
5. None of the above is correct.
Enclose the selected answer number in the <ANSWER> tag, for example: <ANSWER>1</ANSWER>.",qwen/qwen3.5-397b-a17b,Alibaba,,,"To determine the lineage relationship between Andrea and Ronald, we can trace the connections provided in the list of relationships. We will construct a chain starting from Andrea and following the ancestor-descendant links.

1.  **Andrea** is Jeffrey's ancestor (Andrea $\to$ Jeffrey).
2.  Jeffrey is Richard's ancestor (Jeffrey $\to$ Richard).
3.  Richard is Beverly's ancestor (Richard $\to$ Beverly).
4.  Beverly is Gerald's ancestor (Beverly $\to$ Gerald).
5.  Gerald is Jeremy's ancestor (Gerald $\to$ Jeremy).
6.  Jeremy is Douglas's ancestor (Jeremy $\to$ Douglas).
7.  Douglas is Stephen's ancestor (Douglas $\to$ Stephen).
8.  Stephen is Marilyn's ancestor (Stephen $\to$ Marilyn).
9.  Marilyn is Jason's ancestor (Marilyn $\to$ Jason).
10. Jason is Janice's ancestor (Jason $\to$ Janice).
11. Janice is Samantha's ancestor (Janice $\to$ Samantha).
12. Samantha is Brian's ancestor (Samantha $\to$ Brian).
13. Brian is Olivia's ancestor (Brian $\to$ Olivia).
14. Olivia is Sarah's ancestor (Olivia $\to$ Sarah).
15. Sarah is Thomas's ancestor (Sarah $\to$ Thomas).
16. Thomas is Joseph's ancestor (Thomas $\to$ Joseph).
17. Joseph is George's ancestor (Joseph $\to$ George).
18. George is Henry's ancestor (George $\to$ Henry).
19. Henry is Kyle's ancestor (Henry $\to$ Kyle).
20. Kyle is Cynthia's ancestor (Kyle $\to$ Cynthia).
21. Cynthia is Victoria's ancestor (Cynthia $\to$ Victoria).
22. Victoria is Alexis's ancestor (Victoria $\to$ Alexis).
23. Alexis is Debra's ancestor (Alexis $\to$ Debra).
24. Debra is Tyler's ancestor (Debra $\to$ Tyler).
25. Tyler is Cheryl's ancestor (Tyler $\to$ Cheryl).
26. Cheryl is Natalie's ancestor (Cheryl $\to$ Natalie).
27. Natalie is Jessica's ancestor (Natalie $\to$ Jessica).
28. Jessica is Zachary's ancestor (Jessica $\to$ Zachary).
29. Zachary is Margaret's ancestor (Zachary $\to$ Margaret).
30. Margaret is Diane's ancestor (Margaret $\to$ Diane).
31. Diane is Carl's ancestor (Diane $\to$ Carl).
32. Carl is Robert's ancestor (Carl $\to$ Robert).
33. Robert is Benjamin's ancestor (Robert $\to$ Benjamin).
34. Benjamin is Amber's ancestor (Benjamin $\to$ Amber).
35. Amber is Willie's ancestor (Amber $\to$ Willie).
36. Willie is Martha's ancestor (Willie $\to$ Martha).
37. Martha is Brandon's ancestor (Martha $\to$ Brandon).
38. Brandon is Judy's ancestor (Brandon $\to$ Judy).
39. Judy is Albert's ancestor (Judy $\to$ Albert).
40. Albert is Charlotte's ancestor (Albert $\to$ Charlotte).
41. Charlotte is Isabella's ancestor (Charlotte $\to$ Isabella).
42. Isabella is Bradley's ancestor (Isabella $\to$ Bradley).
43. Bradley is Timothy's ancestor (Bradley $\to$ Timothy).
44. Timothy is Vincent's ancestor (Timothy $\to$ Vincent).
45. Vincent is Elijah's ancestor (Vincent $\to$ Elijah).
46. Elijah is Terry's ancestor (Elijah $\to$ Terry).
47. Terry is Daniel's ancestor (Terry $\to$ Daniel).
48. Daniel is Emily's ancestor (Daniel $\to$ Emily).
49. Emily is Pamela's ancestor (Emily $\to$ Pamela).
50. Pamela is Gary's ancestor (Pamela $\to$ Gary).
51. Gary is Russell's ancestor (Gary $\to$ Russell).
52. Russell is Kenneth's ancestor (Russell $\to$ Kenneth).
53. Kenneth is Christine's ancestor (Kenneth $\to$ Christine).
54. Christine is Lawrence's ancestor (Christine $\to$ Lawrence).
55. Lawrence is Mason's ancestor (Lawrence $\to$ Mason).
56. Mason is Jerry's ancestor (Mason $\to$ Jerry).
57. Jerry is Andrew's ancestor (Jerry $\to$ Andrew).
58. Andrew is Julie's ancestor (Andrew $\to$ Julie).
59. Julie is Peter's ancestor (Julie $\to$ Peter).
60. Peter is Arthur's ancestor (Peter $\to$ Arthur).
61. Arthur is Maria's ancestor (Arthur $\to$ Maria).
62. Maria is Alice's ancestor (Maria $\to$ Alice).
63. Alice is Ronald's ancestor (Alice $\to$ Ronald).

The chain of lineage is continuous from Andrea to Ronald. Since Andrea is at the beginning of this ancestral chain and Ronald is at the end, Andrea is an ancestor of Ronald.

<ANSWER>4</ANSWER>"
64,DESCENDANT,4,"Given the following lineage relationships:
* Beverly is Deborah's ancestor.
* Joshua is Sandra's descendant.
* Jeremy is Julia's descendant.
* George is Diana's descendant.
* Amanda is Maria's ancestor.
* Maria is Janet's ancestor.
* Nicole is Eric's descendant.
* Deborah is Charlotte's ancestor.
* Kathleen is Paul's ancestor.
* Barbara is Sarah's ancestor.
* Gloria is Stephanie's descendant.
* Margaret is Pamela's ancestor.
* Judith is Joshua's descendant.
* Linda is Donald's ancestor.
* Carl is Noah's ancestor.
* Martha is Lisa's descendant.
* Andrew is Thomas's descendant.
* Martha is Frances's ancestor.
* Janice is Raymond's descendant.
* Madison is Matthew's descendant.
* Marilyn is Matthew's ancestor.
* Carl is Gloria's descendant.
* Frances is Timothy's ancestor.
* Sarah is Randy's ancestor.
* Elizabeth is Dennis's descendant.
* Anthony is Michelle's ancestor.
* Noah is Kathleen's ancestor.
* Michael is Marilyn's ancestor.
* Thomas is Alan's descendant.
* Alice is Charlotte's descendant.
* Pamela is Jean's ancestor.
* Sandra is Katherine's descendant.
* Cheryl is Jennifer's ancestor.
* Ronald is Donald's descendant.
* Jacqueline is Megan's descendant.
* Edward is Walter's descendant.
* Jean is Jerry's ancestor.
* Timothy is Dennis's ancestor.
* Margaret is Stephen's descendant.
* Linda is Albert's descendant.
* Jerry is Walter's ancestor.
* Paul is Alan's ancestor.
* Amber is Janet's descendant.
* George is Michael's ancestor.
* Eric is Amber's descendant.
* Nathan is Stephanie's ancestor.
* Megan is Ronald's descendant.
* Theresa is Donna's descendant.
* Janice is Stephen's ancestor.
* Edward is Albert's ancestor.
* Gregory is Diana's ancestor.
* Judith is Donna's ancestor.
* Theresa is Raymond's ancestor.
* Barbara is Michelle's descendant.
* Elizabeth is Julia's ancestor.
* Anthony is Jacqueline's descendant.
* Alice is Gregory's ancestor.
* Madison is Katherine's ancestor.
* Amanda is Jeremy's descendant.
* Beverly is Jennifer's descendant.
* Andrew is Peter's ancestor.
* Lisa is Randy's descendant.
* Nicole is Nathan's ancestor.
Determine the lineage relationship between Peter and Cheryl.
Select the correct answer:
1. Peter and Cheryl share a common descendant.
2. Peter is Cheryl's ancestor.
3. Peter and Cheryl share a common ancestor.
4. Peter is Cheryl's descendant.
5. None of the above is correct.
Enclose the selected answer number in the <ANSWER> tag, for example: <ANSWER>1</ANSWER>.",qwen/qwen3.5-397b-a17b,Alibaba,,,"To determine the relationship between Peter and Cheryl, we can trace the lineage connections provided in the list to form a chain.

1.  **Start with Peter:**
    *   `Andrew is Peter's ancestor` (Andrew $\rightarrow$ Peter)
    *   `Andrew is Thomas's descendant` (Thomas $\rightarrow$ Andrew)
    *   `Thomas is Alan's descendant` (Alan $\rightarrow$ Thomas)
    *   `Paul is Alan's ancestor` (Paul $\rightarrow$ Alan)
    *   `Kathleen is Paul's ancestor` (Kathleen $\rightarrow$ Paul)
    *   `Noah is Kathleen's ancestor` (Noah $\rightarrow$ Kathleen)
    *   `Carl is Noah's ancestor` (Carl $\rightarrow$ Noah)
    *   *Chain so far:* Carl $\rightarrow$ Noah $\rightarrow$ Kathleen $\rightarrow$ Paul $\rightarrow$ Alan $\rightarrow$ Thomas $\rightarrow$ Andrew $\rightarrow$ Peter.

2.  **Connect Carl to the rest of the list:**
    *   `Carl is Gloria's descendant` (Gloria $\rightarrow$ Carl)
    *   `Gloria is Stephanie's descendant` (Stephanie $\rightarrow$ Gloria)
    *   `Nathan is Stephanie's ancestor` (Nathan $\rightarrow$ Stephanie)
    *   `Nicole is Nathan's ancestor` (Nicole $\rightarrow$ Nathan)
    *   `Nicole is Eric's descendant` (Eric $\rightarrow$ Nicole)
    *   `Eric is Amber's descendant` (Amber $\rightarrow$ Eric)
    *   `Amber is Janet's descendant` (Janet $\rightarrow$ Amber)
    *   `Maria is Janet's ancestor` (Maria $\rightarrow$ Janet)
    *   `Amanda is Maria's ancestor` (Amanda $\rightarrow$ Maria)
    *   `Amanda is Jeremy's descendant` (Jeremy $\rightarrow$ Amanda)
    *   `Jeremy is Julia's descendant` (Julia $\rightarrow$ Jeremy)
    *   `Elizabeth is Julia's ancestor` (Elizabeth $\rightarrow$ Julia)
    *   `Elizabeth is Dennis's descendant` (Dennis $\rightarrow$ Elizabeth)
    *   `Timothy is Dennis's ancestor` (Timothy $\rightarrow$ Dennis)
    *   `Frances is Timothy's ancestor` (Frances $\rightarrow$ Timothy)
    *   `Martha is Frances's ancestor` (Martha $\rightarrow$ Frances)
    *   `Martha is Lisa's descendant` (Lisa $\rightarrow$ Martha)
    *   `Lisa is Randy's descendant` (Randy $\rightarrow$ Lisa)
    *   `Sarah is Randy's ancestor` (Sarah $\rightarrow$ Randy)
    *   `Barbara is Sarah's ancestor` (Barbara $\rightarrow$ Sarah)
    *   `Barbara is Michelle's descendant` (Michelle $\rightarrow$ Barbara)
    *   `Anthony is Michelle's ancestor` (Anthony $\rightarrow$ Michelle)
    *   `Anthony is Jacqueline's descendant` (Jacqueline $\rightarrow$ Anthony)
    *   `Jacqueline is Megan's descendant` (Megan $\rightarrow$ Jacqueline)
    *   `Megan is Ronald's descendant` (Ronald $\rightarrow$ Megan)
    *   `Ronald is Donald's descendant` (Donald $\rightarrow$ Ronald)
    *   `Linda is Donald's ancestor` (Linda $\rightarrow$ Donald)
    *   `Linda is Albert's descendant` (Albert $\rightarrow$ Linda)
    *   `Edward is Albert's ancestor` (Edward $\rightarrow$ Albert)
    *   `Edward is Walter's descendant` (Walter $\rightarrow$ Edward)
    *   `Jerry is Walter's ancestor` (Jerry $\rightarrow$ Walter)
    *   `Jean is Jerry's ancestor` (Jean $\rightarrow$ Jerry)
    *   `Pamela is Jean's ancestor` (Pamela $\rightarrow$ Jean)
    *   `Margaret is Pamela's ancestor` (Margaret $\rightarrow$ Pamela)
    *   `Margaret is Stephen's descendant` (Stephen $\rightarrow$ Margaret)
    *   `Janice is Stephen's ancestor` (Janice $\rightarrow$ Stephen)
    *   `Janice is Raymond's descendant` (Raymond $\rightarrow$ Janice)
    *   `Theresa is Raymond's ancestor` (Theresa $\rightarrow$ Raymond)
    *   `Theresa is Donna's descendant` (Donna $\rightarrow$ Theresa)
    *   `Judith is Donna's ancestor` (Judith $\rightarrow$ Donna)
    *   `Judith is Joshua's descendant` (Joshua $\rightarrow$ Judith)
    *   `Joshua is Sandra's descendant` (Sandra $\rightarrow$ Joshua)
    *   `Sandra is Katherine's descendant` (Katherine $\rightarrow$ Sandra)
    *   `Madison is Katherine's ancestor` (Madison $\rightarrow$ Katherine)
    *   `Madison is Matthew's descendant` (Matthew $\rightarrow$ Madison)
    *   `Marilyn is Matthew's ancestor` (Marilyn $\rightarrow$ Matthew)
    *   `Michael is Marilyn's ancestor` (Michael $\rightarrow$ Marilyn)
    *   `George is Michael's ancestor` (George $\rightarrow$ Michael)
    *   `George is Diana's descendant` (Diana $\rightarrow$ George)
    *   `Gregory is Diana's ancestor` (Gregory $\rightarrow$ Diana)
    *   `Alice is Gregory's ancestor` (Alice $\rightarrow$ Gregory)
    *   `Alice is Charlotte's descendant` (Charlotte $\rightarrow$ Alice)
    *   `Deborah is Charlotte's ancestor` (Deborah $\rightarrow$ Charlotte)
    *   `Beverly is Deborah's ancestor` (Beverly $\rightarrow$ Deborah)
    *   `Beverly is Jennifer's descendant` (Jennifer $\rightarrow$ Beverly)
    *   `Cheryl is Jennifer's ancestor` (Cheryl $\rightarrow$ Jennifer)

3.  **Combine the chains:**
    By linking the segments, we get a single continuous lineage:
    Cheryl $\rightarrow$ Jennifer $\rightarrow$ Beverly $\rightarrow$ ... $\rightarrow$ Gloria $\rightarrow$ Carl $\rightarrow$ Noah $\rightarrow$ ... $\rightarrow$ Peter.

    Since Cheryl is at the beginning of the chain (ancestor) and Peter is at the end (descendant), Cheryl is Peter's ancestor, and **Peter is Cheryl's descendant**.

<ANSWER>4</ANSWER>"
64,COMMON_ANCESTOR,1,"Given the following lineage relationships:
* Natalie is Kelly's ancestor.
* Benjamin is Austin's ancestor.
* Austin is Walter's ancestor.
* Julie is Joan's descendant.
* Nancy is Alice's ancestor.
* Frances is Alice's descendant.
* Bruce is Julie's descendant.
* Noah is Brandon's ancestor.
* Elijah is Bruce's descendant.
* Debra is Elizabeth's descendant.
* Elizabeth is Kelly's descendant.
* Roger is Ryan's ancestor.
* Martha is Beverly's ancestor.
* Daniel is Keith's ancestor.
* Hannah is Andrew's ancestor.
* Jennifer is Alan's descendant.
* Beverly is Douglas's ancestor.
* Zachary is Carol's ancestor.
* Gloria is Walter's descendant.
* Doris is Richard's ancestor.
* Pamela is Cheryl's ancestor.
* Jerry is Martha's ancestor.
* Janice is Amy's descendant.
* Gloria is Charlotte's ancestor.
* Noah is Samuel's descendant.
* Peter is Douglas's descendant.
* Barbara is Richard's descendant.
* Randy is Debra's descendant.
* James is Carolyn's descendant.
* Jean is Benjamin's ancestor.
* Hannah is Janice's descendant.
* Carolyn is Daniel's descendant.
* Doris is Juan's descendant.
* Emily is Aaron's ancestor.
* Pamela is Megan's descendant.
* Joan is Ruth's descendant.
* Barbara is Frank's ancestor.
* Carl is Andrew's descendant.
* Jean is Edward's descendant.
* Wayne is Emily's ancestor.
* Terry is Frances's descendant.
* Bryan is Wayne's ancestor.
* Philip is Dennis's descendant.
* Roger is Marilyn's descendant.
* Jerry is Jennifer's descendant.
* Bradley is Edward's ancestor.
* Frank is Samuel's ancestor.
* James is Shirley's ancestor.
* Christopher is Bradley's ancestor.
* Amy is Cheryl's descendant.
* Carol is Christopher's ancestor.
* Philip is Ruth's ancestor.
* Brandon is Natalie's ancestor.
* Bryan is Peter's descendant.
* Zachary is Aaron's descendant.
* Juan is Charlotte's descendant.
* Megan is Joseph's descendant.
* Dennis is Keith's descendant.
* Terry is Catherine's ancestor.
* Catherine is Marilyn's ancestor.
* Joseph is Ryan's descendant.
* Alan is Carl's descendant.
* Elijah is Nancy's ancestor.
Determine the lineage relationship between Randy and Shirley.
Select the correct answer:
1. Randy and Shirley share a common ancestor.
2. Randy is Shirley's ancestor.
3. Randy is Shirley's descendant.
4. Randy and Shirley share a common descendant.
5. None of the above is correct.
Enclose the selected answer number in the <ANSWER> tag, for example: <ANSWER>1</ANSWER>.",qwen/qwen3.5-397b-a17b,Alibaba,,,"The lineage relationships can be traced to form family trees. We need to determine the relationship between Randy and Shirley.

**Tracing Randy's Ancestry:**
1.  **Randy** is Debra's descendant (Debra $\to$ Randy).
2.  Debra is Elizabeth's descendant (Elizabeth $\to$ Debra).
3.  Elizabeth is Kelly's descendant (Kelly $\to$ Elizabeth).
4.  Kelly is Natalie's descendant (Natalie $\to$ Kelly).
5.  Natalie is Brandon's descendant (Brandon $\to$ Natalie).
6.  Brandon is Noah's descendant (Noah $\to$ Brandon).
7.  Noah is Samuel's descendant (Samuel $\to$ Noah).
8.  Samuel is Frank's descendant (Frank $\to$ Samuel).
9.  Frank is Barbara's descendant (Barbara $\to$ Frank).
10. Barbara is Richard's descendant (Richard $\to$ Barbara).
11. Richard is Doris's descendant (Doris $\to$ Richard).
12. Doris is Juan's descendant (Juan $\to$ Doris).
13. Juan is Charlotte's descendant (Charlotte $\to$ Juan).
14. Charlotte is Gloria's descendant (Gloria $\to$ Charlotte).
15. Gloria is Walter's descendant (Walter $\to$ Gloria).
16. Walter is Austin's descendant (Austin $\to$ Walter).
17. Austin is Benjamin's descendant (Benjamin $\to$ Austin).
18. Benjamin is Jean's descendant (Jean $\to$ Benjamin).
19. Jean is Edward's descendant (Edward $\to$ Jean).
20. Edward is Bradley's descendant (Bradley $\to$ Edward).
21. Bradley is Christopher's descendant (Christopher $\to$ Bradley).
22. Christopher is Carol's descendant (Carol $\to$ Christopher).
23. Carol is Zachary's descendant (Zachary $\to$ Carol).
24. Zachary is Aaron's descendant (Aaron $\to$ Zachary).
25. Aaron is Emily's descendant (Emily $\to$ Aaron).
26. Emily is Wayne's descendant (Wayne $\to$ Emily).
27. Wayne is Bryan's descendant (Bryan $\to$ Wayne).
28. Bryan is Peter's descendant (Peter $\to$ Bryan).
29. Peter is Douglas's descendant (Douglas $\to$ Peter).
30. Douglas is Beverly's descendant (Beverly $\to$ Douglas).
31. Beverly is Martha's descendant (Martha $\to$ Beverly).
32. Martha is Jerry's descendant (Jerry $\to$ Martha).
33. Jerry is Jennifer's descendant (Jennifer $\to$ Jerry).
34. Jennifer is Alan's descendant (Alan $\to$ Jennifer).
35. Alan is Carl's descendant (Carl $\to$ Alan).
36. Carl is Andrew's descendant (Andrew $\to$ Carl).
37. Andrew is Hannah's descendant (Hannah $\to$ Andrew).
38. Hannah is Janice's descendant (Janice $\to$ Hannah).
39. Janice is Amy's descendant (Amy $\to$ Janice).
40. Amy is Cheryl's descendant (Cheryl $\to$ Amy).
41. Cheryl is Pamela's descendant (Pamela $\to$ Cheryl).
42. Pamela is Megan's descendant (Megan $\to$ Pamela).
43. Megan is Joseph's descendant (Joseph $\to$ Megan).
44. Joseph is Ryan's descendant (Ryan $\to$ Joseph).
45. Ryan is Roger's descendant (Roger $\to$ Ryan).
46. Roger is Marilyn's descendant (Marilyn $\to$ Roger).
47. Marilyn is Catherine's descendant (Catherine $\to$ Marilyn).
48. Catherine is Terry's descendant (Terry $\to$ Catherine).
49. Terry is Frances's descendant (Frances $\to$ Terry).
50. Frances is Alice's descendant (Alice $\to$ Frances).
51. Alice is Nancy's descendant (Nancy $\to$ Alice).
52. Nancy is Elijah's descendant (Elijah $\to$ Nancy).
53. Elijah is Bruce's descendant (Bruce $\to$ Elijah).
54. Bruce is Julie's descendant (Julie $\to$ Bruce).
55. Julie is Joan's descendant (Joan $\to$ Julie).
56. Joan is Ruth's descendant (Ruth $\to$ Joan).
57. Ruth is Philip's descendant (Philip $\to$ Ruth).
58. Philip is Dennis's descendant (Dennis $\to$ Philip).
59. Dennis is Keith's descendant (Keith $\to$ Dennis).
60. **Keith** is Daniel's descendant (Daniel $\to$ Keith).

So, **Daniel** is an ancestor of **Randy**.

**Tracing Shirley's Ancestry:**
1.  **James** is Shirley's ancestor (James $\to$ Shirley).
2.  James is Carolyn's descendant (Carolyn $\to$ James).
3.  **Carolyn** is Daniel's descendant (Daniel $\to$ Carolyn).

So, **Daniel** is an ancestor of **Shirley**.

**Conclusion:**
Since Daniel is an ancestor of both Randy and Shirley, they share a common ancestor. There is no information indicating that one is the ancestor of the other or that they share a common descendant.

<ANSWER>1</ANSWER>"
64,COMMON_DESCENDANT,3,"Given the following lineage relationships:
* Douglas is Andrew's descendant.
* Brandon is William's ancestor.
* Mary is Richard's ancestor.
* Mary is Olivia's descendant.
* Janice is Linda's descendant.
* Victoria is Zachary's ancestor.
* Gregory is Michelle's descendant.
* Jonathan is Donna's descendant.
* Roger is Bradley's descendant.
* Nancy is Alexis's ancestor.
* David is Nicole's descendant.
* Sara is Kevin's descendant.
* Hannah is Kevin's ancestor.
* Natalie is Pamela's descendant.
* Karen is Hannah's ancestor.
* Jessica is Eugene's descendant.
* Karen is Jonathan's descendant.
* Nicole is Anthony's descendant.
* Jordan is Randy's descendant.
* Doris is Christian's descendant.
* Wayne is Anthony's ancestor.
* Theresa is Eugene's ancestor.
* Richard is Anna's ancestor.
* Gregory is Linda's ancestor.
* Andrew is Charles's descendant.
* Kayla is Albert's descendant.
* Stephanie is Beverly's ancestor.
* Logan is Nathan's descendant.
* Aaron is William's descendant.
* Albert is Gloria's descendant.
* Aaron is Walter's ancestor.
* Carl is Ann's ancestor.
* Bradley is Logan's descendant.
* Kelly is Kimberly's ancestor.
* Joseph is Alexis's descendant.
* Jessica is Pamela's ancestor.
* Sean is Beverly's descendant.
* Christina is Anna's descendant.
* Nicholas is Christina's descendant.
* Charles is Julia's descendant.
* Wayne is Douglas's descendant.
* Theresa is Jordan's descendant.
* Raymond is Matthew's descendant.
* Marilyn is Natalie's descendant.
* Gloria is Janice's descendant.
* Carol is David's descendant.
* Julia is Walter's descendant.
* Ann is Judy's ancestor.
* Doris is Carl's ancestor.
* Carol is Kenneth's ancestor.
* Matthew is Roger's descendant.
* Zachary is Stephanie's ancestor.
* Nicholas is Michelle's ancestor.
* Kenneth is Christian's ancestor.
* Kayla is Joseph's ancestor.
* Kelly is Judy's descendant.
* Olivia is Rachel's descendant.
* Nancy is Sean's descendant.
* Raymond is Donna's ancestor.
* Marilyn is Samantha's ancestor.
* Nathan is Kimberly's descendant.
* Sara is Rachel's ancestor.
* Victoria is Samantha's descendant.
Determine the lineage relationship between Randy and Brandon.
Select the correct answer:
1. Randy and Brandon share a common ancestor.
2. Randy is Brandon's ancestor.
3. Randy and Brandon share a common descendant.
4. Randy is Brandon's descendant.
5. None of the above is correct.
Enclose the selected answer number in the <ANSWER> tag, for example: <ANSWER>1</ANSWER>.",qwen/qwen3.5-397b-a17b,Alibaba,,,"To determine the lineage relationship between Randy and Brandon, we need to trace their respective lineage chains based on the provided statements to see if they intersect or connect.

**Tracing Randy's Lineage:**
1.  **Jordan is Randy's descendant.** (Randy $\rightarrow$ Jordan)
2.  **Theresa is Jordan's descendant.** (Randy $\rightarrow$ Jordan $\rightarrow$ Theresa)
3.  **Theresa is Eugene's ancestor.** (Randy $\rightarrow$ Jordan $\rightarrow$ Theresa $\rightarrow$ Eugene)
4.  **Jessica is Eugene's descendant.** (Randy $\rightarrow$ ... $\rightarrow$ Eugene $\rightarrow$ Jessica)
5.  **Jessica is Pamela's ancestor.** (Randy $\rightarrow$ ... $\rightarrow$ Jessica $\rightarrow$ Pamela)
6.  **Natalie is Pamela's descendant.** (Randy $\rightarrow$ ... $\rightarrow$ Pamela $\rightarrow$ Natalie)
7.  **Marilyn is Natalie's descendant.** (Randy $\rightarrow$ ... $\rightarrow$ Natalie $\rightarrow$ Marilyn)
8.  **Marilyn is Samantha's ancestor.** (Randy $\rightarrow$ ... $\rightarrow$ Marilyn $\rightarrow$ Samantha)
9.  **Victoria is Samantha's descendant.** (Randy $\rightarrow$ ... $\rightarrow$ Samantha $\rightarrow$ Victoria)
10. **Victoria is Zachary's ancestor.** (Randy $\rightarrow$ ... $\rightarrow$ Victoria $\rightarrow$ Zachary)
11. **Zachary is Stephanie's ancestor.** (Randy $\rightarrow$ ... $\rightarrow$ Zachary $\rightarrow$ Stephanie)
12. **Stephanie is Beverly's ancestor.** (Randy $\rightarrow$ ... $\rightarrow$ Stephanie $\rightarrow$ Beverly)
13. **Sean is Beverly's descendant.** (Randy $\rightarrow$ ... $\rightarrow$ Beverly $\rightarrow$ Sean)
14. **Nancy is Sean's descendant.** (Randy $\rightarrow$ ... $\rightarrow$ Sean $\rightarrow$ Nancy)
15. **Nancy is Alexis's ancestor.** (Randy $\rightarrow$ ... $\rightarrow$ Nancy $\rightarrow$ Alexis)
16. **Joseph is Alexis's descendant.** (Randy $\rightarrow$ ... $\rightarrow$ Alexis $\rightarrow$ **Joseph**)

*Result:* Randy is an ancestor of Joseph.

**Tracing Brandon's Lineage:**
1.  **Brandon is William's ancestor.** (Brandon $\rightarrow$ William)
2.  **Aaron is William's descendant.** (Brandon $\rightarrow$ William $\rightarrow$ Aaron)
3.  **Aaron is Walter's ancestor.** (Brandon $\rightarrow$ ... $\rightarrow$ Aaron $\rightarrow$ Walter)
4.  **Julia is Walter's descendant.** (Brandon $\rightarrow$ ... $\rightarrow$ Walter $\rightarrow$ Julia)
5.  **Charles is Julia's descendant.** (Brandon $\rightarrow$ ... $\rightarrow$ Julia $\rightarrow$ Charles)
6.  **Andrew is Charles's descendant.** (Brandon $\rightarrow$ ... $\rightarrow$ Charles $\rightarrow$ Andrew)
7.  **Douglas is Andrew's descendant.** (Brandon $\rightarrow$ ... $\rightarrow$ Andrew $\rightarrow$ Douglas)
8.  **Wayne is Douglas's descendant.** (Brandon $\rightarrow$ ... $\rightarrow$ Douglas $\rightarrow$ Wayne)
9.  **Wayne is Anthony's ancestor.** (Brandon $\rightarrow$ ... $\rightarrow$ Wayne $\rightarrow$ Anthony)
10. **Nicole is Anthony's descendant.** (Brandon $\rightarrow$ ... $\rightarrow$ Anthony $\rightarrow$ Nicole)
11. **David is Nicole's descendant.** (Brandon $\rightarrow$ ... $\rightarrow$ Nicole $\rightarrow$ David)
12. **Carol is David's descendant.** (Brandon $\rightarrow$ ... $\rightarrow$ David $\rightarrow$ Carol)
13. **Carol is Kenneth's ancestor.** (Brandon $\rightarrow$ ... $\rightarrow$ Carol $\rightarrow$ Kenneth)
14. **Kenneth is Christian's ancestor.** (Brandon $\rightarrow$ ... $\rightarrow$ Kenneth $\rightarrow$ Christian)
15. **Doris is Christian's descendant.** (Brandon $\rightarrow$ ... $\rightarrow$ Christian $\rightarrow$ Doris)
16. **Doris is Carl's ancestor.** (Brandon $\rightarrow$ ... $\rightarrow$ Doris $\rightarrow$ Carl)
17. **Carl is Ann's ancestor.** (Brandon $\rightarrow$ ... $\rightarrow$ Carl $\rightarrow$ Ann)
18. **Ann is Judy's ancestor.** (Brandon $\rightarrow$ ... $\rightarrow$ Ann $\rightarrow$ Judy)
19. **Kelly is Judy's descendant.** (Brandon $\rightarrow$ ... $\rightarrow$ Judy $\rightarrow$ Kelly)
20. **Kelly is Kimberly's ancestor.** (Brandon $\rightarrow$ ... $\rightarrow$ Kelly $\rightarrow$ Kimberly)
21. **Nathan is Kimberly's descendant.** (Brandon $\rightarrow$ ... $\rightarrow$ Kimberly $\rightarrow$ Nathan)
22. **Logan is Nathan's descendant.** (Brandon $\rightarrow$ ... $\rightarrow$ Nathan $\rightarrow$ Logan)
23. **Bradley is Logan's descendant.** (Brandon $\rightarrow$ ... $\rightarrow$ Logan $\rightarrow$ Bradley)
24. **Roger is Bradley's descendant.** (Brandon $\rightarrow$ ... $\rightarrow$ Bradley $\rightarrow$ Roger)
25. **Matthew is Roger's descendant.** (Brandon $\rightarrow$ ... $\rightarrow$ Roger $\rightarrow$ Matthew)
26. **Raymond is Matthew's descendant.** (Brandon $\rightarrow$ ... $\rightarrow$ Matthew $\rightarrow$ Raymond)
27. **Raymond is Donna's ancestor.** (Brandon $\rightarrow$ ... $\rightarrow$ Raymond $\rightarrow$ Donna)
28. **Jonathan is Donna's descendant.** (Brandon $\rightarrow$ ... $\rightarrow$ Donna $\rightarrow$ Jonathan)
29. **Karen is Jonathan's descendant.** (Brandon $\rightarrow$ ... $\rightarrow$ Jonathan $\rightarrow$ Karen)
30. **Karen is Hannah's ancestor.** (Brandon $\rightarrow$ ... $\rightarrow$ Karen $\rightarrow$ Hannah)
31. **Hannah is Kevin's ancestor.** (Brandon $\rightarrow$ ... $\rightarrow$ Hannah $\rightarrow$ Kevin)
32. **Sara is Kevin's descendant.** (Brandon $\rightarrow$ ... $\rightarrow$ Kevin $\rightarrow$ Sara)
33. **Sara is Rachel's ancestor.** (Brandon $\rightarrow$ ... $\rightarrow$ Sara $\rightarrow$ Rachel)
34. **Olivia is Rachel's descendant.** (Brandon $\rightarrow$ ... $\rightarrow$ Rachel $\rightarrow$ Olivia)
35. **Mary is Olivia's descendant.** (Brandon $\rightarrow$ ... $\rightarrow$ Olivia $\rightarrow$ Mary)
36. **Mary is Richard's ancestor.** (Brandon $\rightarrow$ ... $\rightarrow$ Mary $\rightarrow$ Richard)
37. **Richard is Anna's ancestor.** (Brandon $\rightarrow$ ... $\rightarrow$ Richard $\rightarrow$ Anna)
38. **Christina is Anna's descendant.** (Brandon $\rightarrow$ ... $\rightarrow$ Anna $\rightarrow$ Christina)
39. **Nicholas is Christina's descendant.** (Brandon $\rightarrow$ ... $\rightarrow$ Christina $\rightarrow$ Nicholas)
40. **Nicholas is Michelle's ancestor.** (Brandon $\rightarrow$ ... $\rightarrow$ Nicholas $\rightarrow$ Michelle)
41. **Gregory is Michelle's descendant.** (Brandon $\rightarrow$ ... $\rightarrow$ Michelle $\rightarrow$ Gregory)
42. **Gregory is Linda's ancestor.** (Brandon $\rightarrow$ ... $\rightarrow$ Gregory $\rightarrow$ Linda)
43. **Janice is Linda's descendant.** (Brandon $\rightarrow$ ... $\rightarrow$ Linda $\rightarrow$ Janice)
44. **Gloria is Janice's descendant.** (Brandon $\rightarrow$ ... $\rightarrow$ Janice $\rightarrow$ Gloria)
45. **Albert is Gloria's descendant.** (Brandon $\rightarrow$ ... $\rightarrow$ Gloria $\rightarrow$ Albert)
46. **Kayla is Albert's descendant.** (Brandon $\rightarrow$ ... $\rightarrow$ Albert $\rightarrow$ Kayla)
47. **Kayla is Joseph's ancestor.** (Brandon $\rightarrow$ ... $\rightarrow$ Kayla $\rightarrow$ **Joseph**)

*Result:* Brandon is an ancestor of Joseph.

**Conclusion:**
Both Randy and Brandon are ancestors of Joseph. Therefore, they share a common descendant (Joseph). There is no information linking Randy as an ancestor or descendant of Brandon directly, nor is there information about their own ancestors to determine if they share a common ancestor. The only verifiable relationship from the text is that they share a common descendant.

<ANSWER>3</ANSWER>"
64,ANCESTOR,2,"Given the following lineage relationships:
* Christian is Isabella's ancestor.
* Natalie is Scott's ancestor.
* Nathan is Adam's descendant.
* Jason is Dorothy's descendant.
* Kenneth is Terry's descendant.
* Jesse is Kevin's ancestor.
* Susan is Helen's descendant.
* Patrick is Ethan's descendant.
* Jacqueline is Rachel's ancestor.
* Janet is Michael's descendant.
* Christine is Anthony's descendant.
* Arthur is Christine's descendant.
* Katherine is Joshua's descendant.
* Brittany is Jack's descendant.
* Anna is Nicholas's ancestor.
* Brittany is Christian's ancestor.
* Carol is Harold's descendant.
* Donald is Carolyn's descendant.
* Alexis is Frances's descendant.
* Julie is Ruth's descendant.
* Steven is Ryan's descendant.
* Karen is Bryan's ancestor.
* Jacqueline is Scott's descendant.
* Sandra is Jordan's ancestor.
* Karen is Diane's descendant.
* Carolyn is Bryan's descendant.
* Joshua is Patrick's descendant.
* Isabella is Ryan's ancestor.
* Jack is Willie's descendant.
* Kenneth is Benjamin's ancestor.
* Jennifer is Steven's descendant.
* Dorothy is Andrea's descendant.
* Gerald is Daniel's ancestor.
* Jordan is Diane's ancestor.
* Walter is Kevin's descendant.
* Betty is Melissa's descendant.
* Andrea is Alexis's descendant.
* Ashley is Sandra's ancestor.
* Rachel is Jesse's ancestor.
* Frances is Arthur's descendant.
* Marilyn is Paul's ancestor.
* Michael is Jason's descendant.
* Douglas is Julie's descendant.
* Jacob is Walter's descendant.
* Susan is Ruth's ancestor.
* Carol is Melissa's ancestor.
* Ronald is Adam's ancestor.
* Douglas is Shirley's ancestor.
* Anthony is Daniel's descendant.
* Maria is Evelyn's ancestor.
* Ethan is Benjamin's descendant.
* Donald is Ronald's ancestor.
* Bradley is Ashley's ancestor.
* Nathan is Terry's ancestor.
* Harold is Janet's descendant.
* Nicholas is Gerald's ancestor.
* Betty is Willie's ancestor.
* Natalie is Evelyn's descendant.
* Helen is Jacob's descendant.
* Bradley is Shirley's descendant.
* Maria is Paul's descendant.
* Marilyn is Jennifer's descendant.
* Anna is Judy's descendant.
Determine the lineage relationship between Judy and Katherine.
Select the correct answer:
1. Judy and Katherine share a common ancestor.
2. Judy is Katherine's ancestor.
3. Judy and Katherine share a common descendant.
4. Judy is Katherine's descendant.
5. None of the above is correct.
Enclose the selected answer number in the <ANSWER> tag, for example: <ANSWER>1</ANSWER>.",qwen/qwen3.5-397b-a17b,Alibaba,,,"To determine the lineage relationship between Judy and Katherine, we can trace the connections through the provided statements. We will build a chain from Judy downwards to see if we reach Katherine.

1.  **Start with Judy:**
    *   ""Anna is Judy's descendant."" $\rightarrow$ **Judy $\rightarrow$ Anna**
    *   ""Anna is Nicholas's ancestor."" $\rightarrow$ **Anna $\rightarrow$ Nicholas**
    *   ""Nicholas is Gerald's ancestor."" $\rightarrow$ **Nicholas $\rightarrow$ Gerald**
    *   ""Gerald is Daniel's ancestor."" $\rightarrow$ **Gerald $\rightarrow$ Daniel**
    *   ""Anthony is Daniel's descendant."" $\rightarrow$ **Daniel $\rightarrow$ Anthony**
    *   ""Christine is Anthony's descendant."" $\rightarrow$ **Anthony $\rightarrow$ Christine**
    *   ""Arthur is Christine's descendant."" $\rightarrow$ **Christine $\rightarrow$ Arthur**
    *   ""Frances is Arthur's descendant."" $\rightarrow$ **Arthur $\rightarrow$ Frances**
    *   ""Alexis is Frances's descendant."" $\rightarrow$ **Frances $\rightarrow$ Alexis**
    *   ""Andrea is Alexis's descendant."" $\rightarrow$ **Alexis $\rightarrow$ Andrea**
    *   ""Dorothy is Andrea's descendant."" $\rightarrow$ **Andrea $\rightarrow$ Dorothy**
    *   ""Jason is Dorothy's descendant."" $\rightarrow$ **Dorothy $\rightarrow$ Jason**
    *   ""Michael is Jason's descendant."" $\rightarrow$ **Jason $\rightarrow$ Michael**
    *   ""Janet is Michael's descendant."" $\rightarrow$ **Michael $\rightarrow$ Janet**
    *   ""Harold is Janet's descendant."" $\rightarrow$ **Janet $\rightarrow$ Harold**
    *   ""Carol is Harold's descendant."" $\rightarrow$ **Harold $\rightarrow$ Carol**
    *   ""Carol is Melissa's ancestor."" $\rightarrow$ **Carol $\rightarrow$ Melissa**
    *   ""Betty is Melissa's descendant."" $\rightarrow$ **Melissa $\rightarrow$ Betty**
    *   ""Betty is Willie's ancestor."" $\rightarrow$ **Betty $\rightarrow$ Willie**
    *   ""Jack is Willie's descendant."" $\rightarrow$ **Willie $\rightarrow$ Jack**
    *   ""Brittany is Jack's descendant."" $\rightarrow$ **Jack $\rightarrow$ Brittany**
    *   ""Brittany is Christian's ancestor."" $\rightarrow$ **Brittany $\rightarrow$ Christian**
    *   ""Christian is Isabella's ancestor."" $\rightarrow$ **Christian $\rightarrow$ Isabella**
    *   ""Isabella is Ryan's ancestor."" $\rightarrow$ **Isabella $\rightarrow$ Ryan**
    *   ""Steven is Ryan's descendant."" $\rightarrow$ **Ryan $\rightarrow$ Steven**
    *   ""Jennifer is Steven's descendant."" $\rightarrow$ **Steven $\rightarrow$ Jennifer**
    *   ""Marilyn is Jennifer's descendant."" $\rightarrow$ **Jennifer $\rightarrow$ Marilyn**
    *   ""Marilyn is Paul's ancestor."" $\rightarrow$ **Marilyn $\rightarrow$ Paul**
    *   ""Maria is Paul's descendant."" $\rightarrow$ **Paul $\rightarrow$ Maria**
    *   ""Maria is Evelyn's ancestor."" $\rightarrow$ **Maria $\rightarrow$ Evelyn**
    *   ""Natalie is Evelyn's descendant."" $\rightarrow$ **Evelyn $\rightarrow$ Natalie**
    *   ""Natalie is Scott's ancestor."" $\rightarrow$ **Natalie $\rightarrow$ Scott**
    *   ""Jacqueline is Scott's descendant."" $\rightarrow$ **Scott $\rightarrow$ Jacqueline**
    *   ""Jacqueline is Rachel's ancestor."" $\rightarrow$ **Jacqueline $\rightarrow$ Rachel**
    *   ""Rachel is Jesse's ancestor."" $\rightarrow$ **Rachel $\rightarrow$ Jesse**
    *   ""Jesse is Kevin's ancestor."" $\rightarrow$ **Jesse $\rightarrow$ Kevin**
    *   ""Walter is Kevin's descendant."" $\rightarrow$ **Kevin $\rightarrow$ Walter**
    *   ""Jacob is Walter's descendant."" $\rightarrow$ **Walter $\rightarrow$ Jacob**
    *   ""Helen is Jacob's descendant."" $\rightarrow$ **Jacob $\rightarrow$ Helen**
    *   ""Susan is Helen's descendant."" $\rightarrow$ **Helen $\rightarrow$ Susan**
    *   ""Susan is Ruth's ancestor."" $\rightarrow$ **Susan $\rightarrow$ Ruth**
    *   ""Julie is Ruth's descendant."" $\rightarrow$ **Ruth $\rightarrow$ Julie**
    *   ""Douglas is Julie's descendant."" $\rightarrow$ **Julie $\rightarrow$ Douglas**
    *   ""Douglas is Shirley's ancestor."" $\rightarrow$ **Douglas $\rightarrow$ Shirley**
    *   ""Bradley is Shirley's descendant."" $\rightarrow$ **Shirley $\rightarrow$ Bradley**
    *   ""Bradley is Ashley's ancestor."" $\rightarrow$ **Bradley $\rightarrow$ Ashley**
    *   ""Ashley is Sandra's ancestor."" $\rightarrow$ **Ashley $\rightarrow$ Sandra**
    *   ""Sandra is Jordan's ancestor."" $\rightarrow$ **Sandra $\rightarrow$ Jordan**
    *   ""Jordan is Diane's ancestor."" $\rightarrow$ **Jordan $\rightarrow$ Diane**
    *   ""Karen is Diane's descendant."" $\rightarrow$ **Diane $\rightarrow$ Karen**
    *   ""Karen is Bryan's ancestor."" $\rightarrow$ **Karen $\rightarrow$ Bryan**
    *   ""Carolyn is Bryan's descendant."" $\rightarrow$ **Bryan $\rightarrow$ Carolyn**
    *   ""Donald is Carolyn's descendant."" $\rightarrow$ **Carolyn $\rightarrow$ Donald**
    *   ""Donald is Ronald's ancestor."" $\rightarrow$ **Donald $\rightarrow$ Ronald**
    *   ""Ronald is Adam's ancestor."" $\rightarrow$ **Ronald $\rightarrow$ Adam**
    *   ""Nathan is Adam's descendant."" $\rightarrow$ **Adam $\rightarrow$ Nathan**
    *   ""Nathan is Terry's ancestor."" $\rightarrow$ **Nathan $\rightarrow$ Terry**
    *   ""Kenneth is Terry's descendant."" $\rightarrow$ **Terry $\rightarrow$ Kenneth**
    *   ""Kenneth is Benjamin's ancestor."" $\rightarrow$ **Kenneth $\rightarrow$ Benjamin**
    *   ""Ethan is Benjamin's descendant."" $\rightarrow$ **Benjamin $\rightarrow$ Ethan**
    *   ""Patrick is Ethan's descendant."" $\rightarrow$ **Ethan $\rightarrow$ Patrick**
    *   ""Joshua is Patrick's descendant."" $\rightarrow$ **Patrick $\rightarrow$ Joshua**
    *   ""Katherine is Joshua's descendant."" $\rightarrow$ **Joshua $\rightarrow$ Katherine**

2.  **Conclusion:**
    The chain of relationships connects Judy directly to Katherine as an ancestor.
    Path: Judy $\rightarrow$ ... $\rightarrow$ Katherine.
    Therefore, Judy is Katherine's ancestor.

3.  **Select Answer:**
    Option 2 states ""Judy is Katherine's ancestor.""

<ANSWER>2</ANSWER>"
64,DESCENDANT,3,"Given the following lineage relationships:
* Julia is Betty's ancestor.
* Gabriel is Amanda's descendant.
* Susan is Willie's descendant.
* Elizabeth is Brandon's descendant.
* Daniel is Gabriel's descendant.
* Philip is Dennis's descendant.
* Pamela is Deborah's descendant.
* Deborah is Elijah's descendant.
* Daniel is Barbara's ancestor.
* Christine is Samantha's descendant.
* Jean is Rebecca's descendant.
* Brenda is Julia's ancestor.
* Martha is Catherine's ancestor.
* Joe is Lori's descendant.
* Laura is Olivia's descendant.
* Juan is Christine's descendant.
* James is Harold's descendant.
* Marie is Janet's ancestor.
* Kyle is Barbara's descendant.
* Ethan is Janet's descendant.
* Jean is Megan's ancestor.
* Patricia is Albert's ancestor.
* Christopher is Nicholas's descendant.
* Teresa is Michael's descendant.
* Catherine is Diane's ancestor.
* Gerald is Susan's descendant.
* Alan is Olivia's ancestor.
* Amber is Harold's ancestor.
* Kimberly is Joe's descendant.
* James is Austin's ancestor.
* Cynthia is Willie's ancestor.
* Natalie is Amy's ancestor.
* Larry is Elizabeth's descendant.
* Ronald is Betty's descendant.
* Joyce is Dennis's ancestor.
* Dorothy is Scott's descendant.
* Austin is Cynthia's ancestor.
* Kimberly is Russell's ancestor.
* Brenda is Teresa's descendant.
* Andrew is Gerald's descendant.
* Samantha is Russell's descendant.
* Andrew is Jonathan's ancestor.
* Jordan is Amber's ancestor.
* Dorothy is Martha's ancestor.
* Carol is Terry's descendant.
* Joshua is Carol's descendant.
* Diane is Jordan's ancestor.
* Natalie is Jonathan's descendant.
* Amanda is Bradley's descendant.
* Joyce is Amy's descendant.
* Brandon is Joshua's descendant.
* Ethan is Lori's ancestor.
* Alan is Ronald's descendant.
* Laura is Nicholas's ancestor.
* Megan is Bradley's ancestor.
* Margaret is Scott's ancestor.
* Elijah is Juan's descendant.
* Marie is Kyle's descendant.
* Albert is Terry's ancestor.
* Rebecca is Christopher's descendant.
* Kenneth is Patricia's ancestor.
* Margaret is Pamela's descendant.
* Larry is Michael's ancestor.
Determine the lineage relationship between Philip and Kenneth.
Select the correct answer:
1. Philip is Kenneth's ancestor.
2. Philip and Kenneth share a common ancestor.
3. Philip is Kenneth's descendant.
4. Philip and Kenneth share a common descendant.
5. None of the above is correct.
Enclose the selected answer number in the <ANSWER> tag, for example: <ANSWER>1</ANSWER>.",qwen/qwen3.5-397b-a17b,Alibaba,,,"To determine the relationship between Philip and Kenneth, we can trace the lineage connections provided in the list to form a continuous chain.

1.  **Start with Kenneth:**
    *   Kenneth is Patricia's ancestor. (Kenneth $\to$ Patricia)
    *   Patricia is Albert's ancestor. (Patricia $\to$ Albert)
    *   Albert is Terry's ancestor. (Albert $\to$ Terry)
    *   Carol is Terry's descendant. (Terry $\to$ Carol)
    *   Joshua is Carol's descendant. (Carol $\to$ Joshua)
    *   Brandon is Joshua's descendant. (Joshua $\to$ Brandon)
    *   Elizabeth is Brandon's descendant. (Brandon $\to$ Elizabeth)
    *   Larry is Elizabeth's descendant. (Elizabeth $\to$ Larry)
    *   Larry is Michael's ancestor. (Larry $\to$ Michael)
    *   Teresa is Michael's descendant. (Michael $\to$ Teresa)
    *   Brenda is Teresa's descendant. (Teresa $\to$ Brenda)
    *   Brenda is Julia's ancestor. (Brenda $\to$ Julia)
    *   Julia is Betty's ancestor. (Julia $\to$ Betty)
    *   Ronald is Betty's descendant. (Betty $\to$ Ronald)
    *   Alan is Ronald's descendant. (Ronald $\to$ Alan)
    *   Alan is Olivia's ancestor. (Alan $\to$ Olivia)
    *   Laura is Olivia's descendant. (Olivia $\to$ Laura)
    *   Laura is Nicholas's ancestor. (Laura $\to$ Nicholas)
    *   Christopher is Nicholas's descendant. (Nicholas $\to$ Christopher)
    *   Rebecca is Christopher's descendant. (Christopher $\to$ Rebecca)
    *   Jean is Rebecca's descendant. (Rebecca $\to$ Jean)
    *   Jean is Megan's ancestor. (Jean $\to$ Megan)
    *   Megan is Bradley's ancestor. (Megan $\to$ Bradley)
    *   Amanda is Bradley's descendant. (Bradley $\to$ Amanda)
    *   Gabriel is Amanda's descendant. (Amanda $\to$ Gabriel)
    *   Daniel is Gabriel's descendant. (Gabriel $\to$ Daniel)
    *   Daniel is Barbara's ancestor. (Daniel $\to$ Barbara)
    *   Kyle is Barbara's descendant. (Barbara $\to$ Kyle)
    *   Marie is Kyle's descendant. (Kyle $\to$ Marie)
    *   Marie is Janet's ancestor. (Marie $\to$ Janet)
    *   Ethan is Janet's descendant. (Janet $\to$ Ethan)
    *   Ethan is Lori's ancestor. (Ethan $\to$ Lori)
    *   Joe is Lori's descendant. (Lori $\to$ Joe)
    *   Kimberly is Joe's descendant. (Joe $\to$ Kimberly)
    *   Kimberly is Russell's ancestor. (Kimberly $\to$ Russell)
    *   Samantha is Russell's descendant. (Russell $\to$ Samantha)
    *   Christine is Samantha's descendant. (Samantha $\to$ Christine)
    *   Juan is Christine's descendant. (Christine $\to$ Juan)
    *   Elijah is Juan's descendant. (Juan $\to$ Elijah)
    *   Deborah is Elijah's descendant. (Elijah $\to$ Deborah)
    *   Pamela is Deborah's descendant. (Deborah $\to$ Pamela)
    *   Margaret is Pamela's descendant. (Pamela $\to$ Margaret)
    *   Margaret is Scott's ancestor. (Margaret $\to$ Scott)
    *   Dorothy is Scott's descendant. (Scott $\to$ Dorothy)
    *   Dorothy is Martha's ancestor. (Dorothy $\to$ Martha)
    *   Martha is Catherine's ancestor. (Martha $\to$ Catherine)
    *   Catherine is Diane's ancestor. (Catherine $\to$ Diane)
    *   Diane is Jordan's ancestor. (Diane $\to$ Jordan)
    *   Jordan is Amber's ancestor. (Jordan $\to$ Amber)
    *   Amber is Harold's ancestor. (Amber $\to$ Harold)
    *   James is Harold's descendant. (Harold $\to$ James)
    *   James is Austin's ancestor. (James $\to$ Austin)
    *   Austin is Cynthia's ancestor. (Austin $\to$ Cynthia)
    *   Cynthia is Willie's ancestor. (Cynthia $\to$ Willie)
    *   Susan is Willie's descendant. (Willie $\to$ Susan)
    *   Gerald is Susan's descendant. (Susan $\to$ Gerald)
    *   Andrew is Gerald's descendant. (Gerald $\to$ Andrew)
    *   Andrew is Jonathan's ancestor. (Andrew $\to$ Jonathan)
    *   Natalie is Jonathan's descendant. (Jonathan $\to$ Natalie)
    *   Natalie is Amy's ancestor. (Natalie $\to$ Amy)
    *   Joyce is Amy's descendant. (Amy $\to$ Joyce)

2.  **Connect to Philip:**
    *   Joyce is Dennis's ancestor. (Joyce $\to$ Dennis)
    *   Philip is Dennis's descendant. (Dennis $\to$ Philip)

3.  **Combine the chains:**
    Kenneth $\to$ ... $\to$ Joyce $\to$ Dennis $\to$ Philip.

    Since Kenneth is an ancestor of Joyce, and Joyce is an ancestor of Dennis, and Dennis is an ancestor of Philip, it follows that **Kenneth is an ancestor of Philip**. Conversely, **Philip is Kenneth's descendant**.

<ANSWER>3</ANSWER>"
64,COMMON_ANCESTOR,4,"Given the following lineage relationships:
* Pamela is Noah's ancestor.
* Jesse is Cheryl's descendant.
* Sophia is Timothy's descendant.
* Alice is Rebecca's descendant.
* Carol is Kyle's ancestor.
* Daniel is Christopher's descendant.
* Cheryl is Elizabeth's descendant.
* George is Nathan's ancestor.
* Thomas is Hannah's ancestor.
* Thomas is Carl's descendant.
* Susan is Brandon's ancestor.
* Stephen is Ryan's ancestor.
* Daniel is Stephen's ancestor.
* Virginia is Zachary's descendant.
* Rebecca is Sophia's descendant.
* Patricia is Donald's descendant.
* Andrea is Bobby's descendant.
* Gary is Dennis's descendant.
* Samantha is Joyce's descendant.
* Hannah is Henry's ancestor.
* Mason is Charlotte's ancestor.
* Kimberly is Eugene's ancestor.
* Jonathan is Eugene's descendant.
* Sara is Kyle's descendant.
* Jonathan is Pamela's ancestor.
* Debra is Logan's descendant.
* Jean is Jesse's descendant.
* Sandra is Henry's descendant.
* Timothy is Noah's descendant.
* Christopher is Alice's descendant.
* Olivia is Madison's ancestor.
* Ronald is Dorothy's descendant.
* Frances is Dorothy's descendant.
* Amber is Gary's descendant.
* Carol is Richard's descendant.
* Logan is Virginia's descendant.
* Donna is Judith's ancestor.
* Kimberly is Ralph's descendant.
* Vincent is Donald's ancestor.
* Frances is Carl's ancestor.
* Jean is Donna's ancestor.
* Bradley is Heather's ancestor.
* George is Amber's descendant.
* Debra is Kelly's ancestor.
* Gerald is Patricia's descendant.
* Steven is Megan's ancestor.
* Samantha is Vincent's ancestor.
* Jessica is Diane's descendant.
* Charlotte is Joyce's ancestor.
* Ralph is Nicole's descendant.
* Olivia is Sandra's descendant.
* Edward is Sara's descendant.
* Megan is Zachary's ancestor.
* Nicole is Jessica's descendant.
* Dennis is Gerald's descendant.
* Richard is Kelly's descendant.
* Judith is Steven's ancestor.
* Ryan is Elizabeth's ancestor.
* Madison is Mason's ancestor.
* Bobby is Edward's descendant.
* Andrea is Bradley's ancestor.
* Brandon is Diane's ancestor.
* Susan is Ronald's descendant.
Determine the lineage relationship between Heather and Nathan.
Select the correct answer:
1. Heather and Nathan share a common descendant.
2. Heather is Nathan's descendant.
3. Heather is Nathan's ancestor.
4. Heather and Nathan share a common ancestor.
5. None of the above is correct.
Enclose the selected answer number in the <ANSWER> tag, for example: <ANSWER>1</ANSWER>.",qwen/qwen3.5-397b-a17b,Alibaba,,,<ANSWER>4</ANSWER>
64,COMMON_DESCENDANT,4,"Given the following lineage relationships:
* Ralph is Judy's ancestor.
* Willie is Kimberly's descendant.
* Sean is Raymond's descendant.
* Brandon is Evelyn's descendant.
* Catherine is Stephanie's ancestor.
* Carolyn is Logan's descendant.
* Judith is Amber's ancestor.
* Sara is Hannah's ancestor.
* Abigail is Judith's ancestor.
* Anthony is Kevin's ancestor.
* Jeffrey is Harold's descendant.
* Billy is Jean's descendant.
* Jeffrey is Lisa's ancestor.
* Lauren is Sara's ancestor.
* Jennifer is Andrew's ancestor.
* Julia is Kenneth's ancestor.
* Sarah is Stephanie's descendant.
* Richard is Ruth's ancestor.
* Robert is Grace's ancestor.
* Sophia is Austin's ancestor.
* Elijah is Ryan's ancestor.
* Amber is George's ancestor.
* Anthony is Brandon's descendant.
* Martha is Ruth's descendant.
* Heather is Cheryl's descendant.
* Kimberly is Jessica's descendant.
* Kathleen is Ryan's descendant.
* Kenneth is Matthew's ancestor.
* Karen is Douglas's descendant.
* Larry is Rachel's ancestor.
* Logan is Judy's descendant.
* Catherine is Susan's descendant.
* Lauren is Christina's descendant.
* Larry is Grace's descendant.
* Emma is Henry's ancestor.
* Susan is Heather's descendant.
* Russell is Jessica's ancestor.
* Marilyn is Rachel's descendant.
* Evelyn is Matthew's descendant.
* Sophia is Martha's descendant.
* Andrew is Abigail's ancestor.
* Lisa is Elijah's ancestor.
* Sandra is Sarah's descendant.
* Helen is Hannah's descendant.
* Wayne is Robert's ancestor.
* Billy is Albert's ancestor.
* Jean is Sean's descendant.
* Richard is Helen's descendant.
* Sandra is Julia's ancestor.
* Cheryl is Kathleen's descendant.
* Austin is Joseph's ancestor.
* Douglas is Janet's descendant.
* Christina is Debra's descendant.
* Benjamin is Ralph's ancestor.
* Marilyn is Jennifer's ancestor.
* Raymond is Joseph's descendant.
* Karen is Debra's ancestor.
* Wayne is Albert's descendant.
* Carolyn is Julie's ancestor.
* Henry is Russell's ancestor.
* George is Emma's ancestor.
* Willie is Benjamin's ancestor.
* Kevin is Julie's descendant.
Determine the lineage relationship between Janet and Harold.
Select the correct answer:
1. Janet is Harold's descendant.
2. Janet is Harold's ancestor.
3. Janet and Harold share a common ancestor.
4. Janet and Harold share a common descendant.
5. None of the above is correct.
Enclose the selected answer number in the <ANSWER> tag, for example: <ANSWER>1</ANSWER>.",qwen/qwen3.5-397b-a17b,Alibaba,,,"To determine the lineage relationship between Janet and Harold, we need to trace their family trees based on the provided statements to see if they connect.

**1. Trace Harold's Lineage:**
*   **Harold** is Jeffrey's ancestor (Jeffrey is Harold's descendant).
*   Jeffrey is Lisa's ancestor.
*   Lisa is Elijah's ancestor.
*   Elijah is Ryan's ancestor.
*   Ryan is Kathleen's ancestor (Kathleen is Ryan's descendant).
*   Kathleen is Cheryl's ancestor (Cheryl is Kathleen's descendant).
*   Cheryl is Heather's ancestor (Heather is Cheryl's descendant).
*   Heather is Susan's ancestor (Susan is Heather's descendant).
*   Susan is Catherine's ancestor (Catherine is Susan's descendant).
*   Catherine is Stephanie's ancestor.
*   Stephanie is Sarah's ancestor (Sarah is Stephanie's descendant).
*   Sarah is Sandra's ancestor (Sandra is Sarah's descendant).
*   Sandra is Julia's ancestor.
*   Julia is Kenneth's ancestor.
*   Kenneth is Matthew's ancestor.
*   Matthew is Evelyn's ancestor (Evelyn is Matthew's descendant).
*   Evelyn is Brandon's ancestor (Brandon is Evelyn's descendant).
*   Brandon is Anthony's ancestor (Anthony is Brandon's descendant).
*   Anthony is **Kevin**'s ancestor.

So, **Harold** is an ancestor of **Kevin**.

**2. Trace Janet's Lineage:**
*   **Janet** is Douglas's ancestor (Douglas is Janet's descendant).
*   Douglas is Karen's ancestor (Karen is Douglas's descendant).
*   Karen is Debra's ancestor.
*   Debra is Christina's ancestor (Christina is Debra's descendant).
*   Christina is Lauren's ancestor (Lauren is Christina's descendant).
*   Lauren is Sara's ancestor.
*   Sara is Hannah's ancestor.
*   Hannah is Helen's ancestor (Helen is Hannah's descendant).
*   Helen is Richard's ancestor (Richard is Helen's descendant).
*   Richard is Ruth's ancestor.
*   Ruth is Martha's ancestor (Martha is Ruth's descendant).
*   Martha is Sophia's ancestor (Sophia is Martha's descendant).
*   Sophia is Austin's ancestor.
*   Austin is Joseph's ancestor.
*   Joseph is Raymond's ancestor (Raymond is Joseph's descendant).
*   Raymond is Sean's ancestor (Sean is Raymond's descendant).
*   Sean is Jean's ancestor (Jean is Sean's descendant).
*   Jean is Billy's ancestor (Billy is Jean's descendant).
*   Billy is Albert's ancestor.
*   Albert is Wayne's ancestor (Wayne is Albert's descendant).
*   Wayne is Robert's ancestor.
*   Robert is Grace's ancestor.
*   Grace is Larry's ancestor (Larry is Grace's descendant).
*   Larry is Rachel's ancestor.
*   Rachel is Marilyn's ancestor (Marilyn is Rachel's descendant).
*   Marilyn is Jennifer's ancestor.
*   Jennifer is Andrew's ancestor.
*   Andrew is Abigail's ancestor.
*   Abigail is Judith's ancestor.
*   Judith is Amber's ancestor.
*   Amber is George's ancestor.
*   George is Emma's ancestor.
*   Emma is Henry's ancestor.
*   Henry is Russell's ancestor.
*   Russell is Jessica's ancestor.
*   Jessica is Kimberly's ancestor (Kimberly is Jessica's descendant).
*   Kimberly is Willie's ancestor (Willie is Kimberly's descendant).
*   Willie is Benjamin's ancestor.
*   Benjamin is Ralph's ancestor.
*   Ralph is Judy's ancestor.
*   Judy is Logan's ancestor (Logan is Judy's descendant).
*   Logan is Carolyn's ancestor (Carolyn is Logan's descendant).
*   Carolyn is Julie's ancestor.
*   Julie is **Kevin**'s ancestor (Kevin is Julie's descendant).

So, **Janet** is an ancestor of **Kevin**.

**3. Determine the Relationship:**
*   Harold is an ancestor of Kevin.
*   Janet is an ancestor of Kevin.
*   There is no information linking Harold and Janet directly (one is not listed as the ancestor/descendant of the other), nor is there information linking their respective ancestral lines (the lists of ancestors for Julie and Anthony are disjoint).
*   However, since both are ancestors of Kevin, they share a common descendant.

Therefore, the correct relationship is that Janet and Harold share a common descendant.

<ANSWER>4</ANSWER>"
64,ANCESTOR,1,"Given the following lineage relationships:
* Eric is Mary's descendant.
* Billy is Jacqueline's ancestor.
* Martha is Victoria's ancestor.
* Elizabeth is Eugene's descendant.
* Nathan is Raymond's descendant.
* Heather is Madison's ancestor.
* Bobby is Roy's descendant.
* Philip is Alexis's ancestor.
* Wayne is Larry's descendant.
* Brandon is Stephen's descendant.
* Teresa is Debra's ancestor.
* Kevin is Julie's descendant.
* Debra is Russell's ancestor.
* Anthony is Joyce's descendant.
* Stephanie is Jerry's ancestor.
* Bobby is Harold's ancestor.
* Nicole is Cynthia's descendant.
* Elizabeth is Albert's ancestor.
* Joyce is Janice's descendant.
* Albert is Janice's ancestor.
* Alan is Timothy's ancestor.
* Scott is Marilyn's ancestor.
* Philip is Diana's descendant.
* Julie is Eric's descendant.
* David is Ruth's ancestor.
* Brittany is Christopher's descendant.
* Ronald is Lawrence's descendant.
* Ronald is Cynthia's ancestor.
* Russell is Denise's ancestor.
* Brenda is George's ancestor.
* Scott is Victoria's descendant.
* Jerry is Douglas's ancestor.
* Steven is Alan's ancestor.
* Mary is Jacqueline's descendant.
* Christian is Martha's ancestor.
* Amy is Sarah's descendant.
* Kevin is Teresa's ancestor.
* Helen is Timothy's descendant.
* George is Sarah's ancestor.
* Alexis is Christian's ancestor.
* Willie is Stephanie's ancestor.
* Raymond is Hannah's descendant.
* Diana is Helen's descendant.
* Amy is Mason's ancestor.
* Marilyn is Kenneth's ancestor.
* Larry is Madison's descendant.
* Harold is Eugene's ancestor.
* Wayne is Billy's ancestor.
* Ruth is Hannah's ancestor.
* Joshua is Brandon's descendant.
* Christina is Nicole's descendant.
* Christina is Christopher's ancestor.
* David is Mason's descendant.
* Douglas is Stephen's ancestor.
* Steven is Juan's descendant.
* Megan is Juan's ancestor.
* Evelyn is Megan's ancestor.
* Heather is Kenneth's descendant.
* Denise is Nicholas's ancestor.
* Anthony is Evelyn's ancestor.
* Brenda is Nicholas's descendant.
* Willie is Nathan's descendant.
* Joshua is Lawrence's ancestor.
Determine the lineage relationship between Roy and Brittany.
Select the correct answer:
1. Roy is Brittany's ancestor.
2. Roy and Brittany share a common ancestor.
3. Roy is Brittany's descendant.
4. Roy and Brittany share a common descendant.
5. None of the above is correct.
Enclose the selected answer number in the <ANSWER> tag, for example: <ANSWER>1</ANSWER>.",qwen/qwen3.5-397b-a17b,Alibaba,,,"To determine the lineage relationship between Roy and Brittany, we need to trace the connections provided in the list to form a continuous chain from Roy to Brittany. We interpret ""X is Y's descendant"" as Y $\rightarrow$ X (Y is the ancestor) and ""X is Y's ancestor"" as X $\rightarrow$ Y (X is the ancestor).

Here is the step-by-step chain construction:

1.  **Roy** $\rightarrow$ Bobby (Bobby is Roy's descendant)
2.  Bobby $\rightarrow$ Harold (Bobby is Harold's ancestor)
3.  Harold $\rightarrow$ Eugene (Harold is Eugene's ancestor)
4.  Eugene $\rightarrow$ Elizabeth (Elizabeth is Eugene's descendant)
5.  Elizabeth $\rightarrow$ Albert (Elizabeth is Albert's ancestor)
6.  Albert $\rightarrow$ Janice (Albert is Janice's ancestor)
7.  Janice $\rightarrow$ Joyce (Joyce is Janice's descendant)
8.  Joyce $\rightarrow$ Anthony (Anthony is Joyce's descendant)
9.  Anthony $\rightarrow$ Evelyn (Anthony is Evelyn's ancestor)
10. Evelyn $\rightarrow$ Megan (Evelyn is Megan's ancestor)
11. Megan $\rightarrow$ Juan (Megan is Juan's ancestor)
12. Juan $\rightarrow$ Steven (Steven is Juan's descendant)
13. Steven $\rightarrow$ Alan (Steven is Alan's ancestor)
14. Alan $\rightarrow$ Timothy (Alan is Timothy's ancestor)
15. Timothy $\rightarrow$ Helen (Helen is Timothy's descendant)
16. Helen $\rightarrow$ Diana (Diana is Helen's descendant)
17. Diana $\rightarrow$ Philip (Philip is Diana's descendant)
18. Philip $\rightarrow$ Alexis (Philip is Alexis's ancestor)
19. Alexis $\rightarrow$ Christian (Alexis is Christian's ancestor)
20. Christian $\rightarrow$ Martha (Christian is Martha's ancestor)
21. Martha $\rightarrow$ Victoria (Martha is Victoria's ancestor)
22. Victoria $\rightarrow$ Scott (Scott is Victoria's descendant)
23. Scott $\rightarrow$ Marilyn (Scott is Marilyn's ancestor)
24. Marilyn $\rightarrow$ Kenneth (Marilyn is Kenneth's ancestor)
25. Kenneth $\rightarrow$ Heather (Heather is Kenneth's descendant)
26. Heather $\rightarrow$ Madison (Heather is Madison's ancestor)
27. Madison $\rightarrow$ Larry (Larry is Madison's descendant)
28. Larry $\rightarrow$ Wayne (Wayne is Larry's descendant)
29. Wayne $\rightarrow$ Billy (Wayne is Billy's ancestor)
30. Billy $\rightarrow$ Jacqueline (Billy is Jacqueline's ancestor)
31. Jacqueline $\rightarrow$ Mary (Mary is Jacqueline's descendant)
32. Mary $\rightarrow$ Eric (Eric is Mary's descendant)
33. Eric $\rightarrow$ Julie (Julie is Eric's descendant)
34. Julie $\rightarrow$ Kevin (Kevin is Julie's descendant)
35. Kevin $\rightarrow$ Teresa (Kevin is Teresa's ancestor)
36. Teresa $\rightarrow$ Debra (Teresa is Debra's ancestor)
37. Debra $\rightarrow$ Russell (Debra is Russell's ancestor)
38. Russell $\rightarrow$ Denise (Russell is Denise's ancestor)
39. Denise $\rightarrow$ Nicholas (Denise is Nicholas's ancestor)
40. Nicholas $\rightarrow$ Brenda (Brenda is Nicholas's descendant)
41. Brenda $\rightarrow$ George (Brenda is George's ancestor)
42. George $\rightarrow$ Sarah (George is Sarah's ancestor)
43. Sarah $\rightarrow$ Amy (Amy is Sarah's descendant)
44. Amy $\rightarrow$ Mason (Amy is Mason's ancestor)
45. Mason $\rightarrow$ David (David is Mason's descendant)
46. David $\rightarrow$ Ruth (David is Ruth's ancestor)
47. Ruth $\rightarrow$ Hannah (Ruth is Hannah's ancestor)
48. Hannah $\rightarrow$ Raymond (Raymond is Hannah's descendant)
49. Raymond $\rightarrow$ Nathan (Nathan is Raymond's descendant)
50. Nathan $\rightarrow$ Willie (Willie is Nathan's descendant)
51. Willie $\rightarrow$ Stephanie (Willie is Stephanie's ancestor)
52. Stephanie $\rightarrow$ Jerry (Stephanie is Jerry's ancestor)
53. Jerry $\rightarrow$ Douglas (Jerry is Douglas's ancestor)
54. Douglas $\rightarrow$ Stephen (Douglas is Stephen's ancestor)
55. Stephen $\rightarrow$ Brandon (Brandon is Stephen's descendant)
56. Brandon $\rightarrow$ Joshua (Joshua is Brandon's descendant)
57. Joshua $\rightarrow$ Lawrence (Joshua is Lawrence's ancestor)
58. Lawrence $\rightarrow$ Ronald (Ronald is Lawrence's descendant)
59. Ronald $\rightarrow$ Cynthia (Ronald is Cynthia's ancestor)
60. Cynthia $\rightarrow$ Nicole (Nicole is Cynthia's descendant)
61. Nicole $\rightarrow$ Christina (Christina is Nicole's descendant)
62. Christina $\rightarrow$ Christopher (Christina is Christopher's ancestor)
63. Christopher $\rightarrow$ **Brittany** (Brittany is Christopher's descendant)

The chain flows directly from Roy to Brittany without interruption. Since Roy is at the beginning of the ancestor-descendant chain leading to Brittany, Roy is Brittany's ancestor.

<ANSWER>1</ANSWER>"
64,DESCENDANT,2,"Given the following lineage relationships:
* Sharon is Jack's ancestor.
* Randy is Samantha's descendant.
* Lawrence is Aaron's descendant.
* Catherine is Jason's ancestor.
* Raymond is Denise's descendant.
* Joan is Jason's descendant.
* Kathleen is Patricia's descendant.
* Betty is Jennifer's ancestor.
* Diane is Angela's descendant.
* Samantha is Albert's descendant.
* Daniel is Jonathan's ancestor.
* Julia is Patricia's ancestor.
* Jack is Isabella's ancestor.
* Isabella is Philip's ancestor.
* Amber is Madison's descendant.
* Christian is Amanda's ancestor.
* Charles is Bruce's descendant.
* Jonathan is Juan's ancestor.
* Steven is Emily's descendant.
* Angela is Austin's descendant.
* Joan is Martha's ancestor.
* Christian is Gloria's descendant.
* Gloria is Dennis's descendant.
* Vincent is David's ancestor.
* Randy is Daniel's ancestor.
* Donna is Melissa's descendant.
* Jennifer is Nancy's ancestor.
* Ralph is Gary's ancestor.
* Kathleen is Billy's ancestor.
* David is Natalie's ancestor.
* Amber is Aaron's ancestor.
* Sean is Gary's descendant.
* Charles is Madison's ancestor.
* Evelyn is Raymond's descendant.
* Denise is Steven's descendant.
* Elijah is Ethan's descendant.
* Elijah is Andrew's ancestor.
* Hannah is Albert's ancestor.
* Sean is Alan's ancestor.
* Austin is Kevin's descendant.
* Vincent is Andrew's descendant.
* Dylan is Alexis's descendant.
* Melissa is Evelyn's descendant.
* Ralph is Nancy's descendant.
* Matthew is Alexis's ancestor.
* Marilyn is Catherine's ancestor.
* Sarah is Kenneth's descendant.
* Alan is Matthew's ancestor.
* Kevin is Sarah's descendant.
* Christopher is Lawrence's descendant.
* Patrick is Kathryn's descendant.
* Diane is Debra's ancestor.
* Dylan is Dennis's ancestor.
* Debra is Sharon's ancestor.
* Ethan is Danielle's descendant.
* Martha is Danielle's ancestor.
* Donna is Kathryn's ancestor.
* Patrick is Hannah's ancestor.
* Bruce is Billy's descendant.
* Juan is Marilyn's ancestor.
* Philip is Betty's ancestor.
* Julia is Amanda's descendant.
* Christopher is Emily's ancestor.
Determine the lineage relationship between Natalie and Kenneth.
Select the correct answer:
1. Natalie is Kenneth's ancestor.
2. Natalie is Kenneth's descendant.
3. Natalie and Kenneth share a common descendant.
4. Natalie and Kenneth share a common ancestor.
5. None of the above is correct.
Enclose the selected answer number in the <ANSWER> tag, for example: <ANSWER>1</ANSWER>.",qwen/qwen3.5-397b-a17b,Alibaba,,,"To determine the relationship between Natalie and Kenneth, we can trace the lineage connections provided in the list. We will build a chain starting from Kenneth and see if it leads to Natalie.

1.  **Kenneth** is Sarah's ancestor (`Sarah is Kenneth's descendant`).
2.  **Sarah** is Kevin's ancestor (`Kevin is Sarah's descendant`).
3.  **Kevin** is Austin's ancestor (`Austin is Kevin's descendant`).
4.  **Austin** is Angela's ancestor (`Angela is Austin's descendant`).
5.  **Angela** is Diane's ancestor (`Diane is Angela's descendant`).
6.  **Diane** is Debra's ancestor (`Diane is Debra's ancestor`).
7.  **Debra** is Sharon's ancestor (`Debra is Sharon's ancestor`).
8.  **Sharon** is Jack's ancestor (`Sharon is Jack's ancestor`).
9.  **Jack** is Isabella's ancestor (`Jack is Isabella's ancestor`).
10. **Isabella** is Philip's ancestor (`Isabella is Philip's ancestor`).
11. **Philip** is Betty's ancestor (`Philip is Betty's ancestor`).
12. **Betty** is Jennifer's ancestor (`Betty is Jennifer's ancestor`).
13. **Jennifer** is Nancy's ancestor (`Jennifer is Nancy's ancestor`).
14. **Nancy** is Ralph's ancestor (`Ralph is Nancy's descendant`).
15. **Ralph** is Gary's ancestor (`Ralph is Gary's ancestor`).
16. **Gary** is Sean's ancestor (`Sean is Gary's descendant`).
17. **Sean** is Alan's ancestor (`Sean is Alan's ancestor`).
18. **Alan** is Matthew's ancestor (`Alan is Matthew's ancestor`).
19. **Matthew** is Alexis's ancestor (`Matthew is Alexis's ancestor`).
20. **Alexis** is Dylan's ancestor (`Dylan is Alexis's descendant`).
21. **Dylan** is Dennis's ancestor (`Dylan is Dennis's ancestor`).
22. **Dennis** is Gloria's ancestor (`Gloria is Dennis's descendant`).
23. **Gloria** is Christian's ancestor (`Christian is Gloria's descendant`).
24. **Christian** is Amanda's ancestor (`Christian is Amanda's ancestor`).
25. **Amanda** is Julia's ancestor (`Julia is Amanda's descendant`).
26. **Julia** is Patricia's ancestor (`Julia is Patricia's ancestor`).
27. **Patricia** is Kathleen's ancestor (`Kathleen is Patricia's descendant`).
28. **Kathleen** is Billy's ancestor (`Kathleen is Billy's ancestor`).
29. **Billy** is Bruce's ancestor (`Bruce is Billy's descendant`).
30. **Bruce** is Charles's ancestor (`Charles is Bruce's descendant`).
31. **Charles** is Madison's ancestor (`Charles is Madison's ancestor`).
32. **Madison** is Amber's ancestor (`Amber is Madison's descendant`).
33. **Amber** is Aaron's ancestor (`Amber is Aaron's ancestor`).
34. **Aaron** is Lawrence's ancestor (`Lawrence is Aaron's descendant`).
35. **Lawrence** is Christopher's ancestor (`Christopher is Lawrence's descendant`).
36. **Christopher** is Emily's ancestor (`Christopher is Emily's ancestor`).
37. **Emily** is Steven's ancestor (`Steven is Emily's descendant`).
38. **Steven** is Denise's ancestor (`Denise is Steven's descendant`).
39. **Denise** is Raymond's ancestor (`Raymond is Denise's descendant`).
40. **Raymond** is Evelyn's ancestor (`Evelyn is Raymond's descendant`).
41. **Evelyn** is Melissa's ancestor (`Melissa is Evelyn's descendant`).
42. **Melissa** is Donna's ancestor (`Donna is Melissa's descendant`).
43. **Donna** is Kathryn's ancestor (`Donna is Kathryn's ancestor`).
44. **Kathryn** is Patrick's ancestor (`Patrick is Kathryn's descendant`).
45. **Patrick** is Hannah's ancestor (`Patrick is Hannah's ancestor`).
46. **Hannah** is Albert's ancestor (`Hannah is Albert's ancestor`).
47. **Albert** is Samantha's ancestor (`Samantha is Albert's descendant`).
48. **Samantha** is Randy's ancestor (`Randy is Samantha's descendant`).
49. **Randy** is Daniel's ancestor (`Randy is Daniel's ancestor`).
50. **Daniel** is Jonathan's ancestor (`Daniel is Jonathan's ancestor`).
51. **Jonathan** is Juan's ancestor (`Jonathan is Juan's ancestor`).
52. **Juan** is Marilyn's ancestor (`Juan is Marilyn's ancestor`).
53. **Marilyn** is Catherine's ancestor (`Marilyn is Catherine's ancestor`).
54. **Catherine** is Jason's ancestor (`Catherine is Jason's ancestor`).
55. **Jason** is Joan's ancestor (`Joan is Jason's descendant`).
56. **Joan** is Martha's ancestor (`Joan is Martha's ancestor`).
57. **Martha** is Danielle's ancestor (`Martha is Danielle's ancestor`).
58. **Danielle** is Ethan's ancestor (`Ethan is Danielle's descendant`).
59. **Ethan** is Elijah's ancestor (`Elijah is Ethan's descendant`).
60. **Elijah** is Andrew's ancestor (`Elijah is Andrew's ancestor`).
61. **Andrew** is Vincent's ancestor (`Vincent is Andrew's descendant`).
62. **Vincent** is David's ancestor (`Vincent is David's ancestor`).
63. **David** is **Natalie**'s ancestor (`David is Natalie's ancestor`).

The chain confirms that Kenneth is an ancestor of Natalie. Therefore, Natalie is Kenneth's descendant.

<ANSWER>2</ANSWER>"
64,COMMON_ANCESTOR,4,"Given the following lineage relationships:
* Lauren is Jesse's ancestor.
* Hannah is Alexander's descendant.
* Paul is Kimberly's descendant.
* Rachel is Charles's descendant.
* Arthur is Natalie's ancestor.
* Jose is Willie's ancestor.
* Natalie is Deborah's ancestor.
* Terry is Cheryl's descendant.
* Arthur is Samantha's descendant.
* Sharon is Ann's descendant.
* Theresa is Sharon's descendant.
* Susan is Kelly's ancestor.
* Gerald is Christine's ancestor.
* Tyler is Judith's descendant.
* Denise is Daniel's ancestor.
* Betty is Megan's ancestor.
* Christian is Kenneth's ancestor.
* Willie is Larry's ancestor.
* Albert is Rachel's descendant.
* Victoria is Albert's descendant.
* Ralph is Eric's descendant.
* Jordan is Kimberly's ancestor.
* Virginia is Donna's ancestor.
* Benjamin is Donald's descendant.
* Susan is Janet's descendant.
* Laura is George's ancestor.
* Betty is Benjamin's descendant.
* Virginia is Megan's descendant.
* Bruce is Larry's descendant.
* Alexander is Olivia's descendant.
* Catherine is Brandon's descendant.
* Joseph is Marie's descendant.
* Nicholas is Gerald's ancestor.
* Christian is Tyler's descendant.
* Jeremy is Deborah's descendant.
* Christina is Martha's ancestor.
* Donald is Paul's descendant.
* Gabriel is Bruce's descendant.
* Janet is Adam's ancestor.
* Cheryl is Adam's descendant.
* Jordan is Linda's descendant.
* Hannah is Laura's ancestor.
* Jeremy is Linda's ancestor.
* Ann is Andrea's descendant.
* Elijah is Jennifer's ancestor.
* Anna is George's descendant.
* Donna is Jose's ancestor.
* Daniel is Marie's ancestor.
* Theresa is Samantha's ancestor.
* Joseph is Charles's ancestor.
* Martha is Amber's ancestor.
* Christine is Judith's ancestor.
* Eric is Jennifer's descendant.
* Lauren is Anna's descendant.
* Elijah is Gabriel's descendant.
* Maria is Denise's ancestor.
* Brandon is Amber's descendant.
* Jesse is Joan's ancestor.
* Maria is Terry's descendant.
* Olivia is Catherine's descendant.
* Victoria is Christina's ancestor.
* Joan is Nicholas's ancestor.
* Kelly is Andrea's ancestor.
Determine the lineage relationship between Kenneth and Ralph.
Select the correct answer:
1. Kenneth is Ralph's ancestor.
2. Kenneth is Ralph's descendant.
3. Kenneth and Ralph share a common descendant.
4. Kenneth and Ralph share a common ancestor.
5. None of the above is correct.
Enclose the selected answer number in the <ANSWER> tag, for example: <ANSWER>1</ANSWER>.",qwen/qwen3.5-397b-a17b,Alibaba,,,"To determine the lineage relationship between Kenneth and Ralph, we need to trace their ancestry using the provided statements.

**Tracing Kenneth's Ancestry:**
1.  **Christian** is Kenneth's ancestor (Statement 17).
2.  **Tyler** is Christian's ancestor (Statement 34: Christian is Tyler's descendant).
3.  **Judith** is Tyler's ancestor (Statement 14: Tyler is Judith's descendant).
4.  **Christine** is Judith's ancestor (Statement 52).
5.  **Gerald** is Christine's ancestor (Statement 13).
6.  **Nicholas** is Gerald's ancestor (Statement 33).
7.  **Joan** is Nicholas's ancestor (Statement 62).
8.  **Jesse** is Joan's ancestor (Statement 58).
9.  **Lauren** is Jesse's ancestor (Statement 1).
10. **Anna** is Lauren's ancestor (Statement 54: Lauren is Anna's descendant).
11. **George** is Anna's ancestor (Statement 46: Anna is George's descendant).
12. **Laura** is George's ancestor (Statement 26).
13. **Hannah** is Laura's ancestor (Statement 42).
14. **Alexander** is Hannah's ancestor (Statement 2: Hannah is Alexander's descendant).
15. **Olivia** is Alexander's ancestor (Statement 30: Alexander is Olivia's descendant).
16. **Catherine** is Olivia's ancestor (Statement 60: Olivia is Catherine's descendant).
17. **Brandon** is Catherine's ancestor (Statement 31: Catherine is Brandon's descendant).
18. **Amber** is Brandon's ancestor (Statement 57: Brandon is Amber's descendant).
19. **Martha** is Amber's ancestor (Statement 51).
20. **Christina** is Martha's ancestor (Statement 36).
21. **Victoria** is Christina's ancestor (Statement 61).
22. **Albert** is Victoria's ancestor (Statement 20: Victoria is Albert's descendant).
23. **Rachel** is Albert's ancestor (Statement 19: Albert is Rachel's descendant).
24. **Charles** is Rachel's ancestor (Statement 4: Rachel is Charles's descendant).
25. **Joseph** is Charles's ancestor (Statement 50).
26. **Marie** is Joseph's ancestor (Statement 32: Joseph is Marie's descendant).
27. **Daniel** is Marie's ancestor (Statement 48).
28. **Denise** is Daniel's ancestor (Statement 15).
29. **Maria** is Denise's ancestor (Statement 56).
30. **Terry** is Maria's ancestor (Statement 59: Maria is Terry's descendant).
31. **Cheryl** is Terry's ancestor (Statement 8: Terry is Cheryl's descendant).
32. **Adam** is Cheryl's ancestor (Statement 40: Cheryl is Adam's descendant).
33. **Janet** is Adam's ancestor (Statement 39).

**Lineage for Kenneth:** Janet -> Adam -> ... -> Kenneth.

**Tracing Ralph's Ancestry:**
1.  **Eric** is Ralph's ancestor (Statement 21: Ralph is Eric's descendant).
2.  **Jennifer** is Eric's ancestor (Statement 53: Eric is Jennifer's descendant).
3.  **Elijah** is Jennifer's ancestor (Statement 45).
4.  **Gabriel** is Elijah's ancestor (Statement 55: Elijah is Gabriel's descendant).
5.  **Bruce** is Gabriel's ancestor (Statement 38: Gabriel is Bruce's descendant).
6.  **Larry** is Bruce's ancestor (Statement 29: Bruce is Larry's descendant).
7.  **Willie** is Larry's ancestor (Statement 18).
8.  **Jose** is Willie's ancestor (Statement 6).
9.  **Donna** is Jose's ancestor (Statement 47).
10. **Virginia** is Donna's ancestor (Statement 23).
11. **Megan** is Virginia's ancestor (Statement 28: Virginia is Megan's descendant).
12. **Betty** is Megan's ancestor (Statement 16).
13. **Benjamin** is Betty's ancestor (Statement 27: Betty is Benjamin's descendant).
14. **Donald** is Benjamin's ancestor (Statement 24: Benjamin is Donald's descendant).
15. **Paul** is Donald's ancestor (Statement 37: Donald is Paul's descendant).
16. **Kimberly** is Paul's ancestor (Statement 3: Paul is Kimberly's descendant).
17. **Jordan** is Kimberly's ancestor (Statement 22).
18. **Linda** is Jordan's ancestor (Statement 41: Jordan is Linda's descendant).
19. **Jeremy** is Linda's ancestor (Statement 43).
20. **Deborah** is Jeremy's ancestor (Statement 35: Jeremy is Deborah's descendant).
21. **Natalie** is Deborah's ancestor (Statement 7).
22. **Arthur** is Natalie's ancestor (Statement 5).
23. **Samantha** is Arthur's ancestor (Statement 9: Arthur is Samantha's descendant).
24. **Theresa** is Samantha's ancestor (Statement 49).
25. **Sharon** is Theresa's ancestor (Statement 11: Theresa is Sharon's descendant).
26. **Ann** is Sharon's ancestor (Statement 10: Sharon is Ann's descendant).
27. **Andrea** is Ann's ancestor (Statement 44: Ann is Andrea's descendant).
28. **Kelly** is Andrea's ancestor (Statement 63).
29. **Susan** is Kelly's ancestor (Statement 12).
30. **Janet** is Susan's ancestor (Statement 25: Susan is Janet's descendant).

**Lineage for Ralph:** Janet -> Susan -> ... -> Ralph.

**Conclusion:**
Both Kenneth and Ralph are descendants of **Janet**.
*   Kenneth descends from Janet through Adam.
*   Ralph descends from Janet through Susan.
Since they both descend from Janet, they share a common ancestor. There is no information indicating that one is the ancestor of the other, nor that they share a common descendant (both appear to be leaf nodes in the provided data).

Therefore, the correct relationship is that they share a common ancestor.

<ANSWER>4</ANSWER>"
64,COMMON_DESCENDANT,1,"Given the following lineage relationships:
* Denise is Emma's ancestor.
* Adam is Dylan's descendant.
* Anthony is Ronald's descendant.
* Sophia is Terry's ancestor.
* Douglas is Frances's ancestor.
* Elijah is Justin's descendant.
* Gloria is Nathan's descendant.
* Jeremy is Matthew's descendant.
* Gary is Kathryn's ancestor.
* Kyle is Anthony's descendant.
* Emily is Anna's ancestor.
* Samantha is Randy's ancestor.
* Jeremy is Ethan's ancestor.
* Gary is Janet's descendant.
* Walter is Jerry's descendant.
* Virginia is Deborah's ancestor.
* Deborah is Jerry's ancestor.
* Justin is Arthur's descendant.
* Melissa is Wayne's descendant.
* Stephen is Catherine's ancestor.
* Jacqueline is Kenneth's descendant.
* Helen is Carl's descendant.
* Evelyn is Sandra's descendant.
* Stephen is Edward's descendant.
* Ethan is Edward's ancestor.
* Bruce is Russell's descendant.
* Grace is Janice's descendant.
* Melissa is Gabriel's ancestor.
* Frances is Dylan's ancestor.
* Debra is Wayne's ancestor.
* Matthew is Emma's descendant.
* Gerald is Kathryn's descendant.
* Adam is Dorothy's ancestor.
* Patricia is Elijah's descendant.
* Arthur is Charles's descendant.
* Catherine is Madison's ancestor.
* Hannah is Ann's descendant.
* Patrick is Bruce's descendant.
* Theresa is Janet's ancestor.
* Terry is Virginia's ancestor.
* Patricia is Bradley's ancestor.
* Willie is Anna's descendant.
* Patrick is Emily's ancestor.
* Nathan is Aaron's descendant.
* Keith is Gloria's descendant.
* Jordan is Helen's descendant.
* Carl is Walter's descendant.
* Hannah is Sophia's ancestor.
* Madison is Sean's ancestor.
* Sean is Pamela's ancestor.
* Denise is Kyle's descendant.
* Charles is Jacqueline's descendant.
* Dorothy is Gabriel's ancestor.
* Grace is Ann's ancestor.
* Bradley is Theresa's ancestor.
* Brenda is Russell's ancestor.
* Randy is Janice's ancestor.
* Pamela is Aaron's ancestor.
* Kenneth is Evelyn's descendant.
* Samantha is Willie's descendant.
* Gerald is Debra's ancestor.
* Keith is Sandra's ancestor.
* Douglas is Jordan's descendant.
Determine the lineage relationship between Brenda and Ronald.
Select the correct answer:
1. Brenda and Ronald share a common descendant.
2. Brenda is Ronald's descendant.
3. Brenda and Ronald share a common ancestor.
4. Brenda is Ronald's ancestor.
5. None of the above is correct.
Enclose the selected answer number in the <ANSWER> tag, for example: <ANSWER>1</ANSWER>.",qwen/qwen3.5-397b-a17b,Alibaba,,,"To determine the lineage relationship between Brenda and Ronald, we need to trace their respective family trees based on the provided statements to see if they connect.

**1. Tracing Brenda's Lineage:**
*   **Brenda** is Russell's ancestor. (Brenda $\rightarrow$ Russell)
*   Bruce is Russell's descendant. (Russell $\rightarrow$ Bruce)
*   Patrick is Bruce's descendant. (Bruce $\rightarrow$ Patrick)
*   Patrick is Emily's ancestor. (Patrick $\rightarrow$ Emily)
*   Emily is Anna's ancestor. (Emily $\rightarrow$ Anna)
*   Willie is Anna's descendant. (Anna $\rightarrow$ Willie)
*   Samantha is Willie's descendant. (Willie $\rightarrow$ Samantha)
*   Samantha is Randy's ancestor. (Samantha $\rightarrow$ Randy)
*   Randy is Janice's ancestor. (Randy $\rightarrow$ Janice)
*   Grace is Janice's descendant. (Janice $\rightarrow$ Grace)
*   Grace is Ann's ancestor. (Grace $\rightarrow$ Ann)
*   Hannah is Ann's descendant. (Ann $\rightarrow$ Hannah)
*   Hannah is Sophia's ancestor. (Hannah $\rightarrow$ Sophia)
*   Sophia is Terry's ancestor. (Sophia $\rightarrow$ Terry)
*   Terry is Virginia's ancestor. (Terry $\rightarrow$ Virginia)
*   Virginia is Deborah's ancestor. (Virginia $\rightarrow$ Deborah)
*   Deborah is Jerry's ancestor. (Deborah $\rightarrow$ Jerry)
*   Walter is Jerry's descendant. (Jerry $\rightarrow$ Walter)
*   Carl is Walter's descendant. (Walter $\rightarrow$ Carl)
*   Helen is Carl's descendant. (Carl $\rightarrow$ Helen)
*   Jordan is Helen's descendant. (Helen $\rightarrow$ Jordan)
*   Douglas is Jordan's descendant. (Jordan $\rightarrow$ Douglas)
*   Douglas is Frances's ancestor. (Douglas $\rightarrow$ Frances)
*   Frances is Dylan's ancestor. (Frances $\rightarrow$ Dylan)
*   Adam is Dylan's descendant. (Dylan $\rightarrow$ Adam)
*   Adam is Dorothy's ancestor. (Adam $\rightarrow$ Dorothy)
*   **Dorothy is Gabriel's ancestor.** (Dorothy $\rightarrow$ Gabriel)

**Path:** Brenda $\rightarrow$ ... $\rightarrow$ Dorothy $\rightarrow$ **Gabriel**.
**Conclusion:** Brenda is an ancestor of Gabriel.

**2. Tracing Ronald's Lineage:**
*   **Ronald** is Anthony's ancestor (Anthony is Ronald's descendant). (Ronald $\rightarrow$ Anthony)
*   Kyle is Anthony's descendant. (Anthony $\rightarrow$ Kyle)
*   Denise is Kyle's descendant. (Kyle $\rightarrow$ Denise)
*   Denise is Emma's ancestor. (Denise $\rightarrow$ Emma)
*   Matthew is Emma's descendant. (Emma $\rightarrow$ Matthew)
*   Jeremy is Matthew's descendant. (Matthew $\rightarrow$ Jeremy)
*   Jeremy is Ethan's ancestor. (Jeremy $\rightarrow$ Ethan)
*   Ethan is Edward's ancestor. (Ethan $\rightarrow$ Edward)
*   Stephen is Edward's descendant. (Edward $\rightarrow$ Stephen)
*   Stephen is Catherine's ancestor. (Stephen $\rightarrow$ Catherine)
*   Catherine is Madison's ancestor. (Catherine $\rightarrow$ Madison)
*   Madison is Sean's ancestor. (Madison $\rightarrow$ Sean)
*   Sean is Pamela's ancestor. (Sean $\rightarrow$ Pamela)
*   Pamela is Aaron's ancestor. (Pamela $\rightarrow$ Aaron)
*   Nathan is Aaron's descendant. (Aaron $\rightarrow$ Nathan)
*   Gloria is Nathan's descendant. (Nathan $\rightarrow$ Gloria)
*   Keith is Gloria's descendant. (Gloria $\rightarrow$ Keith)
*   Keith is Sandra's ancestor. (Keith $\rightarrow$ Sandra)
*   Evelyn is Sandra's descendant. (Sandra $\rightarrow$ Evelyn)
*   Kenneth is Evelyn's descendant. (Evelyn $\rightarrow$ Kenneth)
*   Jacqueline is Kenneth's descendant. (Kenneth $\rightarrow$ Jacqueline)
*   Charles is Jacqueline's descendant. (Jacqueline $\rightarrow$ Charles)
*   Arthur is Charles's descendant. (Charles $\rightarrow$ Arthur)
*   Justin is Arthur's descendant. (Arthur $\rightarrow$ Justin)
*   Elijah is Justin's descendant. (Justin $\rightarrow$ Elijah)
*   Patricia is Elijah's descendant. (Elijah $\rightarrow$ Patricia)
*   Patricia is Bradley's ancestor. (Patricia $\rightarrow$ Bradley)
*   Bradley is Theresa's ancestor. (Bradley $\rightarrow$ Theresa)
*   Theresa is Janet's ancestor. (Theresa $\rightarrow$ Janet)
*   Gary is Janet's descendant. (Janet $\rightarrow$ Gary)
*   Gary is Kathryn's ancestor. (Gary $\rightarrow$ Kathryn)
*   Gerald is Kathryn's descendant. (Kathryn $\rightarrow$ Gerald)
*   Gerald is Debra's ancestor. (Gerald $\rightarrow$ Debra)
*   Debra is Wayne's ancestor. (Debra $\rightarrow$ Wayne)
*   Melissa is Wayne's descendant. (Wayne $\rightarrow$ Melissa)
*   **Melissa is Gabriel's ancestor.** (Melissa $\rightarrow$ Gabriel)

**Path:** Ronald $\rightarrow$ ... $\rightarrow$ Melissa $\rightarrow$ **Gabriel**.
**Conclusion:** Ronald is an ancestor of Gabriel.

**3. Determining the Relationship:**
Both Brenda and Ronald are ancestors of **Gabriel**. There are no overlapping names in their respective chains (other than Gabriel) that would indicate one is the ancestor of the other (e.g., Brenda is not in Ronald's chain, and Ronald is not in Brenda's chain). Therefore, the defined relationship is that they share a common descendant.

<ANSWER>1</ANSWER>"
64,ANCESTOR,3,"Given the following lineage relationships:
* Kenneth is Joan's descendant.
* Judith is Anna's descendant.
* Rachel is Lori's descendant.
* Daniel is Sarah's ancestor.
* Amber is Bryan's descendant.
* Hannah is Jonathan's descendant.
* Peter is Walter's ancestor.
* Jessica is Megan's descendant.
* Bradley is Margaret's ancestor.
* Carol is Thomas's ancestor.
* Jonathan is Raymond's descendant.
* Mark is Kimberly's ancestor.
* Megan is Hannah's descendant.
* Walter is Emily's ancestor.
* Jacob is Wayne's descendant.
* Steven is Elijah's descendant.
* Elizabeth is Raymond's ancestor.
* Frank is Jacob's descendant.
* Dylan is Elizabeth's ancestor.
* Bobby is Jessica's descendant.
* Nicole is Donald's ancestor.
* Elijah is Sarah's descendant.
* Paul is Daniel's ancestor.
* Bradley is Bobby's descendant.
* Bryan is Sara's descendant.
* Catherine is Paul's ancestor.
* Steven is Nicole's ancestor.
* Denise is Jordan's ancestor.
* Samantha is Charlotte's descendant.
* Sophia is Emily's descendant.
* James is Henry's ancestor.
* Debra is Donna's ancestor.
* Nicholas is Douglas's ancestor.
* Frances is Anna's ancestor.
* Keith is Patricia's descendant.
* Kenneth is Kathryn's ancestor.
* Andrew is Donald's descendant.
* Denise is Julia's descendant.
* Pamela is Mary's ancestor.
* Kathleen is Susan's ancestor.
* Jacqueline is Wayne's ancestor.
* Thomas is Dylan's ancestor.
* Charlotte is Jordan's descendant.
* Margaret is Russell's ancestor.
* Rachel is Marie's ancestor.
* Lori is Susan's descendant.
* William is Patricia's ancestor.
* James is Keith's descendant.
* Eric is Kimberly's descendant.
* Nicholas is Emma's descendant.
* Joan is Russell's descendant.
* Carol is Andrew's descendant.
* Jacqueline is Kathryn's descendant.
* Julia is Douglas's descendant.
* Kathleen is Eric's descendant.
* Debra is Marie's descendant.
* Emma is Mary's descendant.
* Frank is Pamela's ancestor.
* Frances is Samantha's descendant.
* Peter is Judith's descendant.
* Amber is William's ancestor.
* Catherine is Henry's descendant.
* Sara is Donna's descendant.
Determine the lineage relationship between Mark and Sophia.
Select the correct answer:
1. Mark is Sophia's descendant.
2. Mark and Sophia share a common ancestor.
3. Mark is Sophia's ancestor.
4. Mark and Sophia share a common descendant.
5. None of the above is correct.
Enclose the selected answer number in the <ANSWER> tag, for example: <ANSWER>1</ANSWER>.",qwen/qwen3.5-397b-a17b,Alibaba,,,<ANSWER>3</ANSWER>
64,DESCENDANT,3,"Given the following lineage relationships:
* Alexis is Stephanie's ancestor.
* Alexander is Emily's ancestor.
* Emma is Rachel's ancestor.
* Susan is Lawrence's descendant.
* Kelly is Alexis's ancestor.
* Scott is John's descendant.
* Keith is Albert's ancestor.
* Scott is Andrew's ancestor.
* Kelly is Anna's descendant.
* Christine is Heather's descendant.
* Grace is Susan's descendant.
* Kimberly is Cynthia's ancestor.
* Stephanie is Deborah's ancestor.
* Emma is Gerald's descendant.
* Doris is Anna's ancestor.
* Abigail is Hannah's ancestor.
* Roger is Christine's descendant.
* Tyler is Brandon's ancestor.
* Bradley is Peter's ancestor.
* Thomas is Joshua's descendant.
* Stephen is Samantha's descendant.
* Lauren is Michael's descendant.
* Justin is Beverly's ancestor.
* Kathryn is Albert's descendant.
* Michael is Rachel's descendant.
* Jean is Donald's descendant.
* Madison is Barbara's ancestor.
* Randy is Sara's descendant.
* Brenda is Thomas's descendant.
* John is Henry's descendant.
* Ann is Samantha's ancestor.
* David is Roger's descendant.
* Robert is Matthew's ancestor.
* Jacqueline is Kathryn's descendant.
* Carolyn is Bradley's ancestor.
* Cynthia is Henry's ancestor.
* Brenda is Donald's ancestor.
* Sara is Stephen's descendant.
* Barbara is Robert's ancestor.
* Dorothy is Hannah's descendant.
* Catherine is Heather's ancestor.
* Abigail is Emily's descendant.
* Sharon is Katherine's descendant.
* Keith is Dorothy's descendant.
* Sharon is Jeremy's ancestor.
* Bobby is Kimberly's ancestor.
* Matthew is Joshua's ancestor.
* Alan is Peter's descendant.
* Carolyn is Jeremy's descendant.
* Lawrence is Brandon's descendant.
* Jack is Nicole's descendant.
* Lauren is Doris's ancestor.
* Grace is Catherine's ancestor.
* Alan is Tyler's ancestor.
* Andrea is Bobby's ancestor.
* Alexander is Randy's descendant.
* Madison is Kyle's descendant.
* Kyle is Andrew's descendant.
* Deborah is Andrea's ancestor.
* Jack is Ann's ancestor.
* David is Justin's ancestor.
* Katherine is Jacqueline's descendant.
* Jean is Nicole's ancestor.
Determine the lineage relationship between Beverly and Gerald.
Select the correct answer:
1. Beverly and Gerald share a common descendant.
2. Beverly is Gerald's ancestor.
3. Beverly is Gerald's descendant.
4. Beverly and Gerald share a common ancestor.
5. None of the above is correct.
Enclose the selected answer number in the <ANSWER> tag, for example: <ANSWER>1</ANSWER>.",qwen/qwen3.5-397b-a17b,Alibaba,,,"To determine the relationship between Beverly and Gerald, we can trace the lineage connections provided in the text. We will establish a chain of ancestors and descendants linking the two individuals.

**Step 1: Identify the starting point and direction.**
We look for mentions of ""Gerald"" and ""Beverly"".
*   ""Emma is Gerald's descendant."" (Gerald $\rightarrow$ Emma)
*   ""Justin is Beverly's ancestor."" (Justin $\rightarrow$ Beverly)

We need to find a path from Gerald to Justin (or Beverly) or vice versa.

**Step 2: Construct the lineage chain.**
Let's follow the relationships from Gerald downwards:
1.  **Gerald** $\rightarrow$ Emma (Emma is Gerald's descendant)
2.  **Emma** $\rightarrow$ Rachel (Emma is Rachel's ancestor)
3.  **Rachel** $\rightarrow$ Michael (Michael is Rachel's descendant)
4.  **Michael** $\rightarrow$ Lauren (Lauren is Michael's descendant)
5.  **Lauren** $\rightarrow$ Doris (Lauren is Doris's ancestor)
6.  **Doris** $\rightarrow$ Anna (Doris is Anna's ancestor)
7.  **Anna** $\rightarrow$ Kelly (Kelly is Anna's descendant)
8.  **Kelly** $\rightarrow$ Alexis (Kelly is Alexis's ancestor)
9.  **Alexis** $\rightarrow$ Stephanie (Alexis is Stephanie's ancestor)
10. **Stephanie** $\rightarrow$ Deborah (Stephanie is Deborah's ancestor)
11. **Deborah** $\rightarrow$ Andrea (Deborah is Andrea's ancestor)
12. **Andrea** $\rightarrow$ Bobby (Andrea is Bobby's ancestor)
13. **Bobby** $\rightarrow$ Kimberly (Bobby is Kimberly's ancestor)
14. **Kimberly** $\rightarrow$ Cynthia (Kimberly is Cynthia's ancestor)
15. **Cynthia** $\rightarrow$ Henry (Cynthia is Henry's ancestor)
16. **Henry** $\rightarrow$ John (John is Henry's descendant)
17. **John** $\rightarrow$ Scott (Scott is John's descendant)
18. **Scott** $\rightarrow$ Andrew (Scott is Andrew's ancestor)
19. **Andrew** $\rightarrow$ Kyle (Kyle is Andrew's descendant)
20. **Kyle** $\rightarrow$ Madison (Madison is Kyle's descendant)
21. **Madison** $\rightarrow$ Barbara (Madison is Barbara's ancestor)
22. **Barbara** $\rightarrow$ Robert (Barbara is Robert's ancestor)
23. **Robert** $\rightarrow$ Matthew (Robert is Matthew's ancestor)
24. **Matthew** $\rightarrow$ Joshua (Matthew is Joshua's ancestor)
25. **Joshua** $\rightarrow$ Thomas (Thomas is Joshua's descendant)
26. **Thomas** $\rightarrow$ Brenda (Brenda is Thomas's descendant)
27. **Brenda** $\rightarrow$ Donald (Brenda is Donald's ancestor)
28. **Donald** $\rightarrow$ Jean (Jean is Donald's descendant)
29. **Jean** $\rightarrow$ Nicole (Jean is Nicole's ancestor)
30. **Nicole** $\rightarrow$ Jack (Jack is Nicole's descendant)
31. **Jack** $\rightarrow$ Ann (Jack is Ann's ancestor)
32. **Ann** $\rightarrow$ Samantha (Ann is Samantha's ancestor)
33. **Samantha** $\rightarrow$ Stephen (Stephen is Samantha's descendant)
34. **Stephen** $\rightarrow$ Sara (Sara is Stephen's descendant)
35. **Sara** $\rightarrow$ Randy (Randy is Sara's descendant)
36. **Randy** $\rightarrow$ Alexander (Alexander is Randy's descendant)
37. **Alexander** $\rightarrow$ Emily (Alexander is Emily's ancestor)
38. **Emily** $\rightarrow$ Abigail (Abigail is Emily's descendant)
39. **Abigail** $\rightarrow$ Hannah (Abigail is Hannah's ancestor)
40. **Hannah** $\rightarrow$ Dorothy (Dorothy is Hannah's descendant)
41. **Dorothy** $\rightarrow$ Keith (Keith is Dorothy's descendant)
42. **Keith** $\rightarrow$ Albert (Keith is Albert's ancestor)
43. **Albert** $\rightarrow$ Kathryn (Kathryn is Albert's descendant)
44. **Kathryn** $\rightarrow$ Jacqueline (Jacqueline is Kathryn's descendant)
45. **Jacqueline** $\rightarrow$ Katherine (Katherine is Jacqueline's descendant)
46. **Katherine** $\rightarrow$ Sharon (Sharon is Katherine's descendant)
47. **Sharon** $\rightarrow$ Jeremy (Sharon is Jeremy's ancestor)
48. **Jeremy** $\rightarrow$ Carolyn (Carolyn is Jeremy's descendant)
49. **Carolyn** $\rightarrow$ Bradley (Carolyn is Bradley's ancestor)
50. **Bradley** $\rightarrow$ Peter (Bradley is Peter's ancestor)
51. **Peter** $\rightarrow$ Alan (Alan is Peter's descendant)
52. **Alan** $\rightarrow$ Tyler (Alan is Tyler's ancestor)
53. **Tyler** $\rightarrow$ Brandon (Tyler is Brandon's ancestor)
54. **Brandon** $\rightarrow$ Lawrence (Lawrence is Brandon's descendant)
55. **Lawrence** $\rightarrow$ Susan (Susan is Lawrence's descendant)
56. **Susan** $\rightarrow$ Grace (Grace is Susan's descendant)
57. **Grace** $\rightarrow$ Catherine (Grace is Catherine's ancestor)
58. **Catherine** $\rightarrow$ Heather (Catherine is Heather's ancestor)
59. **Heather** $\rightarrow$ Christine (Christine is Heather's descendant)
60. **Christine** $\rightarrow$ Roger (Roger is Christine's descendant)
61. **Roger** $\rightarrow$ David (David is Roger's descendant)
62. **David** $\rightarrow$ Justin (David is Justin's ancestor)
63. **Justin** $\rightarrow$ Beverly (Justin is Beverly's ancestor)

**Step 3: Analyze the result.**
The chain establishes a direct line of descent from Gerald to Beverly.
Gerald is the ancestor at the beginning of the chain.
Beverly is the descendant at the end of the chain.
Therefore, Beverly is Gerald's descendant.

This corresponds to option 3.

<ANSWER>3</ANSWER>"
64,COMMON_ANCESTOR,4,"Given the following lineage relationships:
* Jessica is Jordan's descendant.
* Alan is Marilyn's descendant.
* Tyler is Lauren's descendant.
* Gregory is Nancy's descendant.
* Juan is Marilyn's ancestor.
* Nancy is Gerald's descendant.
* Joe is Aaron's ancestor.
* Frank is Bruce's descendant.
* Grace is Robert's ancestor.
* Jeremy is Janet's descendant.
* Austin is Jesse's descendant.
* Deborah is Joshua's ancestor.
* Barbara is Arthur's ancestor.
* Logan is Russell's ancestor.
* Kathryn is Bradley's descendant.
* Debra is Jeremy's descendant.
* Gabriel is Christina's descendant.
* Mary is Carl's descendant.
* Amber is Kevin's ancestor.
* Eugene is Kevin's descendant.
* Patricia is Robert's descendant.
* Dorothy is Marie's descendant.
* Gabriel is Marie's ancestor.
* Bruce is Melissa's descendant.
* Lauren is Julie's descendant.
* Beverly is Judith's descendant.
* Jessica is Gerald's ancestor.
* Diana is Dorothy's descendant.
* Justin is Rebecca's ancestor.
* Russell is Carl's ancestor.
* Aaron is Melissa's ancestor.
* Isabella is Joan's descendant.
* Jacqueline is Judith's ancestor.
* Frank is Christina's ancestor.
* Jordan is Deborah's ancestor.
* Mason is Christian's ancestor.
* Kathryn is Alexander's ancestor.
* Doris is Rebecca's descendant.
* Jesse is Doris's descendant.
* Steven is Gregory's descendant.
* Patricia is Juan's ancestor.
* Shirley is Alexander's descendant.
* Isabella is Julie's ancestor.
* Joshua is Mason's ancestor.
* Amber is Debra's descendant.
* Kelly is Betty's descendant.
* Steven is Justin's ancestor.
* Christian is Walter's ancestor.
* Stephen is Austin's descendant.
* Lisa is Kelly's descendant.
* Joan is Walter's descendant.
* Lisa is Jacqueline's ancestor.
* Eugene is Barbara's ancestor.
* Emily is Edward's ancestor.
* Joe is Beverly's descendant.
* Alan is Betty's ancestor.
* Charlotte is Bradley's ancestor.
* Tyler is Emily's ancestor.
* Grace is Jonathan's descendant.
* Charlotte is Stephen's descendant.
* Edward is Jonathan's ancestor.
* Logan is Diana's descendant.
* Shirley is Janet's ancestor.
Determine the lineage relationship between Arthur and Mary.
Select the correct answer:
1. Arthur is Mary's ancestor.
2. Arthur is Mary's descendant.
3. Arthur and Mary share a common descendant.
4. Arthur and Mary share a common ancestor.
5. None of the above is correct.
Enclose the selected answer number in the <ANSWER> tag, for example: <ANSWER>1</ANSWER>.",qwen/qwen3.5-397b-a17b,Alibaba,,,<ANSWER>4</ANSWER>
64,COMMON_DESCENDANT,1,"Given the following lineage relationships:
* Eugene is Virginia's ancestor.
* Sandra is Samantha's descendant.
* Pamela is Denise's descendant.
* Alexis is Jacob's descendant.
* Andrea is Emma's descendant.
* Dylan is Dorothy's ancestor.
* Amber is Kevin's ancestor.
* Vincent is John's descendant.
* Patrick is Kelly's ancestor.
* Dylan is Megan's descendant.
* Lauren is Jordan's ancestor.
* Ruth is Elizabeth's ancestor.
* Natalie is Bryan's ancestor.
* Jordan is Alice's ancestor.
* Kayla is Stephen's descendant.
* Alexis is Jonathan's ancestor.
* Megan is Evelyn's descendant.
* Rebecca is Elizabeth's descendant.
* Julie is Eugene's ancestor.
* Amy is Doris's descendant.
* Helen is Gregory's descendant.
* Emily is Kelly's descendant.
* Wayne is Ryan's descendant.
* Frances is Joan's ancestor.
* Susan is Ruth's ancestor.
* Randy is Wayne's descendant.
* Denise is Helen's descendant.
* Ethan is Bryan's descendant.
* Amber is Jonathan's descendant.
* Natalie is Raymond's descendant.
* Jack is Stephanie's descendant.
* Mary is Diane's ancestor.
* Bobby is Raymond's ancestor.
* Patrick is Sara's descendant.
* Sarah is Jack's descendant.
* Larry is Bobby's ancestor.
* Jerry is Lori's descendant.
* Pamela is Stephanie's ancestor.
* Jacob is Ethan's descendant.
* Joan is John's ancestor.
* Frances is Jerry's descendant.
* Gregory is Dorothy's descendant.
* Evelyn is Sophia's descendant.
* Ryan is Diane's descendant.
* Jessica is Kayla's descendant.
* Philip is Maria's ancestor.
* Doris is Jessica's descendant.
* Susan is Sandra's descendant.
* Amy is Larry's ancestor.
* Anthony is Ashley's ancestor.
* Randy is Emily's ancestor.
* Lori is Cynthia's descendant.
* Maria is Stephen's ancestor.
* Rebecca is Cynthia's ancestor.
* Olivia is Lauren's ancestor.
* Julie is Bruce's descendant.
* Olivia is Kevin's descendant.
* Alice is Sara's ancestor.
* Sophia is Ashley's descendant.
* Vincent is Anthony's ancestor.
* Andrea is Bruce's ancestor.
* Philip is Sarah's descendant.
* Virginia is Mary's ancestor.
Determine the lineage relationship between Emma and Samantha.
Select the correct answer:
1. Emma and Samantha share a common descendant.
2. Emma is Samantha's descendant.
3. Emma is Samantha's ancestor.
4. Emma and Samantha share a common ancestor.
5. None of the above is correct.
Enclose the selected answer number in the <ANSWER> tag, for example: <ANSWER>1</ANSWER>.",qwen/qwen3.5-397b-a17b,Alibaba,,,<ANSWER>1</ANSWER>
64,ANCESTOR,1,"Given the following lineage relationships:
* Sarah is Jacob's descendant.
* Patricia is Anthony's descendant.
* Willie is Sara's descendant.
* Ronald is Virginia's ancestor.
* Scott is Barbara's ancestor.
* Henry is Janice's descendant.
* Philip is Brian's ancestor.
* Eric is Joshua's descendant.
* Evelyn is Bruce's ancestor.
* Bryan is Amber's ancestor.
* Olivia is Douglas's ancestor.
* Larry is Jonathan's descendant.
* George is Jacqueline's descendant.
* Willie is Jacob's ancestor.
* John is Sandra's descendant.
* Julia is Wayne's descendant.
* Gary is Andrea's ancestor.
* Julia is Scott's ancestor.
* Brittany is Betty's ancestor.
* Brian is Jason's ancestor.
* Gregory is Cheryl's descendant.
* Amber is Jean's ancestor.
* Kyle is Jean's descendant.
* Christian is Kevin's ancestor.
* Timothy is Alice's descendant.
* Bobby is Teresa's ancestor.
* Stephen is Bradley's ancestor.
* Judith is Ronald's ancestor.
* Bruce is Ralph's ancestor.
* Patricia is Joan's ancestor.
* Paul is Peter's ancestor.
* Angela is Douglas's descendant.
* Sophia is Sarah's descendant.
* Wayne is Betty's descendant.
* Teresa is Cheryl's ancestor.
* Rachel is Emma's descendant.
* Angela is Sandra's ancestor.
* Karen is Kyle's descendant.
* Sophia is Marilyn's ancestor.
* Andrew is Emma's ancestor.
* Paul is Marilyn's descendant.
* Jacqueline is Karen's descendant.
* Melissa is Nathan's descendant.
* Jordan is Stephen's ancestor.
* Bobby is Kevin's descendant.
* Bradley is Jonathan's ancestor.
* Nathan is James's descendant.
* Gloria is Rachel's descendant.
* Andrew is Larry's descendant.
* Henry is Judith's ancestor.
* Evelyn is Jason's descendant.
* Peter is Philip's ancestor.
* Janice is Barbara's descendant.
* Gregory is Anthony's ancestor.
* Jordan is Ralph's descendant.
* Timothy is James's ancestor.
* George is Alice's ancestor.
* Joan is Bryan's ancestor.
* Gloria is Brittany's ancestor.
* Melissa is Joshua's ancestor.
* John is Sara's ancestor.
* Virginia is Gary's ancestor.
* Eric is Olivia's ancestor.
Determine the lineage relationship between Christian and Andrea.
Select the correct answer:
1. Christian is Andrea's ancestor.
2. Christian and Andrea share a common ancestor.
3. Christian is Andrea's descendant.
4. Christian and Andrea share a common descendant.
5. None of the above is correct.
Enclose the selected answer number in the <ANSWER> tag, for example: <ANSWER>1</ANSWER>.",qwen/qwen3.5-397b-a17b,Alibaba,,,"To determine the lineage relationship between Christian and Andrea, we can trace the connections through the provided statements. We will build a chain starting from Christian and see if we can reach Andrea, keeping track of the direction (Ancestor $\to$ Descendant).

1.  **Christian** is Kevin's ancestor. (Christian $\to$ Kevin)
2.  Bobby is Kevin's descendant. (Kevin $\to$ Bobby)
3.  Bobby is Teresa's ancestor. (Bobby $\to$ Teresa)
4.  Teresa is Cheryl's ancestor. (Teresa $\to$ Cheryl)
5.  Gregory is Cheryl's descendant. (Cheryl $\to$ Gregory)
6.  Gregory is Anthony's ancestor. (Gregory $\to$ Anthony)
7.  Patricia is Anthony's descendant. (Anthony $\to$ Patricia)
8.  Patricia is Joan's ancestor. (Patricia $\to$ Joan)
9.  Joan is Bryan's ancestor. (Joan $\to$ Bryan)
10. Bryan is Amber's ancestor. (Bryan $\to$ Amber)
11. Amber is Jean's ancestor. (Amber $\to$ Jean)
12. Kyle is Jean's descendant. (Jean $\to$ Kyle)
13. Karen is Kyle's descendant. (Kyle $\to$ Karen)
14. Jacqueline is Karen's descendant. (Karen $\to$ Jacqueline)
15. George is Jacqueline's descendant. (Jacqueline $\to$ George)
16. George is Alice's ancestor. (George $\to$ Alice)
17. Timothy is Alice's descendant. (Alice $\to$ Timothy)
18. Timothy is James's ancestor. (Timothy $\to$ James)
19. Nathan is James's descendant. (James $\to$ Nathan)
20. Melissa is Nathan's descendant. (Nathan $\to$ Melissa)
21. Melissa is Joshua's ancestor. (Melissa $\to$ Joshua)
22. Eric is Joshua's descendant. (Joshua $\to$ Eric)
23. Eric is Olivia's ancestor. (Eric $\to$ Olivia)
24. Olivia is Douglas's ancestor. (Olivia $\to$ Douglas)
25. Angela is Douglas's descendant. (Douglas $\to$ Angela)
26. Angela is Sandra's ancestor. (Angela $\to$ Sandra)
27. John is Sandra's descendant. (Sandra $\to$ John)
28. John is Sara's ancestor. (John $\to$ Sara)
29. Willie is Sara's descendant. (Sara $\to$ Willie)
30. Willie is Jacob's ancestor. (Willie $\to$ Jacob)
31. Sarah is Jacob's descendant. (Jacob $\to$ Sarah)
32. Sophia is Sarah's descendant. (Sarah $\to$ Sophia)
33. Sophia is Marilyn's ancestor. (Sophia $\to$ Marilyn)
34. Paul is Marilyn's descendant. (Marilyn $\to$ Paul)
35. Paul is Peter's ancestor. (Paul $\to$ Peter)
36. Peter is Philip's ancestor. (Peter $\to$ Philip)
37. Philip is Brian's ancestor. (Philip $\to$ Brian)
38. Brian is Jason's ancestor. (Brian $\to$ Jason)
39. Evelyn is Jason's descendant. (Jason $\to$ Evelyn)
40. Evelyn is Bruce's ancestor. (Evelyn $\to$ Bruce)
41. Bruce is Ralph's ancestor. (Bruce $\to$ Ralph)
42. Jordan is Ralph's descendant. (Ralph $\to$ Jordan)
43. Jordan is Stephen's ancestor. (Jordan $\to$ Stephen)
44. Stephen is Bradley's ancestor. (Stephen $\to$ Bradley)
45. Bradley is Jonathan's ancestor. (Bradley $\to$ Jonathan)
46. Larry is Jonathan's descendant. (Jonathan $\to$ Larry)
47. Andrew is Larry's descendant. (Larry $\to$ Andrew)
48. Andrew is Emma's ancestor. (Andrew $\to$ Emma)
49. Rachel is Emma's descendant. (Emma $\to$ Rachel)
50. Gloria is Rachel's descendant. (Rachel $\to$ Gloria)
51. Gloria is Brittany's ancestor. (Gloria $\to$ Brittany)
52. Brittany is Betty's ancestor. (Brittany $\to$ Betty)
53. Wayne is Betty's descendant. (Betty $\to$ Wayne)
54. Julia is Wayne's descendant. (Wayne $\to$ Julia)
55. Julia is Scott's ancestor. (Julia $\to$ Scott)
56. Scott is Barbara's ancestor. (Scott $\to$ Barbara)
57. Janice is Barbara's descendant. (Barbara $\to$ Janice)
58. Henry is Janice's descendant. (Janice $\to$ Henry)
59. Henry is Judith's ancestor. (Henry $\to$ Judith)
60. Judith is Ronald's ancestor. (Judith $\to$ Ronald)
61. Ronald is Virginia's ancestor. (Ronald $\to$ Virginia)
62. Virginia is Gary's ancestor. (Virginia $\to$ Gary)
63. Gary is Andrea's ancestor. (Gary $\to$ Andrea)

By following the chain of relationships, we see that Christian is an ancestor of Kevin, who is an ancestor of Bobby, and so on, down the line until Gary, who is an ancestor of Andrea. Since the ""ancestor"" relationship is transitive, Christian is an ancestor of Andrea.

<ANSWER>1</ANSWER>"
64,DESCENDANT,3,"Given the following lineage relationships:
* Frank is Scott's ancestor.
* Richard is Elizabeth's ancestor.
* Grace is Susan's ancestor.
* Gabriel is Sean's descendant.
* Bryan is Russell's ancestor.
* Lori is Anthony's ancestor.
* Juan is James's descendant.
* Harold is Michelle's ancestor.
* Elizabeth is Robert's ancestor.
* Olivia is Andrea's ancestor.
* Tyler is Samantha's descendant.
* Billy is Logan's descendant.
* Anthony is Sara's ancestor.
* Laura is Sara's descendant.
* Frank is Christopher's descendant.
* Hannah is Elijah's ancestor.
* Rachel is Arthur's ancestor.
* Rachel is Jesse's descendant.
* Marie is Robert's descendant.
* Nicole is Kyle's ancestor.
* Douglas is Jessica's ancestor.
* Kimberly is John's descendant.
* Kyle is Richard's ancestor.
* Daniel is Angela's ancestor.
* Kelly is Samantha's ancestor.
* Marie is Kelly's ancestor.
* Natalie is Lori's ancestor.
* Gabriel is Grace's ancestor.
* Donna is Jeremy's ancestor.
* Susan is Walter's ancestor.
* John is Ralph's descendant.
* Janet is Bobby's descendant.
* Laura is Jacob's ancestor.
* Jason is Jose's descendant.
* Andrea is Donna's ancestor.
* Michelle is Andrew's ancestor.
* Russell is James's ancestor.
* Aaron is Ralph's ancestor.
* Hannah is Juan's descendant.
* Beverly is Isabella's ancestor.
* Jennifer is Daniel's ancestor.
* Jesse is Jeremy's descendant.
* Joe is Douglas's ancestor.
* Kayla is Brian's ancestor.
* Jacqueline is Jessica's descendant.
* Arthur is Aaron's ancestor.
* Elijah is Nicole's ancestor.
* Harold is Billy's descendant.
* Natalie is Angela's descendant.
* Olivia is Rebecca's descendant.
* Jason is Bryan's ancestor.
* Kayla is Kimberly's descendant.
* Sean is Joshua's descendant.
* Christine is Christopher's ancestor.
* Beverly is Jacqueline's descendant.
* Jacob is Bobby's ancestor.
* Tyler is Rebecca's ancestor.
* Joe is Walter's descendant.
* Christine is Isabella's descendant.
* Logan is Brian's descendant.
* Andrew is Jennifer's ancestor.
* Janet is Joshua's ancestor.
* Emma is Jose's ancestor.
Determine the lineage relationship between Scott and Emma.
Select the correct answer:
1. Scott is Emma's ancestor.
2. Scott and Emma share a common descendant.
3. Scott is Emma's descendant.
4. Scott and Emma share a common ancestor.
5. None of the above is correct.
Enclose the selected answer number in the <ANSWER> tag, for example: <ANSWER>1</ANSWER>.",qwen/qwen3.5-397b-a17b,Alibaba,,,<ANSWER>3</ANSWER>
64,COMMON_ANCESTOR,3,"Given the following lineage relationships:
* Vincent is Isabella's ancestor.
* Austin is Anna's ancestor.
* Ronald is Benjamin's descendant.
* Ethan is Austin's ancestor.
* Randy is Ann's descendant.
* Richard is Raymond's ancestor.
* Joseph is Zachary's ancestor.
* Dennis is Larry's descendant.
* Teresa is Noah's descendant.
* Joseph is Doris's ancestor.
* Billy is Catherine's ancestor.
* Larry is Danielle's descendant.
* Sean is Raymond's descendant.
* Denise is Lori's ancestor.
* Gabriel is Julie's descendant.
* Randy is Patrick's ancestor.
* Laura is Rachel's ancestor.
* Patrick is Frank's ancestor.
* Martha is Megan's descendant.
* Vincent is Lori's descendant.
* Gabriel is Richard's ancestor.
* Teresa is Judith's ancestor.
* Eugene is Joe's ancestor.
* Bradley is Isabella's descendant.
* Maria is Martha's descendant.
* Carol is Mark's descendant.
* David is Samantha's ancestor.
* Emma is Carol's descendant.
* Billy is Nicole's descendant.
* Julia is Emma's descendant.
* Brenda is Walter's descendant.
* Denise is Stephanie's descendant.
* Maria is Ann's ancestor.
* Stephen is Jessica's descendant.
* Sean is Eugene's ancestor.
* Ronald is Marilyn's ancestor.
* Carl is Philip's descendant.
* Joe is Laura's ancestor.
* Judith is Jacqueline's ancestor.
* Jessica is Aaron's descendant.
* Marilyn is Ethan's ancestor.
* Heather is Julia's descendant.
* Hannah is Brenda's descendant.
* Jacqueline is Danielle's ancestor.
* Rebecca is Nicole's ancestor.
* Stephanie is Elijah's descendant.
* Evelyn is Walter's ancestor.
* Megan is Anna's descendant.
* Frank is Noah's ancestor.
* Hannah is Aaron's ancestor.
* Samantha is Evelyn's ancestor.
* Benjamin is Kyle's descendant.
* Elijah is Rachel's descendant.
* Melissa is Katherine's ancestor.
* Julie is Zachary's descendant.
* Doris is Mark's ancestor.
* Melissa is Donald's descendant.
* Dennis is Rebecca's ancestor.
* Heather is Kyle's ancestor.
* Bradley is David's ancestor.
* Brian is Carl's descendant.
* Stephen is Philip's ancestor.
* Brian is Donald's ancestor.
Determine the lineage relationship between Katherine and Catherine.
Select the correct answer:
1. Katherine is Catherine's ancestor.
2. Katherine is Catherine's descendant.
3. Katherine and Catherine share a common ancestor.
4. Katherine and Catherine share a common descendant.
5. None of the above is correct.
Enclose the selected answer number in the <ANSWER> tag, for example: <ANSWER>1</ANSWER>.",qwen/qwen3.5-397b-a17b,Alibaba,,,<ANSWER>3</ANSWER>
64,COMMON_DESCENDANT,4,"Given the following lineage relationships:
* Alice is Michelle's ancestor.
* Eugene is Samantha's ancestor.
* Doris is Aaron's descendant.
* Bryan is Patricia's descendant.
* Jordan is Harold's descendant.
* Timothy is Noah's descendant.
* Joyce is Joan's descendant.
* Scott is Sophia's descendant.
* Brian is Karen's descendant.
* Lawrence is Marie's ancestor.
* Judy is Christina's ancestor.
* Margaret is Daniel's descendant.
* Harold is Madison's descendant.
* Christina is Bradley's ancestor.
* Barbara is Peter's descendant.
* Jose is Alexander's ancestor.
* Jose is Richard's descendant.
* Austin is Rachel's descendant.
* Bradley is Ralph's ancestor.
* Marie is Joan's ancestor.
* Douglas is Austin's descendant.
* Richard is Doris's descendant.
* Evelyn is Shirley's descendant.
* Jack is Eugene's ancestor.
* Terry is George's descendant.
* Donald is Scott's descendant.
* Amanda is Ryan's descendant.
* Matthew is Timothy's descendant.
* Aaron is Melissa's descendant.
* Andrea is Arthur's ancestor.
* Mary is Janet's ancestor.
* Betty is Hannah's ancestor.
* Rachel is Donald's descendant.
* Arthur is Kenneth's descendant.
* Alice is Douglas's descendant.
* Dorothy is Katherine's descendant.
* James is Mason's descendant.
* James is Karen's ancestor.
* Brandon is Anthony's ancestor.
* Mason is Anthony's descendant.
* Amanda is Kenneth's ancestor.
* Katherine is Janet's descendant.
* Brandon is Dorothy's descendant.
* Jack is Ralph's descendant.
* Theresa is Peter's ancestor.
* Michelle is Betty's ancestor.
* Charlotte is Carol's ancestor.
* Elijah is Nicole's descendant.
* Patricia is Carol's descendant.
* Jordan is Noah's ancestor.
* Hannah is Daniel's ancestor.
* Alexander is Andrea's ancestor.
* Matthew is Mary's ancestor.
* Joyce is Melissa's ancestor.
* Barbara is Nicole's ancestor.
* Brian is Lawrence's ancestor.
* Elijah is Kevin's ancestor.
* George is Samantha's descendant.
* Bryan is Ryan's ancestor.
* Sophia is Kevin's descendant.
* Margaret is Judy's ancestor.
* Charlotte is Terry's descendant.
* Theresa is Evelyn's descendant.
Determine the lineage relationship between Madison and Shirley.
Select the correct answer:
1. Madison is Shirley's ancestor.
2. Madison is Shirley's descendant.
3. Madison and Shirley share a common ancestor.
4. Madison and Shirley share a common descendant.
5. None of the above is correct.
Enclose the selected answer number in the <ANSWER> tag, for example: <ANSWER>1</ANSWER>.",qwen/qwen3.5-397b-a17b,Alibaba,,,"To determine the lineage relationship between Madison and Shirley, we trace the ancestry lines provided in the statements.

**1. Tracing Madison's Lineage:**
*   **Madison** is Harold's ancestor (Harold is Madison's descendant).
*   Harold is Jordan's ancestor (Jordan is Harold's descendant).
*   Jordan is Noah's ancestor.
*   Noah is Timothy's ancestor (Timothy is Noah's descendant).
*   Timothy is Matthew's ancestor (Matthew is Timothy's descendant).
*   Matthew is Mary's ancestor.
*   Mary is Janet's ancestor.
*   Janet is Katherine's ancestor (Katherine is Janet's descendant).
*   Katherine is Dorothy's ancestor (Dorothy is Katherine's descendant).
*   Dorothy is Brandon's ancestor (Brandon is Dorothy's descendant).
*   Brandon is Anthony's ancestor.
*   Anthony is Mason's ancestor (Mason is Anthony's descendant).
*   Mason is James's ancestor (James is Mason's descendant).
*   James is Karen's ancestor.
*   Karen is Brian's ancestor (Brian is Karen's descendant).
*   Brian is Lawrence's ancestor.
*   Lawrence is Marie's ancestor.
*   Marie is Joan's ancestor.
*   Joan is Joyce's ancestor (Joyce is Joan's descendant).
*   Joyce is Melissa's ancestor.
*   Melissa is Aaron's ancestor (Aaron is Melissa's descendant).
*   Aaron is Doris's ancestor (Doris is Aaron's descendant).
*   Doris is Richard's ancestor (Richard is Doris's descendant).
*   Richard is Jose's ancestor (Jose is Richard's descendant).
*   Jose is Alexander's ancestor.
*   Alexander is Andrea's ancestor.
*   **Andrea** is **Arthur**'s ancestor.

So, **Madison is an ancestor of Arthur**.

**2. Tracing Shirley's Lineage:**
*   **Shirley** is Evelyn's ancestor (Evelyn is Shirley's descendant).
*   Evelyn is Theresa's ancestor (Theresa is Evelyn's descendant).
*   Theresa is Peter's ancestor.
*   Peter is Barbara's ancestor (Barbara is Peter's descendant).
*   Barbara is Nicole's ancestor.
*   Nicole is Elijah's ancestor (Elijah is Nicole's descendant).
*   Elijah is Kevin's ancestor.
*   Kevin is Sophia's ancestor (Sophia is Kevin's descendant).
*   Sophia is Scott's ancestor (Scott is Sophia's descendant).
*   Scott is Donald's ancestor (Donald is Scott's descendant).
*   Donald is Rachel's ancestor (Rachel is Donald's descendant).
*   Rachel is Austin's ancestor (Austin is Rachel's descendant).
*   Austin is Douglas's ancestor (Douglas is Austin's descendant).
*   Douglas is Alice's ancestor (Alice is Douglas's descendant).
*   Alice is Michelle's ancestor.
*   Michelle is Betty's ancestor.
*   Betty is Hannah's ancestor.
*   Hannah is Daniel's ancestor.
*   Daniel is Margaret's ancestor (Margaret is Daniel's descendant).
*   Margaret is Judy's ancestor.
*   Judy is Christina's ancestor.
*   Christina is Bradley's ancestor.
*   Bradley is Ralph's ancestor.
*   Ralph is Jack's ancestor (Jack is Ralph's descendant).
*   Jack is Eugene's ancestor.
*   Eugene is Samantha's ancestor.
*   Samantha is George's ancestor (George is Samantha's descendant).
*   George is Terry's ancestor (Terry is George's descendant).
*   Terry is Charlotte's ancestor (Charlotte is Terry's descendant).
*   Charlotte is Carol's ancestor.
*   Carol is Patricia's ancestor (Patricia is Carol's descendant).
*   Patricia is Bryan's ancestor (Bryan is Patricia's descendant).
*   Bryan is Ryan's ancestor.
*   Ryan is Amanda's ancestor (Amanda is Ryan's descendant).
*   Amanda is Kenneth's ancestor.
*   **Kenneth** is **Arthur**'s ancestor (Arthur is Kenneth's descendant).

So, **Shirley is an ancestor of Arthur**.

**3. Conclusion:**
Since Madison is an ancestor of Arthur and Shirley is an ancestor of Arthur, they both share Arthur as a common descendant. There is no information indicating that one is the ancestor of the other, nor is there information about their own ancestors to determine if they share a common ancestor.

Therefore, the correct relationship is that they share a common descendant.

<ANSWER>4</ANSWER>"
64,ANCESTOR,4,"Given the following lineage relationships:
* Gary is Judith's descendant.
* John is William's descendant.
* Kathleen is Elizabeth's descendant.
* Diane is Amanda's descendant.
* Dorothy is Julie's ancestor.
* Cheryl is Austin's descendant.
* Elijah is Samuel's ancestor.
* Brittany is Alice's ancestor.
* Shirley is Jesse's descendant.
* Wayne is Elijah's ancestor.
* Michelle is Jesse's ancestor.
* Deborah is Edward's descendant.
* Austin is Jose's descendant.
* Emily is Denise's descendant.
* Douglas is Jose's ancestor.
* Sarah is Russell's ancestor.
* John is Beverly's ancestor.
* Henry is Michelle's ancestor.
* Eric is Beverly's descendant.
* Dorothy is Bobby's descendant.
* Lauren is Emily's descendant.
* Eric is Patrick's ancestor.
* Christine is Diane's descendant.
* Megan is Douglas's ancestor.
* Russell is Denise's ancestor.
* Bryan is Ruth's descendant.
* Robert is Jason's descendant.
* Joyce is Hannah's ancestor.
* Margaret is Julie's descendant.
* Matthew is Grace's ancestor.
* Grace is Janet's ancestor.
* Edward is Jordan's descendant.
* Henry is Lauren's descendant.
* Ann is Joseph's ancestor.
* Janet is Nathan's ancestor.
* Bryan is Gerald's ancestor.
* Megan is Zachary's descendant.
* Robert is Amy's ancestor.
* George is Harold's ancestor.
* Elizabeth is Cheryl's descendant.
* Ann is Gary's descendant.
* Frank is Margaret's descendant.
* Brittany is Amy's descendant.
* Ruth is Christian's descendant.
* Zachary is Nathan's descendant.
* Patrick is Joyce's ancestor.
* Joseph is Ethan's ancestor.
* Samuel is Roger's ancestor.
* William is Kathleen's descendant.
* Frank is Amanda's ancestor.
* Wayne is Christine's descendant.
* Harold is Kayla's ancestor.
* Shirley is Patricia's ancestor.
* Gerald is Sarah's ancestor.
* Gloria is Christian's ancestor.
* Roger is Abigail's ancestor.
* Jordan is Alice's descendant.
* Jason is Patricia's descendant.
* Kayla is Philip's ancestor.
* Hannah is Gloria's ancestor.
* George is Abigail's descendant.
* Matthew is Philip's descendant.
* Ethan is Bobby's ancestor.
Determine the lineage relationship between Judith and Deborah.
Select the correct answer:
1. Judith and Deborah share a common ancestor.
2. Judith is Deborah's descendant.
3. Judith and Deborah share a common descendant.
4. Judith is Deborah's ancestor.
5. None of the above is correct.
Enclose the selected answer number in the <ANSWER> tag, for example: <ANSWER>1</ANSWER>.",qwen/qwen3.5-397b-a17b,Alibaba,,,"To determine the lineage relationship between Judith and Deborah, we can trace the connections provided in the list. We will build a chain starting from Judith and see if we can reach Deborah.

1.  **Judith** is the ancestor of **Gary** (""Gary is Judith's descendant"").
2.  **Gary** is the ancestor of **Ann** (""Ann is Gary's descendant"").
3.  **Ann** is the ancestor of **Joseph** (""Ann is Joseph's ancestor"").
4.  **Joseph** is the ancestor of **Ethan** (""Joseph is Ethan's ancestor"").
5.  **Ethan** is the ancestor of **Bobby** (""Ethan is Bobby's ancestor"").
6.  **Bobby** is the ancestor of **Dorothy** (""Dorothy is Bobby's descendant"").
7.  **Dorothy** is the ancestor of **Julie** (""Dorothy is Julie's ancestor"").
8.  **Julie** is the ancestor of **Margaret** (""Margaret is Julie's descendant"").
9.  **Margaret** is the ancestor of **Frank** (""Frank is Margaret's descendant"").
10. **Frank** is the ancestor of **Amanda** (""Frank is Amanda's ancestor"").
11. **Amanda** is the ancestor of **Diane** (""Diane is Amanda's descendant"").
12. **Diane** is the ancestor of **Christine** (""Christine is Diane's descendant"").
13. **Christine** is the ancestor of **Wayne** (""Wayne is Christine's descendant"").
14. **Wayne** is the ancestor of **Elijah** (""Wayne is Elijah's ancestor"").
15. **Elijah** is the ancestor of **Samuel** (""Elijah is Samuel's ancestor"").
16. **Samuel** is the ancestor of **Roger** (""Samuel is Roger's ancestor"").
17. **Roger** is the ancestor of **Abigail** (""Roger is Abigail's ancestor"").
18. **Abigail** is the ancestor of **George** (""George is Abigail's descendant"").
19. **George** is the ancestor of **Harold** (""George is Harold's ancestor"").
20. **Harold** is the ancestor of **Kayla** (""Harold is Kayla's ancestor"").
21. **Kayla** is the ancestor of **Philip** (""Kayla is Philip's ancestor"").
22. **Philip** is the ancestor of **Matthew** (""Matthew is Philip's descendant"").
23. **Matthew** is the ancestor of **Grace** (""Matthew is Grace's ancestor"").
24. **Grace** is the ancestor of **Janet** (""Grace is Janet's ancestor"").
25. **Janet** is the ancestor of **Nathan** (""Janet is Nathan's ancestor"").
26. **Nathan** is the ancestor of **Zachary** (""Zachary is Nathan's descendant"").
27. **Zachary** is the ancestor of **Megan** (""Megan is Zachary's descendant"").
28. **Megan** is the ancestor of **Douglas** (""Megan is Douglas's ancestor"").
29. **Douglas** is the ancestor of **Jose** (""Douglas is Jose's ancestor"").
30. **Jose** is the ancestor of **Austin** (""Austin is Jose's descendant"").
31. **Austin** is the ancestor of **Cheryl** (""Cheryl is Austin's descendant"").
32. **Cheryl** is the ancestor of **Elizabeth** (""Elizabeth is Cheryl's descendant"").
33. **Elizabeth** is the ancestor of **Kathleen** (""Kathleen is Elizabeth's descendant"").
34. **Kathleen** is the ancestor of **William** (""William is Kathleen's descendant"").
35. **William** is the ancestor of **John** (""John is William's descendant"").
36. **John** is the ancestor of **Beverly** (""John is Beverly's ancestor"").
37. **Beverly** is the ancestor of **Eric** (""Eric is Beverly's descendant"").
38. **Eric** is the ancestor of **Patrick** (""Eric is Patrick's ancestor"").
39. **Patrick** is the ancestor of **Joyce** (""Patrick is Joyce's ancestor"").
40. **Joyce** is the ancestor of **Hannah** (""Joyce is Hannah's ancestor"").
41. **Hannah** is the ancestor of **Gloria** (""Hannah is Gloria's ancestor"").
42. **Gloria** is the ancestor of **Christian** (""Gloria is Christian's ancestor"").
43. **Christian** is the ancestor of **Ruth** (""Ruth is Christian's descendant"").
44. **Ruth** is the ancestor of **Bryan** (""Bryan is Ruth's descendant"").
45. **Bryan** is the ancestor of **Gerald** (""Bryan is Gerald's ancestor"").
46. **Gerald** is the ancestor of **Sarah** (""Gerald is Sarah's ancestor"").
47. **Sarah** is the ancestor of **Russell** (""Sarah is Russell's ancestor"").
48. **Russell** is the ancestor of **Denise** (""Russell is Denise's ancestor"").
49. **Denise** is the ancestor of **Emily** (""Emily is Denise's descendant"").
50. **Emily** is the ancestor of **Lauren** (""Lauren is Emily's descendant"").
51. **Lauren** is the ancestor of **Henry** (""Henry is Lauren's descendant"").
52. **Henry** is the ancestor of **Michelle** (""Henry is Michelle's ancestor"").
53. **Michelle** is the ancestor of **Jesse** (""Michelle is Jesse's ancestor"").
54. **Jesse** is the ancestor of **Shirley** (""Shirley is Jesse's descendant"").
55. **Shirley** is the ancestor of **Patricia** (""Shirley is Patricia's ancestor"").
56. **Patricia** is the ancestor of **Jason** (""Jason is Patricia's descendant"").
57. **Jason** is the ancestor of **Robert** (""Robert is Jason's descendant"").
58. **Robert** is the ancestor of **Amy** (""Robert is Amy's ancestor"").
59. **Amy** is the ancestor of **Brittany** (""Brittany is Amy's descendant"").
60. **Brittany** is the ancestor of **Alice** (""Brittany is Alice's ancestor"").
61. **Alice** is the ancestor of **Jordan** (""Jordan is Alice's descendant"").
62. **Jordan** is the ancestor of **Edward** (""Edward is Jordan's descendant"").
63. **Edward** is the ancestor of **Deborah** (""Deborah is Edward's descendant"").

Since there is a continuous line of descent from Judith to Deborah, Judith is Deborah's ancestor.

<ANSWER>4</ANSWER>"
64,DESCENDANT,3,"Given the following lineage relationships:
* Gary is Roy's descendant.
* Nathan is Eric's ancestor.
* Amanda is Brandon's descendant.
* Brandon is Jose's descendant.
* Bradley is Sandra's ancestor.
* Jason is Maria's ancestor.
* Susan is Sandra's descendant.
* Stephen is Maria's descendant.
* Madison is Ryan's descendant.
* Jessica is Ronald's descendant.
* Peter is Douglas's descendant.
* Albert is Nancy's descendant.
* John is Jesse's descendant.
* Amy is Jason's ancestor.
* Sean is Kayla's ancestor.
* Vincent is Dorothy's ancestor.
* Andrea is Russell's ancestor.
* Jessica is Jesse's ancestor.
* Stephen is Sean's ancestor.
* Christopher is Russell's descendant.
* Kimberly is Denise's descendant.
* Alexander is Gary's descendant.
* Christopher is Cheryl's ancestor.
* Matthew is Doris's descendant.
* Gregory is Linda's descendant.
* Frances is Edward's ancestor.
* William is Nathan's ancestor.
* Kathryn is Jonathan's descendant.
* Shirley is Julie's descendant.
* Ann is Bradley's ancestor.
* Cynthia is Alexander's descendant.
* Julie is Brenda's descendant.
* Christina is Anna's ancestor.
* Harold is Jacob's ancestor.
* Jonathan is Willie's descendant.
* Christian is Amanda's descendant.
* Edward is Megan's ancestor.
* Kathryn is Nancy's ancestor.
* Brenda is Albert's descendant.
* Susan is Ryan's ancestor.
* Arthur is Kimberly's descendant.
* David is Linda's ancestor.
* William is Diane's descendant.
* Andrea is Keith's descendant.
* Ann is Katherine's descendant.
* Gregory is Dennis's ancestor.
* Judith is Sara's ancestor.
* Megan is Doris's ancestor.
* Shirley is Denise's ancestor.
* Willie is Dorothy's descendant.
* Douglas is Eric's descendant.
* Cheryl is Roy's ancestor.
* Christian is Katherine's ancestor.
* Diane is Cynthia's descendant.
* Amy is Jacob's descendant.
* Matthew is Christina's ancestor.
* Ronald is Kayla's descendant.
* David is Peter's descendant.
* John is Jose's ancestor.
* Sara is Harold's ancestor.
* Frances is Madison's descendant.
* Vincent is Dennis's descendant.
* Anna is Keith's ancestor.
Determine the lineage relationship between Arthur and Judith.
Select the correct answer:
1. Arthur and Judith share a common descendant.
2. Arthur and Judith share a common ancestor.
3. Arthur is Judith's descendant.
4. Arthur is Judith's ancestor.
5. None of the above is correct.
Enclose the selected answer number in the <ANSWER> tag, for example: <ANSWER>1</ANSWER>.",qwen/qwen3.5-397b-a17b,Alibaba,,,"To determine the lineage relationship between Arthur and Judith, we can construct a family tree chain by linking the provided relationships. We will trace the lineage from Judith down to Arthur (or vice versa) to see if a direct connection exists.

**Tracing the lineage:**

1.  **Judith** is Sara's ancestor. ($Judith \to Sara$)
2.  Sara is Harold's ancestor. ($Sara \to Harold$)
3.  Harold is Jacob's ancestor. ($Harold \to Jacob$)
4.  Amy is Jacob's descendant. ($Jacob \to Amy$)
5.  Amy is Jason's ancestor. ($Amy \to Jason$)
6.  Jason is Maria's ancestor. ($Jason \to Maria$)
7.  Stephen is Maria's descendant. ($Maria \to Stephen$)
8.  Stephen is Sean's ancestor. ($Stephen \to Sean$)
9.  Sean is Kayla's ancestor. ($Sean \to Kayla$)
10. Ronald is Kayla's descendant. ($Kayla \to Ronald$)
11. Jessica is Ronald's descendant. ($Ronald \to Jessica$)
12. Jessica is Jesse's ancestor. ($Jessica \to Jesse$)
13. John is Jesse's descendant. ($Jesse \to John$)
14. John is Jose's ancestor. ($John \to Jose$)
15. Brandon is Jose's descendant. ($Jose \to Brandon$)
16. Amanda is Brandon's descendant. ($Brandon \to Amanda$)
17. Christian is Amanda's descendant. ($Amanda \to Christian$)
18. Christian is Katherine's ancestor. ($Christian \to Katherine$)
19. Ann is Katherine's descendant. ($Katherine \to Ann$)
20. Ann is Bradley's ancestor. ($Ann \to Bradley$)
21. Bradley is Sandra's ancestor. ($Bradley \to Sandra$)
22. Susan is Sandra's descendant. ($Sandra \to Susan$)
23. Susan is Ryan's ancestor. ($Susan \to Ryan$)
24. Madison is Ryan's descendant. ($Ryan \to Madison$)
25. Frances is Madison's descendant. ($Madison \to Frances$)
26. Frances is Edward's ancestor. ($Frances \to Edward$)
27. Edward is Megan's ancestor. ($Edward \to Megan$)
28. Megan is Doris's ancestor. ($Megan \to Doris$)
29. Matthew is Doris's descendant. ($Doris \to Matthew$)
30. Matthew is Christina's ancestor. ($Matthew \to Christina$)
31. Christina is Anna's ancestor. ($Christina \to Anna$)
32. Anna is Keith's ancestor. ($Anna \to Keith$)
33. Andrea is Keith's descendant. ($Keith \to Andrea$)
34. Andrea is Russell's ancestor. ($Andrea \to Russell$)
35. Christopher is Russell's descendant. ($Russell \to Christopher$)
36. Christopher is Cheryl's ancestor. ($Christopher \to Cheryl$)
37. Cheryl is Roy's ancestor. ($Cheryl \to Roy$)
38. Gary is Roy's descendant. ($Roy \to Gary$)
39. Alexander is Gary's descendant. ($Gary \to Alexander$)
40. Cynthia is Alexander's descendant. ($Alexander \to Cynthia$)
41. Diane is Cynthia's descendant. ($Cynthia \to Diane$)
42. William is Diane's descendant. ($Diane \to William$)
43. William is Nathan's ancestor. ($William \to Nathan$)
44. Nathan is Eric's ancestor. ($Nathan \to Eric$)
45. Douglas is Eric's descendant. ($Eric \to Douglas$)
46. Peter is Douglas's descendant. ($Douglas \to Peter$)
47. David is Peter's descendant. ($Peter \to David$)
48. David is Linda's ancestor. ($David \to Linda$)
49. Gregory is Linda's descendant. ($Linda \to Gregory$)
50. Gregory is Dennis's ancestor. ($Gregory \to Dennis$)
51. Vincent is Dennis's descendant. ($Dennis \to Vincent$)
52. Vincent is Dorothy's ancestor. ($Vincent \to Dorothy$)
53. Willie is Dorothy's descendant. ($Dorothy \to Willie$)
54. Jonathan is Willie's descendant. ($Willie \to Jonathan$)
55. Kathryn is Jonathan's descendant. ($Jonathan \to Kathryn$)
56. Kathryn is Nancy's ancestor. ($Kathryn \to Nancy$)
57. Albert is Nancy's descendant. ($Nancy \to Albert$)
58. Brenda is Albert's descendant. ($Albert \to Brenda$)
59. Julie is Brenda's descendant. ($Brenda \to Julie$)
60. Shirley is Julie's descendant. ($Julie \to Shirley$)
61. Shirley is Denise's ancestor. ($Shirley \to Denise$)
62. Kimberly is Denise's descendant. ($Denise \to Kimberly$)
63. **Arthur** is Kimberly's descendant. ($Kimberly \to Arthur$)

**Conclusion:**
There is a continuous lineage path from Judith to Arthur. Judith is at the beginning of the chain (ancestor) and Arthur is at the end of the chain (descendant). Therefore, Judith is Arthur's ancestor, which means Arthur is Judith's descendant.

<ANSWER>3</ANSWER>"
64,COMMON_ANCESTOR,4,"Given the following lineage relationships:
* Ashley is Madison's descendant.
* Jose is Natalie's descendant.
* Ryan is Timothy's ancestor.
* Brian is Margaret's ancestor.
* Jesse is Amy's descendant.
* Debra is Amy's ancestor.
* Julia is Arthur's descendant.
* Bruce is Jacob's descendant.
* George is Victoria's descendant.
* Helen is Katherine's descendant.
* Kelly is Andrea's descendant.
* Gregory is Rebecca's ancestor.
* George is James's ancestor.
* Randy is Arthur's ancestor.
* Stephen is Rebecca's descendant.
* Bruce is Lori's ancestor.
* Helen is Christopher's ancestor.
* David is Jacqueline's ancestor.
* Stephen is Elizabeth's ancestor.
* Debra is Jose's descendant.
* Amanda is Madison's ancestor.
* Mary is Diana's descendant.
* Dennis is Tyler's descendant.
* Christopher is Barbara's ancestor.
* Jean is Joyce's ancestor.
* Katherine is James's descendant.
* Jason is David's ancestor.
* Elizabeth is Catherine's ancestor.
* Victoria is Kelly's descendant.
* Tyler is Keith's descendant.
* Dennis is Diana's ancestor.
* Catherine is Keith's ancestor.
* Henry is Mary's descendant.
* Alan is Kathryn's ancestor.
* Jason is Linda's descendant.
* Isabella is Teresa's ancestor.
* Anthony is Roy's descendant.
* Gloria is Kimberly's descendant.
* Jean is Kathryn's descendant.
* Sharon is Lori's descendant.
* Sara is Alan's ancestor.
* Margaret is Janet's ancestor.
* Douglas is Anthony's descendant.
* Jacqueline is Charlotte's ancestor.
* Sara is Douglas's descendant.
* Edward is Daniel's ancestor.
* Zachary is Timothy's descendant.
* Roy is Willie's ancestor.
* Willie is Kimberly's ancestor.
* Bobby is Shirley's descendant.
* Kayla is Charlotte's descendant.
* Joyce is Amanda's ancestor.
* Zachary is Isabella's ancestor.
* Ashley is Ryan's ancestor.
* Sharon is Brian's ancestor.
* Gloria is Natalie's ancestor.
* Shirley is Julia's descendant.
* Kayla is Jacob's ancestor.
* Andrea is Jesse's descendant.
* Randy is Teresa's descendant.
* Linda is Barbara's descendant.
* Bobby is Edward's ancestor.
* Daniel is Gregory's ancestor.
Determine the lineage relationship between Janet and Henry.
Select the correct answer:
1. Janet and Henry share a common descendant.
2. Janet is Henry's descendant.
3. Janet is Henry's ancestor.
4. Janet and Henry share a common ancestor.
5. None of the above is correct.
Enclose the selected answer number in the <ANSWER> tag, for example: <ANSWER>1</ANSWER>.",qwen/qwen3.5-397b-a17b,Alibaba,,,"The lineage relationships can be traced to form family trees. By analyzing the connections provided:

1.  **Tracing Janet's Ancestry:**
    *   Margaret is Janet's ancestor (Margaret $\to$ Janet).
    *   Brian is Margaret's ancestor (Brian $\to$ Margaret).
    *   Sharon is Brian's ancestor (Sharon $\to$ Brian).
    *   Lori is Sharon's ancestor (Lori $\to$ Sharon).
    *   Bruce is Lori's ancestor (Bruce $\to$ Lori).
    *   Jacob is Bruce's ancestor (Jacob $\to$ Bruce).
    *   Kayla is Jacob's ancestor (Kayla $\to$ Jacob).
    *   Charlotte is Kayla's ancestor (Charlotte $\to$ Kayla).
    *   Jacqueline is Charlotte's ancestor (Jacqueline $\to$ Charlotte).
    *   David is Jacqueline's ancestor (David $\to$ Jacqueline).
    *   Jason is David's ancestor (Jason $\to$ David).
    *   Linda is Jason's ancestor (Linda $\to$ Jason).
    *   Barbara is Linda's ancestor (Barbara $\to$ Linda).
    *   Christopher is Barbara's ancestor (Christopher $\to$ Barbara).
    *   Helen is Christopher's ancestor (Helen $\to$ Christopher).
    *   Katherine is Helen's ancestor (Katherine $\to$ Helen).
    *   James is Katherine's ancestor (James $\to$ Katherine).
    *   George is James's ancestor (George $\to$ James).
    *   Victoria is George's ancestor (Victoria $\to$ George).
    *   Kelly is Victoria's ancestor (Kelly $\to$ Victoria).
    *   Andrea is Kelly's ancestor (Andrea $\to$ Kelly).
    *   Jesse is Andrea's ancestor (Jesse $\to$ Andrea).
    *   Amy is Jesse's ancestor (Amy $\to$ Jesse).
    *   Debra is Amy's ancestor (Debra $\to$ Amy).
    *   Jose is Debra's ancestor (Jose $\to$ Debra).
    *   Natalie is Jose's ancestor (Natalie $\to$ Jose).
    *   Gloria is Natalie's ancestor (Gloria $\to$ Natalie).
    *   Kimberly is Gloria's ancestor (Kimberly $\to$ Gloria).
    *   Willie is Kimberly's ancestor (Willie $\to$ Kimberly).
    *   **Roy is Willie's ancestor (Roy $\to$ Willie).**
    *   So, Roy is an ancestor of Janet.

2.  **Tracing Henry's Ancestry:**
    *   Mary is Henry's ancestor (Mary $\to$ Henry).
    *   Diana is Mary's ancestor (Diana $\to$ Mary).
    *   Dennis is Diana's ancestor (Dennis $\to$ Diana).
    *   Tyler is Dennis's ancestor (Tyler $\to$ Dennis).
    *   Keith is Tyler's ancestor (Keith $\to$ Tyler).
    *   Catherine is Keith's ancestor (Catherine $\to$ Keith).
    *   Elizabeth is Catherine's ancestor (Elizabeth $\to$ Catherine).
    *   Stephen is Elizabeth's ancestor (Stephen $\to$ Elizabeth).
    *   Rebecca is Stephen's ancestor (Rebecca $\to$ Stephen).
    *   Gregory is Rebecca's ancestor (Gregory $\to$ Rebecca).
    *   Daniel is Gregory's ancestor (Daniel $\to$ Gregory).
    *   Edward is Daniel's ancestor (Edward $\to$ Daniel).
    *   Bobby is Edward's ancestor (Bobby $\to$ Edward).
    *   Shirley is Bobby's ancestor (Shirley $\to$ Bobby).
    *   Julia is Shirley's ancestor (Julia $\to$ Shirley).
    *   Arthur is Julia's ancestor (Arthur $\to$ Julia).
    *   Randy is Arthur's ancestor (Randy $\to$ Arthur).
    *   Teresa is Randy's ancestor (Teresa $\to$ Randy).
    *   Isabella is Teresa's ancestor (Isabella $\to$ Teresa).
    *   Zachary is Isabella's ancestor (Zachary $\to$ Isabella).
    *   Timothy is Zachary's ancestor (Timothy $\to$ Zachary).
    *   Ryan is Timothy's ancestor (Ryan $\to$ Timothy).
    *   Ashley is Ryan's ancestor (Ashley $\to$ Ryan).
    *   Madison is Ashley's ancestor (Madison $\to$ Ashley).
    *   Amanda is Madison's ancestor (Amanda $\to$ Madison).
    *   Joyce is Amanda's ancestor (Joyce $\to$ Amanda).
    *   Jean is Joyce's ancestor (Jean $\to$ Joyce).
    *   Kathryn is Jean's ancestor (Kathryn $\to$ Jean).
    *   Alan is Kathryn's ancestor (Alan $\to$ Kathryn).
    *   Sara is Alan's ancestor (Sara $\to$ Alan).
    *   **Douglas is Sara's ancestor (Douglas $\to$ Sara).**
    *   **Anthony is Douglas's ancestor (Anthony $\to$ Douglas).**
    *   **Roy is Anthony's ancestor (Roy $\to$ Anthony).**
    *   So, Roy is an ancestor of Henry.

3.  **Conclusion:**
    *   Roy is an ancestor of Janet.
    *   Roy is an ancestor of Henry.
    *   Therefore, Janet and Henry share a common ancestor (Roy).
    *   There is no evidence that one is the descendant of the other, nor that they share a common descendant.

<ANSWER>4</ANSWER>"
64,COMMON_DESCENDANT,2,"Given the following lineage relationships:
* Alexis is Charles's ancestor.
* Lawrence is Henry's descendant.
* Henry is Kelly's descendant.
* Paul is Lori's descendant.
* Cynthia is Benjamin's descendant.
* Andrew is Shirley's ancestor.
* Pamela is Linda's descendant.
* Lawrence is Mason's ancestor.
* Dorothy is Jesse's ancestor.
* Cynthia is Andrew's ancestor.
* Nathan is Alan's descendant.
* Kelly is Emma's descendant.
* Paul is Vincent's ancestor.
* Kathleen is Amy's descendant.
* Brittany is Bradley's descendant.
* Nicole is Keith's ancestor.
* Bobby is Angela's ancestor.
* Zachary is Brenda's ancestor.
* Vincent is Katherine's ancestor.
* Kathleen is Bobby's ancestor.
* Elijah is Margaret's descendant.
* Samantha is Susan's ancestor.
* Anthony is Joan's descendant.
* Stephanie is Joyce's ancestor.
* George is Wayne's descendant.
* Gabriel is Lori's ancestor.
* Joan is Lauren's descendant.
* Susan is Benjamin's ancestor.
* Jean is Wayne's ancestor.
* Mason is Megan's ancestor.
* Joyce is Amy's ancestor.
* Harold is Richard's descendant.
* Brandon is Charles's ancestor.
* Shirley is Jack's ancestor.
* George is Linda's ancestor.
* Judy is Brandon's ancestor.
* Lauren is Madison's descendant.
* Kayla is Jeremy's ancestor.
* Margaret is Ethan's descendant.
* Ruth is Bradley's ancestor.
* Ryan is Elijah's descendant.
* Harold is Nicole's ancestor.
* Pamela is Samantha's ancestor.
* John is Ryan's descendant.
* Ethan is Jeremy's descendant.
* Philip is Keith's descendant.
* John is Debra's ancestor.
* Katherine is Janet's ancestor.
* Joe is Alexis's ancestor.
* Emma is Amanda's descendant.
* Michelle is Judy's ancestor.
* Philip is Ruth's ancestor.
* Alan is Megan's descendant.
* Kayla is Brittany's descendant.
* Madison is Jesse's descendant.
* Julie is Anthony's descendant.
* Joe is Julie's descendant.
* Nathan is Jean's ancestor.
* Zachary is Jack's descendant.
* Dorothy is Janet's descendant.
* Amanda is Debra's descendant.
* Angela is Richard's ancestor.
* Brenda is Gabriel's ancestor.
Determine the lineage relationship between Michelle and Stephanie.
Select the correct answer:
1. Michelle is Stephanie's descendant.
2. Michelle and Stephanie share a common descendant.
3. Michelle is Stephanie's ancestor.
4. Michelle and Stephanie share a common ancestor.
5. None of the above is correct.
Enclose the selected answer number in the <ANSWER> tag, for example: <ANSWER>1</ANSWER>.",qwen/qwen3.5-397b-a17b,Alibaba,,,"To determine the lineage relationship between Michelle and Stephanie, we need to trace their respective family trees based on the provided statements to see if and how they connect.

**1. Trace Michelle's Lineage:**
*   ""Michelle is Judy's ancestor."" (Michelle $\rightarrow$ Judy)
*   ""Judy is Brandon's ancestor."" (Judy $\rightarrow$ Brandon)
*   ""Brandon is Charles's ancestor."" (Brandon $\rightarrow$ Charles)
*   **Chain:** Michelle $\rightarrow$ Judy $\rightarrow$ Brandon $\rightarrow$ Charles.
*   **Conclusion:** Michelle is an ancestor of Charles.

**2. Trace Stephanie's Lineage:**
*   ""Stephanie is Joyce's ancestor."" (Stephanie $\rightarrow$ Joyce)
*   ""Joyce is Amy's ancestor."" (Joyce $\rightarrow$ Amy)
*   ""Kathleen is Amy's descendant."" (Amy $\rightarrow$ Kathleen)
*   ""Kathleen is Bobby's ancestor."" (Kathleen $\rightarrow$ Bobby)
*   ""Bobby is Angela's ancestor."" (Bobby $\rightarrow$ Angela)
*   ""Angela is Richard's ancestor."" (Angela $\rightarrow$ Richard)
*   ""Harold is Richard's descendant."" (Richard $\rightarrow$ Harold)
*   ""Harold is Nicole's ancestor."" (Harold $\rightarrow$ Nicole)
*   ""Nicole is Keith's ancestor."" (Nicole $\rightarrow$ Keith)
*   ""Philip is Keith's descendant."" (Keith $\rightarrow$ Philip)
*   ""Philip is Ruth's ancestor."" (Philip $\rightarrow$ Ruth)
*   ""Ruth is Bradley's ancestor."" (Ruth $\rightarrow$ Bradley)
*   ""Brittany is Bradley's descendant."" (Bradley $\rightarrow$ Brittany)
*   ""Kayla is Brittany's descendant."" (Brittany $\rightarrow$ Kayla)
*   ""Kayla is Jeremy's ancestor."" (Kayla $\rightarrow$ Jeremy)
*   ""Ethan is Jeremy's descendant."" (Jeremy $\rightarrow$ Ethan)
*   ""Margaret is Ethan's descendant."" (Ethan $\rightarrow$ Margaret)
*   ""Elijah is Margaret's descendant."" (Margaret $\rightarrow$ Elijah)
*   ""Ryan is Elijah's descendant."" (Elijah $\rightarrow$ Ryan)
*   ""John is Ryan's descendant."" (Ryan $\rightarrow$ John)
*   ""John is Debra's ancestor."" (John $\rightarrow$ Debra)
*   ""Amanda is Debra's descendant."" (Debra $\rightarrow$ Amanda)
*   ""Emma is Amanda's descendant."" (Amanda $\rightarrow$ Emma)
*   ""Kelly is Emma's descendant."" (Emma $\rightarrow$ Kelly)
*   ""Henry is Kelly's descendant."" (Kelly $\rightarrow$ Henry)
*   ""Lawrence is Henry's descendant."" (Henry $\rightarrow$ Lawrence)
*   ""Lawrence is Mason's ancestor."" (Lawrence $\rightarrow$ Mason)
*   ""Mason is Megan's ancestor."" (Mason $\rightarrow$ Megan)
*   ""Alan is Megan's descendant."" (Megan $\rightarrow$ Alan)
*   ""Nathan is Alan's descendant."" (Alan $\rightarrow$ Nathan)
*   ""Nathan is Jean's ancestor."" (Nathan $\rightarrow$ Jean)
*   ""Jean is Wayne's ancestor."" (Jean $\rightarrow$ Wayne)
*   ""George is Wayne's descendant."" (Wayne $\rightarrow$ George)
*   ""George is Linda's ancestor."" (George $\rightarrow$ Linda)
*   ""Pamela is Linda's descendant."" (Linda $\rightarrow$ Pamela)
*   ""Pamela is Samantha's ancestor."" (Pamela $\rightarrow$ Samantha)
*   ""Samantha is Susan's ancestor."" (Samantha $\rightarrow$ Susan)
*   ""Susan is Benjamin's ancestor."" (Susan $\rightarrow$ Benjamin)
*   ""Cynthia is Benjamin's descendant."" (Benjamin $\rightarrow$ Cynthia)
*   ""Cynthia is Andrew's ancestor."" (Cynthia $\rightarrow$ Andrew)
*   ""Andrew is Shirley's ancestor."" (Andrew $\rightarrow$ Shirley)
*   ""Shirley is Jack's ancestor."" (Shirley $\rightarrow$ Jack)
*   ""Zachary is Jack's descendant."" (Jack $\rightarrow$ Zachary)
*   ""Zachary is Brenda's ancestor."" (Zachary $\rightarrow$ Brenda)
*   ""Brenda is Gabriel's ancestor."" (Brenda $\rightarrow$ Gabriel)
*   ""Gabriel is Lori's ancestor."" (Gabriel $\rightarrow$ Lori)
*   ""Paul is Lori's descendant."" (Lori $\rightarrow$ Paul)
*   ""Paul is Vincent's ancestor."" (Paul $\rightarrow$ Vincent)
*   ""Vincent is Katherine's ancestor."" (Vincent $\rightarrow$ Katherine)
*   ""Katherine is Janet's ancestor."" (Katherine $\rightarrow$ Janet)
*   ""Dorothy is Janet's descendant."" (Janet $\rightarrow$ Dorothy)
*   ""Dorothy is Jesse's ancestor."" (Dorothy $\rightarrow$ Jesse)
*   ""Madison is Jesse's descendant."" (Jesse $\rightarrow$ Madison)
*   ""Lauren is Madison's descendant."" (Madison $\rightarrow$ Lauren)
*   ""Joan is Lauren's descendant."" (Lauren $\rightarrow$ Joan)
*   ""Anthony is Joan's descendant."" (Joan $\rightarrow$ Anthony)
*   ""Julie is Anthony's descendant."" (Anthony $\rightarrow$ Julie)
*   ""Joe is Julie's descendant."" (Julie $\rightarrow$ Joe)
*   ""Joe is Alexis's ancestor."" (Joe $\rightarrow$ Alexis)
*   ""Alexis is Charles's ancestor."" (Alexis $\rightarrow$ Charles)
*   **Chain:** Stephanie $\rightarrow$ ... $\rightarrow$ Joe $\rightarrow$ Alexis $\rightarrow$ Charles.
*   **Conclusion:** Stephanie is an ancestor of Charles.

**3. Determine the Relationship:**
*   Michelle is an ancestor of Charles.
*   Stephanie is an ancestor of Charles.
*   There is no information linking Michelle directly to Stephanie (e.g., Michelle is not stated to be Stephanie's ancestor or descendant, nor do they share a listed common ancestor).
*   However, since both are ancestors of Charles, they **share a common descendant** (Charles).

<ANSWER>2</ANSWER>"
64,ANCESTOR,4,"Given the following lineage relationships:
* Alice is Linda's ancestor.
* Patricia is Joyce's ancestor.
* Roger is Julia's descendant.
* Beverly is Hannah's ancestor.
* Janet is John's ancestor.
* Isabella is Beverly's ancestor.
* Scott is Roy's ancestor.
* Carl is Kenneth's descendant.
* Janice is Danielle's ancestor.
* Gregory is Kathleen's ancestor.
* Abigail is Kathleen's descendant.
* Janet is Joyce's descendant.
* Stephanie is Christine's ancestor.
* Gerald is Nancy's descendant.
* George is Amy's descendant.
* Nathan is Olivia's descendant.
* Christopher is Julia's ancestor.
* Ethan is Gregory's ancestor.
* Ruth is Megan's descendant.
* Margaret is Vincent's ancestor.
* Mason is Jonathan's ancestor.
* Tyler is Terry's ancestor.
* Edward is Patrick's ancestor.
* Patrick is Megan's ancestor.
* Joan is Joshua's ancestor.
* Nathan is Christopher's ancestor.
* Danielle is Alan's ancestor.
* Terry is Joan's ancestor.
* Evelyn is Joseph's ancestor.
* Scott is Carol's descendant.
* Diana is Marilyn's ancestor.
* Janice is Jonathan's descendant.
* Ruth is Kenneth's ancestor.
* Alice is Catherine's descendant.
* Roger is Samantha's ancestor.
* Gloria is David's ancestor.
* Laura is Marilyn's descendant.
* Tyler is Pamela's descendant.
* Carol is Nicole's descendant.
* Joseph is Catherine's ancestor.
* Vincent is Bryan's ancestor.
* Diana is Arthur's descendant.
* Laura is Amy's ancestor.
* Stephen is Pamela's ancestor.
* Edward is Christine's descendant.
* Gerald is Mason's ancestor.
* Arthur is Diane's descendant.
* Evelyn is Cynthia's descendant.
* Douglas is Diane's ancestor.
* Bryan is Stephanie's ancestor.
* Nancy is Hannah's descendant.
* Stephen is Carl's descendant.
* David is Cynthia's ancestor.
* Roy is Mary's ancestor.
* Mary is Douglas's ancestor.
* Alan is Melissa's ancestor.
* Patricia is George's descendant.
* Samantha is Nicole's ancestor.
* John is Ethan's ancestor.
* Linda is Olivia's ancestor.
* Margaret is Donna's descendant.
* Melissa is Donna's ancestor.
* Joshua is Gloria's ancestor.
Determine the lineage relationship between Isabella and Abigail.
Select the correct answer:
1. Isabella and Abigail share a common ancestor.
2. Isabella and Abigail share a common descendant.
3. Isabella is Abigail's descendant.
4. Isabella is Abigail's ancestor.
5. None of the above is correct.
Enclose the selected answer number in the <ANSWER> tag, for example: <ANSWER>1</ANSWER>.",qwen/qwen3.5-397b-a17b,Alibaba,,,"To determine the lineage relationship between Isabella and Abigail, we can trace the connections provided in the list to form a chain from Isabella to Abigail.

1.  **Isabella** is Beverly's ancestor. (Isabella $\rightarrow$ Beverly)
2.  Beverly is Hannah's ancestor. (Beverly $\rightarrow$ Hannah)
3.  Nancy is Hannah's descendant. (Hannah $\rightarrow$ Nancy)
4.  Gerald is Nancy's descendant. (Nancy $\rightarrow$ Gerald)
5.  Gerald is Mason's ancestor. (Gerald $\rightarrow$ Mason)
6.  Mason is Jonathan's ancestor. (Mason $\rightarrow$ Jonathan)
7.  Janice is Jonathan's descendant. (Jonathan $\rightarrow$ Janice)
8.  Janice is Danielle's ancestor. (Janice $\rightarrow$ Danielle)
9.  Danielle is Alan's ancestor. (Danielle $\rightarrow$ Alan)
10. Alan is Melissa's ancestor. (Alan $\rightarrow$ Melissa)
11. Melissa is Donna's ancestor. (Melissa $\rightarrow$ Donna)
12. Margaret is Donna's descendant. (Donna $\rightarrow$ Margaret)
13. Margaret is Vincent's ancestor. (Margaret $\rightarrow$ Vincent)
14. Vincent is Bryan's ancestor. (Vincent $\rightarrow$ Bryan)
15. Bryan is Stephanie's ancestor. (Bryan $\rightarrow$ Stephanie)
16. Stephanie is Christine's ancestor. (Stephanie $\rightarrow$ Christine)
17. Edward is Christine's descendant. (Christine $\rightarrow$ Edward)
18. Edward is Patrick's ancestor. (Edward $\rightarrow$ Patrick)
19. Patrick is Megan's ancestor. (Patrick $\rightarrow$ Megan)
20. Ruth is Megan's descendant. (Megan $\rightarrow$ Ruth)
21. Ruth is Kenneth's ancestor. (Ruth $\rightarrow$ Kenneth)
22. Carl is Kenneth's descendant. (Kenneth $\rightarrow$ Carl)
23. Stephen is Carl's descendant. (Carl $\rightarrow$ Stephen)
24. Stephen is Pamela's ancestor. (Stephen $\rightarrow$ Pamela)
25. Tyler is Pamela's descendant. (Pamela $\rightarrow$ Tyler)
26. Tyler is Terry's ancestor. (Tyler $\rightarrow$ Terry)
27. Terry is Joan's ancestor. (Terry $\rightarrow$ Joan)
28. Joan is Joshua's ancestor. (Joan $\rightarrow$ Joshua)
29. Joshua is Gloria's ancestor. (Joshua $\rightarrow$ Gloria)
30. Gloria is David's ancestor. (Gloria $\rightarrow$ David)
31. David is Cynthia's ancestor. (David $\rightarrow$ Cynthia)
32. Evelyn is Cynthia's descendant. (Cynthia $\rightarrow$ Evelyn)
33. Evelyn is Joseph's ancestor. (Evelyn $\rightarrow$ Joseph)
34. Joseph is Catherine's ancestor. (Joseph $\rightarrow$ Catherine)
35. Alice is Catherine's descendant. (Catherine $\rightarrow$ Alice)
36. Alice is Linda's ancestor. (Alice $\rightarrow$ Linda)
37. Linda is Olivia's ancestor. (Linda $\rightarrow$ Olivia)
38. Nathan is Olivia's descendant. (Olivia $\rightarrow$ Nathan)
39. Nathan is Christopher's ancestor. (Nathan $\rightarrow$ Christopher)
40. Christopher is Julia's ancestor. (Christopher $\rightarrow$ Julia)
41. Roger is Julia's descendant. (Julia $\rightarrow$ Roger)
42. Roger is Samantha's ancestor. (Roger $\rightarrow$ Samantha)
43. Samantha is Nicole's ancestor. (Samantha $\rightarrow$ Nicole)
44. Carol is Nicole's descendant. (Nicole $\rightarrow$ Carol)
45. Scott is Carol's descendant. (Carol $\rightarrow$ Scott)
46. Scott is Roy's ancestor. (Scott $\rightarrow$ Roy)
47. Roy is Mary's ancestor. (Roy $\rightarrow$ Mary)
48. Mary is Douglas's ancestor. (Mary $\rightarrow$ Douglas)
49. Douglas is Diane's ancestor. (Douglas $\rightarrow$ Diane)
50. Arthur is Diane's descendant. (Diane $\rightarrow$ Arthur)
51. Diana is Arthur's descendant. (Arthur $\rightarrow$ Diana)
52. Diana is Marilyn's ancestor. (Diana $\rightarrow$ Marilyn)
53. Laura is Marilyn's descendant. (Marilyn $\rightarrow$ Laura)
54. Laura is Amy's ancestor. (Laura $\rightarrow$ Amy)
55. George is Amy's descendant. (Amy $\rightarrow$ George)
56. Patricia is George's descendant. (George $\rightarrow$ Patricia)
57. Patricia is Joyce's ancestor. (Patricia $\rightarrow$ Joyce)
58. Janet is Joyce's descendant. (Joyce $\rightarrow$ Janet)
59. Janet is John's ancestor. (Janet $\rightarrow$ John)
60. John is Ethan's ancestor. (John $\rightarrow$ Ethan)
61. Ethan is Gregory's ancestor. (Ethan $\rightarrow$ Gregory)
62. Gregory is Kathleen's ancestor. (Gregory $\rightarrow$ Kathleen)
63. **Abigail** is Kathleen's descendant. (Kathleen $\rightarrow$ Abigail)

The chain confirms a direct lineage from Isabella down to Abigail. Therefore, Isabella is Abigail's ancestor.

<ANSWER>4</ANSWER>"
64,DESCENDANT,2,"Given the following lineage relationships:
* Christian is Heather's ancestor.
* Roger is Pamela's descendant.
* Harold is Kevin's ancestor.
* Beverly is Diane's ancestor.
* Sarah is Ronald's ancestor.
* Maria is Beverly's ancestor.
* Brandon is Danielle's descendant.
* Barbara is Amber's descendant.
* Rachel is Roy's descendant.
* Cheryl is Lisa's descendant.
* Samantha is Elizabeth's descendant.
* Megan is Andrea's ancestor.
* Jose is Russell's ancestor.
* Katherine is Natalie's ancestor.
* Frank is Amber's ancestor.
* Bradley is Wayne's descendant.
* Abigail is Dennis's descendant.
* Jacob is Andrea's descendant.
* Doris is Alice's descendant.
* Diane is Wayne's ancestor.
* Mason is Madison's ancestor.
* Frank is Natalie's descendant.
* Karen is Peter's descendant.
* Melissa is Keith's ancestor.
* Nicole is James's descendant.
* Isabella is Katherine's ancestor.
* Robert is Doris's descendant.
* Karen is Emma's ancestor.
* Rachel is Judy's ancestor.
* Gerald is Patricia's descendant.
* James is Janice's descendant.
* Bruce is Jose's ancestor.
* Harold is Joyce's descendant.
* Elizabeth is Abigail's descendant.
* Daniel is Frances's descendant.
* Lisa is Shirley's descendant.
* Victoria is Nicole's descendant.
* Kyle is Melissa's ancestor.
* Pamela is Judy's descendant.
* Janice is Cheryl's descendant.
* Megan is Russell's descendant.
* Diana is Alice's ancestor.
* Sarah is Jonathan's descendant.
* Barbara is Kelly's ancestor.
* Dennis is Robert's descendant.
* Deborah is Peter's ancestor.
* Shirley is Jessica's descendant.
* Emma is Frances's ancestor.
* Edward is Mason's ancestor.
* Joyce is Samantha's descendant.
* Deborah is Bradley's descendant.
* Patricia is Kelly's descendant.
* Ralph is Jessica's ancestor.
* Bruce is Madison's descendant.
* Gerald is Roy's ancestor.
* Ralph is Daniel's descendant.
* Heather is Danielle's ancestor.
* Kyle is Kevin's descendant.
* Edward is Brandon's descendant.
* Roger is Christian's ancestor.
* Keith is Jonathan's ancestor.
* Diana is Jacob's descendant.
* Maria is Ronald's descendant.
Determine the lineage relationship between Victoria and Isabella.
Select the correct answer:
1. Victoria and Isabella share a common descendant.
2. Victoria is Isabella's descendant.
3. Victoria is Isabella's ancestor.
4. Victoria and Isabella share a common ancestor.
5. None of the above is correct.
Enclose the selected answer number in the <ANSWER> tag, for example: <ANSWER>1</ANSWER>.",qwen/qwen3.5-397b-a17b,Alibaba,,,"To determine the relationship between Victoria and Isabella, we need to trace the lineage chains connecting them.

**Step 1: Trace Victoria's Ancestors**
*   Victoria is Nicole's descendant. (Nicole $\rightarrow$ Victoria)
*   Nicole is James's descendant. (James $\rightarrow$ Nicole)
*   James is Janice's descendant. (Janice $\rightarrow$ James)
*   Janice is Cheryl's descendant. (Cheryl $\rightarrow$ Janice)
*   Cheryl is Lisa's descendant. (Lisa $\rightarrow$ Cheryl)
*   Lisa is Shirley's descendant. (Shirley $\rightarrow$ Lisa)
*   Shirley is Jessica's descendant. (Jessica $\rightarrow$ Shirley)
*   **Chain:** Jessica $\rightarrow$ Shirley $\rightarrow$ Lisa $\rightarrow$ Cheryl $\rightarrow$ Janice $\rightarrow$ James $\rightarrow$ Nicole $\rightarrow$ Victoria.
*   **Conclusion:** Victoria is a descendant of Jessica.

**Step 2: Trace Isabella's Descendants to find a connection to Jessica**
*   Isabella is Katherine's ancestor. (Isabella $\rightarrow$ Katherine)
*   Katherine is Natalie's ancestor. (Katherine $\rightarrow$ Natalie)
*   Frank is Natalie's descendant. (Natalie $\rightarrow$ Frank)
*   Frank is Amber's ancestor. (Frank $\rightarrow$ Amber)
*   Barbara is Amber's descendant. (Amber $\rightarrow$ Barbara)
*   Barbara is Kelly's ancestor. (Barbara $\rightarrow$ Kelly)
*   Patricia is Kelly's descendant. (Kelly $\rightarrow$ Patricia)
*   Gerald is Patricia's descendant. (Patricia $\rightarrow$ Gerald)
*   Gerald is Roy's ancestor. (Gerald $\rightarrow$ Roy)
*   Rachel is Roy's descendant. (Roy $\rightarrow$ Rachel)
*   Rachel is Judy's ancestor. (Rachel $\rightarrow$ Judy)
*   Pamela is Judy's descendant. (Judy $\rightarrow$ Pamela)
*   Roger is Pamela's descendant. (Pamela $\rightarrow$ Roger)
*   Roger is Christian's ancestor. (Roger $\rightarrow$ Christian)
*   Christian is Heather's ancestor. (Christian $\rightarrow$ Heather)
*   Heather is Danielle's ancestor. (Heather $\rightarrow$ Danielle)
*   Brandon is Danielle's descendant. (Danielle $\rightarrow$ Brandon)
*   Edward is Brandon's descendant. (Brandon $\rightarrow$ Edward)
*   Edward is Mason's ancestor. (Edward $\rightarrow$ Mason)
*   Mason is Madison's ancestor. (Mason $\rightarrow$ Madison)
*   Bruce is Madison's descendant. (Madison $\rightarrow$ Bruce)
*   Bruce is Jose's ancestor. (Bruce $\rightarrow$ Jose)
*   Jose is Russell's ancestor. (Jose $\rightarrow$ Russell)
*   Megan is Russell's descendant. (Russell $\rightarrow$ Megan)
*   Megan is Andrea's ancestor. (Megan $\rightarrow$ Andrea)
*   Jacob is Andrea's descendant. (Andrea $\rightarrow$ Jacob)
*   Diana is Jacob's descendant. (Jacob $\rightarrow$ Diana)
*   Diana is Alice's ancestor. (Diana $\rightarrow$ Alice)
*   Doris is Alice's descendant. (Alice $\rightarrow$ Doris)
*   Robert is Doris's descendant. (Doris $\rightarrow$ Robert)
*   Dennis is Robert's descendant. (Robert $\rightarrow$ Dennis)
*   Abigail is Dennis's descendant. (Dennis $\rightarrow$ Abigail)
*   Elizabeth is Abigail's descendant. (Abigail $\rightarrow$ Elizabeth)
*   Samantha is Elizabeth's descendant. (Elizabeth $\rightarrow$ Samantha)
*   Joyce is Samantha's descendant. (Samantha $\rightarrow$ Joyce)
*   Harold is Joyce's descendant. (Joyce $\rightarrow$ Harold)
*   Harold is Kevin's ancestor. (Harold $\rightarrow$ Kevin)
*   Kyle is Kevin's descendant. (Kevin $\rightarrow$ Kyle)
*   Kyle is Melissa's ancestor. (Kyle $\rightarrow$ Melissa)
*   Melissa is Keith's ancestor. (Melissa $\rightarrow$ Keith)
*   Keith is Jonathan's ancestor. (Keith $\rightarrow$ Jonathan)
*   Sarah is Jonathan's descendant. (Jonathan $\rightarrow$ Sarah)
*   Sarah is Ronald's ancestor. (Sarah $\rightarrow$ Ronald)
*   Maria is Ronald's descendant. (Ronald $\rightarrow$ Maria)
*   Maria is Beverly's ancestor. (Maria $\rightarrow$ Beverly)
*   Beverly is Diane's ancestor. (Beverly $\rightarrow$ Diane)
*   Diane is Wayne's ancestor. (Diane $\rightarrow$ Wayne)
*   Bradley is Wayne's descendant. (Wayne $\rightarrow$ Bradley)
*   Deborah is Bradley's descendant. (Bradley $\rightarrow$ Deborah)
*   Deborah is Peter's ancestor. (Deborah $\rightarrow$ Peter)
*   Karen is Peter's descendant. (Peter $\rightarrow$ Karen)
*   Karen is Emma's ancestor. (Karen $\rightarrow$ Emma)
*   Emma is Frances's ancestor. (Emma $\rightarrow$ Frances)
*   Daniel is Frances's descendant. (Frances $\rightarrow$ Daniel)
*   Ralph is Daniel's descendant. (Daniel $\rightarrow$ Ralph)
*   **Ralph is Jessica's ancestor.** (Ralph $\rightarrow$ Jessica)

**Step 3: Combine the Chains**
*   From Step 2: Isabella is an ancestor of Ralph, and Ralph is an ancestor of Jessica. Therefore, Isabella is an ancestor of Jessica.
*   From Step 1: Jessica is an ancestor of Victoria.
*   **Combined Lineage:** Isabella $\rightarrow$ ... $\rightarrow$ Ralph $\rightarrow$ Jessica $\rightarrow$ ... $\rightarrow$ Victoria.

**Conclusion:**
Since Isabella is an ancestor of Jessica, and Jessica is an ancestor of Victoria, Isabella is an ancestor of Victoria. Conversely, Victoria is a descendant of Isabella.

Checking the options:
1. Victoria and Isabella share a common descendant. (Incorrect)
2. Victoria is Isabella's descendant. (Correct)
3. Victoria is Isabella's ancestor. (Incorrect)
4. Victoria and Isabella share a common ancestor. (While technically true as Isabella is the ancestor, Option 2 is the specific direct relationship).
5. None of the above is correct. (Incorrect)

<ANSWER>2</ANSWER>"
64,COMMON_ANCESTOR,3,"Given the following lineage relationships:
* Emily is Patrick's descendant.
* Alice is Emily's descendant.
* Kenneth is Janice's descendant.
* Dennis is Sharon's descendant.
* Noah is Brittany's descendant.
* Grace is Bobby's descendant.
* Gerald is Maria's descendant.
* Dennis is Ann's ancestor.
* Natalie is Ann's descendant.
* Zachary is Cheryl's ancestor.
* Madison is Rebecca's descendant.
* Terry is Ethan's ancestor.
* Amy is Carl's ancestor.
* Michael is John's descendant.
* Edward is Jacob's descendant.
* Jacob is Kenneth's descendant.
* Terry is Jose's descendant.
* John is Martha's descendant.
* Lauren is Robert's ancestor.
* Frances is Melissa's descendant.
* Thomas is Frances's descendant.
* Marilyn is Aaron's descendant.
* Natalie is Raymond's ancestor.
* Abigail is Maria's ancestor.
* Angela is Alice's descendant.
* Brenda is Anthony's descendant.
* Anthony is Nicholas's descendant.
* Marilyn is Sharon's ancestor.
* Gerald is Dorothy's ancestor.
* Diana is Peter's ancestor.
* Elijah is Laura's descendant.
* Thomas is Laura's ancestor.
* Martha is Janet's descendant.
* Nicholas is Cheryl's descendant.
* Aaron is Noah's descendant.
* Walter is Kelly's descendant.
* Patricia is Carl's descendant.
* Brittany is Ethan's descendant.
* Amy is Marie's descendant.
* Mary is Elijah's descendant.
* Bobby is Deborah's descendant.
* Ronald is Bradley's descendant.
* Robert is Nicole's ancestor.
* Sarah is Melissa's ancestor.
* Mary is Patrick's ancestor.
* Brenda is Sarah's ancestor.
* Nicole is Charles's ancestor.
* Diana is Walter's descendant.
* Charles is Deborah's ancestor.
* Bruce is Abigail's ancestor.
* Michael is Adam's ancestor.
* Rebecca is Lauren's descendant.
* Madison is Janice's ancestor.
* Ronald is Logan's ancestor.
* Grace is Bruce's ancestor.
* Brandon is Edward's descendant.
* Vincent is Kelly's ancestor.
* Adam is Bradley's ancestor.
* Marie is Dorothy's descendant.
* Peter is Jose's ancestor.
* Brandon is Vincent's ancestor.
* Janet is Angela's descendant.
* Patricia is Zachary's ancestor.
Determine the lineage relationship between Raymond and Logan.
Select the correct answer:
1. Raymond and Logan share a common descendant.
2. Raymond is Logan's descendant.
3. Raymond and Logan share a common ancestor.
4. Raymond is Logan's ancestor.
5. None of the above is correct.
Enclose the selected answer number in the <ANSWER> tag, for example: <ANSWER>1</ANSWER>.",qwen/qwen3.5-397b-a17b,Alibaba,,,<ANSWER>3</ANSWER>
64,COMMON_DESCENDANT,3,"Given the following lineage relationships:
* Rachel is Judith's descendant.
* Brandon is Roger's ancestor.
* Judith is Evelyn's descendant.
* Jonathan is Brittany's descendant.
* Charlotte is Nancy's descendant.
* Vincent is Madison's descendant.
* Bryan is Roy's descendant.
* Eric is Nicholas's descendant.
* Lori is Abigail's ancestor.
* Deborah is Elijah's descendant.
* Barbara is Roy's ancestor.
* Bryan is Frances's ancestor.
* Walter is Marilyn's ancestor.
* Carol is Hannah's descendant.
* Dorothy is Melissa's descendant.
* Peter is Walter's ancestor.
* Nancy is Rachel's descendant.
* Helen is Jordan's ancestor.
* Sophia is Shirley's ancestor.
* Nicholas is Joan's descendant.
* Jesse is John's descendant.
* Dylan is Teresa's ancestor.
* Jonathan is Judy's ancestor.
* Eric is Brenda's ancestor.
* Elijah is Marie's descendant.
* Katherine is Sean's descendant.
* Lisa is Helen's ancestor.
* Katherine is Brittany's ancestor.
* Marilyn is Harold's ancestor.
* Alexander is Brenda's descendant.
* Charlotte is Andrea's ancestor.
* Joseph is Thomas's ancestor.
* Sandra is Harold's descendant.
* Diane is Dorothy's descendant.
* Hannah is Diane's descendant.
* Abigail is Deborah's descendant.
* Cheryl is Anna's ancestor.
* Nicole is Sean's ancestor.
* Michelle is Nicole's ancestor.
* Cheryl is Andrea's descendant.
* Sophia is Teresa's descendant.
* Lori is Brian's descendant.
* Carol is Dylan's ancestor.
* Joan is Sandra's descendant.
* Amanda is Michelle's ancestor.
* Arthur is Lisa's ancestor.
* James is John's ancestor.
* Frank is Olivia's ancestor.
* Brian is Frances's descendant.
* Brandon is Jesse's descendant.
* Roger is Barbara's ancestor.
* Alexander is Joseph's ancestor.
* Amanda is Logan's descendant.
* Olivia is Julie's ancestor.
* Evelyn is Kimberly's descendant.
* Jordan is Melissa's ancestor.
* Julie is Kimberly's ancestor.
* Thomas is Madison's ancestor.
* Frank is Judy's descendant.
* Anna is Marie's ancestor.
* Peter is Billy's descendant.
* Shirley is James's ancestor.
* Vincent is Logan's ancestor.
Determine the lineage relationship between Billy and Arthur.
Select the correct answer:
1. Billy and Arthur share a common ancestor.
2. Billy is Arthur's ancestor.
3. Billy and Arthur share a common descendant.
4. Billy is Arthur's descendant.
5. None of the above is correct.
Enclose the selected answer number in the <ANSWER> tag, for example: <ANSWER>1</ANSWER>.",qwen/qwen3.5-397b-a17b,Alibaba,,,"To determine the lineage relationship between Billy and Arthur, we trace their respective lineage chains based on the provided statements. We define the relationship $A \to B$ as ""$A$ is an ancestor of $B$"" (or ""$B$ is a descendant of $A$"").

**Tracing Arthur's Lineage:**
1.  Arthur is Lisa's ancestor $\Rightarrow$ Arthur $\to$ Lisa
2.  Lisa is Helen's ancestor $\Rightarrow$ Lisa $\to$ Helen
3.  Helen is Jordan's ancestor $\Rightarrow$ Helen $\to$ Jordan
4.  Jordan is Melissa's ancestor $\Rightarrow$ Jordan $\to$ Melissa
5.  Dorothy is Melissa's descendant $\Rightarrow$ Melissa $\to$ Dorothy
6.  Diane is Dorothy's descendant $\Rightarrow$ Dorothy $\to$ Diane
7.  Hannah is Diane's descendant $\Rightarrow$ Diane $\to$ Hannah
8.  Carol is Hannah's descendant $\Rightarrow$ Hannah $\to$ Carol
9.  Carol is Dylan's ancestor $\Rightarrow$ Carol $\to$ Dylan
10. Dylan is Teresa's ancestor $\Rightarrow$ Dylan $\to$ Teresa
11. Sophia is Teresa's descendant $\Rightarrow$ Teresa $\to$ Sophia
12. Sophia is Shirley's ancestor $\Rightarrow$ Sophia $\to$ Shirley
13. Shirley is James's ancestor $\Rightarrow$ Shirley $\to$ James
14. James is John's ancestor $\Rightarrow$ James $\to$ John
15. Jesse is John's descendant $\Rightarrow$ John $\to$ Jesse
16. Brandon is Jesse's descendant $\Rightarrow$ Jesse $\to$ Brandon
17. Brandon is Roger's ancestor $\Rightarrow$ Brandon $\to$ Roger
18. Roger is Barbara's ancestor $\Rightarrow$ Roger $\to$ Barbara
19. Barbara is Roy's ancestor $\Rightarrow$ Barbara $\to$ Roy
20. Bryan is Roy's descendant $\Rightarrow$ Roy $\to$ Bryan
21. Bryan is Frances's ancestor $\Rightarrow$ Bryan $\to$ Frances
22. Brian is Frances's descendant $\Rightarrow$ Frances $\to$ Brian
23. Lori is Brian's descendant $\Rightarrow$ Brian $\to$ Lori
24. Lori is Abigail's ancestor $\Rightarrow$ Lori $\to$ Abigail

**Chain 1:** Arthur $\to$ ... $\to$ Barbara $\to$ ... $\to$ Lori $\to$ Abigail.
Thus, **Arthur is an ancestor of Abigail**.

**Tracing Billy's Lineage:**
1.  Peter is Billy's descendant $\Rightarrow$ Billy $\to$ Peter
2.  Peter is Walter's ancestor $\Rightarrow$ Peter $\to$ Walter
3.  Walter is Marilyn's ancestor $\Rightarrow$ Walter $\to$ Marilyn
4.  Marilyn is Harold's ancestor $\Rightarrow$ Marilyn $\to$ Harold
5.  Sandra is Harold's descendant $\Rightarrow$ Harold $\to$ Sandra
6.  Joan is Sandra's descendant $\Rightarrow$ Sandra $\to$ Joan
7.  Nicholas is Joan's descendant $\Rightarrow$ Joan $\to$ Nicholas
8.  Eric is Nicholas's descendant $\Rightarrow$ Nicholas $\to$ Eric
9.  Eric is Brenda's ancestor $\Rightarrow$ Eric $\to$ Brenda
10. Alexander is Brenda's descendant $\Rightarrow$ Brenda $\to$ Alexander
11. Alexander is Joseph's ancestor $\Rightarrow$ Alexander $\to$ Joseph
12. Joseph is Thomas's ancestor $\Rightarrow$ Joseph $\to$ Thomas
13. Thomas is Madison's ancestor $\Rightarrow$ Thomas $\to$ Madison
14. Vincent is Madison's descendant $\Rightarrow$ Madison $\to$ Vincent
15. Vincent is Logan's ancestor $\Rightarrow$ Vincent $\to$ Logan
16. Amanda is Logan's descendant $\Rightarrow$ Logan $\to$ Amanda
17. Amanda is Michelle's ancestor $\Rightarrow$ Amanda $\to$ Michelle
18. Michelle is Nicole's ancestor $\Rightarrow$ Michelle $\to$ Nicole
19. Nicole is Sean's ancestor $\Rightarrow$ Nicole $\to$ Sean
20. Katherine is Sean's descendant $\Rightarrow$ Sean $\to$ Katherine
21. Katherine is Brittany's ancestor $\Rightarrow$ Katherine $\to$ Brittany
22. Jonathan is Brittany's descendant $\Rightarrow$ Brittany $\to$ Jonathan
23. Jonathan is Judy's ancestor $\Rightarrow$ Jonathan $\to$ Judy
24. Frank is Judy's descendant $\Rightarrow$ Judy $\to$ Frank
25. Frank is Olivia's ancestor $\Rightarrow$ Frank $\to$ Olivia
26. Olivia is Julie's ancestor $\Rightarrow$ Olivia $\to$ Julie
27. Julie is Kimberly's ancestor $\Rightarrow$ Julie $\to$ Kimberly
28. Evelyn is Kimberly's descendant $\Rightarrow$ Kimberly $\to$ Evelyn
29. Judith is Evelyn's descendant $\Rightarrow$ Evelyn $\to$ Judith
30. Rachel is Judith's descendant $\Rightarrow$ Judith $\to$ Rachel
31. Nancy is Rachel's descendant $\Rightarrow$ Rachel $\to$ Nancy
32. Charlotte is Nancy's descendant $\Rightarrow$ Nancy $\to$ Charlotte
33. Charlotte is Andrea's ancestor $\Rightarrow$ Charlotte $\to$ Andrea
34. Cheryl is Andrea's descendant $\Rightarrow$ Andrea $\to$ Cheryl
35. Cheryl is Anna's ancestor $\Rightarrow$ Cheryl $\to$ Anna
36. Anna is Marie's ancestor $\Rightarrow$ Anna $\to$ Marie
37. Elijah is Marie's descendant $\Rightarrow$ Marie $\to$ Elijah
38. Deborah is Elijah's descendant $\Rightarrow$ Elijah $\to$ Deborah
39. Abigail is Deborah's descendant $\Rightarrow$ Deborah $\to$ Abigail

**Chain 2:** Billy $\to$ ... $\to$ Deborah $\to$ Abigail.
Thus, **Billy is an ancestor of Abigail**.

**Conclusion:**
Both Arthur and Billy are ancestors of Abigail. There is no information indicating that one is the ancestor of the other, nor is there information about their own ancestors to suggest a common ancestor. However, since they both descend to Abigail, they share a common descendant.

<ANSWER>3</ANSWER>"
64,ANCESTOR,3,"Given the following lineage relationships:
* Charles is Christian's descendant.
* Amber is Beverly's ancestor.
* Lawrence is Nicole's ancestor.
* David is Judith's descendant.
* Nicholas is Stephanie's ancestor.
* Terry is Cheryl's ancestor.
* Andrew is Emma's ancestor.
* Donald is Kayla's ancestor.
* Theresa is Jonathan's ancestor.
* Amber is Charles's descendant.
* Abigail is Russell's ancestor.
* Helen is Natalie's ancestor.
* Jean is Pamela's ancestor.
* Brittany is Joan's ancestor.
* Kyle is Stephanie's descendant.
* Kathryn is Kelly's ancestor.
* Ethan is Janet's descendant.
* Samuel is Christine's descendant.
* Wayne is Samantha's descendant.
* Kelly is Albert's ancestor.
* Jacqueline is Terry's ancestor.
* Beverly is Debra's ancestor.
* Abigail is William's descendant.
* Betty is Elijah's descendant.
* Gabriel is Helen's ancestor.
* Gabriel is Kyle's descendant.
* William is Jerry's descendant.
* Steven is Christina's descendant.
* Charlotte is Emma's descendant.
* Andrew is Samuel's descendant.
* Kimberly is Roy's descendant.
* Samantha is Jack's descendant.
* Janet is David's descendant.
* Carolyn is Jack's ancestor.
* Kimberly is James's ancestor.
* Cynthia is James's descendant.
* Judith is Bradley's descendant.
* Michelle is Joe's descendant.
* Edward is Pamela's descendant.
* Brandon is Megan's descendant.
* Brittany is Albert's descendant.
* Joan is Donald's ancestor.
* Cynthia is Bradley's ancestor.
* Vincent is Kayla's descendant.
* Vincent is Megan's ancestor.
* Charlotte is Ashley's ancestor.
* Gerald is Michelle's descendant.
* Jonathan is Christian's ancestor.
* Jerry is Betty's descendant.
* Natalie is Elijah's ancestor.
* Wayne is Joe's ancestor.
* Jean is Brandon's descendant.
* Dennis is Carolyn's ancestor.
* Jacqueline is Ashley's descendant.
* Debra is Lawrence's ancestor.
* Joyce is Christine's ancestor.
* Nicole is Dorothy's ancestor.
* Nicholas is Edward's descendant.
* Theresa is Russell's descendant.
* Cheryl is Roy's ancestor.
* Dorothy is Dennis's ancestor.
* Christina is Ethan's descendant.
* Joyce is Gerald's descendant.
Determine the lineage relationship between Kathryn and Steven.
Select the correct answer:
1. Kathryn and Steven share a common ancestor.
2. Kathryn and Steven share a common descendant.
3. Kathryn is Steven's ancestor.
4. Kathryn is Steven's descendant.
5. None of the above is correct.
Enclose the selected answer number in the <ANSWER> tag, for example: <ANSWER>1</ANSWER>.",qwen/qwen3.5-397b-a17b,Alibaba,,,<ANSWER>3</ANSWER>
64,DESCENDANT,2,"Given the following lineage relationships:
* Janet is George's ancestor.
* Rachel is Nicole's ancestor.
* Charles is Gabriel's descendant.
* Charles is Brenda's ancestor.
* Arthur is Heather's descendant.
* Cynthia is Frances's ancestor.
* Mark is Juan's descendant.
* Bryan is Brenda's descendant.
* Judith is Evelyn's descendant.
* Mark is Kenneth's ancestor.
* Albert is Kevin's descendant.
* Peter is Jacob's ancestor.
* Amber is Joshua's ancestor.
* Jennifer is Janet's ancestor.
* Hannah is Marie's descendant.
* Jean is Maria's descendant.
* Kenneth is Bradley's ancestor.
* Frances is Margaret's ancestor.
* Logan is Deborah's descendant.
* George is Jordan's ancestor.
* Lori is Isabella's descendant.
* Christopher is Marie's ancestor.
* Scott is Rachel's ancestor.
* Deborah is Patrick's descendant.
* Joshua is Danielle's ancestor.
* Wayne is Nancy's descendant.
* Stephanie is Patrick's ancestor.
* Susan is Jacob's descendant.
* Jean is Abigail's ancestor.
* Bradley is Grace's ancestor.
* Eric is Albert's descendant.
* Lisa is Arthur's descendant.
* Christopher is Grace's descendant.
* Lori is Cynthia's ancestor.
* Hannah is Julie's ancestor.
* Carolyn is Henry's descendant.
* Anthony is Bryan's descendant.
* Timothy is Maria's ancestor.
* John is Judith's descendant.
* Zachary is Laura's ancestor.
* Charlotte is Laura's descendant.
* Kevin is Amanda's descendant.
* Nicole is Gabriel's ancestor.
* Lisa is Isabella's ancestor.
* Victoria is Jacqueline's ancestor.
* Stephanie is Abigail's descendant.
* Eric is Justin's ancestor.
* Jacqueline is Peter's ancestor.
* Margaret is Mary's ancestor.
* Brandon is Matthew's descendant.
* Amber is Logan's descendant.
* Scott is Charlotte's descendant.
* Matthew is Mary's descendant.
* Susan is Nancy's ancestor.
* John is Victoria's ancestor.
* Heather is Justin's descendant.
* Henry is Danielle's descendant.
* Timothy is Julie's descendant.
* Juan is Wayne's descendant.
* Sophia is Evelyn's ancestor.
* Jennifer is Carolyn's descendant.
* Brandon is Zachary's ancestor.
* Sophia is Anthony's descendant.
Determine the lineage relationship between Jordan and Amanda.
Select the correct answer:
1. Jordan and Amanda share a common ancestor.
2. Jordan is Amanda's descendant.
3. Jordan is Amanda's ancestor.
4. Jordan and Amanda share a common descendant.
5. None of the above is correct.
Enclose the selected answer number in the <ANSWER> tag, for example: <ANSWER>1</ANSWER>.",qwen/qwen3.5-397b-a17b,Alibaba,,,"To determine the lineage relationship between Jordan and Amanda, we can construct a family tree by linking the provided ancestor/descendant statements. We will denote a relationship ""X is Y's ancestor"" as $X \to Y$.

1.  **Start with Amanda:**
    *   ""Kevin is Amanda's descendant"" $\Rightarrow$ **Amanda $\to$ Kevin**
    *   ""Albert is Kevin's descendant"" $\Rightarrow$ **Kevin $\to$ Albert**
    *   ""Eric is Albert's descendant"" $\Rightarrow$ **Albert $\to$ Eric**
    *   ""Eric is Justin's ancestor"" $\Rightarrow$ **Eric $\to$ Justin**
    *   ""Heather is Justin's descendant"" $\Rightarrow$ **Justin $\to$ Heather**
    *   ""Arthur is Heather's descendant"" $\Rightarrow$ **Heather $\to$ Arthur**
    *   ""Lisa is Arthur's descendant"" $\Rightarrow$ **Arthur $\to$ Lisa**
    *   ""Lisa is Isabella's ancestor"" $\Rightarrow$ **Lisa $\to$ Isabella**
    *   ""Lori is Isabella's descendant"" $\Rightarrow$ **Isabella $\to$ Lori**
    *   ""Lori is Cynthia's ancestor"" $\Rightarrow$ **Lori $\to$ Cynthia**
    *   ""Cynthia is Frances's ancestor"" $\Rightarrow$ **Cynthia $\to$ Frances**
    *   ""Frances is Margaret's ancestor"" $\Rightarrow$ **Frances $\to$ Margaret**
    *   ""Margaret is Mary's ancestor"" $\Rightarrow$ **Margaret $\to$ Mary**
    *   ""Matthew is Mary's descendant"" $\Rightarrow$ **Mary $\to$ Matthew**
    *   ""Brandon is Matthew's descendant"" $\Rightarrow$ **Matthew $\to$ Brandon**
    *   ""Brandon is Zachary's ancestor"" $\Rightarrow$ **Brandon $\to$ Zachary**
    *   ""Zachary is Laura's ancestor"" $\Rightarrow$ **Zachary $\to$ Laura**
    *   ""Charlotte is Laura's descendant"" $\Rightarrow$ **Laura $\to$ Charlotte**
    *   ""Scott is Charlotte's descendant"" $\Rightarrow$ **Charlotte $\to$ Scott**
    *   ""Scott is Rachel's ancestor"" $\Rightarrow$ **Scott $\to$ Rachel**
    *   ""Rachel is Nicole's ancestor"" $\Rightarrow$ **Rachel $\to$ Nicole**
    *   ""Nicole is Gabriel's ancestor"" $\Rightarrow$ **Nicole $\to$ Gabriel**
    *   ""Charles is Gabriel's descendant"" $\Rightarrow$ **Gabriel $\to$ Charles**
    *   ""Charles is Brenda's ancestor"" $\Rightarrow$ **Charles $\to$ Brenda**
    *   ""Bryan is Brenda's descendant"" $\Rightarrow$ **Brenda $\to$ Bryan**
    *   ""Anthony is Bryan's descendant"" $\Rightarrow$ **Bryan $\to$ Anthony**
    *   ""Sophia is Anthony's descendant"" $\Rightarrow$ **Anthony $\to$ Sophia**
    *   ""Sophia is Evelyn's ancestor"" $\Rightarrow$ **Sophia $\to$ Evelyn**
    *   ""Judith is Evelyn's descendant"" $\Rightarrow$ **Evelyn $\to$ Judith**
    *   ""John is Judith's descendant"" $\Rightarrow$ **Judith $\to$ John**
    *   ""John is Victoria's ancestor"" $\Rightarrow$ **John $\to$ Victoria**
    *   ""Victoria is Jacqueline's ancestor"" $\Rightarrow$ **Victoria $\to$ Jacqueline**
    *   ""Jacqueline is Peter's ancestor"" $\Rightarrow$ **Jacqueline $\to$ Peter**
    *   ""Peter is Jacob's ancestor"" $\Rightarrow$ **Peter $\to$ Jacob**
    *   ""Susan is Jacob's descendant"" $\Rightarrow$ **Jacob $\to$ Susan**
    *   ""Susan is Nancy's ancestor"" $\Rightarrow$ **Susan $\to$ Nancy**
    *   ""Wayne is Nancy's descendant"" $\Rightarrow$ **Nancy $\to$ Wayne**
    *   ""Juan is Wayne's descendant"" $\Rightarrow$ **Wayne $\to$ Juan**
    *   ""Mark is Juan's descendant"" $\Rightarrow$ **Juan $\to$ Mark**
    *   ""Mark is Kenneth's ancestor"" $\Rightarrow$ **Mark $\to$ Kenneth**
    *   ""Kenneth is Bradley's ancestor"" $\Rightarrow$ **Kenneth $\to$ Bradley**
    *   ""Bradley is Grace's ancestor"" $\Rightarrow$ **Bradley $\to$ Grace**
    *   ""Christopher is Grace's descendant"" $\Rightarrow$ **Grace $\to$ Christopher**
    *   ""Christopher is Marie's ancestor"" $\Rightarrow$ **Christopher $\to$ Marie**
    *   ""Hannah is Marie's descendant"" $\Rightarrow$ **Marie $\to$ Hannah**
    *   ""Hannah is Julie's ancestor"" $\Rightarrow$ **Hannah $\to$ Julie**
    *   ""Timothy is Julie's descendant"" $\Rightarrow$ **Julie $\to$ Timothy**
    *   ""Timothy is Maria's ancestor"" $\Rightarrow$ **Timothy $\to$ Maria**
    *   ""Jean is Maria's descendant"" $\Rightarrow$ **Maria $\to$ Jean**
    *   ""Jean is Abigail's ancestor"" $\Rightarrow$ **Jean $\to$ Abigail**
    *   ""Stephanie is Abigail's descendant"" $\Rightarrow$ **Abigail $\to$ Stephanie**
    *   ""Stephanie is Patrick's ancestor"" $\Rightarrow$ **Stephanie $\to$ Patrick**
    *   ""Deborah is Patrick's descendant"" $\Rightarrow$ **Patrick $\to$ Deborah**
    *   ""Logan is Deborah's descendant"" $\Rightarrow$ **Deborah $\to$ Logan**
    *   ""Amber is Logan's descendant"" $\Rightarrow$ **Logan $\to$ Amber**
    *   ""Amber is Joshua's ancestor"" $\Rightarrow$ **Amber $\to$ Joshua**
    *   ""Joshua is Danielle's ancestor"" $\Rightarrow$ **Joshua $\to$ Danielle**
    *   ""Henry is Danielle's descendant"" $\Rightarrow$ **Danielle $\to$ Henry**
    *   ""Carolyn is Henry's descendant"" $\Rightarrow$ **Henry $\to$ Carolyn**
    *   ""Jennifer is Carolyn's descendant"" $\Rightarrow$ **Carolyn $\to$ Jennifer**
    *   ""Jennifer is Janet's ancestor"" $\Rightarrow$ **Jennifer $\to$ Janet**
    *   ""Janet is George's ancestor"" $\Rightarrow$ **Janet $\to$ George**
    *   ""George is Jordan's ancestor"" $\Rightarrow$ **George $\to$ Jordan**

2.  **Analyze the Chain:**
    The chain of lineage is continuous from Amanda down to Jordan:
    **Amanda $\to$ ... $\to$ George $\to$ Jordan**.

3.  **Determine Relationship:**
    Since Amanda is at the beginning of the ancestor chain and Jordan is at the end, Amanda is an ancestor of Jordan. Consequently, Jordan is a descendant of Amanda.

4.  **Evaluate Options:**
    1.  Jordan and Amanda share a common ancestor. (True, but less specific than option 2).
    2.  Jordan is Amanda's descendant. (True and specific).
    3.  Jordan is Amanda's ancestor. (False).
    4.  Jordan and Amanda share a common descendant. (False).
    5.  None of the above is correct. (False).

    Option 2 accurately describes the direct lineage found.

<ANSWER>2</ANSWER>"
64,COMMON_ANCESTOR,3,"Given the following lineage relationships:
* Victoria is Alan's ancestor.
* Judith is Christina's descendant.
* Andrew is Gabriel's descendant.
* Shirley is Janice's descendant.
* Lori is Gerald's descendant.
* Rachel is Justin's descendant.
* Richard is Frances's descendant.
* Denise is Brian's ancestor.
* Ann is Edward's descendant.
* Mary is Martha's descendant.
* Sandra is Gerald's ancestor.
* Ethan is Janet's ancestor.
* Jose is Eric's descendant.
* Justin is Lisa's descendant.
* Ann is Frances's ancestor.
* Brittany is Catherine's ancestor.
* Brandon is Karen's ancestor.
* Judith is Joseph's ancestor.
* Victoria is Billy's descendant.
* Kyle is Austin's descendant.
* Jonathan is Brenda's descendant.
* Brenda is Jean's descendant.
* Bradley is Denise's ancestor.
* Heather is Jesse's ancestor.
* Pamela is Kyle's descendant.
* Richard is Austin's ancestor.
* Ethan is Susan's descendant.
* Karen is Billy's ancestor.
* Brittany is Jacqueline's descendant.
* Lisa is Jonathan's descendant.
* Catherine is Theresa's ancestor.
* Joseph is Joyce's ancestor.
* Stephen is Martha's ancestor.
* Peter is Kathryn's ancestor.
* Anna is Helen's descendant.
* Heather is Barbara's descendant.
* Benjamin is Gabriel's ancestor.
* Brandon is Janet's descendant.
* Scott is Douglas's ancestor.
* Jacqueline is Jose's descendant.
* Willie is Mary's descendant.
* Susan is Peter's ancestor.
* Kathryn is Joan's ancestor.
* Janice is Virginia's descendant.
* Lori is Dennis's ancestor.
* Jesse is Sandra's ancestor.
* Aaron is Gloria's ancestor.
* Nicole is Eric's ancestor.
* Joan is Virginia's ancestor.
* Nicole is Margaret's descendant.
* Helen is Andrew's descendant.
* Christina is Jack's descendant.
* Edward is Dennis's descendant.
* Benjamin is Rachel's descendant.
* Gloria is Jean's ancestor.
* Shirley is Bradley's ancestor.
* Theresa is Aaron's ancestor.
* Joyce is Barbara's ancestor.
* Jacob is Jack's ancestor.
* Stephen is Brian's descendant.
* Alan is Margaret's ancestor.
* Scott is Willie's descendant.
* Jacob is Anna's descendant.
Determine the lineage relationship between Douglas and Pamela.
Select the correct answer:
1. Douglas is Pamela's descendant.
2. Douglas is Pamela's ancestor.
3. Douglas and Pamela share a common ancestor.
4. Douglas and Pamela share a common descendant.
5. None of the above is correct.
Enclose the selected answer number in the <ANSWER> tag, for example: <ANSWER>1</ANSWER>.",qwen/qwen3.5-397b-a17b,Alibaba,,,"To determine the lineage relationship between Douglas and Pamela, we trace their ancestry based on the provided statements.

**1. Tracing Douglas's Ancestry:**
*   Scott is Douglas's ancestor (Scott $\to$ Douglas).
*   Scott is Willie's descendant (Willie $\to$ Scott).
*   Willie is Mary's descendant (Mary $\to$ Willie).
*   Mary is Martha's descendant (Martha $\to$ Mary).
*   Stephen is Martha's ancestor (Stephen $\to$ Martha).
*   Stephen is Brian's descendant (Brian $\to$ Stephen).
*   Denise is Brian's ancestor (Denise $\to$ Brian).
*   Bradley is Denise's ancestor (Bradley $\to$ Denise).
*   Shirley is Bradley's ancestor (Shirley $\to$ Bradley).
*   Shirley is Janice's descendant (Janice $\to$ Shirley).
*   Janice is Virginia's descendant (Virginia $\to$ Janice).
*   Joan is Virginia's ancestor (Joan $\to$ Virginia).
*   Kathryn is Joan's ancestor (Kathryn $\to$ Joan).
*   Peter is Kathryn's ancestor (Peter $\to$ Kathryn).
*   Susan is Peter's ancestor (Susan $\to$ Peter).

Chain for Douglas: **Susan $\to$ Peter $\to$ Kathryn $\to$ Joan $\to$ Virginia $\to$ Janice $\to$ Shirley $\to$ Bradley $\to$ Denise $\to$ Brian $\to$ Stephen $\to$ Martha $\to$ Mary $\to$ Willie $\to$ Scott $\to$ Douglas**.

**2. Tracing Pamela's Ancestry:**
*   Pamela is Kyle's descendant (Kyle $\to$ Pamela).
*   Kyle is Austin's descendant (Austin $\to$ Kyle).
*   Richard is Austin's ancestor (Richard $\to$ Austin).
*   Richard is Frances's descendant (Frances $\to$ Richard).
*   Ann is Frances's ancestor (Ann $\to$ Frances).
*   Ann is Edward's descendant (Edward $\to$ Ann).
*   Edward is Dennis's descendant (Dennis $\to$ Edward).
*   Lori is Dennis's ancestor (Lori $\to$ Dennis).
*   Lori is Gerald's descendant (Gerald $\to$ Lori).
*   Sandra is Gerald's ancestor (Sandra $\to$ Gerald).
*   Jesse is Sandra's ancestor (Jesse $\to$ Sandra).
*   Heather is Jesse's ancestor (Heather $\to$ Jesse).
*   Heather is Barbara's descendant (Barbara $\to$ Heather).
*   Joyce is Barbara's ancestor (Joyce $\to$ Barbara).
*   Joseph is Joyce's ancestor (Joseph $\to$ Joyce).
*   Judith is Joseph's ancestor (Judith $\to$ Joseph).
*   Judith is Christina's descendant (Christina $\to$ Judith).
*   Christina is Jack's descendant (Jack $\to$ Christina).
*   Jacob is Jack's ancestor (Jacob $\to$ Jack).
*   Jacob is Anna's descendant (Anna $\to$ Jacob).
*   Anna is Helen's descendant (Helen $\to$ Anna).
*   Helen is Andrew's descendant (Andrew $\to$ Helen).
*   Andrew is Gabriel's descendant (Gabriel $\to$ Andrew).
*   Benjamin is Gabriel's ancestor (Benjamin $\to$ Gabriel).
*   Benjamin is Rachel's descendant (Rachel $\to$ Benjamin).
*   Rachel is Justin's descendant (Justin $\to$ Rachel).
*   Justin is Lisa's descendant (Lisa $\to$ Justin).
*   Lisa is Jonathan's descendant (Jonathan $\to$ Lisa).
*   Jonathan is Brenda's descendant (Brenda $\to$ Jonathan).
*   Brenda is Jean's descendant (Jean $\to$ Brenda).
*   Gloria is Jean's ancestor (Gloria $\to$ Jean).
*   Aaron is Gloria's ancestor (Aaron $\to$ Gloria).
*   Theresa is Aaron's ancestor (Theresa $\to$ Aaron).
*   Catherine is Theresa's ancestor (Catherine $\to$ Theresa).
*   Brittany is Catherine's ancestor (Brittany $\to$ Catherine).
*   Brittany is Jacqueline's descendant (Jacqueline $\to$ Brittany).
*   Jacqueline is Jose's descendant (Jose $\to$ Jacqueline).
*   Jose is Eric's descendant (Eric $\to$ Jose).
*   Nicole is Eric's ancestor (Nicole $\to$ Eric).
*   Nicole is Margaret's descendant (Margaret $\to$ Nicole).
*   Alan is Margaret's ancestor (Alan $\to$ Margaret).
*   Victoria is Alan's ancestor (Victoria $\to$ Alan).
*   Victoria is Billy's descendant (Billy $\to$ Victoria).
*   Karen is Billy's ancestor (Karen $\to$ Billy).
*   Brandon is Karen's ancestor (Brandon $\to$ Karen).
*   Brandon is Janet's descendant (Janet $\to$ Brandon).
*   Ethan is Janet's ancestor (Ethan $\to$ Janet).
*   Ethan is Susan's descendant (Susan $\to$ Ethan).

Chain for Pamela: **Susan $\to$ Ethan $\to$ Janet $\to$ Brandon $\to$ Karen $\to$ Billy $\to$ Victoria $\to$ Alan $\to$ Margaret $\to$ Nicole $\to$ Eric $\to$ Jose $\to$ Jacqueline $\to$ Brittany $\to$ Catherine $\to$ Theresa $\to$ Aaron $\to$ Gloria $\to$ Jean $\to$ Brenda $\to$ Jonathan $\to$ Lisa $\to$ Justin $\to$ Rachel $\to$ Benjamin $\to$ Gabriel $\to$ Andrew $\to$ Helen $\to$ Anna $\to$ Jacob $\to$ Jack $\to$ Christina $\to$ Judith $\to$ Joseph $\to$ Joyce $\to$ Barbara $\to$ Heather $\to$ Jesse $\to$ Sandra $\to$ Gerald $\to$ Lori $\to$ Dennis $\to$ Edward $\to$ Ann $\to$ Frances $\to$ Richard $\to$ Austin $\to$ Kyle $\to$ Pamela**.

**3. Conclusion:**
Both Douglas and Pamela are descendants of **Susan**. The chains diverge at Susan (Susan $\to$ Peter... $\to$ Douglas and Susan $\to$ Ethan... $\to$ Pamela). There are no overlapping names between the two branches after Susan, indicating they are on different lines of descent from her. Therefore, they share a common ancestor (Susan), but neither is the ancestor or descendant of the other.

<ANSWER>3</ANSWER>"
64,COMMON_DESCENDANT,1,"Given the following lineage relationships:
* Joe is Ann's ancestor.
* Katherine is Carl's ancestor.
* Robert is Marilyn's descendant.
* Mason is Sara's descendant.
* Catherine is Mason's descendant.
* Gary is Jonathan's ancestor.
* Noah is Henry's ancestor.
* Diane is Martha's ancestor.
* Jordan is Alan's descendant.
* Janet is Debra's descendant.
* Thomas is Maria's descendant.
* Joyce is Kenneth's descendant.
* Janet is Julie's ancestor.
* Matthew is Jack's ancestor.
* Sara is George's descendant.
* Rebecca is Noah's ancestor.
* Joan is Kelly's descendant.
* Grace is Steven's descendant.
* Jacqueline is Wayne's descendant.
* Justin is Mark's descendant.
* Julie is Virginia's ancestor.
* Katherine is Jeremy's descendant.
* Mark is Jacqueline's descendant.
* Karen is Andrew's ancestor.
* Ruth is Rebecca's ancestor.
* Bradley is Andrew's descendant.
* Kenneth is Sandra's descendant.
* Frank is Susan's ancestor.
* Kimberly is Elizabeth's ancestor.
* Adam is Helen's descendant.
* Thomas is Abigail's ancestor.
* Marilyn is Joyce's descendant.
* Brian is Frances's descendant.
* Edward is Frances's ancestor.
* Karen is Grace's descendant.
* Jordan is Victoria's ancestor.
* Elizabeth is Sandra's ancestor.
* Jack is Justin's descendant.
* Ralph is Bradley's descendant.
* Ann is George's ancestor.
* Kelly is Carl's descendant.
* Matthew is Adam's descendant.
* Theresa is Evelyn's ancestor.
* Christopher is Abigail's descendant.
* Joan is Helen's ancestor.
* Frank is Samuel's descendant.
* Steven is Arthur's descendant.
* Joe is Ralph's descendant.
* Victoria is Maria's ancestor.
* Amanda is Martha's descendant.
* Jonathan is Carol's ancestor.
* Virginia is Harold's ancestor.
* Theresa is Catherine's descendant.
* Susan is Edward's ancestor.
* Amanda is Kimberly's ancestor.
* Henry is Diane's ancestor.
* Samuel is Harold's descendant.
* Carol is Arthur's ancestor.
* Debra is Evelyn's descendant.
* Robert is Jeremy's ancestor.
* Gerald is Gary's ancestor.
* Wayne is Christopher's descendant.
* Alan is Brian's descendant.
Determine the lineage relationship between Ruth and Gerald.
Select the correct answer:
1. Ruth and Gerald share a common descendant.
2. Ruth is Gerald's ancestor.
3. Ruth is Gerald's descendant.
4. Ruth and Gerald share a common ancestor.
5. None of the above is correct.
Enclose the selected answer number in the <ANSWER> tag, for example: <ANSWER>1</ANSWER>.",qwen/qwen3.5-397b-a17b,Alibaba,,,<ANSWER>1</ANSWER>
64,ANCESTOR,4,"Given the following lineage relationships:
* Judith is Katherine's descendant.
* Katherine is Wayne's descendant.
* Aaron is Jerry's ancestor.
* Joe is Aaron's ancestor.
* Janice is Angela's descendant.
* Brian is Juan's ancestor.
* Larry is Christina's descendant.
* Albert is Sandra's ancestor.
* Ronald is Kayla's descendant.
* Billy is Robert's descendant.
* Paul is Alexander's descendant.
* Julie is Kathryn's descendant.
* Marilyn is Martha's ancestor.
* Isabella is Shirley's ancestor.
* Julie is Brian's ancestor.
* Dylan is Jerry's descendant.
* Brittany is Sophia's descendant.
* Nicole is Wayne's ancestor.
* Sophia is Kathleen's descendant.
* Debra is Kathleen's ancestor.
* Jose is Eric's descendant.
* Maria is William's descendant.
* Emily is Christopher's descendant.
* Daniel is Kathryn's ancestor.
* Gloria is Albert's ancestor.
* Larry is Harold's ancestor.
* Benjamin is Scott's descendant.
* Michelle is Grace's ancestor.
* Hannah is Benjamin's descendant.
* Isabella is Eugene's descendant.
* Billy is Daniel's ancestor.
* Jeremy is Harold's descendant.
* Gerald is Anna's ancestor.
* Gabriel is Anna's descendant.
* Matthew is Sandra's descendant.
* Andrea is Adam's ancestor.
* Judith is Christina's ancestor.
* Gerald is Dylan's descendant.
* Robert is Ryan's descendant.
* Jason is Grace's descendant.
* Juan is Michelle's ancestor.
* Jason is Marilyn's ancestor.
* Jacob is Sean's ancestor.
* Ann is Andrea's ancestor.
* Brittany is Nicole's ancestor.
* Danielle is Michael's ancestor.
* Sean is Scott's ancestor.
* Betty is Gabriel's descendant.
* Jacob is Betty's descendant.
* Debra is Michael's descendant.
* Ryan is Shirley's descendant.
* Diana is William's ancestor.
* Maria is Ann's ancestor.
* Amber is Jose's descendant.
* Gloria is Paul's descendant.
* Diana is Martha's descendant.
* Christopher is Amber's descendant.
* Eric is Janice's descendant.
* Hannah is Danielle's ancestor.
* Jeremy is Alexander's ancestor.
* Joe is Adam's descendant.
* Ronald is Angela's ancestor.
* Eugene is Emily's descendant.
Determine the lineage relationship between Kayla and Matthew.
Select the correct answer:
1. Kayla and Matthew share a common ancestor.
2. Kayla and Matthew share a common descendant.
3. Kayla is Matthew's descendant.
4. Kayla is Matthew's ancestor.
5. None of the above is correct.
Enclose the selected answer number in the <ANSWER> tag, for example: <ANSWER>1</ANSWER>.",qwen/qwen3.5-397b-a17b,Alibaba,,,<ANSWER>4</ANSWER>
64,DESCENDANT,3,"Given the following lineage relationships:
* Jonathan is Nicholas's ancestor.
* Noah is Joseph's ancestor.
* Helen is Dennis's ancestor.
* Dylan is Nicholas's descendant.
* Helen is Philip's descendant.
* Jean is Lisa's ancestor.
* Jack is Heather's descendant.
* Patrick is Amanda's descendant.
* Heather is Robert's descendant.
* Sara is Ashley's ancestor.
* Susan is Mason's ancestor.
* David is Paul's ancestor.
* Kimberly is Teresa's ancestor.
* Joan is Gabriel's descendant.
* Nathan is Madison's descendant.
* Randy is Sara's ancestor.
* Alice is Debra's descendant.
* Judy is Stephanie's ancestor.
* Cheryl is Kevin's descendant.
* Ruth is Raymond's ancestor.
* Joan is Mary's ancestor.
* Gabriel is Isabella's descendant.
* Mary is Olivia's ancestor.
* Samantha is Nancy's ancestor.
* Mason is Philip's ancestor.
* Linda is Grace's descendant.
* Isabella is Bradley's descendant.
* Christine is Ashley's descendant.
* Alice is James's ancestor.
* Stephen is Dennis's descendant.
* Joyce is Amy's ancestor.
* Patrick is Madison's ancestor.
* Vincent is Jeffrey's descendant.
* Nathan is Samantha's ancestor.
* Laura is Austin's descendant.
* Harold is Jeffrey's ancestor.
* Christine is Joyce's ancestor.
* Linda is Bradley's ancestor.
* Kevin is Kathryn's descendant.
* Judy is Cheryl's descendant.
* Kathryn is Teresa's descendant.
* Ruth is Amy's descendant.
* Randy is Douglas's descendant.
* Brandon is Susan's ancestor.
* Grace is Nancy's descendant.
* Jonathan is John's descendant.
* Sarah is Raymond's descendant.
* Jean is Olivia's descendant.
* Joseph is Harold's ancestor.
* Kimberly is Victoria's descendant.
* Jack is Douglas's ancestor.
* Larry is Stephanie's descendant.
* Noah is Lisa's descendant.
* Austin is Barbara's descendant.
* Victoria is Sarah's descendant.
* Dylan is Brandon's ancestor.
* Laura is Theresa's ancestor.
* Robert is Sharon's descendant.
* Debra is Vincent's descendant.
* Amanda is Stephen's descendant.
* David is Larry's descendant.
* John is Paul's descendant.
* Sharon is Theresa's descendant.
Determine the lineage relationship between James and Barbara.
Select the correct answer:
1. James and Barbara share a common descendant.
2. James and Barbara share a common ancestor.
3. James is Barbara's descendant.
4. James is Barbara's ancestor.
5. None of the above is correct.
Enclose the selected answer number in the <ANSWER> tag, for example: <ANSWER>1</ANSWER>.",qwen/qwen3.5-397b-a17b,Alibaba,,,<ANSWER>3</ANSWER>
64,COMMON_ANCESTOR,3,"Given the following lineage relationships:
* Brenda is Ronald's descendant.
* Jerry is Diane's ancestor.
* Kelly is George's ancestor.
* Joyce is Henry's descendant.
* Donald is Carolyn's descendant.
* Jeffrey is Evelyn's ancestor.
* Danielle is Lori's descendant.
* Rachel is Russell's descendant.
* Michael is Andrew's ancestor.
* Bradley is Eugene's ancestor.
* Brenda is Jason's ancestor.
* Zachary is Wayne's descendant.
* Michelle is Joshua's ancestor.
* Bruce is Katherine's descendant.
* Gary is Joyce's descendant.
* Julia is Diana's ancestor.
* Katherine is John's descendant.
* Jeffrey is Jack's descendant.
* Rachel is Jack's ancestor.
* Julia is Andrew's descendant.
* Jason is Margaret's ancestor.
* Janice is Albert's ancestor.
* Kayla is Thomas's ancestor.
* Shirley is Jerry's ancestor.
* Gerald is Karen's ancestor.
* Ronald is Barbara's ancestor.
* Kelly is Richard's descendant.
* Donna is Alexis's descendant.
* Christian is Kayla's ancestor.
* Michael is Barbara's descendant.
* Julie is Mark's descendant.
* Lawrence is Teresa's descendant.
* Sara is Alexis's ancestor.
* Jacob is Brian's ancestor.
* Russell is Eric's descendant.
* Julie is Henry's ancestor.
* Keith is Joe's descendant.
* Natalie is Sara's ancestor.
* Eric is Victoria's descendant.
* Paul is Carolyn's ancestor.
* Keith is Samuel's ancestor.
* Teresa is Evelyn's descendant.
* Lawrence is Michelle's ancestor.
* Kimberly is Gerald's ancestor.
* Bruce is Raymond's ancestor.
* Zachary is Harold's ancestor.
* George is Mark's ancestor.
* Shirley is Albert's descendant.
* Diane is Lori's ancestor.
* Joe is Karen's descendant.
* Brian is Victoria's ancestor.
* Samuel is Paul's ancestor.
* Margaret is Wayne's ancestor.
* Gary is Jacob's ancestor.
* Raymond is Abigail's ancestor.
* Thomas is Richard's ancestor.
* Ethan is Danielle's descendant.
* Harold is Christian's ancestor.
* Janice is Abigail's descendant.
* Donald is Bradley's ancestor.
* Joshua is Kimberly's ancestor.
* Diana is John's ancestor.
* Ethan is Natalie's ancestor.
Determine the lineage relationship between Donna and Eugene.
Select the correct answer:
1. Donna is Eugene's descendant.
2. Donna is Eugene's ancestor.
3. Donna and Eugene share a common ancestor.
4. Donna and Eugene share a common descendant.
5. None of the above is correct.
Enclose the selected answer number in the <ANSWER> tag, for example: <ANSWER>1</ANSWER>.",qwen/qwen3.5-397b-a17b,Alibaba,,,<ANSWER>3</ANSWER>
64,COMMON_DESCENDANT,4,"Given the following lineage relationships:
* Marilyn is Janice's ancestor.
* Sean is Sophia's ancestor.
* Christopher is Isabella's ancestor.
* Frank is Brian's descendant.
* Benjamin is Russell's ancestor.
* Shirley is Ashley's descendant.
* Ethan is Barbara's ancestor.
* Isabella is Ethan's ancestor.
* Betty is Jeremy's descendant.
* Nicholas is Jose's descendant.
* Kelly is Robert's ancestor.
* Abigail is Amanda's descendant.
* Stephanie is David's ancestor.
* Gerald is Larry's ancestor.
* Susan is Larry's descendant.
* Shirley is Sean's ancestor.
* Patrick is Olivia's descendant.
* Sharon is Ruth's descendant.
* Wayne is Jesse's ancestor.
* Gerald is Natalie's descendant.
* Janice is Jennifer's ancestor.
* Julia is Harold's descendant.
* Gregory is Christine's descendant.
* Jesse is Ruth's ancestor.
* Karen is Aaron's descendant.
* Sophia is Jose's ancestor.
* Alexander is Ralph's ancestor.
* Ralph is Christine's ancestor.
* Natalie is Marie's descendant.
* David is Benjamin's ancestor.
* Jacob is Kathryn's ancestor.
* Gregory is Betty's descendant.
* Harold is Abigail's descendant.
* Marie is Juan's descendant.
* Barbara is Ashley's ancestor.
* Brian is Julia's descendant.
* Karen is Albert's ancestor.
* Samantha is Maria's descendant.
* Samantha is Stephen's ancestor.
* Jonathan is Charles's ancestor.
* Charles is Catherine's ancestor.
* Kathryn is Maria's ancestor.
* Christopher is Raymond's descendant.
* Raymond is Sharon's descendant.
* Albert is Marilyn's ancestor.
* Juan is Patrick's descendant.
* Nathan is Joe's descendant.
* Kelly is Frank's descendant.
* Robert is Kenneth's ancestor.
* Jeremy is Catherine's descendant.
* Nathan is Daniel's ancestor.
* Ronald is Jonathan's ancestor.
* Evelyn is Virginia's descendant.
* Amanda is Nicholas's descendant.
* Susan is Alexander's ancestor.
* Kenneth is Stephanie's ancestor.
* Jennifer is Logan's ancestor.
* Ronald is Evelyn's descendant.
* Logan is Jacob's ancestor.
* Stephen is Joe's ancestor.
* Olivia is Daniel's descendant.
* Russell is Virginia's ancestor.
* Aaron is Steven's descendant.
Determine the lineage relationship between Steven and Wayne.
Select the correct answer:
1. Steven and Wayne share a common ancestor.
2. Steven is Wayne's ancestor.
3. Steven is Wayne's descendant.
4. Steven and Wayne share a common descendant.
5. None of the above is correct.
Enclose the selected answer number in the <ANSWER> tag, for example: <ANSWER>1</ANSWER>.",qwen/qwen3.5-397b-a17b,Alibaba,,,<ANSWER>4</ANSWER>
64,ANCESTOR,1,"Given the following lineage relationships:
* Jose is Andrew's descendant.
* Kimberly is Richard's descendant.
* Ashley is Rebecca's ancestor.
* Juan is Philip's descendant.
* Thomas is Emma's descendant.
* Katherine is Debra's descendant.
* Michael is Theresa's descendant.
* Henry is Eric's ancestor.
* Patrick is Katherine's descendant.
* Kathleen is Roy's ancestor.
* James is Jacqueline's ancestor.
* Rebecca is Ethan's ancestor.
* Juan is Emma's ancestor.
* David is George's descendant.
* Gloria is Melissa's descendant.
* Lawrence is Vincent's descendant.
* Karen is Denise's descendant.
* Adam is Maria's descendant.
* Richard is Heather's descendant.
* Sophia is Michael's descendant.
* Kevin is Ethan's descendant.
* Jacqueline is Paul's ancestor.
* Vincent is Eric's descendant.
* Gloria is Bryan's ancestor.
* Mark is Andrea's descendant.
* Elizabeth is Henry's ancestor.
* Jack is Linda's descendant.
* Donna is Kimberly's descendant.
* Andrew is Patrick's descendant.
* Michelle is Charles's ancestor.
* Anthony is Jeffrey's ancestor.
* Michelle is Joyce's descendant.
* Debra is Charles's descendant.
* Judith is Sara's descendant.
* Karen is Sean's ancestor.
* Ralph is Joan's ancestor.
* Linda is Stephen's descendant.
* Nicole is Maria's ancestor.
* Janet is Heather's ancestor.
* Helen is Theresa's ancestor.
* Kevin is Helen's ancestor.
* Roy is Anthony's ancestor.
* Donna is Stephen's ancestor.
* Joan is Sara's ancestor.
* Melissa is David's descendant.
* Emily is Janet's ancestor.
* Samuel is Bryan's descendant.
* Megan is Alexis's descendant.
* Kathleen is Mark's descendant.
* Evelyn is Joyce's ancestor.
* Jeffrey is Evelyn's ancestor.
* Lawrence is Alexis's ancestor.
* Nicole is Sean's descendant.
* Philip is Paul's descendant.
* Kenneth is Andrea's ancestor.
* Kenneth is Adam's descendant.
* Ralph is Jack's descendant.
* Thomas is Denise's ancestor.
* Danielle is Sophia's descendant.
* Judith is James's ancestor.
* Megan is George's ancestor.
* Emily is Samuel's descendant.
* Elizabeth is Danielle's descendant.
Determine the lineage relationship between Ashley and Jose.
Select the correct answer:
1. Ashley is Jose's ancestor.
2. Ashley and Jose share a common ancestor.
3. Ashley and Jose share a common descendant.
4. Ashley is Jose's descendant.
5. None of the above is correct.
Enclose the selected answer number in the <ANSWER> tag, for example: <ANSWER>1</ANSWER>.",qwen/qwen3.5-397b-a17b,Alibaba,,,"To determine the lineage relationship between Ashley and Jose, we can trace the connections provided in the statements to form a family tree or lineage chain. We interpret ""X is Y's ancestor"" as X $\rightarrow$ Y and ""X is Y's descendant"" as Y $\rightarrow$ X.

Here is the step-by-step reconstruction of the lineage chain starting from Ashley:

1.  **Ashley** is Rebecca's ancestor. (Ashley $\rightarrow$ Rebecca)
2.  Rebecca is **Ethan**'s ancestor. (Rebecca $\rightarrow$ Ethan)
3.  Kevin is Ethan's descendant. (Ethan $\rightarrow$ Kevin)
4.  Kevin is **Helen**'s ancestor. (Kevin $\rightarrow$ Helen)
5.  Helen is **Theresa**'s ancestor. (Helen $\rightarrow$ Theresa)
6.  Michael is Theresa's descendant. (Theresa $\rightarrow$ Michael)
7.  Sophia is Michael's descendant. (Michael $\rightarrow$ Sophia)
8.  Danielle is Sophia's descendant. (Sophia $\rightarrow$ Danielle)
9.  Elizabeth is Danielle's descendant. (Danielle $\rightarrow$ Elizabeth)
10. Elizabeth is **Henry**'s ancestor. (Elizabeth $\rightarrow$ Henry)
11. Henry is **Eric**'s ancestor. (Henry $\rightarrow$ Eric)
12. Vincent is Eric's descendant. (Eric $\rightarrow$ Vincent)
13. Lawrence is Vincent's descendant. (Vincent $\rightarrow$ Lawrence)
14. Lawrence is **Alexis**'s ancestor. (Lawrence $\rightarrow$ Alexis)
15. Megan is Alexis's descendant. (Alexis $\rightarrow$ Megan)
16. Megan is **George**'s ancestor. (Megan $\rightarrow$ George)
17. David is George's descendant. (George $\rightarrow$ David)
18. Melissa is David's descendant. (David $\rightarrow$ Melissa)
19. Gloria is Melissa's descendant. (Melissa $\rightarrow$ Gloria)
20. Gloria is **Bryan**'s ancestor. (Gloria $\rightarrow$ Bryan)
21. Samuel is Bryan's descendant. (Bryan $\rightarrow$ Samuel)
22. Emily is Samuel's descendant. (Samuel $\rightarrow$ Emily)
23. Emily is **Janet**'s ancestor. (Emily $\rightarrow$ Janet)
24. Janet is **Heather**'s ancestor. (Janet $\rightarrow$ Heather)
25. Richard is Heather's descendant. (Heather $\rightarrow$ Richard)
26. Kimberly is Richard's descendant. (Richard $\rightarrow$ Kimberly)
27. Donna is Kimberly's descendant. (Kimberly $\rightarrow$ Donna)
28. Donna is **Stephen**'s ancestor. (Donna $\rightarrow$ Stephen)
29. Linda is Stephen's descendant. (Stephen $\rightarrow$ Linda)
30. Jack is Linda's descendant. (Linda $\rightarrow$ Jack)
31. Ralph is Jack's descendant. (Jack $\rightarrow$ Ralph)
32. Ralph is **Joan**'s ancestor. (Ralph $\rightarrow$ Joan)
33. Joan is **Sara**'s ancestor. (Joan $\rightarrow$ Sara)
34. Judith is Sara's descendant. (Sara $\rightarrow$ Judith)
35. Judith is **James**'s ancestor. (Judith $\rightarrow$ James)
36. James is **Jacqueline**'s ancestor. (James $\rightarrow$ Jacqueline)
37. Jacqueline is **Paul**'s ancestor. (Jacqueline $\rightarrow$ Paul)
38. Philip is Paul's descendant. (Paul $\rightarrow$ Philip)
39. Juan is Philip's descendant. (Philip $\rightarrow$ Juan)
40. Juan is **Emma**'s ancestor. (Juan $\rightarrow$ Emma)
41. Thomas is Emma's descendant. (Emma $\rightarrow$ Thomas)
42. Thomas is **Denise**'s ancestor. (Thomas $\rightarrow$ Denise)
43. Karen is Denise's descendant. (Denise $\rightarrow$ Karen)
44. Karen is **Sean**'s ancestor. (Karen $\rightarrow$ Sean)
45. Nicole is Sean's descendant. (Sean $\rightarrow$ Nicole)
46. Nicole is **Maria**'s ancestor. (Nicole $\rightarrow$ Maria)
47. Adam is Maria's descendant. (Maria $\rightarrow$ Adam)
48. Kenneth is Adam's descendant. (Adam $\rightarrow$ Kenneth)
49. Kenneth is **Andrea**'s ancestor. (Kenneth $\rightarrow$ Andrea)
50. Mark is Andrea's descendant. (Andrea $\rightarrow$ Mark)
51. Kathleen is Mark's descendant. (Mark $\rightarrow$ Kathleen)
52. Kathleen is **Roy**'s ancestor. (Kathleen $\rightarrow$ Roy)
53. Roy is **Anthony**'s ancestor. (Roy $\rightarrow$ Anthony)
54. Anthony is **Jeffrey**'s ancestor. (Anthony $\rightarrow$ Jeffrey)
55. Jeffrey is **Evelyn**'s ancestor. (Jeffrey $\rightarrow$ Evelyn)
56. Evelyn is **Joyce**'s ancestor. (Evelyn $\rightarrow$ Joyce)
57. Michelle is Joyce's descendant. (Joyce $\rightarrow$ Michelle)
58. Michelle is **Charles**'s ancestor. (Michelle $\rightarrow$ Charles)
59. Debra is Charles's descendant. (Charles $\rightarrow$ Debra)
60. Katherine is Debra's descendant. (Debra $\rightarrow$ Katherine)
61. Patrick is Katherine's descendant. (Katherine $\rightarrow$ Patrick)
62. Andrew is Patrick's descendant. (Patrick $\rightarrow$ Andrew)
63. Jose is Andrew's descendant. (Andrew $\rightarrow$ Jose)

This chain connects Ashley directly to Jose through a continuous line of ancestors and descendants. Since the direction of the relationship flows from Ashley to Jose (Ashley $\rightarrow$ ... $\rightarrow$ Jose), Ashley is an ancestor of Jose.

<ANSWER>1</ANSWER>"
64,DESCENDANT,3,"Given the following lineage relationships:
* Mary is Andrea's descendant.
* Samantha is Beverly's ancestor.
* Samantha is Cynthia's descendant.
* Zachary is Margaret's descendant.
* Kevin is William's ancestor.
* Vincent is George's descendant.
* Abigail is Albert's ancestor.
* Teresa is Janet's ancestor.
* Gabriel is Dorothy's ancestor.
* Alice is Lawrence's descendant.
* Christine is Ryan's descendant.
* Richard is Bryan's ancestor.
* Ralph is Philip's descendant.
* Jerry is Heather's descendant.
* Diana is Mason's descendant.
* Robert is Beverly's descendant.
* Sandra is Albert's descendant.
* Tyler is Carl's ancestor.
* Teresa is Justin's descendant.
* Brian is Madison's ancestor.
* Megan is Alice's descendant.
* Ruth is Mark's ancestor.
* Dorothy is Andrea's ancestor.
* Elijah is Harold's ancestor.
* Rachel is Sandra's descendant.
* Abigail is Jeffrey's descendant.
* Logan is George's ancestor.
* Kevin is Pamela's descendant.
* Madison is Pamela's ancestor.
* Stephen is Charles's ancestor.
* Danielle is Carl's descendant.
* Brandon is Robert's descendant.
* Tyler is William's descendant.
* Ryan is Bryan's descendant.
* Alan is Cynthia's ancestor.
* Stephen is Janice's descendant.
* Logan is Mark's descendant.
* Vincent is Margaret's ancestor.
* Harold is Michael's ancestor.
* Karen is Denise's ancestor.
* Arthur is Amanda's ancestor.
* Ralph is Karen's ancestor.
* Brenda is Danielle's descendant.
* Heather is Brenda's descendant.
* Lawrence is Amanda's descendant.
* Amy is Diana's descendant.
* Jennifer is Kelly's descendant.
* Bobby is Philip's ancestor.
* Arthur is Janet's descendant.
* Melissa is Jeffrey's ancestor.
* Patricia is Mason's ancestor.
* Amy is Gabriel's ancestor.
* Richard is Jennifer's descendant.
* Kathleen is Mary's descendant.
* Bobby is Michael's descendant.
* Brian is Kathleen's descendant.
* Justin is Rachel's descendant.
* Megan is Alan's ancestor.
* Jerry is Ruth's ancestor.
* Denise is Patricia's ancestor.
* Zachary is Kelly's ancestor.
* Charles is Melissa's ancestor.
* Christine is Janice's ancestor.
Determine the lineage relationship between Brandon and Elijah.
Select the correct answer:
1. Brandon and Elijah share a common descendant.
2. Brandon and Elijah share a common ancestor.
3. Brandon is Elijah's descendant.
4. Brandon is Elijah's ancestor.
5. None of the above is correct.
Enclose the selected answer number in the <ANSWER> tag, for example: <ANSWER>1</ANSWER>.",qwen/qwen3.5-397b-a17b,Alibaba,,,"To determine the relationship between Brandon and Elijah, we can construct a lineage chain by linking the provided relationships. We will use the notation $A \to B$ to indicate that $A$ is an ancestor of $B$ (or $B$ is a descendant of $A$).

**Tracing from Elijah:**
1.  **Elijah** is Harold's ancestor $\Rightarrow$ Elijah $\to$ Harold
2.  Harold is Michael's ancestor $\Rightarrow$ Harold $\to$ Michael
3.  Bobby is Michael's descendant $\Rightarrow$ Michael $\to$ Bobby
4.  Bobby is Philip's ancestor $\Rightarrow$ Bobby $\to$ Philip
5.  Ralph is Philip's descendant $\Rightarrow$ Philip $\to$ Ralph
6.  Ralph is Karen's ancestor $\Rightarrow$ Ralph $\to$ Karen
7.  Karen is Denise's ancestor $\Rightarrow$ Karen $\to$ Denise
8.  Denise is Patricia's ancestor $\Rightarrow$ Denise $\to$ Patricia
9.  Patricia is Mason's ancestor $\Rightarrow$ Patricia $\to$ Mason
10. Diana is Mason's descendant $\Rightarrow$ Mason $\to$ Diana
11. Amy is Diana's descendant $\Rightarrow$ Diana $\to$ Amy
12. Amy is Gabriel's ancestor $\Rightarrow$ Amy $\to$ Gabriel
13. Gabriel is Dorothy's ancestor $\Rightarrow$ Gabriel $\to$ Dorothy
14. Dorothy is Andrea's ancestor $\Rightarrow$ Dorothy $\to$ Andrea
15. Mary is Andrea's descendant $\Rightarrow$ Andrea $\to$ Mary
16. Kathleen is Mary's descendant $\Rightarrow$ Mary $\to$ Kathleen
17. Brian is Kathleen's descendant $\Rightarrow$ Kathleen $\to$ Brian
18. Brian is Madison's ancestor $\Rightarrow$ Brian $\to$ Madison
19. Madison is Pamela's ancestor $\Rightarrow$ Madison $\to$ Pamela
20. Kevin is Pamela's descendant $\Rightarrow$ Pamela $\to$ Kevin
21. Kevin is William's ancestor $\Rightarrow$ Kevin $\to$ William
22. Tyler is William's descendant $\Rightarrow$ William $\to$ Tyler
23. Tyler is Carl's ancestor $\Rightarrow$ Tyler $\to$ Carl
24. Danielle is Carl's descendant $\Rightarrow$ Carl $\to$ Danielle
25. Brenda is Danielle's descendant $\Rightarrow$ Danielle $\to$ Brenda
26. Heather is Brenda's descendant $\Rightarrow$ Brenda $\to$ Heather
27. Jerry is Heather's descendant $\Rightarrow$ Heather $\to$ Jerry
28. Jerry is Ruth's ancestor $\Rightarrow$ Jerry $\to$ Ruth
29. Ruth is Mark's ancestor $\Rightarrow$ Ruth $\to$ Mark
30. Logan is Mark's descendant $\Rightarrow$ Mark $\to$ Logan
31. Logan is George's ancestor $\Rightarrow$ Logan $\to$ George
32. Vincent is George's descendant $\Rightarrow$ George $\to$ Vincent
33. Vincent is Margaret's ancestor $\Rightarrow$ Vincent $\to$ Margaret
34. Zachary is Margaret's descendant $\Rightarrow$ Margaret $\to$ Zachary
35. Zachary is Kelly's ancestor $\Rightarrow$ Zachary $\to$ Kelly
36. Jennifer is Kelly's descendant $\Rightarrow$ Kelly $\to$ Jennifer
37. Richard is Jennifer's descendant $\Rightarrow$ Jennifer $\to$ Richard
38. Richard is Bryan's ancestor $\Rightarrow$ Richard $\to$ Bryan
39. Ryan is Bryan's descendant $\Rightarrow$ Bryan $\to$ Ryan
40. Christine is Ryan's descendant $\Rightarrow$ Ryan $\to$ Christine
41. Christine is Janice's ancestor $\Rightarrow$ Christine $\to$ Janice
42. Stephen is Janice's descendant $\Rightarrow$ Janice $\to$ Stephen
43. Stephen is Charles's ancestor $\Rightarrow$ Stephen $\to$ Charles
44. Charles is Melissa's ancestor $\Rightarrow$ Charles $\to$ Melissa
45. Melissa is Jeffrey's ancestor $\Rightarrow$ Melissa $\to$ Jeffrey
46. Abigail is Jeffrey's descendant $\Rightarrow$ Jeffrey $\to$ Abigail
47. Abigail is Albert's ancestor $\Rightarrow$ Abigail $\to$ Albert
48. Sandra is Albert's descendant $\Rightarrow$ Albert $\to$ Sandra
49. Rachel is Sandra's descendant $\Rightarrow$ Sandra $\to$ Rachel
50. Justin is Rachel's descendant $\Rightarrow$ Rachel $\to$ Justin
51. Teresa is Justin's descendant $\Rightarrow$ Justin $\to$ Teresa
52. Teresa is Janet's ancestor $\Rightarrow$ Teresa $\to$ Janet
53. Arthur is Janet's descendant $\Rightarrow$ Janet $\to$ Arthur
54. Arthur is Amanda's ancestor $\Rightarrow$ Arthur $\to$ Amanda
55. Lawrence is Amanda's descendant $\Rightarrow$ Amanda $\to$ Lawrence
56. Alice is Lawrence's descendant $\Rightarrow$ Lawrence $\to$ Alice
57. Megan is Alice's descendant $\Rightarrow$ Alice $\to$ Megan
58. Megan is Alan's ancestor $\Rightarrow$ Megan $\to$ Alan
59. Alan is Cynthia's ancestor $\Rightarrow$ Alan $\to$ Cynthia
60. Samantha is Cynthia's descendant $\Rightarrow$ Cynthia $\to$ Samantha
61. Samantha is Beverly's ancestor $\Rightarrow$ Samantha $\to$ Beverly
62. Robert is Beverly's descendant $\Rightarrow$ Beverly $\to$ Robert
63. **Brandon** is Robert's descendant $\Rightarrow$ Robert $\to$ Brandon

**Conclusion:**
The chain establishes a direct lineage from Elijah to Brandon (Elijah $\to$ ... $\to$ Brandon). This means Elijah is an ancestor of Brandon, and conversely, **Brandon is Elijah's descendant**.

<ANSWER>3</ANSWER>"
64,COMMON_ANCESTOR,4,"Given the following lineage relationships:
* Christian is Grace's ancestor.
* David is Eric's ancestor.
* Mason is Stephen's descendant.
* Bryan is Jean's descendant.
* Jacob is Joseph's ancestor.
* Larry is Sophia's ancestor.
* Jeffrey is Marie's descendant.
* Sophia is Nicholas's ancestor.
* Jack is Aaron's descendant.
* Zachary is Nicholas's descendant.
* Olivia is Kathleen's ancestor.
* Gary is Jose's ancestor.
* Justin is Carl's ancestor.
* Wayne is Billy's descendant.
* Steven is Julia's descendant.
* Eric is Ryan's ancestor.
* Sandra is Stephen's ancestor.
* Timothy is John's ancestor.
* Randy is Rachel's descendant.
* George is Justin's ancestor.
* Kenneth is Sarah's descendant.
* Randy is Samuel's ancestor.
* Patrick is Judy's descendant.
* Adam is Jean's ancestor.
* Samuel is Laura's ancestor.
* Olivia is Donald's descendant.
* David is Melissa's descendant.
* Donald is Carol's descendant.
* Abigail is Mason's descendant.
* Jesse is Joseph's descendant.
* Lisa is Charles's descendant.
* Adam is Alexis's descendant.
* Peter is Bryan's descendant.
* Larry is Theresa's descendant.
* Edward is Thomas's descendant.
* Grace is Carol's ancestor.
* Alexis is Kenneth's descendant.
* Shirley is Julie's ancestor.
* Jack is Brittany's ancestor.
* Theresa is Peter's descendant.
* Sarah is Jeffrey's descendant.
* Rachel is Carl's descendant.
* Timothy is Gary's ancestor.
* Isabella is George's ancestor.
* Brittany is Isabella's ancestor.
* Lisa is Deborah's ancestor.
* Julie is Sandra's ancestor.
* Zachary is Jacob's ancestor.
* Shirley is Willie's descendant.
* Daniel is Christian's ancestor.
* Patrick is Willie's ancestor.
* Kayla is Deborah's descendant.
* Joshua is Ryan's descendant.
* John is Julia's ancestor.
* Tyler is Edward's descendant.
* Jose is Aaron's ancestor.
* Abigail is Billy's ancestor.
* Melissa is Wayne's descendant.
* Charles is Tyler's descendant.
* Kayla is Marie's ancestor.
* Judy is Jesse's descendant.
* Thomas is Kathleen's descendant.
* Daniel is Steven's descendant.
Determine the lineage relationship between Joshua and Laura.
Select the correct answer:
1. Joshua is Laura's ancestor.
2. Joshua is Laura's descendant.
3. Joshua and Laura share a common descendant.
4. Joshua and Laura share a common ancestor.
5. None of the above is correct.
Enclose the selected answer number in the <ANSWER> tag, for example: <ANSWER>1</ANSWER>.",qwen/qwen3.5-397b-a17b,Alibaba,,,"To determine the lineage relationship between Joshua and Laura, we need to trace their ancestry based on the provided statements.

**1. Trace Joshua's Ancestry:**
*   Joshua is Ryan's descendant. (Ryan $\rightarrow$ Joshua)
*   Eric is Ryan's ancestor. (Eric $\rightarrow$ Ryan)
*   David is Eric's ancestor. (David $\rightarrow$ Eric)
*   David is Melissa's descendant. (Melissa $\rightarrow$ David)
*   Melissa is Wayne's descendant. (Wayne $\rightarrow$ Melissa)
*   Wayne is Billy's descendant. (Billy $\rightarrow$ Wayne)
*   Abigail is Billy's ancestor. (Abigail $\rightarrow$ Billy)
*   Abigail is Mason's descendant. (Mason $\rightarrow$ Abigail)
*   Mason is Stephen's descendant. (Stephen $\rightarrow$ Mason)
*   Sandra is Stephen's ancestor. (Sandra $\rightarrow$ Stephen)
*   Julie is Sandra's ancestor. (Julie $\rightarrow$ Sandra)
*   Shirley is Julie's ancestor. (Shirley $\rightarrow$ Julie)
*   Shirley is Willie's descendant. (Willie $\rightarrow$ Shirley)
*   Patrick is Willie's ancestor. (Patrick $\rightarrow$ Willie)
*   Patrick is Judy's descendant. (Judy $\rightarrow$ Patrick)
*   Judy is Jesse's descendant. (Jesse $\rightarrow$ Judy)
*   Jesse is Joseph's descendant. (Joseph $\rightarrow$ Jesse)
*   Jacob is Joseph's ancestor. (Jacob $\rightarrow$ Joseph)
*   Zachary is Jacob's ancestor. (Zachary $\rightarrow$ Jacob)
*   Zachary is Nicholas's descendant. (Nicholas $\rightarrow$ Zachary)
*   Sophia is Nicholas's ancestor. (Sophia $\rightarrow$ Nicholas)
*   Larry is Sophia's ancestor. (Larry $\rightarrow$ Sophia)
*   Larry is Theresa's descendant. (Theresa $\rightarrow$ Larry)
*   Theresa is Peter's descendant. (Peter $\rightarrow$ Theresa)
*   Peter is Bryan's descendant. (Bryan $\rightarrow$ Peter)
*   Bryan is Jean's descendant. (Jean $\rightarrow$ Bryan)
*   Adam is Jean's ancestor. (Adam $\rightarrow$ Jean)
*   Adam is Alexis's descendant. (Alexis $\rightarrow$ Adam)
*   Alexis is Kenneth's descendant. (Kenneth $\rightarrow$ Alexis)
*   Kenneth is Sarah's descendant. (Sarah $\rightarrow$ Kenneth)
*   Sarah is Jeffrey's descendant. (Jeffrey $\rightarrow$ Sarah)
*   Jeffrey is Marie's descendant. (Marie $\rightarrow$ Jeffrey)
*   Kayla is Marie's ancestor. (Kayla $\rightarrow$ Marie)
*   Kayla is Deborah's descendant. (Deborah $\rightarrow$ Kayla)
*   Lisa is Deborah's ancestor. (Lisa $\rightarrow$ Deborah)
*   Lisa is Charles's descendant. (Charles $\rightarrow$ Lisa)
*   Charles is Tyler's descendant. (Tyler $\rightarrow$ Charles)
*   Tyler is Edward's descendant. (Edward $\rightarrow$ Tyler)
*   Edward is Thomas's descendant. (Thomas $\rightarrow$ Edward)
*   Thomas is Kathleen's descendant. (Kathleen $\rightarrow$ Thomas)
*   Olivia is Kathleen's ancestor. (Olivia $\rightarrow$ Kathleen)
*   Olivia is Donald's descendant. (Donald $\rightarrow$ Olivia)
*   Donald is Carol's descendant. (Carol $\rightarrow$ Donald)
*   Grace is Carol's ancestor. (Grace $\rightarrow$ Carol)
*   Christian is Grace's ancestor. (Christian $\rightarrow$ Grace)
*   Daniel is Christian's ancestor. (Daniel $\rightarrow$ Christian)
*   Daniel is Steven's descendant. (Steven $\rightarrow$ Daniel)
*   Steven is Julia's descendant. (Julia $\rightarrow$ Steven)
*   John is Julia's ancestor. (John $\rightarrow$ Julia)
*   **Timothy is John's ancestor.** (Timothy $\rightarrow$ John)

**Chain for Joshua:** Timothy $\rightarrow$ John $\rightarrow$ ... $\rightarrow$ Joshua.

**2. Trace Laura's Ancestry:**
*   Samuel is Laura's ancestor. (Samuel $\rightarrow$ Laura)
*   Randy is Samuel's ancestor. (Randy $\rightarrow$ Samuel)
*   Randy is Rachel's descendant. (Rachel $\rightarrow$ Randy)
*   Rachel is Carl's descendant. (Carl $\rightarrow$ Rachel)
*   Justin is Carl's ancestor. (Justin $\rightarrow$ Carl)
*   George is Justin's ancestor. (George $\rightarrow$ Justin)
*   Isabella is George's ancestor. (Isabella $\rightarrow$ George)
*   Brittany is Isabella's ancestor. (Brittany $\rightarrow$ Isabella)
*   Jack is Brittany's ancestor. (Jack $\rightarrow$ Brittany)
*   Jack is Aaron's descendant. (Aaron $\rightarrow$ Jack)
*   Jose is Aaron's ancestor. (Jose $\rightarrow$ Aaron)
*   Gary is Jose's ancestor. (Gary $\rightarrow$ Jose)
*   **Timothy is Gary's ancestor.** (Timothy $\rightarrow$ Gary)

**Chain for Laura:** Timothy $\rightarrow$ Gary $\rightarrow$ ... $\rightarrow$ Laura.

**3. Conclusion:**
Both Joshua and Laura have **Timothy** as an ancestor. The lineage branches at Timothy (one path through John, the other through Gary) and does not reconverge based on the provided names. Therefore, they are not direct ancestors or descendants of each other, but they share a common ancestor.

<ANSWER>4</ANSWER>"
64,COMMON_DESCENDANT,1,"Given the following lineage relationships:
* Mark is Mary's ancestor.
* Wayne is Richard's descendant.
* Billy is Jonathan's descendant.
* Jesse is Alice's ancestor.
* Frank is Kayla's descendant.
* Harold is Joe's descendant.
* Nicole is Samantha's ancestor.
* Olivia is Beverly's descendant.
* Willie is Richard's ancestor.
* Frances is Carolyn's descendant.
* Bruce is Ashley's descendant.
* Willie is Bradley's descendant.
* Christopher is Emily's descendant.
* Vincent is Elijah's ancestor.
* Roy is Wayne's descendant.
* Timothy is Karen's descendant.
* Kayla is Christopher's descendant.
* Emily is Sandra's descendant.
* Bruce is Russell's ancestor.
* Timothy is Bradley's ancestor.
* Janet is Carol's ancestor.
* Terry is Mary's descendant.
* Helen is Martha's ancestor.
* Randy is Harold's descendant.
* Daniel is Nicholas's descendant.
* Marie is Christine's descendant.
* Roy is Nicholas's ancestor.
* Brittany is Jonathan's ancestor.
* Thomas is Doris's descendant.
* Vincent is Barbara's descendant.
* Eugene is Stephanie's ancestor.
* Jacob is Philip's ancestor.
* Amanda is Debra's ancestor.
* Donald is Joseph's descendant.
* Eugene is Billy's descendant.
* Joe is Donald's descendant.
* Mark is Cynthia's descendant.
* Isabella is Christine's ancestor.
* Daniel is Joseph's ancestor.
* Jesse is Martha's descendant.
* Jeffrey is Stephanie's descendant.
* Janet is Marie's descendant.
* Debra is Benjamin's ancestor.
* Carolyn is Jeffrey's descendant.
* Rebecca is Olivia's ancestor.
* Isabella is Frances's descendant.
* David is Doris's ancestor.
* Gregory is Dorothy's ancestor.
* Carol is Amanda's ancestor.
* Samantha is David's ancestor.
* Russell is Sandra's ancestor.
* Dorothy is Brittany's ancestor.
* Ashley is Philip's descendant.
* Karen is Elijah's descendant.
* Lisa is Thomas's descendant.
* Beverly is Randy's descendant.
* Jacob is Lisa's descendant.
* Benjamin is Cynthia's ancestor.
* Alice is Gregory's ancestor.
* Terry is Rebecca's ancestor.
* Barbara is Cheryl's descendant.
* Joan is Cheryl's ancestor.
* Frank is Helen's ancestor.
Determine the lineage relationship between Nicole and Joan.
Select the correct answer:
1. Nicole and Joan share a common descendant.
2. Nicole is Joan's ancestor.
3. Nicole is Joan's descendant.
4. Nicole and Joan share a common ancestor.
5. None of the above is correct.
Enclose the selected answer number in the <ANSWER> tag, for example: <ANSWER>1</ANSWER>.",qwen/qwen3.5-397b-a17b,Alibaba,,,<ANSWER>1</ANSWER>
