128,ANCESTOR,4,"Given the following lineage relationships:
* Alan is Megan's descendant.
* Martha is Brandon's ancestor.
* Tyler is Cheryl's ancestor.
* Jason is Janice's ancestor.
* Raymond is Elizabeth's descendant.
* Kathryn is Walter's descendant.
* Austin is Adam's descendant.
* Aaron is Ann's descendant.
* Eugene is Philip's descendant.
* Vincent is Elijah's ancestor.
* Austin is Wayne's ancestor.
* Andrew is Julie's ancestor.
* Logan is Catherine's descendant.
* Gerald is Beverly's descendant.
* Christine is Lawrence's ancestor.
* Natalie is Jessica's ancestor.
* Kathleen is Philip's ancestor.
* Arthur is Maria's ancestor.
* Hannah is Michelle's descendant.
* Charlotte is Isabella's ancestor.
* Mary is Ruth's descendant.
* Billy is Elizabeth's ancestor.
* Donna is Karen's descendant.
* Catherine is Mary's descendant.
* Russell is Kenneth's ancestor.
* Elijah is Terry's ancestor.
* Diane is Margaret's descendant.
* Gary is Russell's ancestor.
* George is Henry's ancestor.
* Henry is Kyle's ancestor.
* Wayne is Michelle's ancestor.
* Victoria is Alexis's ancestor.
* Lori is Stephanie's ancestor.
* Joe is Hannah's descendant.
* Joseph is Thomas's descendant.
* Kimberly is Marie's descendant.
* Maria is Alice's ancestor.
* Madison is Nicole's descendant.
* Zachary is Margaret's ancestor.
* Debra is Tyler's ancestor.
* Kevin is Gabriel's descendant.
* Jesse is Gabriel's ancestor.
* Olivia is Brian's descendant.
* Andrew is Jerry's descendant.
* Dennis is Madison's descendant.
* Zachary is Jessica's descendant.
* Nicole is Heather's descendant.
* Brenda is Frances's descendant.
* Joseph is George's ancestor.
* Alan is Keith's ancestor.
* Martha is Willie's descendant.
* Ryan is David's ancestor.
* Bradley is Timothy's ancestor.
* Helen is Shirley's ancestor.
* Eric is Paul's descendant.
* Katherine is Paul's ancestor.
* David is Ann's ancestor.
* Katherine is Deborah's descendant.
* Gerald is Jeremy's ancestor.
* Kenneth is Christine's ancestor.
* Carl is Robert's ancestor.
* Aaron is Betty's ancestor.
* Jeremy is Douglas's ancestor.
* Janice is Samantha's ancestor.
* Kimberly is Roy's ancestor.
* Marilyn is Stephen's descendant.
* Diane is Carl's ancestor.
* Albert is Charlotte's ancestor.
* Terry is Daniel's ancestor.
* Eugene is Julia's ancestor.
* Beverly is Richard's descendant.
* Ronald is Alice's descendant.
* Bradley is Isabella's descendant.
* Brenda is Lori's ancestor.
* Walter is Logan's descendant.
* Ralph is Randy's ancestor.
* Harold is Edward's descendant.
* Emily is Daniel's descendant.
* Kayla is Nathan's ancestor.
* Natalie is Cheryl's descendant.
* Jesse is Christopher's descendant.
* Jonathan is Dennis's descendant.
* Sharon is Angela's ancestor.
* Judy is Albert's ancestor.
* Kayla is Juan's descendant.
* Olivia is Sarah's ancestor.
* Carol is Frances's ancestor.
* Alexis is Debra's ancestor.
* Marie is Lauren's descendant.
* Benjamin is Amber's ancestor.
* Jeffrey is Andrea's descendant.
* Julie is Peter's ancestor.
* Donna is Juan's ancestor.
* Jerry is Mason's descendant.
* Judy is Brandon's descendant.
* Grace is Edward's ancestor.
* Vincent is Timothy's descendant.
* Heather is Angela's descendant.
* Amber is Willie's ancestor.
* Megan is Raymond's descendant.
* Samuel is Ralph's ancestor.
* Harold is Ruth's ancestor.
* Billy is Nathan's descendant.
* Stephanie is Kathleen's ancestor.
* Shirley is Karen's ancestor.
* Jeffrey is Richard's ancestor.
* Adam is Randy's descendant.
* Benjamin is Robert's descendant.
* Roy is Samuel's ancestor.
* Arthur is Peter's descendant.
* Eric is Helen's ancestor.
* Pamela is Emily's descendant.
* Gary is Pamela's descendant.
* Jason is Marilyn's descendant.
* Joe is Christopher's ancestor.
* Lawrence is Mason's ancestor.
* Carol is Jonathan's descendant.
* Grace is Betty's descendant.
* Cynthia is Victoria's ancestor.
* Kevin is Sharon's ancestor.
* Cynthia is Kyle's descendant.
* Sarah is Thomas's ancestor.
* Deborah is Kathryn's descendant.
* Douglas is Stephen's ancestor.
* Ryan is Julia's descendant.
* Brian is Samantha's descendant.
* Ronald is Lauren's ancestor.
Determine the lineage relationship between Andrea and Keith.
Select the correct answer:
1. Andrea is Keith's descendant.
2. Andrea and Keith share a common ancestor.
3. Andrea and Keith share a common descendant.
4. Andrea is Keith's ancestor.
5. None of the above is correct.
Enclose the selected answer number in the <ANSWER> tag, for example: <ANSWER>1</ANSWER>.",z-ai/glm-4.7,Parasail,,,"Based on the provided lineage relationships, we can trace the connection between Andrea and Keith by building a chain of relationships:

1.  **Andrea** is connected to Jeffrey: ""Jeffrey is Andrea's descendant."" implies Andrea → Jeffrey.
2.  From Jeffrey: ""Jeffrey is Richard's ancestor.""
3.  From Richard: ""Beverly is Richard's descendant.""
4.  From Beverly: ""Gerald is Beverly's descendant.""
5.  From Gerald: ""Gerald is Jeremy's ancestor.""
6.  From Jeremy: ""Jeremy is Douglas's ancestor.""
7.  From Douglas: ""Douglas is Stephen's ancestor.""
8.  From Stephen: ""Marilyn is Stephen's descendant.""
9.  From Marilyn: ""Jason is Marilyn's descendant.""
10. From Jason: ""Jason is Janice's ancestor.""
11. From Janice: ""Janice is Samantha's ancestor.""
12. From Samantha: ""Brian is Samantha's descendant.""
13. From Brian: ""Olivia is Brian's descendant.""
14. From Olivia: ""Olivia is Sarah's ancestor.""
15. From Sarah: ""Sarah is Thomas's ancestor.""
16. From Thomas: ""Joseph is Thomas's descendant.""
17. From Joseph: ""Joseph is George's ancestor.""
18. From George: ""George is Henry's ancestor.""
19. From Henry: ""Henry is Kyle's ancestor.""
20. From Kyle: ""Cynthia is Kyle's descendant.""
21. From Cynthia: ""Cynthia is Victoria's ancestor.""
22. From Victoria: ""Victoria is Alexis's ancestor.""
23. From Alexis: ""Alexis is Debra's ancestor.""
24. From Debra: ""Debra is Tyler's ancestor.""
25. From Tyler: ""Tyler is Cheryl's ancestor.""
26. From Cheryl: ""Natalie is Cheryl's descendant.""
27. From Natalie: ""Natalie is Jessica's ancestor.""
28. From Jessica: ""Zachary is Jessica's descendant.""
29. From Zachary: ""Zachary is Margaret's ancestor.""
30. From Margaret: ""Diane is Margaret's descendant.""
31. From Diane: ""Diane is Carl's ancestor.""
32. From Carl: ""Carl is Robert's ancestor.""
33. From Robert: ""Benjamin is Robert's descendant.""
34. From Benjamin: ""Benjamin is Amber's ancestor.""
35. From Amber: ""Amber is Willie's ancestor.""
36. From Willie: ""Martha is Willie's descendant.""
37. From Martha: ""Martha is Brandon's ancestor.""
38. From Brandon: ""Judy is Brandon's descendant.""
39. From Judy: ""Judy is Albert's ancestor.""
40. From Albert: ""Albert is Charlotte's ancestor.""
41. From Charlotte: ""Charlotte is Isabella's ancestor.""
42. From Isabella: ""Bradley is Isabella's descendant.""
43. From Bradley: ""Bradley is Timothy's ancestor.""
44. From Timothy: ""Vincent is Timothy's descendant.""
45. From Vincent: ""Vincent is Elijah's ancestor.""
46. From Elijah: ""Elijah is Terry's ancestor.""
47. From Terry: ""Terry is Daniel's ancestor.""
48. From Daniel: ""Emily is Daniel's descendant.""
49. From Emily: ""Pamela is Emily's descendant.""
50. From Pamela: ""Gary is Pamela's descendant.""
51. From Gary: ""Gary is Russell's ancestor.""
52. From Russell: ""Russell is Kenneth's ancestor.""
53. From Kenneth: ""Kenneth is Christine's ancestor.""
54. From Christine: ""Christine is Lawrence's ancestor.""
55. From Lawrence: ""Lawrence is Mason's ancestor.""
56. From Mason: ""Jerry is Mason's descendant.""
57. From Jerry: ""Andrew is Jerry's descendant.""
58. From Andrew: ""Andrew is Julie's ancestor.""
59. From Julie: ""Julie is Peter's ancestor.""
60. From Peter: ""Arthur is Peter's descendant.""
61. From Arthur: ""Arthur is Maria's ancestor.""
62. From Maria: ""Maria is Alice's ancestor.""
63. From Alice: ""Ronald is Alice's descendant.""
64. From Ronald: ""Ronald is Lauren's ancestor.""
65. From Lauren: ""Marie is Lauren's descendant.""
66. From Marie: ""Kimberly is Marie's descendant.""
67. From Kimberly: ""Kimberly is Roy's ancestor.""
68. From Roy: ""Roy is Samuel's ancestor.""
69. From Samuel: ""Samuel is Ralph's ancestor.""
70. From Ralph: ""Ralph is Randy's ancestor.""
71. From Randy: ""Adam is Randy's descendant.""
72. From Adam: ""Austin is Adam's descendant.""
73. From Austin: ""Austin is Wayne's ancestor.""
74. From Wayne: ""Wayne is Michelle's ancestor.""
75. From Michelle: ""Hannah is Michelle's descendant.""
76. From Hannah: ""Joe is Hannah's descendant.""
77. From Joe: ""Joe is Christopher's ancestor.""
78. From Christopher: ""Jesse is Christopher's descendant.""
79. From Jesse: ""Jesse is Gabriel's ancestor.""
80. From Gabriel: ""Kevin is Gabriel's descendant.""
81. From Kevin: ""Kevin is Sharon's ancestor.""
82. From Sharon: ""Sharon is Angela's ancestor.""
83. From Angela: ""Heather is Angela's descendant.""
84. From Heather: ""Nicole is Heather's descendant.""
85. From Nicole: ""Madison is Nicole's descendant.""
86. From Madison: ""Dennis is Madison's descendant.""
87. From Dennis: ""Jonathan is Dennis's descendant.""
88. From Jonathan: ""Carol is Jonathan's descendant.""
89. From Carol: ""Carol is Frances's ancestor.""
90. From Frances: ""Brenda is Frances's descendant.""
91. From Brenda: ""Brenda is Lori's ancestor.""
92. From Lori: ""Lori is Stephanie's ancestor.""
93. From Stephanie: ""Stephanie is Kathleen's ancestor.""
94. From Kathleen: ""Kathleen is Philip's ancestor.""
95. From Philip: ""Eugene is Philip's descendant.""
96. From Eugene: ""Eugene is Julia's ancestor.""
97. From Julia: ""Ryan is Julia's descendant.""
98. From Ryan: ""Ryan is David's ancestor.""
99. From David: ""David is Ann's ancestor.""
100. From Ann: ""Aaron is Ann's descendant.""
101. From Aaron: ""Aaron is Betty's ancestor.""
102. From Betty: ""Grace is Betty's descendant.""
103. From Grace: ""Grace is Edward's ancestor.""
104. From Edward: ""Harold is Edward's descendant.""
105. From Harold: ""Harold is Ruth's ancestor.""
106. From Ruth: ""Mary is Ruth's descendant.""
107. From Mary: ""Catherine is Mary's descendant.""
108. From Catherine: ""Logan is Catherine's descendant.""
109. From Logan: ""Walter is Logan's descendant.""
110. From Walter: ""Kathryn is Walter's descendant.""
111. From Kathryn: ""Deborah is Kathryn's descendant.""
112. From Deborah: ""Katherine is Deborah's descendant.""
113. From Katherine: ""Katherine is Paul's ancestor.""
114. From Paul: ""Eric is Paul's descendant.""
115. From Eric: ""Eric is Helen's ancestor.""
116. From Helen: ""Helen is Shirley's ancestor.""
117. From Shirley: ""Shirley is Karen's ancestor.""
118. From Karen: ""Donna is Karen's descendant.""
119. From Donna: ""Donna is Juan's ancestor.""
120. From Juan: ""Kayla is Juan's descendant.""
121. From Kayla: ""Kayla is Nathan's ancestor.""
122. From Nathan: ""Billy is Nathan's descendant.""
123. From Billy: ""Billy is Elizabeth's ancestor.""
124. From Elizabeth: ""Raymond is Elizabeth's descendant.""
125. From Raymond: ""Megan is Raymond's descendant.""
126. From Megan: ""Alan is Megan's descendant.""
127. From Alan: ""Alan is Keith's ancestor.""

The chain shows a continuous line of descent from Andrea down to Keith. Therefore, Andrea is an ancestor of Keith.

<ANSWER>4</ANSWER>"
128,DESCENDANT,2,"Given the following lineage relationships:
* Barbara is Richard's descendant.
* Zachary is Aaron's descendant.
* Noah is Samuel's descendant.
* Elizabeth is Debra's ancestor.
* Lauren is Harold's descendant.
* Sophia is Karen's descendant.
* Timothy is Denise's descendant.
* Janice is Juan's ancestor.
* Bradley is Lori's descendant.
* Jennifer is Jerry's ancestor.
* Charles is Nicholas's ancestor.
* Wayne is Charlotte's descendant.
* Philip is Doris's ancestor.
* Donna is Katherine's ancestor.
* Peter is Douglas's descendant.
* Alexis is Mason's ancestor.
* Vincent is Adam's descendant.
* Zachary is Carol's ancestor.
* Hannah is Arthur's ancestor.
* Christopher is Ralph's descendant.
* Gerald is Steven's descendant.
* Austin is Benjamin's descendant.
* Maria is Joan's ancestor.
* Terry is Andrea's descendant.
* Deborah is Logan's descendant.
* Laura is Albert's descendant.
* Ralph is Heather's descendant.
* Henry is James's descendant.
* Judy is Henry's descendant.
* Denise is Eugene's descendant.
* Christina is Donald's ancestor.
* Thomas is Margaret's descendant.
* Walter is Ann's ancestor.
* Deborah is Beverly's ancestor.
* Charles is Bryan's descendant.
* Sophia is Christian's ancestor.
* Bradley is Edward's ancestor.
* Kelly is Elizabeth's ancestor.
* Beverly is Russell's ancestor.
* Sara is Douglas's ancestor.
* Jerry is Sara's ancestor.
* Brian is Albert's ancestor.
* Justin is Christine's ancestor.
* Megan is Andrea's ancestor.
* Timothy is Steven's ancestor.
* Brian is Lauren's descendant.
* Amy is Frances's ancestor.
* Gregory is Margaret's ancestor.
* Benjamin is Edward's descendant.
* Andrew is Diane's descendant.
* Stephanie is Thomas's descendant.
* Dennis is Philip's ancestor.
* Doris is Janet's ancestor.
* Cheryl is Billy's ancestor.
* Keith is William's descendant.
* Carl is Alan's ancestor.
* Jason is Teresa's ancestor.
* Eugene is Laura's descendant.
* Brittany is Gerald's descendant.
* Pamela is Olivia's descendant.
* Alan is Jennifer's ancestor.
* Larry is Logan's ancestor.
* Stephanie is Raymond's ancestor.
* Ryan is Joseph's ancestor.
* Gregory is Billy's descendant.
* Elijah is Nancy's ancestor.
* Evelyn is Kyle's ancestor.
* Emily is Wayne's descendant.
* Emma is Janet's descendant.
* James is Katherine's descendant.
* Randy is Jason's ancestor.
* Cheryl is Alice's descendant.
* Teresa is Walter's ancestor.
* Julia is Ronald's descendant.
* Dennis is Keith's descendant.
* Nicholas is Lisa's ancestor.
* Roger is Gloria's descendant.
* Bruce is Emma's descendant.
* Brandon is Noah's descendant.
* Joan is Kathryn's ancestor.
* Julie is Pamela's descendant.
* Ann is Adam's ancestor.
* Samantha is Christopher's descendant.
* Alexis is Kimberly's descendant.
* Karen is Jose's descendant.
* Scott is Christian's descendant.
* Diane is Frances's descendant.
* Megan is Nancy's descendant.
* Andrew is Carl's ancestor.
* Frank is Samuel's ancestor.
* William is Judy's descendant.
* Jacqueline is Willie's descendant.
* Julie is Amy's ancestor.
* Ryan is Roger's descendant.
* Bryan is Roy's descendant.
* Donna is Linda's descendant.
* Angela is Isabella's ancestor.
* Grace is Austin's descendant.
* Justin is Lisa's descendant.
* Christine is Heather's ancestor.
* Randy is Debra's descendant.
* Barbara is Frank's ancestor.
* Amber is Juan's descendant.
* Aaron is Emily's descendant.
* Hannah is Kyle's descendant.
* Janice is Grace's descendant.
* Christina is Scott's descendant.
* Brittany is Maria's ancestor.
* Vincent is Natalie's ancestor.
* Peter is Charlotte's ancestor.
* Jacqueline is Linda's ancestor.
* Willie is Mason's descendant.
* Carolyn is Russell's descendant.
* Arthur is Angela's ancestor.
* Lori is Carol's descendant.
* Roy is Natalie's descendant.
* Kimberly is Julia's descendant.
* Brandon is Kelly's ancestor.
* Donald is Alice's ancestor.
* Larry is Isabella's descendant.
* Carolyn is Harold's ancestor.
* Jose is Kathryn's descendant.
* Terry is Gloria's ancestor.
* Elijah is Bruce's descendant.
* Richard is Amber's descendant.
* Ronald is Raymond's descendant.
* Olivia is Joseph's descendant.
Determine the lineage relationship between Samantha and Evelyn.
Select the correct answer:
1. Samantha is Evelyn's ancestor.
2. Samantha is Evelyn's descendant.
3. Samantha and Evelyn share a common ancestor.
4. Samantha and Evelyn share a common descendant.
5. None of the above is correct.
Enclose the selected answer number in the <ANSWER> tag, for example: <ANSWER>1</ANSWER>.",z-ai/glm-4.7,Parasail,,,"I need to determine the relationship between Samantha and Evelyn by tracing their lineages from the given information.

For Samantha:
- Samantha is Christopher's descendant.
- Christopher is Ralph's descendant.
- Ralph is Heather's descendant.
- Christine is Heather's ancestor.
- Justin is Christine's ancestor.
- Justin is Lisa's descendant.
- Nicholas is Lisa's ancestor.
- Charles is Nicholas's ancestor.
- Charles is Bryan's descendant.
- Bryan is Roy's descendant.
- Roy is Natalie's descendant.
- Vincent is Natalie's ancestor.
- Vincent is Adam's descendant.
- Ann is Adam's ancestor.

So Samantha's ancestors include: Christopher, Ralph, Heather, Christine, Justin, Lisa, Nicholas, Charles, Bryan, Roy, Natalie, Vincent, Adam, Ann

For Evelyn:
- Evelyn is Kyle's ancestor.
- Hannah is Kyle's descendant.
- Hannah is Arthur's ancestor.
- Arthur is Angela's ancestor.
- Angela is Isabella's ancestor.
- Larry is Isabella's descendant.

So Evelyn's descendants include: Kyle, Hannah, Arthur, Angela, Isabella, Larry

After tracing all the relationships in the problem statement, I don't see any direct or indirect connections between Samantha and Evelyn. They appear to be from completely separate lineages.

Let me verify the possible relationships:
1. Samantha is Evelyn's ancestor? No - Evelyn is not in Samantha's descendant line
2. Samantha is Evelyn's descendant? No - Samantha is not in Evelyn's descendant line
3. They share a common ancestor? No - There's no overlap in their ancestral lines
4. They share a common descendant? No - There's no overlap in their descendant lines

Therefore, the correct answer is option 5.

<ANSWER>5</ANSWER>"
128,COMMON_ANCESTOR,4,"Given the following lineage relationships:
* Nicole is Stephanie's descendant.
* Ashley is Bradley's descendant.
* Steven is Jennifer's descendant.
* Ashley is Sandra's ancestor.
* Elijah is Lori's descendant.
* Julie is Harold's descendant.
* Jennifer is Joan's descendant.
* Jacob is Kyle's ancestor.
* Scott is Alice's descendant.
* Arthur is Jacqueline's descendant.
* Brittany is Victoria's descendant.
* Emily is Kathleen's descendant.
* Amber is Hannah's descendant.
* Edward is Beverly's descendant.
* Virginia is Doris's descendant.
* Frank is Mason's ancestor.
* Amber is Willie's ancestor.
* Henry is Deborah's descendant.
* Bruce is Jerry's ancestor.
* Walter is Kevin's descendant.
* Kayla is Jeffrey's ancestor.
* Denise is Margaret's descendant.
* Natalie is Lawrence's descendant.
* Cynthia is Elijah's descendant.
* Sophia is Carol's descendant.
* Betty is Melissa's ancestor.
* Maria is David's descendant.
* Brandon is Rebecca's ancestor.
* Anna is Michael's ancestor.
* Christopher is Cheryl's descendant.
* Jeffrey is Joshua's ancestor.
* Diane is Brenda's descendant.
* Denise is Nathan's ancestor.
* Bobby is Rebecca's descendant.
* Kimberly is Jean's ancestor.
* Grace is Jacob's ancestor.
* Betty is Willie's descendant.
* Alan is Charles's ancestor.
* Diane is Gerald's ancestor.
* Grace is Jerry's descendant.
* Stephanie is Sara's descendant.
* Deborah is Gerald's descendant.
* Philip is Frances's descendant.
* Karen is Doris's ancestor.
* Frank is Jesse's descendant.
* James is Joyce's descendant.
* Anna is Nicholas's descendant.
* Dorothy is Jason's descendant.
* Nicole is Brandon's ancestor.
* Daniel is Judy's ancestor.
* Abigail is Pamela's ancestor.
* Sarah is Janice's descendant.
* Mason is Peter's ancestor.
* Michelle is Wayne's ancestor.
* David is Justin's descendant.
* Maria is Larry's ancestor.
* Jean is Randy's ancestor.
* Martha is Kenneth's descendant.
* Douglas is Shirley's ancestor.
* Justin is Noah's descendant.
* Peter is Lawrence's ancestor.
* Brittany is Hannah's ancestor.
* Alan is Eric's descendant.
* Charlotte is Jack's ancestor.
* Matthew is Ralph's descendant.
* Frances is Sarah's descendant.
* Jason is Madison's descendant.
* Joyce is Christopher's descendant.
* Scott is Andrea's ancestor.
* Christian is Bryan's ancestor.
* Karen is Jordan's descendant.
* Debra is Sara's ancestor.
* Arthur is Christine's ancestor.
* Mark is Kayla's ancestor.
* Angela is Christina's ancestor.
* Angela is Matthew's descendant.
* Julie is Brenda's ancestor.
* Abigail is Jack's descendant.
* Philip is Kathleen's ancestor.
* Sophia is Janet's ancestor.
* Ryan is Steven's descendant.
* Carol is Melissa's descendant.
* Jose is James's descendant.
* Janice is Wayne's descendant.
* Walter is Marilyn's ancestor.
* Beverly is Christina's descendant.
* Ann is Emily's descendant.
* Billy is Joseph's ancestor.
* Natalie is Ronald's ancestor.
* Anthony is Christine's descendant.
* Mark is Nathan's descendant.
* Eric is Edward's descendant.
* Bradley is Shirley's descendant.
* Kevin is Teresa's descendant.
* Harold is Ronald's descendant.
* Margaret is Ann's descendant.
* Larry is Marie's ancestor.
* Jonathan is Joshua's descendant.
* Michelle is Marie's descendant.
* Cynthia is Noah's ancestor.
* Sean is Kimberly's ancestor.
* Sharon is Joseph's descendant.
* Billy is Virginia's descendant.
* Kenneth is Charles's descendant.
* Jesse is Michael's descendant.
* Pamela is Theresa's ancestor.
* Sean is Bryan's descendant.
* Nicholas is Judy's descendant.
* Catherine is Ralph's ancestor.
* Janet is Madison's ancestor.
* Lori is Jose's descendant.
* Joan is Paul's descendant.
* Kyle is Christian's ancestor.
* Catherine is Sharon's descendant.
* Theresa is Bruce's ancestor.
* Alice is Paul's ancestor.
* Susan is Marilyn's descendant.
* Sandra is Jordan's ancestor.
* Susan is Douglas's ancestor.
* Anthony is Daniel's ancestor.
* Debra is Jonathan's descendant.
* Victoria is Ryan's descendant.
* Brian is Cheryl's ancestor.
* Jacqueline is Dorothy's descendant.
* Martha is Brian's ancestor.
* Andrea is Teresa's ancestor.
* Charlotte is Henry's descendant.
Determine the lineage relationship between Randy and Bobby.
Select the correct answer:
1. Randy is Bobby's ancestor.
2. Randy is Bobby's descendant.
3. Randy and Bobby share a common descendant.
4. Randy and Bobby share a common ancestor.
5. None of the above is correct.
Enclose the selected answer number in the <ANSWER> tag, for example: <ANSWER>1</ANSWER>.",z-ai/glm-4.7,Parasail,,,"The lineage relationships are analyzed by tracing the ancestors of both Randy and Bobby.

**1. Tracing Randy's Ancestors:**
*   Randy is Jean's descendant.
*   Jean is Kimberly's descendant.
*   Kimberly is Sean's descendant.
*   Sean is Bryan's descendant.
*   Bryan is Christian's descendant.
*   Christian is Kyle's descendant.
*   Kyle is Jacob's descendant.
*   Jacob is Grace's descendant.
*   Grace is Jerry's descendant.
*   Bruce is Jerry's ancestor.
*   Theresa is Bruce's ancestor.
*   Pamela is Theresa's ancestor.
*   Abigail is Pamela's ancestor.
*   Abigail is Jack's descendant.
*   Charlotte is Jack's ancestor.
*   Charlotte is Henry's descendant.
*   Henry is Deborah's descendant.
*   Deborah is Gerald's descendant.
*   Diane is Gerald's ancestor.
*   Diane is Brenda's descendant.
*   Julie is Brenda's ancestor.
*   Julie is Harold's descendant.
*   Harold is Ronald's descendant.
*   Natalie is Ronald's ancestor.
*   Natalie is Lawrence's descendant.
*   Peter is Lawrence's ancestor.
*   Mason is Peter's ancestor.
*   Frank is Mason's ancestor.
*   Frank is Jesse's descendant.
*   Jesse is Michael's descendant.
*   Anna is Michael's ancestor.
*   Anna is Nicholas's descendant.
*   Nicholas is Judy's descendant.
*   Daniel is Judy's ancestor.
*   Anthony is Daniel's ancestor.
*   Anthony is Christine's descendant.
*   Arthur is Christine's ancestor.
*   Arthur is Jacqueline's descendant.
*   Jacqueline is Dorothy's descendant.
*   Dorothy is Jason's descendant.
*   Jason is Madison's descendant.
*   Janet is Madison's ancestor.
*   Sophia is Janet's ancestor.
*   Sophia is Carol's descendant.
*   Carol is Melissa's descendant.
*   Betty is Melissa's ancestor.
*   Betty is Willie's descendant.
*   Amber is Willie's ancestor.
*   Amber is Hannah's descendant.
*   Brittany is Hannah's ancestor.
*   Brittany is Victoria's descendant.
*   Victoria is Ryan's descendant.
*   Ryan is Steven's descendant.
*   Steven is Jennifer's descendant.
*   Jennifer is Joan's descendant.
*   Joan is Paul's descendant.
*   Alice is Paul's ancestor.

Path: Alice -> Paul -> Joan -> ... -> Randy.

**2. Tracing Bobby's Ancestors:**
*   Bobby is Rebecca's descendant.
*   Rebecca is Brandon's descendant.
*   Brandon is Nicole's descendant.
*   Nicole is Stephanie's descendant.
*   Stephanie is Sara's descendant.
*   Debra is Sara's ancestor.
*   Debra is Jonathan's descendant.
*   Jonathan is Joshua's descendant.
*   Jeffrey is Joshua's ancestor.
*   Kayla is Jeffrey's ancestor.
*   Mark is Kayla's ancestor.
*   Mark is Nathan's descendant.
*   Denise is Nathan's ancestor.
*   Denise is Margaret's descendant.
*   Margaret is Ann's descendant.
*   Ann is Emily's descendant.
*   Emily is Kathleen's descendant.
*   Philip is Kathleen's ancestor.
*   Philip is Frances's descendant.
*   Frances is Sarah's descendant.
*   Sarah is Janice's descendant.
*   Janice is Wayne's descendant.
*   Michelle is Wayne's ancestor.
*   Michelle is Marie's descendant.
*   Larry is Marie's ancestor.
*   Maria is Larry's ancestor.
*   Maria is David's descendant.
*   David is Justin's descendant.
*   Justin is Noah's descendant.
*   Cynthia is Noah's ancestor.
*   Cynthia is Elijah's descendant.
*   Elijah is Lori's descendant.
*   Lori is Jose's descendant.
*   Jose is James's descendant.
*   James is Joyce's descendant.
*   Joyce is Christopher's descendant.
*   Christopher is Cheryl's descendant.
*   Brian is Cheryl's ancestor.
*   Martha is Brian's ancestor.
*   Martha is Kenneth's descendant.
*   Kenneth is Charles's descendant.
*   Alan is Charles's ancestor.
*   Alan is Eric's descendant.
*   Eric is Edward's descendant.
*   Edward is Beverly's descendant.
*   Beverly is Christina's descendant.
*   Angela is Christina's ancestor.
*   Angela is Matthew's descendant.
*   Matthew is Ralph's descendant.
*   Catherine is Ralph's ancestor.
*   Catherine is Sharon's descendant.
*   Sharon is Joseph's descendant.
*   Billy is Joseph's ancestor.
*   Billy is Virginia's descendant.
*   Virginia is Doris's descendant.
*   Karen is Doris's ancestor.
*   Karen is Jordan's descendant.
*   Sandra is Jordan's ancestor.
*   Ashley is Sandra's ancestor.
*   Ashley is Bradley's descendant.
*   Bradley is Shirley's descendant.
*   Douglas is Shirley's ancestor.
*   Susan is Douglas's ancestor.
*   Susan is Marilyn's descendant.
*   Walter is Marilyn's ancestor.
*   Walter is Kevin's descendant.
*   Kevin is Teresa's descendant.
*   Andrea is Teresa's ancestor.
*   Scott is Andrea's ancestor.
*   Scott is Alice's descendant.

Path: Alice -> Scott -> Andrea -> ... -> Bobby.

**Conclusion:**
Both family trees originate from **Alice**. Alice is an ancestor of Paul (Randy's line) and Scott (Bobby's line). Therefore, Alice is a common ancestor of Randy and Bobby. Neither is the ancestor of the other, and they share no known descendants.

<ANSWER>4</ANSWER>"
128,COMMON_DESCENDANT,1,"Given the following lineage relationships:
* Natalie is Gloria's descendant.
* Patrick is Aaron's ancestor.
* Henry is Ruth's ancestor.
* Heather is Judy's descendant.
* Larry is Joshua's descendant.
* Brian is Mark's descendant.
* Janice is Douglas's descendant.
* Stephen is Daniel's ancestor.
* Sarah is Barbara's ancestor.
* Edward is Kyle's ancestor.
* Debra is Kelly's descendant.
* Jessica is Brandon's ancestor.
* Brian is Nicholas's ancestor.
* Heather is Bradley's ancestor.
* Ashley is Joe's ancestor.
* Steven is Donna's ancestor.
* Kayla is Megan's descendant.
* Carolyn is Ruth's descendant.
* Jack is Willie's descendant.
* Bobby is Andrea's descendant.
* Zachary is Steven's ancestor.
* Tyler is Joseph's descendant.
* Patricia is Sara's descendant.
* Donald is Christina's descendant.
* Aaron is Eric's ancestor.
* Christine is Henry's ancestor.
* Jacqueline is Christina's ancestor.
* Jean is Michael's ancestor.
* Nicholas is Emily's ancestor.
* Richard is Kelly's ancestor.
* Albert is Lawrence's descendant.
* Thomas is Carl's descendant.
* Peter is Barbara's descendant.
* Eugene is Jonathan's descendant.
* Sophia is Marilyn's descendant.
* Theresa is Jack's descendant.
* Willie is Matthew's descendant.
* Jesse is Elizabeth's ancestor.
* Nancy is James's ancestor.
* Sarah is Donald's descendant.
* Karen is Jacob's descendant.
* Denise is Stephen's ancestor.
* Robert is Margaret's descendant.
* Emma is Roy's descendant.
* Bruce is Robert's descendant.
* Virginia is Zachary's ancestor.
* Gabriel is Jordan's ancestor.
* Jean is George's descendant.
* Joan is Natalie's ancestor.
* Logan is Virginia's ancestor.
* Cynthia is Jason's ancestor.
* Cynthia is Gerald's descendant.
* Patricia is Helen's ancestor.
* Emily is Hannah's ancestor.
* Gerald is Sophia's descendant.
* Linda is Rachel's descendant.
* Terry is Michael's descendant.
* Kimberly is Ralph's ancestor.
* Christopher is Julie's ancestor.
* Doris is Helen's descendant.
* Pamela is Terry's descendant.
* Kayla is Gabriel's ancestor.
* Frank is Joseph's ancestor.
* Victoria is Harold's descendant.
* Olivia is Carl's ancestor.
* Gary is Pamela's descendant.
* Mary is Paul's ancestor.
* Ryan is Albert's descendant.
* Diane is Timothy's ancestor.
* Gloria is Victoria's descendant.
* Paul is Cheryl's ancestor.
* Carol is Kyle's descendant.
* James is Mary's ancestor.
* Denise is Elizabeth's descendant.
* Nancy is Juan's descendant.
* Christine is Thomas's descendant.
* Amanda is Carolyn's descendant.
* Edward is Bobby's descendant.
* Hannah is Juan's ancestor.
* Rachel is Cheryl's descendant.
* Janice is Sara's ancestor.
* Raymond is Karen's descendant.
* Ann is Mark's ancestor.
* Lawrence is Deborah's descendant.
* Deborah is Keith's descendant.
* Timothy is Noah's ancestor.
* Jessica is Madison's descendant.
* Jason is Harold's ancestor.
* Tyler is Jacqueline's ancestor.
* Diane is Rebecca's descendant.
* Christopher is Daniel's descendant.
* Teresa is Madison's ancestor.
* Gregory is Sean's descendant.
* Roy is Nicole's descendant.
* Ashley is Theresa's descendant.
* Alice is Jonathan's ancestor.
* Richard is Carol's descendant.
* Ronald is Dorothy's ancestor.
* Joe is Frank's ancestor.
* Peter is Catherine's ancestor.
* Emma is Laura's ancestor.
* Matthew is Raymond's descendant.
* Kimberly is Gary's descendant.
* Brandon is Susan's ancestor.
* Linda is Marilyn's ancestor.
* Ryan is Michelle's ancestor.
* Bruce is Ann's ancestor.
* Ronald is Susan's descendant.
* Donna is Jesse's ancestor.
* Jordan is John's ancestor.
* Noah is Alice's ancestor.
* Eugene is Teresa's ancestor.
* Gregory is Keith's ancestor.
* Megan is Alan's descendant.
* Joshua is Michelle's descendant.
* Olivia is Dorothy's descendant.
* Rebecca is Julie's descendant.
* Alan is Catherine's descendant.
* Larry is Douglas's ancestor.
* Sean is Laura's descendant.
* Bradley is Andrea's ancestor.
* George is Doris's descendant.
* Nicole is Eric's descendant.
* Logan is Debra's descendant.
* Jacob is Amanda's descendant.
* Ralph is Judy's ancestor.
* Joan is John's descendant.
Determine the lineage relationship between Patrick and Margaret.
Select the correct answer:
1. Patrick and Margaret share a common descendant.
2. Patrick and Margaret share a common ancestor.
3. Patrick is Margaret's descendant.
4. Patrick is Margaret's ancestor.
5. None of the above is correct.
Enclose the selected answer number in the <ANSWER> tag, for example: <ANSWER>1</ANSWER>.",z-ai/glm-4.7,Parasail,,,"Based on the provided lineage relationships, we can trace the ancestors and descendants of both Patrick and Margaret.

**Patrick's Lineage:**
1.  Patrick is Aaron's ancestor.
2.  Aaron is Eric's ancestor.
3.  Nicole is Eric's descendant.
4.  Roy is Nicole's descendant.
5.  Emma is Roy's descendant.
6.  Emma is Laura's ancestor.
7.  Sean is Laura's descendant.
8.  Gregory is Sean's descendant.
9.  Gregory is Keith's ancestor.
10. Deborah is Keith's descendant.
11. Lawrence is Deborah's descendant.
12. Albert is Lawrence's descendant.
13. Ryan is Albert's descendant.
14. Ryan is Michelle's ancestor.
15. Joshua is Michelle's descendant.
16. Larry is Joshua's descendant.
17. Larry is Douglas's ancestor.
18. Janice is Douglas's descendant.
19. Janice is Sara's ancestor.
20. Patricia is Sara's descendant.
21. Patricia is Helen's ancestor.
22. Doris is Helen's descendant.
23. George is Doris's descendant.
24. Jean is George's descendant.
25. Jean is Michael's ancestor.
26. Terry is Michael's descendant.
27. Pamela is Terry's descendant.
28. Gary is Pamela's descendant.
29. Kimberly is Gary's descendant.
30. Kimberly is Ralph's ancestor.
31. Ralph is Judy's ancestor.
32. Heather is Judy's descendant.
33. Heather is Bradley's ancestor.
34. Bradley is Andrea's ancestor.
35. Bobby is Andrea's descendant.
36. Edward is Bobby's descendant.
37. Edward is Kyle's ancestor.
38. Carol is Kyle's descendant.
39. Richard is Carol's descendant.
40. Richard is Kelly's ancestor.
41. Debra is Kelly's descendant.
42. Logan is Debra's descendant.
43. Logan is Virginia's ancestor.
44. Virginia is Zachary's ancestor.
45. Zachary is Steven's ancestor.
46. Steven is Donna's ancestor.
47. Donna is Jesse's ancestor.
48. Jesse is Elizabeth's ancestor.
49. Denise is Elizabeth's descendant.
50. Denise is Stephen's ancestor.
51. Stephen is Daniel's ancestor.
52. Christopher is Daniel's descendant.
53. Christopher is Julie's ancestor.
54. Rebecca is Julie's descendant.
55. Diane is Rebecca's descendant.
56. Diane is Timothy's ancestor.
57. Timothy is Noah's ancestor.

From this chain, Patrick is an ancestor of Noah. Following the connections from Noah:
*   Noah -> Alice -> Jonathan -> Eugene -> Teresa -> Madison -> Jessica -> Brandon -> Susan -> Ronald -> Dorothy -> Olivia -> Carl -> Thomas -> Christine -> Henry -> Ruth -> Carolyn -> Amanda -> Jacob -> Karen -> Raymond -> Matthew -> Willie -> Jack -> Theresa -> Ashley -> Joe -> Frank -> Joseph -> Tyler -> Jacqueline -> Christina -> Donald -> Sarah -> Barbara -> Peter -> Catherine -> Alan -> Megan -> Kayla -> Gabriel -> Jordan -> John -> Joan -> Natalie.

So, Patrick is an ancestor of Natalie.

**Margaret's Lineage:**
1.  Robert is Margaret's descendant.
2.  Bruce is Robert's descendant.
3.  Bruce is Ann's ancestor.

We can establish a chain: Margaret -> Robert -> Bruce -> Ann.
There are no provided relationships linking Ann (or Bruce, Robert, Margaret) to the rest of the tree containing Patrick or Natalie. Specifically, there is no statement such as ""Ann is Mark's ancestor"" (a likely intended connection that is missing from the text). Consequently, there is no path connecting Patrick to Margaret.

Since Patrick and Margaret are in two separate disjoint trees with no common ancestors or descendants listed, and neither is an ancestor of the other based on the provided text, none of the relationship options 1-4 apply.

<ANSWER>5</ANSWER>"
128,ANCESTOR,4,"Given the following lineage relationships:
* Amy is Sophia's ancestor.
* Jeremy is Isabella's descendant.
* Stephanie is Elijah's ancestor.
* Susan is Kayla's ancestor.
* Albert is Elizabeth's descendant.
* Amy is Brandon's descendant.
* Lauren is Julie's ancestor.
* Bobby is Roy's descendant.
* Donald is Scott's descendant.
* Christine is Charles's ancestor.
* Brittany is Lori's ancestor.
* Brenda is Shirley's ancestor.
* Eugene is Harold's descendant.
* Bryan is Katherine's ancestor.
* Madison is Justin's descendant.
* Emma is Zachary's ancestor.
* Nicholas is Theresa's ancestor.
* Jack is Doris's ancestor.
* Amanda is Laura's ancestor.
* Isabella is Alexander's descendant.
* Eric is Mary's descendant.
* Teresa is Eric's descendant.
* Scott is Laura's descendant.
* Amanda is Victoria's descendant.
* Joshua is Megan's ancestor.
* Ruth is Emma's ancestor.
* Larry is Kenneth's descendant.
* Rachel is Matthew's descendant.
* Sean is Susan's ancestor.
* Marilyn is Helen's descendant.
* Sharon is Terry's descendant.
* Joan is Christian's ancestor.
* Helen is Timothy's descendant.
* Jennifer is Doris's descendant.
* Janice is Alice's descendant.
* Rebecca is Jose's descendant.
* Mark is Christopher's descendant.
* Danielle is Noah's descendant.
* Kathryn is Olivia's ancestor.
* Patrick is Diana's descendant.
* Noah is Dorothy's descendant.
* David is Mason's descendant.
* Beverly is Kevin's descendant.
* Virginia is Benjamin's ancestor.
* Edward is Sophia's descendant.
* Julia is Jason's ancestor.
* Justin is Lori's descendant.
* Jacob is Samantha's ancestor.
* Maria is Austin's descendant.
* Joe is Dennis's descendant.
* Samantha is Bryan's ancestor.
* Raymond is Brandon's ancestor.
* Jeffrey is Denise's descendant.
* Lauren is George's descendant.
* Willie is Jason's descendant.
* Walter is Grace's descendant.
* Virginia is Shirley's descendant.
* Albert is Anthony's ancestor.
* Hannah is Betty's descendant.
* Cynthia is Julie's descendant.
* Pamela is Madison's descendant.
* Amber is Stephanie's ancestor.
* Janet is Marie's descendant.
* Ralph is Mark's descendant.
* Denise is Jeremy's descendant.
* Ashley is Christopher's ancestor.
* Rachel is Carol's ancestor.
* Sarah is Theresa's descendant.
* Raymond is David's descendant.
* Wayne is Billy's ancestor.
* Diane is Jordan's ancestor.
* Dylan is Joshua's ancestor.
* Jacob is Rebecca's descendant.
* Kayla is Terry's ancestor.
* Bobby is Harold's ancestor.
* Donna is Catherine's ancestor.
* Benjamin is Roy's ancestor.
* Matthew is Pamela's descendant.
* Douglas is Katherine's descendant.
* Brittany is Andrew's descendant.
* Judith is Diane's ancestor.
* Steven is Alan's ancestor.
* Diana is Beverly's descendant.
* Ruth is Elijah's descendant.
* Dorothy is Maria's descendant.
* Timothy is Alan's descendant.
* Zachary is William's ancestor.
* Ryan is Austin's ancestor.
* Dylan is Ralph's descendant.
* Elizabeth is Eugene's descendant.
* Angela is Sharon's descendant.
* Kevin is Willie's descendant.
* Philip is Donna's ancestor.
* Christian is Kathryn's ancestor.
* Cheryl is Dennis's ancestor.
* Nicole is Russell's ancestor.
* Kenneth is Olivia's descendant.
* Betty is Walter's descendant.
* Douglas is Ryan's ancestor.
* Deborah is Angela's descendant.
* Philip is Cynthia's descendant.
* Jack is Danielle's descendant.
* Charles is Marie's ancestor.
* Heather is Russell's descendant.
* Sean is Carol's descendant.
* Catherine is Christine's ancestor.
* Sarah is Mason's ancestor.
* Anthony is Juan's ancestor.
* Billy is Mary's ancestor.
* Andrew is Jeffrey's descendant.
* Megan is George's ancestor.
* Grace is Patrick's descendant.
* William is Jose's ancestor.
* Cheryl is Janet's descendant.
* Alexander is Edward's descendant.
* Jordan is Alice's ancestor.
* Julia is Donald's descendant.
* Amber is Janice's descendant.
* Joe is Victoria's ancestor.
* Marilyn is Joan's ancestor.
* Nicholas is Heather's descendant.
* Teresa is Nicole's ancestor.
* Juan is Steven's ancestor.
* Andrea is Judith's ancestor.
* Hannah is Brenda's ancestor.
* Deborah is Andrea's ancestor.
* Wayne is Larry's descendant.
Determine the lineage relationship between Ashley and Jennifer.
Select the correct answer:
1. Ashley and Jennifer share a common descendant.
2. Ashley and Jennifer share a common ancestor.
3. Ashley is Jennifer's descendant.
4. Ashley is Jennifer's ancestor.
5. None of the above is correct.
Enclose the selected answer number in the <ANSWER> tag, for example: <ANSWER>1</ANSWER>.",z-ai/glm-4.7,Parasail,,,"Based on the provided lineage relationships, we can trace a path from Ashley to Jennifer by connecting the statements:

1.  **Ashley** is Christopher's ancestor.
2.  **Mark** is Christopher's descendant. (Ashley $\rightarrow$ Christopher $\rightarrow$ Mark)
3.  **Ralph** is Mark's descendant. (... $\rightarrow$ Mark $\rightarrow$ Ralph)
4.  **Dylan** is Ralph's descendant. (... $\rightarrow$ Ralph $\rightarrow$ Dylan)
5.  **Dylan** is Joshua's ancestor. (... $\rightarrow$ Dylan $\rightarrow$ Joshua)
6.  **Joshua** is Megan's ancestor. (... $\rightarrow$ Joshua $\rightarrow$ Megan)
7.  **Megan** is George's ancestor. (... $\rightarrow$ Megan $\rightarrow$ George)
8.  **Lauren** is George's descendant. (... $\rightarrow$ George $\rightarrow$ Lauren)
9.  **Lauren** is Julie's ancestor. (... $\rightarrow$ Lauren $\rightarrow$ Julie)
10. **Cynthia** is Julie's descendant. (... $\rightarrow$ Julie $\rightarrow$ Cynthia)
11. **Philip** is Cynthia's descendant. (... $\rightarrow$ Cynthia $\rightarrow$ Philip)
12. **Philip** is Donna's ancestor. (... $\rightarrow$ Philip $\rightarrow$ Donna)
13. **Donna** is Catherine's ancestor. (... $\rightarrow$ Donna $\rightarrow$ Catherine)
14. **Catherine** is Christine's ancestor. (... $\rightarrow$ Catherine $\rightarrow$ Christine)
15. **Christine** is Charles's ancestor. (... $\rightarrow$ Christine $\rightarrow$ Charles)
16. **Charles** is Marie's ancestor. (... $\rightarrow$ Charles $\rightarrow$ Marie)
17. **Janet** is Marie's descendant. (... $\rightarrow$ Marie $\rightarrow$ Janet)
18. **Cheryl** is Janet's descendant. (... $\rightarrow$ Janet $\rightarrow$ Cheryl)
19. **Cheryl** is Dennis's ancestor. (... $\rightarrow$ Cheryl $\rightarrow$ Dennis)
20. **Joe** is Dennis's descendant. (... $\rightarrow$ Dennis $\rightarrow$ Joe)
21. **Joe** is Victoria's ancestor. (... $\rightarrow$ Joe $\rightarrow$ Victoria)
22. **Amanda** is Victoria's descendant. (... $\rightarrow$ Victoria $\rightarrow$ Amanda)
23. **Amanda** is Laura's ancestor. (... $\rightarrow$ Amanda $\rightarrow$ Laura)
24. **Scott** is Laura's descendant. (... $\rightarrow$ Laura $\rightarrow$ Scott)
25. **Donald** is Scott's descendant. (... $\rightarrow$ Scott $\rightarrow$ Donald)
26. **Julia** is Donald's descendant. (... $\rightarrow$ Donald $\rightarrow$ Julia)
27. **Julia** is Jason's ancestor. (... $\rightarrow$ Julia $\rightarrow$ Jason)
28. **Willie** is Jason's descendant. (... $\rightarrow$ Jason $\rightarrow$ Willie)
29. **Kevin** is Willie's descendant. (... $\rightarrow$ Willie $\rightarrow$ Kevin)
30. **Beverly** is Kevin's descendant. (... $\rightarrow$ Kevin $\rightarrow$ Beverly)
31. **Diana** is Beverly's descendant. (... $\rightarrow$ Beverly $\rightarrow$ Diana)
32. **Patrick** is Diana's descendant. (... $\rightarrow$ Diana $\rightarrow$ Patrick)
33. **Grace** is Patrick's descendant. (... $\rightarrow$ Patrick $\rightarrow$ Grace)
34. **Walter** is Grace's descendant. (... $\rightarrow$ Grace $\rightarrow$ Walter)
35. **Betty** is Walter's descendant. (... $\rightarrow$ Walter $\rightarrow$ Betty)
36. **Hannah** is Betty's descendant. (... $\rightarrow$ Betty $\rightarrow$ Hannah)
37. **Hannah** is Brenda's ancestor. (... $\rightarrow$ Hannah $\rightarrow$ Brenda)
38. **Brenda** is Shirley's ancestor. (... $\rightarrow$ Brenda $\rightarrow$ Shirley)
39. **Virginia** is Shirley's descendant. (... $\rightarrow$ Shirley $\rightarrow$ Virginia)
40. **Virginia** is Benjamin's ancestor. (... $\rightarrow$ Virginia $\rightarrow$ Benjamin)
41. **Benjamin** is Roy's ancestor. (... $\rightarrow$ Benjamin $\rightarrow$ Roy)
42. **Bobby** is Roy's descendant. (... $\rightarrow$ Roy $\rightarrow$ Bobby)
43. **Bobby** is Harold's ancestor. (... $\rightarrow$ Bobby $\rightarrow$ Harold)
44. **Eugene** is Harold's descendant. (... $\rightarrow$ Harold $\rightarrow$ Eugene)
45. **Elizabeth** is Eugene's descendant. (... $\rightarrow$ Eugene $\rightarrow$ Elizabeth)
46. **Albert** is Elizabeth's descendant. (... $\rightarrow$ Elizabeth $\rightarrow$ Albert)
47. **Albert** is Anthony's ancestor. (... $\rightarrow$ Albert $\rightarrow$ Anthony)
48. **Anthony** is Juan's ancestor. (... $\rightarrow$ Anthony $\rightarrow$ Juan)
49. **Juan** is Steven's ancestor. (... $\rightarrow$ Juan $\rightarrow$ Steven)
50. **Steven** is Alan's ancestor. (... $\rightarrow$ Steven $\rightarrow$ Alan)
51. **Timothy** is Alan's descendant. (... $\rightarrow$ Alan $\rightarrow$ Timothy)
52. **Helen** is Timothy's descendant. (... $\rightarrow$ Timothy $\rightarrow$ Helen)
53. **Marilyn** is Helen's descendant. (... $\rightarrow$ Helen $\rightarrow$ Marilyn)
54. **Marilyn** is Joan's ancestor. (... $\rightarrow$ Marilyn $\rightarrow$ Joan)
55. **Joan** is Christian's ancestor. (... $\rightarrow$ Joan $\rightarrow$ Christian)
56. **Christian** is Kathryn's ancestor. (... $\rightarrow$ Christian $\rightarrow$ Kathryn)
57. **Kathryn** is Olivia's ancestor. (... $\rightarrow$ Kathryn $\rightarrow$ Olivia)
58. **Kenneth** is Olivia's descendant. (... $\rightarrow$ Olivia $\rightarrow$ Kenneth)
59. **Larry** is Kenneth's descendant. (... $\rightarrow$ Kenneth $\rightarrow$ Larry)
60. **Wayne** is Larry's descendant. (... $\rightarrow$ Larry $\rightarrow$ Wayne)
61. **Wayne** is Billy's ancestor. (... $\rightarrow$ Wayne $\rightarrow$ Billy)
62. **Billy** is Mary's ancestor. (... $\rightarrow$ Billy $\rightarrow$ Mary)
63. **Eric** is Mary's descendant. (... $\rightarrow$ Mary $\rightarrow$ Eric)
64. **Teresa** is Eric's descendant. (... $\rightarrow$ Eric $\rightarrow$ Teresa)
65. **Teresa** is Nicole's ancestor. (... $\rightarrow$ Teresa $\rightarrow$ Nicole)
66. **Nicole** is Russell's ancestor. (... $\rightarrow$ Nicole $\rightarrow$ Russell)
67. **Heather** is Russell's descendant. (... $\rightarrow$ Russell $\rightarrow$ Heather)
68. **Nicholas** is Heather's descendant. (... $\rightarrow$ Heather $\rightarrow$ Nicholas)
69. **Nicholas** is Theresa's ancestor. (... $\rightarrow$ Nicholas $\rightarrow$ Theresa)
70. **Sarah** is Theresa's descendant. (... $\rightarrow$ Theresa $\rightarrow$ Sarah)
71. **Sarah** is Mason's ancestor. (... $\rightarrow$ Sarah $\rightarrow$ Mason)
72. **David** is Mason's descendant. (... $\rightarrow$ Mason $\rightarrow$ David)
73. **Raymond** is David's descendant. (... $\rightarrow$ David $\rightarrow$ Raymond)
74. **Raymond** is Brandon's ancestor. (... $\rightarrow$ Raymond $\rightarrow$ Brandon)
75. **Amy** is Brandon's descendant. (... $\rightarrow$ Brandon $\rightarrow$ Amy)
76. **Amy** is Sophia's ancestor. (... $\rightarrow$ Amy $\rightarrow$ Sophia)
77. **Edward** is Sophia's descendant. (... $\rightarrow$ Sophia $\rightarrow$ Edward)
78. **Alexander** is Edward's descendant. (... $\rightarrow$ Edward $\rightarrow$ Alexander)
79. **Isabella** is Alexander's descendant. (... $\rightarrow$ Alexander $\rightarrow$ Isabella)
80. **Jeremy** is Isabella's descendant. (... $\rightarrow$ Isabella $\rightarrow$ Jeremy)
81. **Denise** is Jeremy's descendant. (... $\rightarrow$ Jeremy $\rightarrow$ Denise)
82. **Jeffrey** is Denise's descendant. (... $\rightarrow$ Denise $\rightarrow$ Jeffrey)
83. **Andrew** is Jeffrey's descendant. (... $\rightarrow$ Jeffrey $\rightarrow$ Andrew)
84. **Brittany** is Andrew's descendant. (... $\rightarrow$ Andrew $\rightarrow$ Brittany)
85. **Brittany** is Lori's ancestor. (... $\rightarrow$ Brittany $\rightarrow$ Lori)
86. **Justin** is Lori's descendant. (... $\rightarrow$ Lori $\rightarrow$ Justin)
87. **Madison** is Justin's descendant. (... $\rightarrow$ Justin $\rightarrow$ Madison)
88. **Pamela** is Madison's descendant. (... $\rightarrow$ Madison $\rightarrow$ Pamela)
89. **Matthew** is Pamela's descendant. (... $\rightarrow$ Pamela $\rightarrow$ Matthew)
90. **Rachel** is Matthew's descendant. (... $\rightarrow$ Matthew $\rightarrow$ Rachel)
91. **Rachel** is Carol's ancestor. (... $\rightarrow$ Rachel $\rightarrow$ Carol)
92. **Sean** is Carol's descendant. (... $\rightarrow$ Carol $\rightarrow$ Sean)
93. **Sean** is Susan's ancestor. (... $\rightarrow$ Sean $\rightarrow$ Susan)
94. **Susan** is Kayla's ancestor. (... $\rightarrow$ Susan $\rightarrow$ Kayla)
95. **Kayla** is Terry's ancestor. (... $\rightarrow$ Kayla $\rightarrow$ Terry)
96. **Sharon** is Terry's descendant. (... $\rightarrow$ Terry $\rightarrow$ Sharon)
97. **Angela** is Sharon's descendant. (... $\rightarrow$ Sharon $\rightarrow$ Angela)
98. **Deborah** is Angela's descendant. (... $\rightarrow$ Angela $\rightarrow$ Deborah)
99. **Deborah** is Andrea's ancestor. (... $\rightarrow$ Deborah $\rightarrow$ Andrea)
100. **Andrea** is Judith's ancestor. (... $\rightarrow$ Andrea $\rightarrow$ Judith)
101. **Judith** is Diane's ancestor. (... $\rightarrow$ Judith $\rightarrow$ Diane)
102. **Diane** is Jordan's ancestor. (... $\rightarrow$ Diane $\rightarrow$ Jordan)
103. **Jordan** is Alice's ancestor. (... $\rightarrow$ Jordan $\rightarrow$ Alice)
104. **Janice** is Alice's descendant. (... $\rightarrow$ Alice $\rightarrow$ Janice)
105. **Amber** is Janice's descendant. (... $\rightarrow$ Janice $\rightarrow$ Amber)
106. **Amber** is Stephanie's ancestor. (... $\rightarrow$ Amber $\rightarrow$ Stephanie)
107. **Stephanie** is Elijah's ancestor. (... $\rightarrow$ Stephanie $\rightarrow$ Elijah)
108. **Ruth** is Elijah's descendant. (... $\rightarrow$ Elijah $\rightarrow$ Ruth)
109. **Ruth** is Emma's ancestor. (... $\rightarrow$ Ruth $\rightarrow$ Emma)
110. **Emma** is Zachary's ancestor. (... $\rightarrow$ Emma $\rightarrow$ Zachary)
111. **Zachary** is William's ancestor. (... $\rightarrow$ Zachary $\rightarrow$ William)
112. **William** is Jose's ancestor. (... $\rightarrow$ William $\rightarrow$ Jose)
113. **Rebecca** is Jose's descendant. (... $\rightarrow$ Jose $\rightarrow$ Rebecca)
114. **Jacob** is Rebecca's descendant. (... $\rightarrow$ Rebecca $\rightarrow$ Jacob)
115. **Jacob** is Samantha's ancestor. (... $\rightarrow$ Jacob $\rightarrow$ Samantha)
116. **Samantha** is Bryan's ancestor. (... $\rightarrow$ Samantha $\rightarrow$ Bryan)
117. **Bryan** is Katherine's ancestor. (... $\rightarrow$ Bryan $\rightarrow$ Katherine)
118. **Douglas** is Katherine's descendant. (... $\rightarrow$ Katherine $\rightarrow$ Douglas)
119. **Douglas** is Ryan's ancestor. (... $\rightarrow$ Douglas $\rightarrow$ Ryan)
120. **Ryan** is Austin's ancestor. (... $\rightarrow$ Ryan $\rightarrow$ Austin)
121. **Maria** is Austin's descendant. (... $\rightarrow$ Austin $\rightarrow$ Maria)
122. **Dorothy** is Maria's descendant. (... $\rightarrow$ Maria $\rightarrow$ Dorothy)
123. **Noah** is Dorothy's descendant. (... $\rightarrow$ Dorothy $\rightarrow$ Noah)
124. **Danielle** is Noah's descendant. (... $\rightarrow$ Noah $\rightarrow$ Danielle)
125. **Jack** is Danielle's descendant. (... $\rightarrow$ Danielle $\rightarrow$ Jack)
126. **Jack** is Doris's ancestor. (... $\rightarrow$ Jack $\rightarrow$ Doris)
127. **Jennifer** is Doris's descendant. (... $\rightarrow$ Doris $\rightarrow$ Jennifer)

The chain traces continuously from Ashley down to Jennifer. Therefore, Ashley is Jennifer's ancestor.

<ANSWER>4</ANSWER>"
128,DESCENDANT,1,"Given the following lineage relationships:
* Jonathan is Kelly's descendant.
* Emily is Donald's descendant.
* Sharon is Samantha's ancestor.
* Shirley is Nicole's descendant.
* Sarah is Frances's ancestor.
* Sarah is Amanda's descendant.
* Betty is Roy's descendant.
* Brian is Virginia's ancestor.
* Paul is Maria's ancestor.
* Jacob is Karen's ancestor.
* Sara is Rachel's descendant.
* Lawrence is John's descendant.
* Janice is Gerald's descendant.
* Justin is Jerry's descendant.
* Virginia is Eric's ancestor.
* Patrick is Aaron's descendant.
* Ethan is Kyle's descendant.
* Douglas is Kathryn's descendant.
* Debra is Lawrence's descendant.
* Jacqueline is Alexander's descendant.
* Raymond is Diane's ancestor.
* George is Anna's ancestor.
* Emma is Ethan's descendant.
* Harold is Kenneth's descendant.
* Christine is Michelle's ancestor.
* Amy is Alice's descendant.
* Ann is Angela's descendant.
* Douglas is Joe's ancestor.
* Timothy is Alan's descendant.
* Donald is Jonathan's descendant.
* Kyle is Jason's descendant.
* Lori is Andrea's descendant.
* Patricia is Julia's descendant.
* Scott is Peter's descendant.
* Elijah is Angela's ancestor.
* Kelly is Megan's descendant.
* Jennifer is Denise's descendant.
* Victoria is Daniel's descendant.
* Martha is Benjamin's ancestor.
* Lisa is Laura's descendant.
* Abigail is Gary's ancestor.
* Kathryn is Judy's descendant.
* Jacqueline is George's ancestor.
* Matthew is Richard's descendant.
* Jesse is Gregory's descendant.
* Charlotte is Ashley's descendant.
* Christopher is Lauren's descendant.
* Deborah is Catherine's ancestor.
* Brenda is Melissa's ancestor.
* Charles is Joseph's descendant.
* Samuel is Joe's descendant.
* Marie is Ashley's ancestor.
* Terry is Daniel's ancestor.
* Mark is Laura's ancestor.
* Samuel is Gregory's ancestor.
* Justin is Richard's ancestor.
* Alexis is Raymond's ancestor.
* Emily is Jacob's ancestor.
* Jennifer is Walter's ancestor.
* Arthur is Sharon's ancestor.
* Marie is Ann's descendant.
* Eugene is Timothy's descendant.
* Julia is Grace's descendant.
* Steven is Brian's ancestor.
* Sandra is Megan's ancestor.
* Jack is Bradley's ancestor.
* Amy is Helen's ancestor.
* Brittany is Bradley's descendant.
* Susan is Samantha's descendant.
* Natalie is Lori's descendant.
* Charlotte is Hannah's ancestor.
* Vincent is Betty's descendant.
* Roy is Patrick's descendant.
* Judy is Harold's descendant.
* Janice is Tyler's ancestor.
* Debra is Willie's ancestor.
* Elizabeth is Barbara's ancestor.
* Gabriel is Nicholas's ancestor.
* Nicholas is Paul's ancestor.
* Nicole is Zachary's descendant.
* Emma is Zachary's ancestor.
* Brandon is Abigail's ancestor.
* Martha is Vincent's descendant.
* Rachel is Albert's descendant.
* Willie is Denise's ancestor.
* Gerald is Sophia's descendant.
* Melissa is Grace's ancestor.
* Bryan is Jerry's ancestor.
* Deborah is Jeremy's descendant.
* Keith is Jack's ancestor.
* Elijah is Natalie's descendant.
* Jeremy is Linda's descendant.
* Linda is Scott's descendant.
* Joan is Dylan's descendant.
* Anthony is Carl's ancestor.
* Steven is Billy's descendant.
* Anthony is Karen's descendant.
* Anna is Judith's ancestor.
* Carl is Keith's ancestor.
* Christian is Tyler's descendant.
* Brittany is Aaron's ancestor.
* Mark is Gary's descendant.
* Gabriel is Hannah's descendant.
* Sara is Alexander's ancestor.
* Maria is Elizabeth's ancestor.
* Christine is Eric's descendant.
* Arthur is Catherine's descendant.
* Joan is Amanda's ancestor.
* Victoria is Joseph's ancestor.
* Alice is Benjamin's descendant.
* Jason is Helen's descendant.
* Sandra is Matthew's descendant.
* Frances is Bryan's ancestor.
* Lauren is Shirley's descendant.
* Adam is Terry's ancestor.
* Jesse is Brandon's ancestor.
* Eugene is Dylan's ancestor.
* Billy is Patricia's descendant.
* Kenneth is Christian's descendant.
* Christopher is Peter's ancestor.
* Diane is Andrea's ancestor.
* Alexis is Lisa's descendant.
* Albert is Charles's descendant.
* Susan is Adam's ancestor.
* Sophia is Judith's descendant.
* Alan is Walter's descendant.
* Brenda is Barbara's descendant.
Determine the lineage relationship between Michelle and John.
Select the correct answer:
1. Michelle is John's descendant.
2. Michelle is John's ancestor.
3. Michelle and John share a common descendant.
4. Michelle and John share a common ancestor.
5. None of the above is correct.
Enclose the selected answer number in the <ANSWER> tag, for example: <ANSWER>1</ANSWER>.",z-ai/glm-4.7,Parasail,,,"To determine the relationship between Michelle and John, we can trace the lineage connections provided in the statements.

1.  **Start with John:**
    *   ""Lawrence is John's descendant."" $\rightarrow$ **John $\rightarrow$ Lawrence**
    *   ""Debra is Lawrence's descendant."" $\rightarrow$ **John $\rightarrow$ Lawrence $\rightarrow$ Debra**
    *   ""Debra is Willie's ancestor."" $\rightarrow$ **John $\rightarrow$ Lawrence $\rightarrow$ Debra $\rightarrow$ Willie**

2.  **Trace from Willie forward:**
    *   ""Willie is Denise's ancestor."" $\rightarrow$ ... $\rightarrow$ Willie $\rightarrow$ Denise
    *   ""Jennifer is Denise's descendant."" $\rightarrow$ ... $\rightarrow$ Denise $\rightarrow$ Jennifer
    *   ""Jennifer is Walter's ancestor."" $\rightarrow$ ... $\rightarrow$ Jennifer $\rightarrow$ Walter
    *   ""Alan is Walter's descendant."" $\rightarrow$ ... $\rightarrow$ Walter $\rightarrow$ Alan
    *   ""Timothy is Alan's descendant."" $\rightarrow$ ... $\rightarrow$ Alan $\rightarrow$ Timothy
    *   ""Eugene is Timothy's descendant."" $\rightarrow$ ... $\rightarrow$ Timothy $\rightarrow$ Eugene
    *   ""Eugene is Dylan's ancestor."" $\rightarrow$ ... $\rightarrow$ Eugene $\rightarrow$ Dylan
    *   ""Joan is Dylan's descendant."" $\rightarrow$ ... $\rightarrow$ Dylan $\rightarrow$ Joan
    *   ""Joan is Amanda's ancestor."" $\rightarrow$ ... $\rightarrow$ Joan $\rightarrow$ Amanda
    *   ""Sarah is Amanda's descendant."" $\rightarrow$ ... $\rightarrow$ Amanda $\rightarrow$ Sarah
    *   ""Sarah is Frances's ancestor."" $\rightarrow$ ... $\rightarrow$ Sarah $\rightarrow$ Frances
    *   ""Frances is Bryan's ancestor."" $\rightarrow$ ... $\rightarrow$ Frances $\rightarrow$ Bryan
    *   ""Bryan is Jerry's ancestor."" $\rightarrow$ ... $\rightarrow$ Bryan $\rightarrow$ Jerry
    *   ""Justin is Jerry's descendant."" $\rightarrow$ ... $\rightarrow$ Jerry $\rightarrow$ Justin
    *   ""Justin is Richard's ancestor."" $\rightarrow$ ... $\rightarrow$ Justin $\rightarrow$ Richard
    *   ""Matthew is Richard's descendant."" $\rightarrow$ ... $\rightarrow$ Richard $\rightarrow$ Matthew
    *   ""Sandra is Matthew's descendant."" $\rightarrow$ ... $\rightarrow$ Matthew $\rightarrow$ Sandra
    *   ""Sandra is Megan's ancestor."" $\rightarrow$ ... $\rightarrow$ Sandra $\rightarrow$ Megan
    *   ""Kelly is Megan's descendant."" $\rightarrow$ ... $\rightarrow$ Megan $\rightarrow$ Kelly
    *   ""Jonathan is Kelly's descendant."" $\rightarrow$ ... $\rightarrow$ Kelly $\rightarrow$ Jonathan
    *   ""Donald is Jonathan's descendant."" $\rightarrow$ ... $\rightarrow$ Jonathan $\rightarrow$ Donald
    *   ""Emily is Donald's descendant."" $\rightarrow$ ... $\rightarrow$ Donald $\rightarrow$ Emily
    *   ""Emily is Jacob's ancestor."" $\rightarrow$ ... $\rightarrow$ Emily $\rightarrow$ Jacob
    *   ""Jacob is Karen's ancestor."" $\rightarrow$ ... $\rightarrow$ Jacob $\rightarrow$ Karen
    *   ""Anthony is Karen's descendant."" $\rightarrow$ ... $\rightarrow$ Karen $\rightarrow$ Anthony
    *   ""Anthony is Carl's ancestor."" $\rightarrow$ ... $\rightarrow$ Anthony $\rightarrow$ Carl
    *   ""Carl is Keith's ancestor."" $\rightarrow$ ... $\rightarrow$ Carl $\rightarrow$ Keith
    *   ""Keith is Jack's ancestor."" $\rightarrow$ ... $\rightarrow$ Keith $\rightarrow$ Jack
    *   ""Jack is Bradley's ancestor."" $\rightarrow$ ... $\rightarrow$ Jack $\rightarrow$ Bradley
    *   ""Brittany is Bradley's descendant."" $\rightarrow$ ... $\rightarrow$ Bradley $\rightarrow$ Brittany
    *   ""Brittany is Aaron's ancestor."" $\rightarrow$ ... $\rightarrow$ Brittany $\rightarrow$ Aaron
    *   ""Patrick is Aaron's descendant."" $\rightarrow$ ... $\rightarrow$ Aaron $\rightarrow$ Patrick
    *   ""Roy is Patrick's descendant."" $\rightarrow$ ... $\rightarrow$ Patrick $\rightarrow$ Roy
    *   ""Betty is Roy's descendant."" $\rightarrow$ ... $\rightarrow$ Roy $\rightarrow$ Betty
    *   ""Vincent is Betty's descendant."" $\rightarrow$ ... $\rightarrow$ Betty $\rightarrow$ Vincent
    *   ""Martha is Vincent's descendant."" $\rightarrow$ ... $\rightarrow$ Vincent $\rightarrow$ Martha
    *   ""Martha is Benjamin's ancestor."" $\rightarrow$ ... $\rightarrow$ Martha $\rightarrow$ Benjamin
    *   ""Alice is Benjamin's descendant."" $\rightarrow$ ... $\rightarrow$ Benjamin $\rightarrow$ Alice
    *   ""Amy is Alice's descendant."" $\rightarrow$ ... $\rightarrow$ Alice $\rightarrow$ Amy
    *   ""Amy is Helen's ancestor."" $\rightarrow$ ... $\rightarrow$ Amy $\rightarrow$ Helen
    *   ""Jason is Helen's descendant."" $\rightarrow$ ... $\rightarrow$ Helen $\rightarrow$ Jason
    *   ""Kyle is Jason's descendant."" $\rightarrow$ ... $\rightarrow$ Jason $\rightarrow$ Kyle
    *   ""Ethan is Kyle's descendant."" $\rightarrow$ ... $\rightarrow$ Kyle $\rightarrow$ Ethan
    *   ""Emma is Ethan's descendant."" $\rightarrow$ ... $\rightarrow$ Ethan $\rightarrow$ Emma
    *   ""Emma is Zachary's ancestor."" $\rightarrow$ ... $\rightarrow$ Emma $\rightarrow$ Zachary
    *   ""Nicole is Zachary's descendant."" $\rightarrow$ ... $\rightarrow$ Zachary $\rightarrow$ Nicole
    *   ""Shirley is Nicole's descendant."" $\rightarrow$ ... $\rightarrow$ Nicole $\rightarrow$ Shirley
    *   ""Lauren is Shirley's descendant."" $\rightarrow$ ... $\rightarrow$ Shirley $\rightarrow$ Lauren
    *   ""Christopher is Lauren's descendant."" $\rightarrow$ ... $\rightarrow$ Lauren $\rightarrow$ Christopher
    *   ""Christopher is Peter's ancestor."" $\rightarrow$ ... $\rightarrow$ Christopher $\rightarrow$ Peter
    *   ""Scott is Peter's descendant."" $\rightarrow$ ... $\rightarrow$ Peter $\rightarrow$ Scott
    *   ""Linda is Scott's descendant."" $\rightarrow$ ... $\rightarrow$ Scott $\rightarrow$ Linda
    *   ""Jeremy is Linda's descendant."" $\rightarrow$ ... $\rightarrow$ Linda $\rightarrow$ Jeremy
    *   ""Deborah is Jeremy's descendant."" $\rightarrow$ ... $\rightarrow$ Jeremy $\rightarrow$ Deborah
    *   ""Deborah is Catherine's ancestor."" $\rightarrow$ ... $\rightarrow$ Deborah $\rightarrow$ Catherine
    *   ""Arthur is Catherine's descendant."" $\rightarrow$ ... $\rightarrow$ Catherine $\rightarrow$ Arthur
    *   ""Arthur is Sharon's ancestor."" $\rightarrow$ ... $\rightarrow$ Arthur $\rightarrow$ Sharon
    *   ""Sharon is Samantha's ancestor."" $\rightarrow$ ... $\rightarrow$ Sharon $\rightarrow$ Samantha
    *   ""Susan is Samantha's descendant."" $\rightarrow$ ... $\rightarrow$ Samantha $\rightarrow$ Susan
    *   ""Susan is Adam's ancestor."" $\rightarrow$ ... $\rightarrow$ Susan $\rightarrow$ Adam
    *   ""Adam is Terry's ancestor."" $\rightarrow$ ... $\rightarrow$ Adam $\rightarrow$ Terry
    *   ""Terry is Daniel's ancestor."" $\rightarrow$ ... $\rightarrow$ Terry $\rightarrow$ Daniel
    *   ""Victoria is Daniel's descendant."" $\rightarrow$ ... $\rightarrow$ Daniel $\rightarrow$ Victoria
    *   ""Victoria is Joseph's ancestor."" $\rightarrow$ ... $\rightarrow$ Victoria $\rightarrow$ Joseph
    *   ""Charles is Joseph's descendant."" $\rightarrow$ ... $\rightarrow$ Joseph $\rightarrow$ Charles
    *   ""Albert is Charles's descendant."" $\rightarrow$ ... $\rightarrow$ Charles $\rightarrow$ Albert
    *   ""Rachel is Albert's descendant."" $\rightarrow$ ... $\rightarrow$ Albert $\rightarrow$ Rachel
    *   ""Sara is Rachel's descendant."" $\rightarrow$ ... $\rightarrow$ Rachel $\rightarrow$ Sara
    *   ""Sara is Alexander's ancestor."" $\rightarrow$ ... $\rightarrow$ Sara $\rightarrow$ Alexander
    *   ""Jacqueline is Alexander's descendant."" $\rightarrow$ ... $\rightarrow$ Alexander $\rightarrow$ Jacqueline
    *   ""Jacqueline is George's ancestor."" $\rightarrow$ ... $\rightarrow$ Jacqueline $\rightarrow$ George
    *   ""George is Anna's ancestor."" $\rightarrow$ ... $\rightarrow$ George $\rightarrow$ Anna
    *   ""Anna is Judith's ancestor."" $\rightarrow$ ... $\rightarrow$ Anna $\rightarrow$ Judith
    *   ""Sophia is Judith's descendant."" $\rightarrow$ ... $\rightarrow$ Judith $\rightarrow$ Sophia
    *   ""Gerald is Sophia's descendant."" $\rightarrow$ ... $\rightarrow$ Sophia $\rightarrow$ Gerald
    *   ""Janice is Gerald's descendant."" $\rightarrow$ ... $\rightarrow$ Gerald $\rightarrow$ Janice
    *   ""Janice is Tyler's ancestor."" $\rightarrow$ ... $\rightarrow$ Janice $\rightarrow$ Tyler
    *   ""Christian is Tyler's descendant."" $\rightarrow$ ... $\rightarrow$ Tyler $\rightarrow$ Christian
    *   ""Kenneth is Christian's descendant."" $\rightarrow$ ... $\rightarrow$ Christian $\rightarrow$ Kenneth
    *   ""Harold is Kenneth's descendant."" $\rightarrow$ ... $\rightarrow$ Kenneth $\rightarrow$ Harold
    *   ""Judy is Harold's descendant."" $\rightarrow$ ... $\rightarrow$ Harold $\rightarrow$ Judy
    *   ""Kathryn is Judy's descendant."" $\rightarrow$ ... $\rightarrow$ Judy $\rightarrow$ Kathryn
    *   ""Douglas is Kathryn's descendant."" $\rightarrow$ ... $\rightarrow$ Kathryn $\rightarrow$ Douglas
    *   ""Douglas is Joe's ancestor."" $\rightarrow$ ... $\rightarrow$ Douglas $\rightarrow$ Joe
    *   ""Samuel is Joe's descendant."" $\rightarrow$ ... $\rightarrow$ Joe $\rightarrow$ Samuel
    *   ""Samuel is Gregory's ancestor."" $\rightarrow$ ... $\rightarrow$ Samuel $\rightarrow$ Gregory
    *   ""Jesse is Gregory's descendant."" $\rightarrow$ ... $\rightarrow$ Gregory $\rightarrow$ Jesse
    *   ""Jesse is Brandon's ancestor."" $\rightarrow$ ... $\rightarrow$ Jesse $\rightarrow$ Brandon
    *   ""Brandon is Abigail's ancestor."" $\rightarrow$ ... $\rightarrow$ Brandon $\rightarrow$ Abigail
    *   ""Abigail is Gary's ancestor."" $\rightarrow$ ... $\rightarrow$ Abigail $\rightarrow$ Gary
    *   ""Mark is Gary's descendant."" $\rightarrow$ ... $\rightarrow$ Gary $\rightarrow$ Mark
    *   ""Mark is Laura's ancestor."" $\rightarrow$ ... $\rightarrow$ Mark $\rightarrow$ Laura
    *   ""Lisa is Laura's descendant."" $\rightarrow$ ... $\rightarrow$ Laura $\rightarrow$ Lisa
    *   ""Alexis is Lisa's descendant."" $\rightarrow$ ... $\rightarrow$ Lisa $\rightarrow$ Alexis
    *   ""Alexis is Raymond's ancestor."" $\rightarrow$ ... $\rightarrow$ Alexis $\rightarrow$ Raymond
    *   ""Raymond is Diane's ancestor."" $\rightarrow$ ... $\rightarrow$ Raymond $\rightarrow$ Diane
    *   ""Diane is Andrea's ancestor."" $\rightarrow$ ... $\rightarrow$ Diane $\rightarrow$ Andrea
    *   ""Lori is Andrea's descendant."" $\rightarrow$ ... $\rightarrow$ Andrea $\rightarrow$ Lori
    *   ""Natalie is Lori's descendant."" $\rightarrow$ ... $\rightarrow$ Lori $\rightarrow$ Natalie
    *   ""Elijah is Natalie's descendant."" $\rightarrow$ ... $\rightarrow$ Natalie $\rightarrow$ Elijah
    *   ""Elijah is Angela's ancestor."" $\rightarrow$ ... $\rightarrow$ Elijah $\rightarrow$ Angela
    *   ""Ann is Angela's descendant."" $\rightarrow$ ... $\rightarrow$ Angela $\rightarrow$ Ann
    *   ""Marie is Ann's descendant."" $\rightarrow$ ... $\rightarrow$ Ann $\rightarrow$ Marie
    *   ""Marie is Ashley's ancestor."" $\rightarrow$ ... $\rightarrow$ Marie $\rightarrow$ Ashley
    *   ""Charlotte is Ashley's descendant."" $\rightarrow$ ... $\rightarrow$ Ashley $\rightarrow$ Charlotte
    *   ""Charlotte is Hannah's ancestor."" $\rightarrow$ ... $\rightarrow$ Charlotte $\rightarrow$ Hannah
    *   ""Gabriel is Hannah's descendant."" $\rightarrow$ ... $\rightarrow$ Hannah $\rightarrow$ Gabriel
    *   ""Gabriel is Nicholas's ancestor."" $\rightarrow$ ... $\rightarrow$ Gabriel $\rightarrow$ Nicholas
    *   ""Nicholas is Paul's ancestor."" $\rightarrow$ ... $\rightarrow$ Nicholas $\rightarrow$ Paul
    *   ""Paul is Maria's ancestor."" $\rightarrow$ ... $\rightarrow$ Paul $\rightarrow$ Maria
    *   ""Maria is Elizabeth's ancestor."" $\rightarrow$ ... $\rightarrow$ Maria $\rightarrow$ Elizabeth
    *   ""Elizabeth is Barbara's ancestor."" $\rightarrow$ ... $\rightarrow$ Elizabeth $\rightarrow$ Barbara
    *   ""Brenda is Barbara's descendant."" $\rightarrow$ ... $\rightarrow$ Barbara $\rightarrow$ Brenda
    *   ""Brenda is Melissa's ancestor."" $\rightarrow$ ... $\rightarrow$ Brenda $\rightarrow$ Melissa
    *   ""Melissa is Grace's ancestor."" $\rightarrow$ ... $\rightarrow$ Melissa $\rightarrow$ Grace
    *   ""Julia is Grace's descendant."" $\rightarrow$ ... $\rightarrow$ Grace $\rightarrow$ Julia
    *   ""Patricia is Julia's descendant."" $\rightarrow$ ... $\rightarrow$ Julia $\rightarrow$ Patricia
    *   ""Billy is Patricia's descendant."" $\rightarrow$ ... $\rightarrow$ Patricia $\rightarrow$ Billy
    *   ""Steven is Billy's descendant."" $\rightarrow$ ... $\rightarrow$ Billy $\rightarrow$ Steven
    *   ""Steven is Brian's ancestor."" $\rightarrow$ ... $\rightarrow$ Steven $\rightarrow$ Brian
    *   ""Brian is Virginia's ancestor."" $\rightarrow$ ... $\rightarrow$ Brian $\rightarrow$ Virginia
    *   ""Virginia is Eric's ancestor."" $\rightarrow$ ... $\rightarrow$ Virginia $\rightarrow$ Eric
    *   ""Christine is Eric's descendant."" $\rightarrow$ ... $\rightarrow$ Eric $\rightarrow$ Christine
    *   ""Christine is Michelle's ancestor."" $\rightarrow$ ... $\rightarrow$ Christine $\rightarrow$ **Michelle**

By following the chain, we see that John is at the beginning of the lineage and Michelle is at the end. Therefore, **Michelle is John's descendant.**

<ANSWER>1</ANSWER>"
128,COMMON_ANCESTOR,4,"Given the following lineage relationships:
* James is Elizabeth's descendant.
* Ralph is Lauren's descendant.
* Jeffrey is Rachel's descendant.
* Patrick is Nathan's descendant.
* Charles is Russell's descendant.
* Emma is Margaret's descendant.
* William is Charlotte's descendant.
* Sandra is Ryan's ancestor.
* Debra is Deborah's descendant.
* Nicholas is Patricia's descendant.
* Brandon is Melissa's ancestor.
* Cheryl is Janet's descendant.
* Victoria is Emily's descendant.
* Roger is Jacqueline's descendant.
* Heather is Donna's ancestor.
* Cheryl is Scott's ancestor.
* Linda is Benjamin's ancestor.
* Carolyn is Joe's ancestor.
* David is Doris's descendant.
* Stephanie is Gloria's descendant.
* Larry is David's descendant.
* Edward is Arthur's ancestor.
* John is Catherine's ancestor.
* Heather is Anna's descendant.
* Diane is Emily's ancestor.
* Jacqueline is Mason's descendant.
* Helen is Joyce's ancestor.
* Diana is James's descendant.
* Doris is Ashley's descendant.
* Pamela is Carol's descendant.
* Rachel is Joshua's descendant.
* Terry is Tyler's descendant.
* Alan is Willie's descendant.
* Julie is Kenneth's ancestor.
* Kayla is Jonathan's descendant.
* Patrick is Wayne's ancestor.
* Joe is Roy's ancestor.
* Lauren is Zachary's descendant.
* Alice is Laura's ancestor.
* Theresa is Abigail's ancestor.
* Catherine is Kyle's ancestor.
* George is Amy's ancestor.
* Alan is Nicole's ancestor.
* Pamela is Henry's ancestor.
* Aaron is Cynthia's descendant.
* Martha is Cynthia's ancestor.
* Mark is Sara's ancestor.
* Wayne is Thomas's ancestor.
* Noah is Sophia's ancestor.
* Dennis is Douglas's ancestor.
* Joan is Mark's ancestor.
* Martha is Brittany's descendant.
* Joan is Amy's descendant.
* Steven is Gloria's ancestor.
* Billy is Abigail's descendant.
* Nathan is Denise's descendant.
* Henry is Walter's ancestor.
* Kathleen is Madison's ancestor.
* Linda is Kathryn's descendant.
* Kyle is Vincent's ancestor.
* Samantha is Juan's ancestor.
* Bryan is Benjamin's descendant.
* Barbara is Nicole's descendant.
* Brian is Austin's ancestor.
* Tyler is Austin's descendant.
* Aaron is Janet's ancestor.
* Juan is Deborah's ancestor.
* Adam is Jack's ancestor.
* Sara is Eric's ancestor.
* Shirley is Sandra's ancestor.
* Kayla is Zachary's ancestor.
* Patricia is William's descendant.
* Dennis is Jack's descendant.
* Samantha is Vincent's descendant.
* Denise is Christopher's descendant.
* Gregory is Logan's ancestor.
* Ruth is Bobby's descendant.
* Anna is Madison's descendant.
* Andrea is Lawrence's descendant.
* Brenda is Margaret's ancestor.
* Barbara is Diane's ancestor.
* Joshua is Alexis's descendant.
* Douglas is Christine's ancestor.
* Sean is Joseph's ancestor.
* Emma is Alexis's ancestor.
* Elizabeth is Nicholas's descendant.
* Andrew is Philip's descendant.
* Brenda is Kenneth's descendant.
* Kathleen is Eric's descendant.
* Andrea is Theresa's ancestor.
* Michelle is Jacob's ancestor.
* Ruth is Kimberly's ancestor.
* Donna is Charlotte's ancestor.
* Bobby is Susan's descendant.
* Jose is Ryan's descendant.
* Gregory is Scott's descendant.
* Teresa is Donald's ancestor.
* Andrew is Carolyn's ancestor.
* Carol is Katherine's ancestor.
* Jacob is Teresa's ancestor.
* Helen is Larry's descendant.
* Ashley is Joseph's descendant.
* Charles is Willie's ancestor.
* Jose is Dorothy's ancestor.
* Steven is Terry's descendant.
* Diana is Edward's ancestor.
* Laura is Kathryn's ancestor.
* Michelle is Bryan's descendant.
* Kimberly is Brandon's ancestor.
* Katherine is Susan's ancestor.
* Sophia is Mason's ancestor.
* Adam is Marilyn's descendant.
* Arthur is Christopher's ancestor.
* Shirley is Logan's descendant.
* Thomas is Sean's ancestor.
* Christine is Russell's ancestor.
* Noah is Donald's descendant.
* Alice is Billy's descendant.
* Marilyn is Roy's descendant.
* Joyce is Philip's ancestor.
* Victoria is Brian's ancestor.
* John is Stephanie's descendant.
* Melissa is Jonathan's ancestor.
* Walter is Julie's ancestor.
* Lawrence is Ralph's descendant.
* Jeffrey is Brittany's ancestor.
* Dorothy is George's ancestor.
Determine the lineage relationship between Roger and Debra.
Select the correct answer:
1. Roger is Debra's ancestor.
2. Roger is Debra's descendant.
3. Roger and Debra share a common descendant.
4. Roger and Debra share a common ancestor.
5. None of the above is correct.
Enclose the selected answer number in the <ANSWER> tag, for example: <ANSWER>1</ANSWER>.",z-ai/glm-4.7,Parasail,,,"I need to trace the lineage relationships to determine how Roger and Debra are related.

Let me start by identifying the given relationships involving Roger and Debra:
- Roger is Jacqueline's descendant
- Debra is Deborah's descendant

Let me trace back from Roger:
- Roger is Jacqueline's descendant
- Jacqueline is Mason's descendant
- Sophia is Mason's ancestor
- Noah is Sophia's ancestor
- Noah is Donald's descendant
- Teresa is Donald's ancestor
- Jacob is Teresa's ancestor
- Michelle is Jacob's ancestor

Now let me trace back from Debra:
- Debra is Deborah's descendant
- Juan is Deborah's ancestor
- Samantha is Juan's ancestor
- Samantha is Vincent's descendant
- Kyle is Vincent's ancestor
- Catherine is Kyle's ancestor
- John is Catherine's ancestor
- John is Stephanie's descendant
- Stephanie is Gloria's descendant
- Steven is Gloria's ancestor
- Steven is Terry's descendant
- Terry is Tyler's descendant
- Tyler is Austin's descendant
- Brian is Austin's ancestor
- Victoria is Brian's ancestor
- Victoria is Emily's descendant
- Diane is Emily's ancestor
- Barbara is Diane's ancestor
- Barbara is Nicole's descendant
- Alan is Nicole's ancestor
- Alan is Willie's descendant
- Charles is Willie's ancestor
- Charles is Russell's descendant
- Christine is Russell's ancestor
- Douglas is Christine's ancestor
- Dennis is Douglas's ancestor
- Dennis is Jack's descendant
- Adam is Jack's ancestor
- Adam is Marilyn's descendant
- Marilyn is Roy's descendant
- Joe is Roy's ancestor
- Carolyn is Joe's ancestor
- Andrew is Carolyn's ancestor
- Andrew is Philip's descendant
- Joyce is Philip's ancestor
- Helen is Joyce's ancestor
- Helen is Larry's descendant
- Larry is David's descendant
- David is Doris's descendant
- Doris is Ashley's descendant
- Ashley is Joseph's descendant
- Sean is Joseph's ancestor
- Thomas is Sean's ancestor
- Wayne is Thomas's ancestor
- Patrick is Wayne's ancestor
- Patrick is Nathan's descendant
- Nathan is Denise's descendant
- Denise is Christopher's descendant
- Arthur is Christopher's ancestor
- Edward is Arthur's ancestor
- Diana is Edward's ancestor

Continuing from Michelle (from Roger's lineage):
- Michelle is Bryan's descendant
- Bryan is Benjamin's descendant
- Linda is Benjamin's ancestor
- Linda is Kathryn's descendant
- Laura is Kathryn's ancestor
- Alice is Laura's ancestor
- Alice is Billy's descendant
- Billy is Abigail's descendant
- Theresa is Abigail's ancestor
- Andrea is Theresa's ancestor
- Andrea is Lawrence's descendant
- Lawrence is Ralph's descendant
- Ralph is Lauren's descendant
- Lauren is Zachary's descendant
- Kayla is Zachary's ancestor
- Kayla is Jonathan's descendant
- Melissa is Jonathan's ancestor
- Brandon is Melissa's ancestor
- Kimberly is Brandon's ancestor
- Ruth is Kimberly's ancestor
- Ruth is Bobby's descendant
- Bobby is Susan's descendant
- Katherine is Susan's ancestor
- Carol is Katherine's ancestor
- Pamela is Carol's descendant
- Pamela is Henry's ancestor
- Henry is Walter's ancestor
- Walter is Julie's ancestor
- Julie is Kenneth's ancestor
- Brenda is Kenneth's descendant
- Brenda is Margaret's ancestor
- Margaret is Emma's ancestor
- Emma is Alexis's ancestor
- Alexis is Joshua's descendant
- Joshua is Rachel's descendant
- Rachel is Jeffrey's ancestor
- Jeffrey is Brittany's ancestor
- Brittany is Martha's descendant
- Martha is Cynthia's ancestor
- Aaron is Cynthia's descendant
- Aaron is Janet's ancestor
- Cheryl is Janet's descendant
- Cheryl is Scott's ancestor
- Gregory is Scott's descendant
- Gregory is Logan's ancestor
- Shirley is Logan's descendant
- Shirley is Sandra's ancestor
- Sandra is Ryan's ancestor
- Jose is Ryan's descendant
- Jose is Dorothy's ancestor
- Dorothy is George's ancestor
- George is Amy's ancestor
- Joan is Amy's descendant

Continuing from Diana (from Debra's lineage):
- Diana is James's descendant
- James is Elizabeth's descendant
- Elizabeth is Nicholas's descendant
- Nicholas is Patricia's descendant
- Patricia is William's descendant
- William is Charlotte's descendant
- Donna is Charlotte's ancestor
- Heather is Donna's ancestor
- Heather is Anna's descendant
- Anna is Madison's descendant
- Kathleen is Madison's ancestor
- Kathleen is Eric's descendant
- Eric is Sara's descendant
- Mark is Sara's ancestor
- Joan is Mark's ancestor

I can see that Joan is a common ancestor for both Roger and Debra. Joan is an ancestor of Amy (from Roger's lineage) and also an ancestor of Mark (from Debra's lineage).

Therefore, Roger and Debra share a common ancestor.

<ANSWER>4</ANSWER>"
128,COMMON_DESCENDANT,1,"Given the following lineage relationships:
* Dylan is Kimberly's descendant.
* Heather is Madison's ancestor.
* Abigail is Stephen's ancestor.
* Tyler is James's ancestor.
* Nicholas is Gary's descendant.
* Brandon is Julia's ancestor.
* Lisa is Jack's ancestor.
* Madison is Bradley's ancestor.
* Brian is Danielle's descendant.
* Sandra is Grace's descendant.
* Brian is Eric's ancestor.
* Danielle is Marilyn's descendant.
* Patricia is Brittany's ancestor.
* Bryan is Sandra's descendant.
* Lauren is Amanda's descendant.
* Ronald is Theresa's descendant.
* Julie is Willie's descendant.
* Elizabeth is Evelyn's descendant.
* Bradley is Kevin's ancestor.
* Mark is Harold's descendant.
* Benjamin is Amber's descendant.
* Kathryn is Eugene's descendant.
* Christopher is Mary's ancestor.
* Ethan is Mary's descendant.
* Lori is Logan's ancestor.
* Brittany is Kimberly's ancestor.
* Grace is Doris's descendant.
* Jeremy is Sophia's ancestor.
* Steven is Justin's ancestor.
* Gary is Andrea's descendant.
* Joseph is Judith's ancestor.
* Walter is Paul's ancestor.
* Zachary is Carol's descendant.
* Alexander is Shirley's ancestor.
* Barbara is Gloria's descendant.
* Willie is Laura's descendant.
* Gregory is Tyler's ancestor.
* Christina is Randy's descendant.
* Anna is Stephen's descendant.
* Raymond is Christopher's ancestor.
* Nicole is Dylan's descendant.
* Benjamin is Amanda's ancestor.
* Billy is Gregory's ancestor.
* Jessica is Susan's descendant.
* Billy is Dennis's descendant.
* Peter is Vincent's ancestor.
* Henry is Samantha's ancestor.
* Laura is Teresa's descendant.
* Lawrence is Kelly's descendant.
* Dorothy is Peter's ancestor.
* Linda is Zachary's descendant.
* Jesse is Abigail's ancestor.
* Austin is Isabella's descendant.
* Melissa is Andrew's ancestor.
* Stephanie is Patricia's ancestor.
* Helen is Ruth's descendant.
* Amber is Julie's descendant.
* Margaret is Helen's descendant.
* Richard is Christina's descendant.
* Gabriel is Mason's descendant.
* Kayla is Julia's descendant.
* Juan is Donna's descendant.
* Betty is Carolyn's ancestor.
* Jean is Bruce's ancestor.
* Gabriel is Eugene's ancestor.
* Bryan is Robert's ancestor.
* Ann is Jack's descendant.
* Logan is Joseph's ancestor.
* Scott is Ethan's descendant.
* Michael is Philip's ancestor.
* Marilyn is Margaret's descendant.
* Juan is Stephanie's ancestor.
* Steven is Samantha's descendant.
* Dorothy is Ashley's descendant.
* Paul is Isabella's ancestor.
* Kathleen is Ruth's ancestor.
* Edward is George's descendant.
* Heather is Ann's descendant.
* Russell is Lisa's ancestor.
* Teresa is Nicole's descendant.
* Lauren is Elijah's ancestor.
* Kathleen is Elizabeth's descendant.
* Sean is Ashley's ancestor.
* Mark is Donna's ancestor.
* Jacqueline is Marie's descendant.
* Anna is Denise's ancestor.
* Jesse is Angela's descendant.
* Randy is Charlotte's descendant.
* Henry is Pamela's descendant.
* Shirley is Jeremy's ancestor.
* Adam is Scott's descendant.
* Barbara is Arthur's ancestor.
* Christine is Russell's ancestor.
* Richard is Evelyn's ancestor.
* Marie is Philip's descendant.
* Anthony is Andrew's descendant.
* Lawrence is Walter's ancestor.
* Bruce is Andrea's ancestor.
* Robert is George's ancestor.
* Edward is Mason's ancestor.
* Eric is Jason's ancestor.
* Raymond is Nicholas's descendant.
* Kelly is Kevin's descendant.
* Denise is Alexander's ancestor.
* Jean is Jordan's descendant.
* Charlotte is Jacqueline's descendant.
* Samuel is Joyce's descendant.
* Carol is Diana's descendant.
* Elijah is Joyce's ancestor.
* Jessica is Betty's ancestor.
* Christine is Vincent's descendant.
* Ronald is Megan's ancestor.
* Susan is Samuel's descendant.
* Jason is Doris's ancestor.
* Carolyn is Diana's ancestor.
* Arthur is Michael's ancestor.
* Kathryn is Kayla's ancestor.
* Theresa is Anthony's descendant.
* Sophia is Gloria's ancestor.
* Melissa is James's descendant.
* Sean is Judith's descendant.
* Justin is Rebecca's ancestor.
* Dennis is Linda's descendant.
* Jordan is Megan's descendant.
* Brandon is Austin's descendant.
* Angela is Rebecca's descendant.
* Adam is Pamela's ancestor.
Determine the lineage relationship between Lori and Harold.
Select the correct answer:
1. Lori and Harold share a common descendant.
2. Lori and Harold share a common ancestor.
3. Lori is Harold's descendant.
4. Lori is Harold's ancestor.
5. None of the above is correct.
Enclose the selected answer number in the <ANSWER> tag, for example: <ANSWER>1</ANSWER>.",z-ai/glm-4.7,Parasail,,,"The provided relationships describe a lineage graph.
1.  **Trace Lori's Line:** Lori is the ancestor of Logan, who is the ancestor of Joseph, who is the ancestor of Judith, who is the ancestor of Sean. Sean is the ancestor of Ashley. Ashley is the descendant of Dorothy (meaning Dorothy is Ashley's ancestor). Dorothy is the ancestor of Peter. Peter is the ancestor of Vincent. Vincent is the ancestor of Christine (Christine is Vincent's descendant). Christine is the ancestor of Russell, who is the ancestor of Lisa, who is the ancestor of Jack, who is the ancestor of Ann (Ann is Jack's descendant), who is the ancestor of Heather, who is the ancestor of Madison, who is the ancestor of Bradley, who is the ancestor of Kevin, who is the ancestor of Kelly (Kelly is Kevin's descendant), who is the ancestor of Lawrence, who is the ancestor of Walter, who is the ancestor of Paul, who is the ancestor of Isabella, who is the ancestor of Austin (Austin is Isabella's descendant), who is the ancestor of Brandon (Brandon is Austin's descendant), who is the ancestor of Julia. Julia is the ancestor of Kayla (Kayla is Julia's descendant). So, Lori is an ancestor of Kayla.

2.  **Trace Harold's Line:** Harold is the ancestor of Mark, who is the ancestor of Donna, who is the ancestor of Juan (Juan is Donna's descendant), who is the ancestor of Stephanie (Juan is Stephanie's ancestor), who is the ancestor of Patricia, who is the ancestor of Brittany, who is the ancestor of Kimberly, who is the ancestor of Dylan, who is the ancestor of Nicole, who is the ancestor of Teresa, who is the ancestor of Laura, who is the ancestor of Willie, who is the ancestor of Julie, who is the ancestor of Amber, who is the ancestor of Benjamin, who is the ancestor of Amanda, who is the ancestor of Lauren (Lauren is Amanda's descendant), who is the ancestor of Elijah, who is the ancestor of Joyce, who is the ancestor of Samuel, who is the ancestor of Susan, who is the ancestor of Jessica, who is the ancestor of Betty, who is the ancestor of Carolyn, who is the ancestor of Diana, who is the ancestor of Carol, who is the ancestor of Zachary, who is the ancestor of Linda, who is the ancestor of Dennis, who is the ancestor of Billy. So, Harold is an ancestor of Billy.

3.  **Connect Harold and Gregory:** The statement ""Billy is Gregory's descendant"" implies that Gregory is an ancestor of Billy. Since Harold is also an ancestor of Billy, and none of the names in Harold's ancestry (Mark, Donna, etc.) are Gregory, it is inferred that Gregory is an ancestor of Harold (or they share a common ancestor who is an ancestor of Harold, making Gregory an ancestor of Harold in the broad sense of being in the line above Billy). Specifically, the path goes through Gregory. We also have ""Gregory is Tyler's ancestor"". The chain from Gregory goes: Gregory -> Tyler -> ... -> Kayla. So Gregory is an ancestor of Kayla.

4.  **Connect Lori and Gregory:** We have established that Lori is an ancestor of Kayla (via the Christine/Julia path) and Gregory is an ancestor of Kayla (via the Kathryn path). The chains leading from Lori to Kayla (Logan...Julia) and from Gregory to Kayla (Tyler...Kathryn) share no common names. This indicates that Lori and Gregory are distinct ancestors of Kayla (like two parents or separate branches converging). Neither is the ancestor of the other based on the provided names.

5.  **Relationship between Lori and Harold:**
    *   Harold is a descendant of Gregory (inferred from Billy's descent).
    *   Lori is a distinct co-ancestor of Kayla with Gregory.
    *   Lori and Harold do not share a common descendant (Lori's descendants lead to Kayla; Harold's descendants lead to Billy; Kayla and Billy are separate).
    *   Lori is not Harold's descendant (Harold is in Gregory's subtree, Lori is outside it).
    *   Lori is not Harold's ancestor (Harold is in Gregory's subtree, which is separate from Lori's).
    *   Do they share a common ancestor? While in a real family tree they might, based strictly on the provided text, Lori and Gregory appear as the ""roots"" of their respective branches merging at Kayla. There is no information linking Lori to an ancestor of Gregory or vice versa. Therefore, we cannot determine a common ancestor from the text.

Thus, none of the specific relationships (1-4) can be deduced from the given information.

<ANSWER>5</ANSWER>"
128,ANCESTOR,2,"Given the following lineage relationships:
* Patrick is Zachary's descendant.
* Julia is Lisa's descendant.
* Ann is Abigail's descendant.
* Henry is Karen's ancestor.
* Frances is Teresa's descendant.
* Patrick is Edward's ancestor.
* Helen is Robert's descendant.
* Kevin is Bobby's ancestor.
* Natalie is Gerald's descendant.
* Bruce is Brenda's ancestor.
* Margaret is Julie's ancestor.
* Bryan is Kyle's ancestor.
* Ann is Paul's ancestor.
* Gloria is Jesse's ancestor.
* Ethan is Christopher's ancestor.
* Elizabeth is Russell's ancestor.
* Julie is Jack's ancestor.
* Teresa is Judith's descendant.
* John is Sandra's descendant.
* Gerald is Hannah's descendant.
* Jose is Barbara's ancestor.
* Diana is Alice's ancestor.
* Russell is Janice's ancestor.
* Ralph is Sophia's descendant.
* Stephen is Charles's ancestor.
* Beverly is Joan's descendant.
* Eric is Rachel's ancestor.
* Jose is Brenda's descendant.
* Harold is Joe's descendant.
* Austin is Rebecca's descendant.
* Evelyn is Stephen's ancestor.
* Linda is Roy's descendant.
* Rachel is Kayla's ancestor.
* Martha is Jacob's ancestor.
* Virginia is Diane's ancestor.
* Andrea is Jacqueline's ancestor.
* Kelly is Amber's ancestor.
* Donald is Susan's descendant.
* Steven is Anna's ancestor.
* Lisa is Denise's descendant.
* Isabella is Anthony's descendant.
* Catherine is Logan's descendant.
* Gloria is Aaron's descendant.
* Alice is Aaron's ancestor.
* Diana is Alexis's descendant.
* Lauren is Jean's ancestor.
* Sara is Doris's descendant.
* Albert is Katherine's ancestor.
* Rebecca is Nathan's descendant.
* Jerry is Ryan's descendant.
* Kyle is Virginia's ancestor.
* Eugene is Dennis's descendant.
* Vincent is Frances's descendant.
* Daniel is Matthew's descendant.
* Isabella is Bryan's ancestor.
* Karen is Nathan's ancestor.
* Charlotte is Margaret's ancestor.
* Patricia is Henry's ancestor.
* Ryan is Christopher's descendant.
* Benjamin is Betty's ancestor.
* Timothy is Lauren's ancestor.
* Joan is Ronald's descendant.
* Donald is Lawrence's ancestor.
* Judith is Emily's descendant.
* Christian is Kevin's ancestor.
* Anthony is Gregory's descendant.
* Andrea is Amber's descendant.
* Helen is Doris's ancestor.
* Donna is Heather's ancestor.
* Melissa is Joshua's ancestor.
* Zachary is Sara's descendant.
* George is Danielle's descendant.
* Catherine is James's ancestor.
* Maria is Eric's ancestor.
* Ronald is Daniel's descendant.
* Andrew is Dennis's ancestor.
* George is Theresa's ancestor.
* Julia is Elijah's ancestor.
* Stephanie is Kimberly's descendant.
* Christina is Madison's descendant.
* Timothy is Diane's descendant.
* Austin is Joe's ancestor.
* John is Amy's ancestor.
* Scott is Andrew's ancestor.
* Gregory is Bobby's descendant.
* Jacob is Denise's ancestor.
* Paul is Thomas's ancestor.
* Patricia is Anna's descendant.
* Betty is Alexis's ancestor.
* Jesse is Hannah's ancestor.
* Kimberly is Ralph's descendant.
* Sandra is Douglas's descendant.
* Emily is Theresa's descendant.
* Ashley is Christina's descendant.
* Cheryl is Jerry's descendant.
* Donna is Lawrence's descendant.
* Robert is Kathryn's descendant.
* Steven is Vincent's descendant.
* Natalie is Mason's ancestor.
* Jean is Melissa's ancestor.
* Kayla is Willie's ancestor.
* Terry is Kathryn's ancestor.
* James is Danielle's ancestor.
* Cheryl is Roy's ancestor.
* David is Gary's ancestor.
* Mason is Christian's ancestor.
* Abigail is Janice's descendant.
* Albert is Harold's descendant.
* Victoria is Joshua's descendant.
* Madison is Heather's descendant.
* Victoria is Douglas's ancestor.
* Maria is Katherine's descendant.
* Gary is Benjamin's ancestor.
* Kelly is Barbara's descendant.
* Charlotte is Linda's descendant.
* Susan is Jacqueline's descendant.
* Bruce is Edward's descendant.
* Stephanie is Logan's ancestor.
* Jack is Scott's ancestor.
* Thomas is Terry's ancestor.
* David is Beverly's descendant.
* Grace is Ethan's ancestor.
* Eugene is Elizabeth's ancestor.
* Evelyn is Ashley's descendant.
* Elijah is Grace's ancestor.
* Amy is Martha's ancestor.
* Willie is Matthew's ancestor.
Determine the lineage relationship between Sophia and Charles.
Select the correct answer:
1. Sophia and Charles share a common descendant.
2. Sophia is Charles's ancestor.
3. Sophia is Charles's descendant.
4. Sophia and Charles share a common ancestor.
5. None of the above is correct.
Enclose the selected answer number in the <ANSWER> tag, for example: <ANSWER>1</ANSWER>.",z-ai/glm-4.7,Parasail,,,"To determine the lineage relationship between Sophia and Charles, we can trace the lineage chains from both individuals based on the provided statements.

**1. Trace the lineage from Sophia:**
*   ""Ralph is Sophia's descendant."" $\rightarrow$ **Sophia** $\rightarrow$ Ralph
*   ""Kimberly is Ralph's descendant."" $\rightarrow$ Ralph $\rightarrow$ Kimberly
*   ""Stephanie is Kimberly's descendant."" $\rightarrow$ Kimberly $\rightarrow$ Stephanie
*   ""Stephanie is Logan's ancestor."" $\rightarrow$ Stephanie $\rightarrow$ Logan
*   ""Catherine is Logan's descendant."" $\rightarrow$ Logan $\rightarrow$ Catherine
*   ""Catherine is James's ancestor."" $\rightarrow$ Catherine $\rightarrow$ James
*   ""James is Danielle's ancestor."" $\rightarrow$ James $\rightarrow$ Danielle
*   ""George is Danielle's descendant."" $\rightarrow$ Danielle $\rightarrow$ George
*   ""George is Theresa's ancestor."" $\rightarrow$ George $\rightarrow$ Theresa
*   ""Frances is Teresa's descendant."" $\rightarrow$ Theresa $\rightarrow$ Frances
*   ""Vincent is Frances's descendant."" $\rightarrow$ Frances $\rightarrow$ Vincent
*   ""Steven is Vincent's descendant."" $\rightarrow$ Vincent $\rightarrow$ Steven
*   ""Steven is Anna's ancestor."" $\rightarrow$ Steven $\rightarrow$ Anna
*   ""Patricia is Anna's descendant."" $\rightarrow$ Anna $\rightarrow$ Patricia
*   ""Patricia is Henry's ancestor."" $\rightarrow$ Patricia $\rightarrow$ Henry
*   ""Henry is Karen's ancestor."" $\rightarrow$ Henry $\rightarrow$ Karen
*   ""Karen is Nathan's ancestor."" $\rightarrow$ Karen $\rightarrow$ Nathan
*   ""Rebecca is Nathan's descendant."" $\rightarrow$ Nathan $\rightarrow$ Rebecca
*   ""Austin is Rebecca's descendant."" $\rightarrow$ Rebecca $\rightarrow$ Austin
*   ""Austin is Joe's ancestor."" $\rightarrow$ Austin $\rightarrow$ Joe
*   ""Harold is Joe's descendant."" $\rightarrow$ Joe $\rightarrow$ Harold
*   ""Albert is Harold's descendant."" $\rightarrow$ Harold $\rightarrow$ Albert
*   ""Albert is Katherine's ancestor."" $\rightarrow$ Albert $\rightarrow$ Katherine
*   ""Maria is Katherine's descendant."" $\rightarrow$ Katherine $\rightarrow$ **Maria**

**2. Trace the lineage from Charles:**
*   ""Stephen is Charles's ancestor."" $\rightarrow$ Stephen $\rightarrow$ **Charles**
*   ""Evelyn is Stephen's ancestor."" $\rightarrow$ Evelyn $\rightarrow$ Stephen
*   ""Ashley is Christina's descendant."" $\rightarrow$ Christina $\rightarrow$ Ashley
*   ""Christina is Madison's descendant."" $\rightarrow$ Madison $\rightarrow$ Christina
*   ""Madison is Heather's descendant."" $\rightarrow$ Heather $\rightarrow$ Madison
*   ""Donna is Heather's ancestor."" $\rightarrow$ Donna $\rightarrow$ Heather
*   ""Donna is Lawrence's descendant."" $\rightarrow$ Lawrence $\rightarrow$ Donna
*   ""Donald is Lawrence's ancestor."" $\rightarrow$ Donald $\rightarrow$ Lawrence
*   ""Donald is Susan's descendant."" $\rightarrow$ Susan $\rightarrow$ Donald
*   ""Susan is Jacqueline's descendant."" $\rightarrow$ Jacqueline $\rightarrow$ Susan
*   ""Andrea is Jacqueline's ancestor."" $\rightarrow$ Andrea $\rightarrow$ Jacqueline
*   ""Andrea is Amber's descendant."" $\rightarrow$ Amber $\rightarrow$ Andrea
*   ""Kelly is Amber's ancestor."" $\rightarrow$ Kelly $\rightarrow$ Amber
*   ""Kelly is Barbara's descendant."" $\rightarrow$ Barbara $\rightarrow$ Kelly
*   ""Jose is Barbara's ancestor."" $\rightarrow$ Jose $\rightarrow$ Barbara
*   ""Jose is Brenda's descendant."" $\rightarrow$ Brenda $\rightarrow$ Jose
*   ""Bruce is Brenda's ancestor."" $\rightarrow$ Bruce $\rightarrow$ Brenda
*   ""Bruce is Edward's descendant."" $\rightarrow$ Edward $\rightarrow$ Bruce
*   ""Patrick is Edward's ancestor."" $\rightarrow$ Patrick $\rightarrow$ Edward
*   ""Patrick is Zachary's descendant."" $\rightarrow$ Zachary $\rightarrow$ Patrick
*   ""Zachary is Sara's descendant."" $\rightarrow$ Sara $\rightarrow$ Zachary
*   ""Sara is Doris's descendant."" $\rightarrow$ Doris $\rightarrow$ Sara
*   ""Helen is Doris's ancestor."" $\rightarrow$ Helen $\rightarrow$ Doris
*   ""Helen is Robert's descendant."" $\rightarrow$ Robert $\rightarrow$ Helen
*   ""Robert is Kathryn's descendant."" $\rightarrow$ Kathryn $\rightarrow$ Robert
*   ""Terry is Kathryn's ancestor."" $\rightarrow$ Terry $\rightarrow$ Kathryn
*   ""Thomas is Terry's ancestor."" $\rightarrow$ Thomas $\rightarrow$ Terry
*   ""Paul is Thomas's ancestor."" $\rightarrow$ Paul $\rightarrow$ Thomas
*   ""Ann is Paul's ancestor."" $\rightarrow$ Ann $\rightarrow$ Paul
*   ""Ann is Abigail's descendant."" $\rightarrow$ Abigail $\rightarrow$ Ann
*   ""Abigail is Janice's descendant."" $\rightarrow$ Janice $\rightarrow$ Abigail
*   ""Russell is Janice's ancestor."" $\rightarrow$ Russell $\rightarrow$ Janice
*   ""Elizabeth is Russell's ancestor."" $\rightarrow$ Elizabeth $\rightarrow$ Russell
*   ""Eugene is Elizabeth's ancestor."" $\rightarrow$ Eugene $\rightarrow$ Elizabeth
*   ""Eugene is Dennis's descendant."" $\rightarrow$ Dennis $\rightarrow$ Eugene
*   ""Andrew is Dennis's ancestor."" $\rightarrow$ Andrew $\rightarrow$ Dennis
*   ""Scott is Andrew's ancestor."" $\rightarrow$ Scott $\rightarrow$ Andrew
*   ""Jack is Scott's ancestor."" $\rightarrow$ Jack $\rightarrow$ Scott
*   ""Julie is Jack's ancestor."" $\rightarrow$ Julie $\rightarrow$ Jack
*   ""Margaret is Julie's ancestor."" $\rightarrow$ Margaret $\rightarrow$ Julie
*   ""Charlotte is Margaret's ancestor."" $\rightarrow$ Charlotte $\rightarrow$ Margaret
*   ""Charlotte is Linda's descendant."" $\rightarrow$ Linda $\rightarrow$ Charlotte
*   ""Roy is Linda's ancestor."" $\rightarrow$ Roy $\rightarrow$ Linda
*   ""Cheryl is Roy's ancestor."" $\rightarrow$ Cheryl $\rightarrow$ Roy
*   ""Cheryl is Jerry's descendant."" $\rightarrow$ Jerry $\rightarrow$ Cheryl
*   ""Jerry is Ryan's descendant."" $\rightarrow$ Ryan $\rightarrow$ Jerry
*   ""Ryan is Christopher's descendant."" $\rightarrow$ Christopher $\rightarrow$ Ryan
*   ""Ethan is Christopher's ancestor."" $\rightarrow$ Ethan $\rightarrow$ Christopher
*   ""Grace is Ethan's ancestor."" $\rightarrow$ Grace $\rightarrow$ Ethan
*   ""Elijah is Grace's ancestor."" $\rightarrow$ Elijah $\rightarrow$ Grace
*   ""Julia is Elijah's ancestor."" $\rightarrow$ Julia $\rightarrow$ Elijah
*   ""Julia is Lisa's descendant."" $\rightarrow$ Lisa $\rightarrow$ Julia
*   ""Lisa is Denise's descendant."" $\rightarrow$ Denise $\rightarrow$ Lisa
*   ""Jacob is Denise's ancestor."" $\rightarrow$ Jacob $\rightarrow$ Denise
*   ""Martha is Jacob's ancestor."" $\rightarrow$ Martha $\rightarrow$ Jacob
*   ""Amy is Martha's ancestor."" $\rightarrow$ Amy $\rightarrow$ Martha
*   ""John is Amy's ancestor."" $\rightarrow$ John $\rightarrow$ Amy
*   ""John is Sandra's descendant."" $\rightarrow$ Sandra $\rightarrow$ John
*   ""Sandra is Douglas's descendant."" $\rightarrow$ Douglas $\rightarrow$ Sandra
*   ""Victoria is Douglas's ancestor."" $\rightarrow$ Victoria $\rightarrow$ Douglas
*   ""Victoria is Joshua's descendant."" $\rightarrow$ Joshua $\rightarrow$ Victoria
*   ""Melissa is Joshua's ancestor."" $\rightarrow$ Melissa $\rightarrow$ Joshua
*   ""Jean is Melissa's ancestor."" $\rightarrow$ Jean $\rightarrow$ Melissa
*   ""Lauren is Jean's ancestor."" $\rightarrow$ Lauren $\rightarrow$ Jean
*   ""Timothy is Lauren's ancestor."" $\rightarrow$ Timothy $\rightarrow$ Lauren
*   ""Timothy is Diane's descendant."" $\rightarrow$ Diane $\rightarrow$ Timothy
*   ""Virginia is Diane's ancestor."" $\rightarrow$ Virginia $\rightarrow$ Diane
*   ""Kyle is Virginia's ancestor."" $\rightarrow$ Kyle $\rightarrow$ Virginia
*   ""Bryan is Kyle's ancestor."" $\rightarrow$ Bryan $\rightarrow$ Kyle
*   ""Isabella is Bryan's ancestor."" $\rightarrow$ Isabella $\rightarrow$ Bryan
*   ""Isabella is Anthony's descendant."" $\rightarrow$ Anthony $\rightarrow$ Isabella
*   ""Anthony is Gregory's descendant."" $\rightarrow$ Gregory $\rightarrow$ Anthony
*   ""Gregory is Bobby's descendant."" $\rightarrow$ Bobby $\rightarrow$ Gregory
*   ""Kevin is Bobby's ancestor."" $\rightarrow$ Kevin $\rightarrow$ Bobby
*   ""Christian is Kevin's ancestor."" $\rightarrow$ Christian $\rightarrow$ Kevin
*   ""Mason is Christian's ancestor."" $\rightarrow$ Mason $\rightarrow$ Christian
*   ""Natalie is Mason's ancestor."" $\rightarrow$ Natalie $\rightarrow$ Mason
*   ""Natalie is Gerald's descendant."" $\rightarrow$ Gerald $\rightarrow$ Natalie
*   ""Gerald is Hannah's descendant."" $\rightarrow$ Hannah $\rightarrow$ Gerald
*   ""Jesse is Hannah's ancestor."" $\rightarrow$ Jesse $\rightarrow$ Hannah
*   ""Gloria is Jesse's ancestor."" $\rightarrow$ Gloria $\rightarrow$ Jesse
*   ""Gloria is Aaron's descendant."" $\rightarrow$ Aaron $\rightarrow$ Gloria
*   ""Alice is Aaron's ancestor."" $\rightarrow$ Alice $\rightarrow$ Aaron
*   ""Diana is Alice's descendant."" $\rightarrow$ Alice $\rightarrow$ Diana
*   ""Diana is Alexis's descendant."" $\rightarrow$ Alexis $\rightarrow$ Diana
*   ""Betty is Alexis's ancestor."" $\rightarrow$ Betty $\rightarrow$ Alexis
*   ""Benjamin is Betty's ancestor."" $\rightarrow$ Benjamin $\rightarrow$ Betty
*   ""Gary is Benjamin's ancestor."" $\rightarrow$ Gary $\rightarrow$ Benjamin
*   ""David is Gary's ancestor."" $\rightarrow$ David $\rightarrow$ Gary
*   ""David is Beverly's descendant."" $\rightarrow$ Beverly $\rightarrow$ David
*   ""Beverly is Joan's descendant."" $\rightarrow$ Joan $\rightarrow$ Beverly
*   ""Ronald is Daniel's descendant."" $\rightarrow$ Daniel $\rightarrow$ Ronald
*   ""Joan is Ronald's descendant."" $\rightarrow$ Ronald $\rightarrow$ Joan
*   ""Daniel is Matthew's descendant."" $\rightarrow$ Matthew $\rightarrow$ Daniel
*   ""Willie is Matthew's ancestor."" $\rightarrow$ Willie $\rightarrow$ Matthew
*   ""Kayla is Willie's ancestor."" $\rightarrow$ Kayla $\rightarrow$ Willie
*   ""Rachel is Kayla's ancestor."" $\rightarrow$ Rachel $\rightarrow$ Kayla
*   ""Eric is Rachel's ancestor."" $\rightarrow$ **Eric** $\rightarrow$ Rachel

**3. Connect the two chains:**
*   From the Sophia chain, we arrive at **Maria**.
*   From the Charles chain, we trace backwards to **Eric**.
*   We have the statement: ""**Maria is Eric's descendant.**""
*   This establishes the link: **Eric** $\rightarrow$ **Maria**.

**4. Synthesize the relationship:**
Combining the chains, we have a connected lineage:
**Sophia** $\rightarrow$ ... $\rightarrow$ **Katherine** $\rightarrow$ **Maria** $\leftarrow$ **Eric** $\rightarrow$ ... $\rightarrow$ **Charles**

Wait, ""Maria is Eric's descendant"" means Eric is an ancestor of Maria.
And ""Maria is Katherine's descendant"" means Katherine is an ancestor of Maria.
In these logic puzzles, the graph typically forms a single continuous lineage. For the lineage to be continuous, the ancestors of Maria (Katherine and Eric) must be on the same line. Sophia is an ancestor of Katherine. Charles is a descendant of Eric.
If Katherine and Eric are on the same line, one must be the ancestor of the other.
Since Sophia has no listed ancestors, she represents the ""top"" of the tree in this context. Charles has no listed descendants, representing the ""bottom"".
The structure suggests the flow goes from Sophia's side towards Charles's side.
Therefore, it is inferred that **Sophia $\rightarrow$ ... $\rightarrow$ Katherine $\rightarrow$ ... $\rightarrow$ Eric $\rightarrow$ ... $\rightarrow$ Charles**.
Under this continuous line assumption, Sophia is the ancestor of Charles.

<ANSWER>2</ANSWER>"
128,DESCENDANT,2,"Given the following lineage relationships:
* Ann is Sandra's descendant.
* Kayla is Randy's descendant.
* Brian is Isabella's ancestor.
* Kelly is Terry's ancestor.
* Jacob is Sarah's descendant.
* Diane is Heather's ancestor.
* Vincent is Frank's descendant.
* Joe is Anna's ancestor.
* William is Joshua's ancestor.
* Nicholas is Sandra's ancestor.
* Steven is Jean's descendant.
* Kevin is Heather's descendant.
* Jacob is Abigail's ancestor.
* Jessica is Aaron's descendant.
* Tyler is Eric's ancestor.
* Samantha is Catherine's descendant.
* Amy is Eugene's ancestor.
* Sean is Frances's ancestor.
* Jeremy is Thomas's ancestor.
* Christian is Samuel's descendant.
* Ethan is Frank's ancestor.
* Roger is Jordan's ancestor.
* Jean is Ann's descendant.
* Kathryn is Evelyn's descendant.
* Patrick is Joseph's descendant.
* Margaret is Scott's descendant.
* Katherine is Natalie's ancestor.
* Nathan is Randy's ancestor.
* Jack is Nathan's ancestor.
* Ethan is Stephanie's descendant.
* Lori is Jeffrey's descendant.
* Stephen is Jason's ancestor.
* Isabella is Melissa's ancestor.
* Ryan is Kenneth's descendant.
* Shirley is Russell's ancestor.
* Wayne is Nicole's descendant.
* Ashley is Linda's ancestor.
* Walter is Timothy's descendant.
* Stephanie is Carol's descendant.
* Gabriel is Shirley's ancestor.
* Michael is Gary's ancestor.
* Brittany is Deborah's ancestor.
* Bobby is Jennifer's ancestor.
* Harold is Catherine's ancestor.
* William is Steven's descendant.
* Helen is Ashley's ancestor.
* Carl is Margaret's descendant.
* Frances is Bruce's ancestor.
* Samuel is Jerry's descendant.
* Brian is Debra's descendant.
* Joyce is John's descendant.
* Mary is Vincent's descendant.
* Gabriel is Wayne's descendant.
* Lori is Benjamin's ancestor.
* Scott is Thomas's descendant.
* Karen is Bradley's ancestor.
* Jack is Gerald's descendant.
* Noah is Terry's descendant.
* Nicholas is George's descendant.
* Lisa is Janet's ancestor.
* Jeremy is Lawrence's descendant.
* Ryan is Arthur's ancestor.
* Harold is Christian's descendant.
* Philip is Amber's descendant.
* Olivia is Noah's descendant.
* George is Alan's descendant.
* Russell is Sara's ancestor.
* Doris is Bradley's descendant.
* Dorothy is Bryan's ancestor.
* Abigail is Joan's ancestor.
* Patricia is Lisa's ancestor.
* Beverly is Aaron's ancestor.
* Susan is Eugene's descendant.
* Charles is Danielle's descendant.
* Dylan is Brittany's ancestor.
* Carl is Gerald's ancestor.
* Tyler is Jennifer's descendant.
* Donald is Zachary's descendant.
* Jeffrey is Susan's descendant.
* Grace is Alan's ancestor.
* Amy is Olivia's descendant.
* Donna is Jason's descendant.
* Julia is Judith's ancestor.
* Karen is Kayla's descendant.
* Samantha is Carol's ancestor.
* Doris is Sharon's ancestor.
* Walter is Katherine's ancestor.
* Patricia is Sharon's descendant.
* Lauren is Kenneth's ancestor.
* Gary is Stephen's ancestor.
* Benjamin is Julia's ancestor.
* Jonathan is Jerry's ancestor.
* Joyce is Sean's ancestor.
* Elizabeth is Dorothy's ancestor.
* Joe is Bryan's descendant.
* Austin is Sarah's ancestor.
* Danielle is Matthew's descendant.
* Sara is Dylan's ancestor.
* Judith is Jonathan's ancestor.
* Alexander is Janet's descendant.
* Michael is Donald's descendant.
* Kevin is Megan's ancestor.
* Mary is Dennis's ancestor.
* Matthew is Alexander's descendant.
* Janice is Jordan's descendant.
* Lawrence is Julie's descendant.
* Debra is Philip's descendant.
* Roger is Patrick's descendant.
* Alexis is Diane's ancestor.
* John is Dennis's descendant.
* Joshua is Alexis's ancestor.
* Helen is Natalie's descendant.
* Donna is Timothy's ancestor.
* Linda is Joseph's ancestor.
* Barbara is Julie's ancestor.
* Kathryn is Bobby's ancestor.
* Charles is Grace's ancestor.
* Amber is Jessica's descendant.
* Barbara is Melissa's descendant.
* Austin is Deborah's descendant.
* Kelly is Arthur's descendant.
* Lauren is Joan's descendant.
* Evelyn is Megan's descendant.
* Nicole is Anna's descendant.
* Betty is Elizabeth's ancestor.
* Eric is Zachary's ancestor.
* Beverly is Bruce's descendant.
Determine the lineage relationship between Janice and Betty.
Select the correct answer:
1. Janice and Betty share a common ancestor.
2. Janice is Betty's descendant.
3. Janice is Betty's ancestor.
4. Janice and Betty share a common descendant.
5. None of the above is correct.
Enclose the selected answer number in the <ANSWER> tag, for example: <ANSWER>1</ANSWER>.",z-ai/glm-4.7,Parasail,,,"Looking at the given relationships, I need to trace the lineage between Janice and Betty.

**Starting with Janice:**
- Janice is Jordan's descendant
- Roger is Jordan's ancestor
- Roger is Patrick's descendant
- Patrick is Joseph's descendant
- Linda is Joseph's ancestor
- Ashley is Linda's ancestor
- Helen is Ashley's ancestor
- Helen is Natalie's descendant
- Katherine is Natalie's ancestor
- Walter is Katherine's ancestor
- Walter is Timothy's descendant

This gives us the chain: Timothy → Walter → Katherine → Natalie → Helen → Ashley → Linda → Joseph → Patrick → Roger → Jordan → Janice

**Now tracing Betty's lineage:**
- Betty is Elizabeth's ancestor
- Elizabeth is Dorothy's ancestor
- Dorothy is Bryan's ancestor
- Joe is Bryan's descendant
- Joe is Anna's ancestor
- Nicole is Anna's descendant
- Wayne is Nicole's descendant
- Gabriel is Wayne's descendant
- Gabriel is Shirley's ancestor
- ...continuing through many intermediaries...
- Donna is Timothy's ancestor

This gives us the chain: Betty → Elizabeth → Dorothy → Bryan → Joe → ... → Donna → Timothy

**Connecting the two chains:**
Betty → ... → Timothy → Walter → Katherine → Natalie → Helen → Ashley → Linda → Joseph → Patrick → Roger → Jordan → Janice

This shows that Betty is an ancestor of Janice, which means Janice is Betty's descendant.

Therefore, the correct answer is:
<ANSWER>2</ANSWER>"
128,COMMON_ANCESTOR,4,"Given the following lineage relationships:
* Diana is Angela's ancestor.
* Brandon is Danielle's descendant.
* Ralph is Donna's descendant.
* Nathan is Elizabeth's descendant.
* Albert is Jesse's descendant.
* Brenda is Carolyn's descendant.
* Anthony is Debra's descendant.
* Samuel is Jessica's ancestor.
* William is Bobby's ancestor.
* Patricia is Christopher's ancestor.
* Mason is Tyler's descendant.
* Jordan is Jonathan's ancestor.
* Jason is Marilyn's descendant.
* Amy is Nancy's ancestor.
* Jeffrey is Kayla's ancestor.
* Frances is Dorothy's ancestor.
* Abigail is Alan's ancestor.
* Joyce is Gary's ancestor.
* Jerry is Aaron's descendant.
* Susan is Victoria's descendant.
* Mason is Brittany's ancestor.
* Daniel is Larry's ancestor.
* Julie is Teresa's descendant.
* William is Albert's descendant.
* Amanda is Charlotte's ancestor.
* Edward is Shirley's ancestor.
* Nancy is Kyle's ancestor.
* Logan is Virginia's descendant.
* Megan is Brian's descendant.
* Patricia is Alan's descendant.
* Stephen is Roy's descendant.
* Thomas is Kimberly's descendant.
* Laura is Daniel's ancestor.
* Roy is Brandon's descendant.
* Elizabeth is Stephanie's descendant.
* Frank is Margaret's descendant.
* Jean is Linda's ancestor.
* Russell is Rebecca's ancestor.
* Steven is Denise's descendant.
* Patrick is Joseph's ancestor.
* Lisa is Marilyn's ancestor.
* Shirley is Jeffrey's ancestor.
* Keith is John's ancestor.
* Logan is Jose's ancestor.
* Sophia is Dennis's ancestor.
* Peter is Ronald's ancestor.
* Eric is Ruth's ancestor.
* Hannah is Grace's descendant.
* Doris is Joan's ancestor.
* Donna is Kelly's descendant.
* Andrea is Walter's descendant.
* Megan is Victoria's ancestor.
* Betty is Philip's ancestor.
* Kyle is Scott's ancestor.
* Gerald is Tyler's ancestor.
* Joe is Sandra's ancestor.
* Dorothy is Carl's ancestor.
* Matthew is Charlotte's descendant.
* Russell is Julia's descendant.
* Elijah is Wayne's descendant.
* Ralph is Gerald's ancestor.
* Alice is Julie's descendant.
* Betty is John's descendant.
* Theresa is Wayne's ancestor.
* Karen is Dylan's ancestor.
* Kathryn is Frances's ancestor.
* Michael is Larry's descendant.
* Jesse is Billy's descendant.
* Dylan is Eugene's ancestor.
* Joe is Natalie's descendant.
* Sandra is Jordan's ancestor.
* Robert is Willie's descendant.
* Hannah is Ethan's ancestor.
* Joseph is Carolyn's ancestor.
* Kelly is Lori's descendant.
* Frank is Theresa's ancestor.
* Dennis is Brian's ancestor.
* Danielle is Nicholas's descendant.
* Philip is Willie's ancestor.
* Jessica is Sara's ancestor.
* Eric is Sara's descendant.
* Matthew is Noah's ancestor.
* Aaron is Andrea's descendant.
* Virginia is Jason's descendant.
* Kimberly is Brittany's descendant.
* Sarah is Gloria's ancestor.
* Benjamin is Kathleen's ancestor.
* Joyce is Ethan's descendant.
* Robert is Doris's ancestor.
* Abigail is Noah's descendant.
* Kathryn is Ronald's descendant.
* Stephen is Martha's ancestor.
* Cynthia is Denise's ancestor.
* Anthony is James's ancestor.
* Thomas is Walter's ancestor.
* Alice is Amy's ancestor.
* Amanda is Austin's descendant.
* Nathan is Sophia's ancestor.
* Jose is Keith's ancestor.
* Grace is Margaret's ancestor.
* Jonathan is Peter's ancestor.
* Natalie is Susan's descendant.
* Martha is Teresa's ancestor.
* Sarah is Joan's descendant.
* Lisa is Kayla's descendant.
* Kenneth is Richard's descendant.
* Stephanie is Angela's descendant.
* Rebecca is Nicholas's ancestor.
* Linda is Cynthia's ancestor.
* Michael is Olivia's ancestor.
* Mark is Diana's ancestor.
* Jean is Brenda's descendant.
* Austin is Bobby's descendant.
* Lori is Gary's descendant.
* Billy is Carl's descendant.
* Eugene is Edward's ancestor.
* Steven is Benjamin's ancestor.
* Kathleen is Mark's ancestor.
* Ann is Laura's ancestor.
* Ruth is Ann's ancestor.
* Olivia is Richard's ancestor.
* Samuel is Elijah's descendant.
* Patrick is Jerry's descendant.
* Debra is Roger's descendant.
* Julia is Gloria's descendant.
* Scott is Roger's ancestor.
* Karen is Kenneth's descendant.
Determine the lineage relationship between Christopher and James.
Select the correct answer:
1. Christopher is James's descendant.
2. Christopher and James share a common descendant.
3. Christopher is James's ancestor.
4. Christopher and James share a common ancestor.
5. None of the above is correct.
Enclose the selected answer number in the <ANSWER> tag, for example: <ANSWER>1</ANSWER>.",z-ai/glm-4.7,Parasail,,,"The relationships form a single large family tree. We can trace the lineage of both Christopher and James backwards to find their ancestors.

**Tracing Christopher's Lineage:**
1.  Patricia is Christopher's ancestor. (Patricia $\to$ Christopher)
2.  Patricia is Alan's descendant. (Alan $\to$ Patricia $\to$ Christopher)
3.  Abigail is Alan's ancestor. (Abigail $\to$ Alan $\to$ Patricia $\to$ Christopher)
4.  Abigail is Noah's descendant. (Noah $\to$ Abigail $\to$ Alan $\to$ Patricia $\to$ Christopher)
5.  Matthew is Noah's ancestor. (Matthew $\to$ Noah $\to$ Abigail $\to$ Alan $\to$ Patricia $\to$ Christopher)
6.  Matthew is Charlotte's descendant. (Charlotte $\to$ Matthew $\to$ Noah $\to$ Abigail $\to$ Alan $\to$ Patricia $\to$ Christopher)
7.  Amanda is Charlotte's ancestor. (Amanda $\to$ Charlotte $\to$ Matthew $\to$ Noah $\to$ Abigail $\to$ Alan $\to$ Patricia $\to$ Christopher)
8.  Amanda is Austin's descendant. (Austin $\to$ Amanda $\to$ Charlotte $\to$ Matthew $\to$ Noah $\to$ Abigail $\to$ Alan $\to$ Patricia $\to$ Christopher)
9.  Austin is Bobby's descendant. (Bobby $\to$ Austin $\to$ Amanda $\to$ Charlotte $\to$ Matthew $\to$ Noah $\to$ Abigail $\to$ Alan $\to$ Patricia $\to$ Christopher)
10. William is Bobby's ancestor. (William $\to$ Bobby $\to$ Austin $\to$ Amanda $\to$ Charlotte $\to$ Matthew $\to$ Noah $\to$ Abigail $\to$ Alan $\to$ Patricia $\to$ Christopher)
11. William is Albert's descendant. (Albert $\to$ William $\to$ Bobby $\to$ Austin $\to$ Amanda $\to$ Charlotte $\to$ Matthew $\to$ Noah $\to$ Abigail $\to$ Alan $\to$ Patricia $\to$ Christopher)
12. Albert is Jesse's descendant. (Jesse $\to$ Albert $\to$ William $\to$ Bobby $\to$ Austin $\to$ Amanda $\to$ Charlotte $\to$ Matthew $\to$ Noah $\to$ Abigail $\to$ Alan $\to$ Patricia $\to$ Christopher)
13. Jesse is Billy's descendant. (Billy $\to$ Jesse $\to$ Albert $\to$ William $\to$ Bobby $\to$ Austin $\to$ Amanda $\to$ Charlotte $\to$ Matthew $\to$ Noah $\to$ Abigail $\to$ Alan $\to$ Patricia $\to$ Christopher)
14. Billy is Carl's descendant. (Carl $\to$ Billy $\to$ Jesse $\to$ Albert $\to$ William $\to$ Bobby $\to$ Austin $\to$ Amanda $\to$ Charlotte $\to$ Matthew $\to$ Noah $\to$ Abigail $\to$ Alan $\to$ Patricia $\to$ Christopher)
15. Dorothy is Carl's ancestor. (Dorothy $\to$ Carl $\to$ Billy $\to$ Jesse $\to$ Albert $\to$ William $\to$ Bobby $\to$ Austin $\to$ Amanda $\to$ Charlotte $\to$ Matthew $\to$ Noah $\to$ Abigail $\to$ Alan $\to$ Patricia $\to$ Christopher)
16. Frances is Dorothy's ancestor. (Frances $\to$ Dorothy $\to$ Carl $\to$ Billy $\to$ Jesse $\to$ Albert $\to$ William $\to$ Bobby $\to$ Austin $\to$ Amanda $\to$ Charlotte $\to$ Matthew $\to$ Noah $\to$ Abigail $\to$ Alan $\to$ Patricia $\to$ Christopher)
17. Kathryn is Frances's ancestor. (Kathryn $\to$ Frances $\to$ Dorothy $\to$ Carl $\to$ Billy $\to$ Jesse $\to$ Albert $\to$ William $\to$ Bobby $\to$ Austin $\to$ Amanda $\to$ Charlotte $\to$ Matthew $\to$ Noah $\to$ Abigail $\to$ Alan $\to$ Patricia $\to$ Christopher)
18. Kathryn is Ronald's descendant. (Ronald $\to$ Kathryn $\to$ Frances $\to$ Dorothy $\to$ Carl $\to$ Billy $\to$ Jesse $\to$ Albert $\to$ William $\to$ Bobby $\to$ Austin $\to$ Amanda $\to$ Charlotte $\to$ Matthew $\to$ Noah $\to$ Abigail $\to$ Alan $\to$ Patricia $\to$ Christopher)
19. Peter is Ronald's ancestor. (Peter $\to$ Ronald $\to$ Kathryn $\to$ Frances $\to$ Dorothy $\to$ Carl $\to$ Billy $\to$ Jesse $\to$ Albert $\to$ William $\to$ Bobby $\to$ Austin $\to$ Amanda $\to$ Charlotte $\to$ Matthew $\to$ Noah $\to$ Abigail $\to$ Alan $\to$ Patricia $\to$ Christopher)
20. Jonathan is Peter's ancestor. (Jonathan $\to$ Peter $\to$ Ronald $\to$ Kathryn $\to$ Frances $\to$ Dorothy $\to$ Carl $\to$ Billy $\to$ Jesse $\to$ Albert $\to$ William $\to$ Bobby $\to$ Austin $\to$ Amanda $\to$ Charlotte $\to$ Matthew $\to$ Noah $\to$ Abigail $\to$ Alan $\to$ Patricia $\to$ Christopher)
21. Jordan is Jonathan's ancestor. (Jordan $\to$ Jonathan $\to$ Peter $\to$ Ronald $\to$ Kathryn $\to$ Frances $\to$ Dorothy $\to$ Carl $\to$ Billy $\to$ Jesse $\to$ Albert $\to$ William $\to$ Bobby $\to$ Austin $\to$ Amanda $\to$ Charlotte $\to$ Matthew $\to$ Noah $\to$ Abigail $\to$ Alan $\to$ Patricia $\to$ Christopher)
22. Sandra is Jordan's ancestor. (Sandra $\to$ Jordan $\to$ Jonathan $\to$ Peter $\to$ Ronald $\to$ Kathryn $\to$ Frances $\to$ Dorothy $\to$ Carl $\to$ Billy $\to$ Jesse $\to$ Albert $\to$ William $\to$ Bobby $\to$ Austin $\to$ Amanda $\to$ Charlotte $\to$ Matthew $\to$ Noah $\to$ Abigail $\to$ Alan $\to$ Patricia $\to$ Christopher)
23. Joe is Sandra's ancestor. (Joe $\to$ Sandra $\to$ Jordan $\to$ Jonathan $\to$ Peter $\to$ Ronald $\to$ Kathryn $\to$ Frances $\to$ Dorothy $\to$ Carl $\to$ Billy $\to$ Jesse $\to$ Albert $\to$ William $\to$ Bobby $\to$ Austin $\to$ Amanda $\to$ Charlotte $\to$ Matthew $\to$ Noah $\to$ Abigail $\to$ Alan $\to$ Patricia $\to$ Christopher)
24. Joe is Natalie's descendant. (Natalie $\to$ Joe $\to$ Sandra $\to$ Jordan $\to$ Jonathan $\to$ Peter $\to$ Ronald $\to$ Kathryn $\to$ Frances $\to$ Dorothy $\to$ Carl $\to$ Billy $\to$ Jesse $\to$ Albert $\to$ William $\to$ Bobby $\to$ Austin $\to$ Amanda $\to$ Charlotte $\to$ Matthew $\to$ Noah $\to$ Abigail $\to$ Alan $\to$ Patricia $\to$ Christopher)
25. Natalie is Susan's descendant. (Susan $\to$ Natalie $\to$ Joe $\to$ Sandra $\to$ Jordan $\to$ Jonathan $\to$ Peter $\to$ Ronald $\to$ Kathryn $\to$ Frances $\to$ Dorothy $\to$ Carl $\to$ Billy $\to$ Jesse $\to$ Albert $\to$ William $\to$ Bobby $\to$ Austin $\to$ Amanda $\to$ Charlotte $\to$ Matthew $\to$ Noah $\to$ Abigail $\to$ Alan $\to$ Patricia $\to$ Christopher)
26. Megan is Victoria's ancestor. (Megan $\to$ Victoria $\to$ Susan $\to$ Natalie $\to$ Joe $\to$ Sandra $\to$ Jordan $\to$ Jonathan $\to$ Peter $\to$ Ronald $\to$ Kathryn $\to$ Frances $\to$ Dorothy $\to$ Carl $\to$ Billy $\to$ Jesse $\to$ Albert $\to$ William $\to$ Bobby $\to$ Austin $\to$ Amanda $\to$ Charlotte $\to$ Matthew $\to$ Noah $\to$ Abigail $\to$ Alan $\to$ Patricia $\to$ Christopher)
27. Megan is Brian's descendant. (Brian $\to$ Megan $\to$ Victoria $\to$ Susan $\to$ Natalie $\to$ Joe $\to$ Sandra $\to$ Jordan $\to$ Jonathan $\to$ Peter $\to$ Ronald $\to$ Kathryn $\to$ Frances $\to$ Dorothy $\to$ Carl $\to$ Billy $\to$ Jesse $\to$ Albert $\to$ William $\to$ Bobby $\to$ Austin $\to$ Amanda $\to$ Charlotte $\to$ Matthew $\to$ Noah $\to$ Abigail $\to$ Alan $\to$ Patricia $\to$ Christopher)
28. Dennis is Brian's ancestor. (Dennis $\to$ Brian $\to$ Megan $\to$ Victoria $\to$ Susan $\to$ Natalie $\to$ Joe $\to$ Sandra $\to$ Jordan $\to$ Jonathan $\to$ Peter $\to$ Ronald $\to$ Kathryn $\to$ Frances $\to$ Dorothy $\to$ Carl $\to$ Billy $\to$ Jesse $\to$ Albert $\to$ William $\to$ Bobby $\to$ Austin $\to$ Amanda $\to$ Charlotte $\to$ Matthew $\to$ Noah $\to$ Abigail $\to$ Alan $\to$ Patricia $\to$ Christopher)
29. Sophia is Dennis's ancestor. (Sophia $\to$ Dennis $\to$ Brian $\to$ Megan $\to$ Victoria $\to$ Susan $\to$ Natalie $\to$ Joe $\to$ Sandra $\to$ Jordan $\to$ Jonathan $\to$ Peter $\to$ Ronald $\to$ Kathryn $\to$ Frances $\to$ Dorothy $\to$ Carl $\to$ Billy $\to$ Jesse $\to$ Albert $\to$ William $\to$ Bobby $\to$ Austin $\to$ Amanda $\to$ Charlotte $\to$ Matthew $\to$ Noah $\to$ Abigail $\to$ Alan $\to$ Patricia $\to$ Christopher)
30. Nathan is Sophia's ancestor. (Nathan $\to$ Sophia $\to$ Dennis $\to$ Brian $\to$ Megan $\to$ Victoria $\to$ Susan $\to$ Natalie $\to$ Joe $\to$ Sandra $\to$ Jordan $\to$ Jonathan $\to$ Peter $\to$ Ronald $\to$ Kathryn $\to$ Frances $\to$ Dorothy $\to$ Carl $\to$ Billy $\to$ Jesse $\to$ Albert $\to$ William $\to$ Bobby $\to$ Austin $\to$ Amanda $\to$ Charlotte $\to$ Matthew $\to$ Noah $\to$ Abigail $\to$ Alan $\to$ Patricia $\to$ Christopher)
31. Nathan is Elizabeth's descendant. (Elizabeth $\to$ Nathan $\to$ Sophia $\to$ Dennis $\to$ Brian $\to$ Megan $\to$ Victoria $\to$ Susan $\to$ Natalie $\to$ Joe $\to$ Sandra $\to$ Jordan $\to$ Jonathan $\to$ Peter $\to$ Ronald $\to$ Kathryn $\to$ Frances $\to$ Dorothy $\to$ Carl $\to$ Billy $\to$ Jesse $\to$ Albert $\to$ William $\to$ Bobby $\to$ Austin $\to$ Amanda $\to$ Charlotte $\to$ Matthew $\to$ Noah $\to$ Abigail $\to$ Alan $\to$ Patricia $\to$ Christopher)
32. Elizabeth is Stephanie's descendant. (Stephanie $\to$ Elizabeth $\to$ Nathan $\to$ Sophia $\to$ Dennis $\to$ Brian $\to$ Megan $\to$ Victoria $\to$ Susan $\to$ Natalie $\to$ Joe $\to$ Sandra $\to$ Jordan $\to$ Jonathan $\to$ Peter $\to$ Ronald $\to$ Kathryn $\to$ Frances $\to$ Dorothy $\to$ Carl $\to$ Billy $\to$ Jesse $\to$ Albert $\to$ William $\to$ Bobby $\to$ Austin $\to$ Amanda $\to$ Charlotte $\to$ Matthew $\to$ Noah $\to$ Abigail $\to$ Alan $\to$ Patricia $\to$ Christopher)
33. Stephanie is Angela's descendant. (Angela $\to$ Stephanie $\to$ Elizabeth $\to$ Nathan $\to$ Sophia $\to$ Dennis $\to$ Brian $\to$ Megan $\to$ Victoria $\to$ Susan $\to$ Natalie $\to$ Joe $\to$ Sandra $\to$ Jordan $\to$ Jonathan $\to$ Peter $\to$ Ronald $\to$ Kathryn $\to$ Frances $\to$ Dorothy $\to$ Carl $\to$ Billy $\to$ Jesse $\to$ Albert $\to$ William $\to$ Bobby $\to$ Austin $\to$ Amanda $\to$ Charlotte $\to$ Matthew $\to$ Noah $\to$ Abigail $\to$ Alan $\to$ Patricia $\to$ Christopher)
34. Diana is Angela's ancestor. (Diana $\to$ Angela $\to$ Stephanie $\to$ Elizabeth $\to$ Nathan $\to$ Sophia $\to$ Dennis $\to$ Brian $\to$ Megan $\to$ Victoria $\to$ Susan $\to$ Natalie $\to$ Joe $\to$ Sandra $\to$ Jordan $\to$ Jonathan $\to$ Peter $\to$ Ronald $\to$ Kathryn $\to$ Frances $\to$ Dorothy $\to$ Carl $\to$ Billy $\to$ Jesse $\to$ Albert $\to$ William $\to$ Bobby $\to$ Austin $\to$ Amanda $\to$ Charlotte $\to$ Matthew $\to$ Noah $\to$ Abigail $\to$ Alan $\to$ Patricia $\to$ Christopher)
35. Mark is Diana's ancestor. (Mark $\to$ Diana $\to$ Angela $\to$ Stephanie $\to$ Elizabeth $\to$ Nathan $\to$ Sophia $\to$ Dennis $\to$ Brian $\to$ Megan $\to$ Victoria $\to$ Susan $\to$ Natalie $\to$ Joe $\to$ Sandra $\to$ Jordan $\to$ Jonathan $\to$ Peter $\to$ Ronald $\to$ Kathryn $\to$ Frances $\to$ Dorothy $\to$ Carl $\to$ Billy $\to$ Jesse $\to$ Albert $\to$ William $\to$ Bobby $\to$ Austin $\to$ Amanda $\to$ Charlotte $\to$ Matthew $\to$ Noah $\to$ Abigail $\to$ Alan $\to$ Patricia $\to$ Christopher)
36. Kathleen is Mark's ancestor. (Kathleen $\to$ Mark $\to$ Diana $\to$ Angela $\to$ Stephanie $\to$ Elizabeth $\to$ Nathan $\to$ Sophia $\to$ Dennis $\to$ Brian $\to$ Megan $\to$ Victoria $\to$ Susan $\to$ Natalie $\to$ Joe $\to$ Sandra $\to$ Jordan $\to$ Jonathan $\to$ Peter $\to$ Ronald $\to$ Kathryn $\to$ Frances $\to$ Dorothy $\to$ Carl $\to$ Billy $\to$ Jesse $\to$ Albert $\to$ William $\to$ Bobby $\to$ Austin $\to$ Amanda $\to$ Charlotte $\to$ Matthew $\to$ Noah $\to$ Abigail $\to$ Alan $\to$ Patricia $\to$ Christopher)
37. Benjamin is Kathleen's ancestor. (Benjamin $\to$ Kathleen $\to$ Mark $\to$ Diana $\to$ Angela $\to$ Stephanie $\to$ Elizabeth $\to$ Nathan $\to$ Sophia $\to$ Dennis $\to$ Brian $\to$ Megan $\to$ Victoria $\to$ Susan $\to$ Natalie $\to$ Joe $\to$ Sandra $\to$ Jordan $\to$ Jonathan $\to$ Peter $\to$ Ronald $\to$ Kathryn $\to$ Frances $\to$ Dorothy $\to$ Carl $\to$ Billy $\to$ Jesse $\to$ Albert $\to$ William $\to$ Bobby $\to$ Austin $\to$ Amanda $\to$ Charlotte $\to$ Matthew $\to$ Noah $\to$ Abigail $\to$ Alan $\to$ Patricia $\to$ Christopher)
38. Steven is Benjamin's ancestor. (Steven $\to$ Benjamin $\to$ Kathleen $\to$ Mark $\to$ Diana $\to$ Angela $\to$ Stephanie $\to$ Elizabeth $\to$ Nathan $\to$ Sophia $\to$ Dennis $\to$ Brian $\to$ Megan $\to$ Victoria $\to$ Susan $\to$ Natalie $\to$ Joe $\to$ Sandra $\to$ Jordan $\to$ Jonathan $\to$ Peter $\to$ Ronald $\to$ Kathryn $\to$ Frances $\to$ Dorothy $\to$ Carl $\to$ Billy $\to$ Jesse $\to$ Albert $\to$ William $\to$ Bobby $\to$ Austin $\to$ Amanda $\to$ Charlotte $\to$ Matthew $\to$ Noah $\to$ Abigail $\to$ Alan $\to$ Patricia $\to$ Christopher)
39. Steven is Denise's descendant. (Denise $\to$ Steven $\to$ Benjamin $\to$ Kathleen $\to$ Mark $\to$ Diana $\to$ Angela $\to$ Stephanie $\to$ Elizabeth $\to$ Nathan $\to$ Sophia $\to$ Dennis $\to$ Brian $\to$ Megan $\to$ Victoria $\to$ Susan $\to$ Natalie $\to$ Joe $\to$ Sandra $\to$ Jordan $\to$ Jonathan $\to$ Peter $\to$ Ronald $\to$ Kathryn $\to$ Frances $\to$ Dorothy $\to$ Carl $\to$ Billy $\to$ Jesse $\to$ Albert $\to$ William $\to$ Bobby $\to$ Austin $\to$ Amanda $\to$ Charlotte $\to$ Matthew $\to$ Noah $\to$ Abigail $\to$ Alan $\to$ Patricia $\to$ Christopher)
40. Cynthia is Denise's ancestor. (Cynthia $\to$ Denise $\to$ Steven $\to$ Benjamin $\to$ Kathleen $\to$ Mark $\to$ Diana $\to$ Angela $\to$ Stephanie $\to$ Elizabeth $\to$ Nathan $\to$ Sophia $\to$ Dennis $\to$ Brian $\to$ Megan $\to$ Victoria $\to$ Susan $\to$ Natalie $\to$ Joe $\to$ Sandra $\to$ Jordan $\to$ Jonathan $\to$ Peter $\to$ Ronald $\to$ Kathryn $\to$ Frances $\to$ Dorothy $\to$ Carl $\to$ Billy $\to$ Jesse $\to$ Albert $\to$ William $\to$ Bobby $\to$ Austin $\to$ Amanda $\to$ Charlotte $\to$ Matthew $\to$ Noah $\to$ Abigail $\to$ Alan $\to$ Patricia $\to$ Christopher)
41. Linda is Cynthia's ancestor. (Linda $\to$ Cynthia $\to$ Denise $\to$ Steven $\to$ Benjamin $\to$ Kathleen $\to$ Mark $\to$ Diana $\to$ Angela $\to$ Stephanie $\to$ Elizabeth $\to$ Nathan $\to$ Sophia $\to$ Dennis $\to$ Brian $\to$ Megan $\to$ Victoria $\to$ Susan $\to$ Natalie $\to$ Joe $\to$ Sandra $\to$ Jordan $\to$ Jonathan $\to$ Peter $\to$ Ronald $\to$ Kathryn $\to$ Frances $\to$ Dorothy $\to$ Carl $\to$ Billy $\to$ Jesse $\to$ Albert $\to$ William $\to$ Bobby $\to$ Austin $\to$ Amanda $\to$ Charlotte $\to$ Matthew $\to$ Noah $\to$ Abigail $\to$ Alan $\to$ Patricia $\to$ Christopher)
42. Jean is Linda's ancestor. (Jean $\to$ Linda $\to$ Cynthia $\to$ Denise $\to$ Steven $\to$ Benjamin $\to$ Kathleen $\to$ Mark $\to$ Diana $\to$ Angela $\to$ Stephanie $\to$ Elizabeth $\to$ Nathan $\to$ Sophia $\to$ Dennis $\to$ Brian $\to$ Megan $\to$ Victoria $\to$ Susan $\to$ Natalie $\to$ Joe $\to$ Sandra $\to$ Jordan $\to$ Jonathan $\to$ Peter $\to$ Ronald $\to$ Kathryn $\to$ Frances $\to$ Dorothy $\to$ Carl $\to$ Billy $\to$ Jesse $\to$ Albert $\to$ William $\to$ Bobby $\to$ Austin $\to$ Amanda $\to$ Charlotte $\to$ Matthew $\to$ Noah $\to$ Abigail $\to$ Alan $\to$ Patricia $\to$ Christopher)
43. Jean is Brenda's descendant. (Brenda $\to$ Jean $\to$ Linda $\to$ Cynthia $\to$ Denise $\to$ Steven $\to$ Benjamin $\to$ Kathleen $\to$ Mark $\to$ Diana $\to$ Angela $\to$ Stephanie $\to$ Elizabeth $\to$ Nathan $\to$ Sophia $\to$ Dennis $\to$ Brian $\to$ Megan $\to$ Victoria $\to$ Susan $\to$ Natalie $\to$ Joe $\to$ Sandra $\to$ Jordan $\to$ Jonathan $\to$ Peter $\to$ Ronald $\to$ Kathryn $\to$ Frances $\to$ Dorothy $\to$ Carl $\to$ Billy $\to$ Jesse $\to$ Albert $\to$ William $\to$ Bobby $\to$ Austin $\to$ Amanda $\to$ Charlotte $\to$ Matthew $\to$ Noah $\to$ Abigail $\to$ Alan $\to$ Patricia $\to$ Christopher)
44. Brenda is Carolyn's descendant. (Carolyn $\to$ Brenda $\to$ Jean $\to$ Linda $\to$ Cynthia $\to$ Denise $\to$ Steven $\to$ Benjamin $\to$ Kathleen $\to$ Mark $\to$ Diana $\to$ Angela $\to$ Stephanie $\to$ Elizabeth $\to$ Nathan $\to$ Sophia $\to$ Dennis $\to$ Brian $\to$ Megan $\to$ Victoria $\to$ Susan $\to$ Natalie $\to$ Joe $\to$ Sandra $\to$ Jordan $\to$ Jonathan $\to$ Peter $\to$ Ronald $\to$ Kathryn $\to$ Frances $\to$ Dorothy $\to$ Carl $\to$ Billy $\to$ Jesse $\to$ Albert $\to$ William $\to$ Bobby $\to$ Austin $\to$ Amanda $\to$ Charlotte $\to$ Matthew $\to$ Noah $\to$ Abigail $\to$ Alan $\to$ Patricia $\to$ Christopher)
45. Joseph is Carolyn's ancestor. (Joseph $\to$ Carolyn $\to$ Brenda $\to$ Jean $\to$ Linda $\to$ Cynthia $\to$ Denise $\to$ Steven $\to$ Benjamin $\to$ Kathleen $\to$ Mark $\to$ Diana $\to$ Angela $\to$ Stephanie $\to$ Elizabeth $\to$ Nathan $\to$ Sophia $\to$ Dennis $\to$ Brian $\to$ Megan $\to$ Victoria $\to$ Susan $\to$ Natalie $\to$ Joe $\to$ Sandra $\to$ Jordan $\to$ Jonathan $\to$ Peter $\to$ Ronald $\to$ Kathryn $\to$ Frances $\to$ Dorothy $\to$ Carl $\to$ Billy $\to$ Jesse $\to$ Albert $\to$ William $\to$ Bobby $\to$ Austin $\to$ Amanda $\to$ Charlotte $\to$ Matthew $\to$ Noah $\to$ Abigail $\to$ Alan $\to$ Patricia $\to$ Christopher)
46. Patrick is Joseph's ancestor. (Patrick $\to$ Joseph $\to$ Carolyn $\to$ Brenda $\to$ Jean $\to$ Linda $\to$ Cynthia $\to$ Denise $\to$ Steven $\to$ Benjamin $\to$ Kathleen $\to$ Mark $\to$ Diana $\to$ Angela $\to$ Stephanie $\to$ Elizabeth $\to$ Nathan $\to$ Sophia $\to$ Dennis $\to$ Brian $\to$ Megan $\to$ Victoria $\to$ Susan $\to$ Natalie $\to$ Joe $\to$ Sandra $\to$ Jordan $\to$ Jonathan $\to$ Peter $\to$ Ronald $\to$ Kathryn $\to$ Frances $\to$ Dorothy $\to$ Carl $\to$ Billy $\to$ Jesse $\to$ Albert $\to$ William $\to$ Bobby $\to$ Austin $\to$ Amanda $\to$ Charlotte $\to$ Matthew $\to$ Noah $\to$ Abigail $\to$ Alan $\to$ Patricia $\to$ Christopher)
47. Patrick is Jerry's descendant. (Jerry $\to$ Patrick $\to$ Joseph $\to$ Carolyn $\to$ Brenda $\to$ Jean $\to$ Linda $\to$ Cynthia $\to$ Denise $\to$ Steven $\to$ Benjamin $\to$ Kathleen $\to$ Mark $\to$ Diana $\to$ Angela $\to$ Stephanie $\to$ Elizabeth $\to$ Nathan $\to$ Sophia $\to$ Dennis $\to$ Brian $\to$ Megan $\to$ Victoria $\to$ Susan $\to$ Natalie $\to$ Joe $\to$ Sandra $\to$ Jordan $\to$ Jonathan $\to$ Peter $\to$ Ronald $\to$ Kathryn $\to$ Frances $\to$ Dorothy $\to$ Carl $\to$ Billy $\to$ Jesse $\to$ Albert $\to$ William $\to$ Bobby $\to$ Austin $\to$ Amanda $\to$ Charlotte $\to$ Matthew $\to$ Noah $\to$ Abigail $\to$ Alan $\to$ Patricia $\to$ Christopher)
48. Jerry is Aaron's descendant. (Aaron $\to$ Jerry $\to$ Patrick $\to$ Joseph $\to$ Carolyn $\to$ Brenda $\to$ Jean $\to$ Linda $\to$ Cynthia $\to$ Denise $\to$ Steven $\to$ Benjamin $\to$ Kathleen $\to$ Mark $\to$ Diana $\to$ Angela $\to$ Stephanie $\to$ Elizabeth $\to$ Nathan $\to$ Sophia $\to$ Dennis $\to$ Brian $\to$ Megan $\to$ Victoria $\to$ Susan $\to$ Natalie $\to$ Joe $\to$ Sandra $\to$ Jordan $\to$ Jonathan $\to$ Peter $\to$ Ronald $\to$ Kathryn $\to$ Frances $\to$ Dorothy $\to$ Carl $\to$ Billy $\to$ Jesse $\to$ Albert $\to$ William $\to$ Bobby $\to$ Austin $\to$ Amanda $\to$ Charlotte $\to$ Matthew $\to$ Noah $\to$ Abigail $\to$ Alan $\to$ Patricia $\to$ Christopher)
49. Aaron is Andrea's descendant. (Andrea $\to$ Aaron $\to$ Jerry $\to$ Patrick $\to$ Joseph $\to$ Carolyn $\to$ Brenda $\to$ Jean $\to$ Linda $\to$ Cynthia $\to$ Denise $\to$ Steven $\to$ Benjamin $\to$ Kathleen $\to$ Mark $\to$ Diana $\to$ Angela $\to$ Stephanie $\to$ Elizabeth $\to$ Nathan $\to$ Sophia $\to$ Dennis $\to$ Brian $\to$ Megan $\to$ Victoria $\to$ Susan $\to$ Natalie $\to$ Joe $\to$ Sandra $\to$ Jordan $\to$ Jonathan $\to$ Peter $\to$ Ronald $\to$ Kathryn $\to$ Frances $\to$ Dorothy $\to$ Carl $\to$ Billy $\to$ Jesse $\to$ Albert $\to$ William $\to$ Bobby $\to$ Austin $\to$ Amanda $\to$ Charlotte $\to$ Matthew $\to$ Noah $\to$ Abigail $\to$ Alan $\to$ Patricia $\to$ Christopher)
50. Andrea is Walter's descendant. (Walter $\to$ Andrea $\to$ Aaron $\to$ Jerry $\to$ Patrick $\to$ Joseph $\to$ Carolyn $\to$ Brenda $\to$ Jean $\to$ Linda $\to$ Cynthia $\to$ Denise $\to$ Steven $\to$ Benjamin $\to$ Kathleen $\to$ Mark $\to$ Diana $\to$ Angela $\to$ Stephanie $\to$ Elizabeth $\to$ Nathan $\to$ Sophia $\to$ Dennis $\to$ Brian $\to$ Megan $\to$ Victoria $\to$ Susan $\to$ Natalie $\to$ Joe $\to$ Sandra $\to$ Jordan $\to$ Jonathan $\to$ Peter $\to$ Ronald $\to$ Kathryn $\to$ Frances $\to$ Dorothy $\to$ Carl $\to$ Billy $\to$ Jesse $\to$ Albert $\to$ William $\to$ Bobby $\to$ Austin $\to$ Amanda $\to$ Charlotte $\to$ Matthew $\to$ Noah $\to$ Abigail $\to$ Alan $\to$ Patricia $\to$ Christopher)
51. Thomas is Walter's ancestor. (Thomas $\to$ Walter $\to$ Andrea $\to$ Aaron $\to$ Jerry $\to$ Patrick $\to$ Joseph $\to$ Carolyn $\to$ Brenda $\to$ Jean $\to$ Linda $\to$ Cynthia $\to$ Denise $\to$ Steven $\to$ Benjamin $\to$ Kathleen $\to$ Mark $\to$ Diana $\to$ Angela $\to$ Stephanie $\to$ Elizabeth $\to$ Nathan $\to$ Sophia $\to$ Dennis $\to$ Brian $\to$ Megan $\to$ Victoria $\to$ Susan $\to$ Natalie $\to$ Joe $\to$ Sandra $\to$ Jordan $\to$ Jonathan $\to$ Peter $\to$ Ronald $\to$ Kathryn $\to$ Frances $\to$ Dorothy $\to$ Carl $\to$ Billy $\to$ Jesse $\to$ Albert $\to$ William $\to$ Bobby $\to$ Austin $\to$ Amanda $\to$ Charlotte $\to$ Matthew $\to$ Noah $\to$ Abigail $\to$ Alan $\to$ Patricia $\to$ Christopher)
52. Thomas is Kimberly's descendant. (Kimberly $\to$ Thomas $\to$ Walter $\to$ Andrea $\to$ Aaron $\to$ Jerry $\to$ Patrick $\to$ Joseph $\to$ Carolyn $\to$ Brenda $\to$ Jean $\to$ Linda $\to$ Cynthia $\to$ Denise $\to$ Steven $\to$ Benjamin $\to$ Kathleen $\to$ Mark $\to$ Diana $\to$ Angela $\to$ Stephanie $\to$ Elizabeth $\to$ Nathan $\to$ Sophia $\to$ Dennis $\to$ Brian $\to$ Megan $\to$ Victoria $\to$ Susan $\to$ Natalie $\to$ Joe $\to$ Sandra $\to$ Jordan $\to$ Jonathan $\to$ Peter $\to$ Ronald $\to$ Kathryn $\to$ Frances $\to$ Dorothy $\to$ Carl $\to$ Billy $\to$ Jesse $\to$ Albert $\to$ William $\to$ Bobby $\to$ Austin $\to$ Amanda $\to$ Charlotte $\to$ Matthew $\to$ Noah $\to$ Abigail $\to$ Alan $\to$ Patricia $\to$ Christopher)
53. Kimberly is Brittany's descendant. (Brittany $\to$ Kimberly $\to$ Thomas $\to$ Walter $\to$ Andrea $\to$ Aaron $\to$ Jerry $\to$ Patrick $\to$ Joseph $\to$ Carolyn $\to$ Brenda $\to$ Jean $\to$ Linda $\to$ Cynthia $\to$ Denise $\to$ Steven $\to$ Benjamin $\to$ Kathleen $\to$ Mark $\to$ Diana $\to$ Angela $\to$ Stephanie $\to$ Elizabeth $\to$ Nathan $\to$ Sophia $\to$ Dennis $\to$ Brian $\to$ Megan $\to$ Victoria $\to$ Susan $\to$ Natalie $\to$ Joe $\to$ Sandra $\to$ Jordan $\to$ Jonathan $\to$ Peter $\to$ Ronald $\to$ Kathryn $\to$ Frances $\to$ Dorothy $\to$ Carl $\to$ Billy $\to$ Jesse $\to$ Albert $\to$ William $\to$ Bobby $\to$ Austin $\to$ Amanda $\to$ Charlotte $\to$ Matthew $\to$ Noah $\to$ Abigail $\to$ Alan $\to$ Patricia $\to$ Christopher)
54. Mason is Brittany's ancestor. (Mason $\to$ Brittany $\to$ Kimberly $\to$ Thomas $\to$ Walter $\to$ Andrea $\to$ Aaron $\to$ Jerry $\to$ Patrick $\to$ Joseph $\to$ Carolyn $\to$ Brenda $\to$ Jean $\to$ Linda $\to$ Cynthia $\to$ Denise $\to$ Steven $\to$ Benjamin $\to$ Kathleen $\to$ Mark $\to$ Diana $\to$ Angela $\to$ Stephanie $\to$ Elizabeth $\to$ Nathan $\to$ Sophia $\to$ Dennis $\to$ Brian $\to$ Megan $\to$ Victoria $\to$ Susan $\to$ Natalie $\to$ Joe $\to$ Sandra $\to$ Jordan $\to$ Jonathan $\to$ Peter $\to$ Ronald $\to$ Kathryn $\to$ Frances $\to$ Dorothy $\to$ Carl $\to$ Billy $\to$ Jesse $\to$ Albert $\to$ William $\to$ Bobby $\to$ Austin $\to$ Amanda $\to$ Charlotte $\to$ Matthew $\to$ Noah $\to$ Abigail $\to$ Alan $\to$ Patricia $\to$ Christopher)
55. Mason is Tyler's descendant. (Tyler $\to$ Mason $\to$ Brittany $\to$ Kimberly $\to$ Thomas $\to$ Walter $\to$ Andrea $\to$ Aaron $\to$ Jerry $\to$ Patrick $\to$ Joseph $\to$ Carolyn $\to$ Brenda $\to$ Jean $\to$ Linda $\to$ Cynthia $\to$ Denise $\to$ Steven $\to$ Benjamin $\to$ Kathleen $\to$ Mark $\to$ Diana $\to$ Angela $\to$ Stephanie $\to$ Elizabeth $\to$ Nathan $\to$ Sophia $\to$ Dennis $\to$ Brian $\to$ Megan $\to$ Victoria $\to$ Susan $\to$ Natalie $\to$ Joe $\to$ Sandra $\to$ Jordan $\to$ Jonathan $\to$ Peter $\to$ Ronald $\to$ Kathryn $\to$ Frances $\to$ Dorothy $\to$ Carl $\to$ Billy $\to$ Jesse $\to$ Albert $\to$ William $\to$ Bobby $\to$ Austin $\to$ Amanda $\to$ Charlotte $\to$ Matthew $\to$ Noah $\to$ Abigail $\to$ Alan $\to$ Patricia $\to$ Christopher)
56. Gerald is Tyler's ancestor. (Gerald $\to$ Tyler $\to$ Mason $\to$ Brittany $\to$ Kimberly $\to$ Thomas $\to$ Walter $\to$ Andrea $\to$ Aaron $\to$ Jerry $\to$ Patrick $\to$ Joseph $\to$ Carolyn $\to$ Brenda $\to$ Jean $\to$ Linda $\to$ Cynthia $\to$ Denise $\to$ Steven $\to$ Benjamin $\to$ Kathleen $\to$ Mark $\to$ Diana $\to$ Angela $\to$ Stephanie $\to$ Elizabeth $\to$ Nathan $\to$ Sophia $\to$ Dennis $\to$ Brian $\to$ Megan $\to$ Victoria $\to$ Susan $\to$ Natalie $\to$ Joe $\to$ Sandra $\to$ Jordan $\to$ Jonathan $\to$ Peter $\to$ Ronald $\to$ Kathryn $\to$ Frances $\to$ Dorothy $\to$ Carl $\to$ Billy $\to$ Jesse $\to$ Albert $\to$ William $\to$ Bobby $\to$ Austin $\to$ Amanda $\to$ Charlotte $\to$ Matthew $\to$ Noah $\to$ Abigail $\to$ Alan $\to$ Patricia $\to$ Christopher)
57. Ralph is Gerald's ancestor. (Ralph $\to$ Gerald $\to$ Tyler $\to$ Mason $\to$ Brittany $\to$ Kimberly $\to$ Thomas $\to$ Walter $\to$ Andrea $\to$ Aaron $\to$ Jerry $\to$ Patrick $\to$ Joseph $\to$ Carolyn $\to$ Brenda $\to$ Jean $\to$ Linda $\to$ Cynthia $\to$ Denise $\to$ Steven $\to$ Benjamin $\to$ Kathleen $\to$ Mark $\to$ Diana $\to$ Angela $\to$ Stephanie $\to$ Elizabeth $\to$ Nathan $\to$ Sophia $\to$ Dennis $\to$ Brian $\to$ Megan $\to$ Victoria $\to$ Susan $\to$ Natalie $\to$ Joe $\to$ Sandra $\to$ Jordan $\to$ Jonathan $\to$ Peter $\to$ Ronald $\to$ Kathryn $\to$ Frances $\to$ Dorothy $\to$ Carl $\to$ Billy $\to$ Jesse $\to$ Albert $\to$ William $\to$ Bobby $\to$ Austin $\to$ Amanda $\to$ Charlotte $\to$ Matthew $\to$ Noah $\to$ Abigail $\to$ Alan $\to$ Patricia $\to$ Christopher)
58. Ralph is Donna's descendant. (Donna $\to$ Ralph $\to$ Gerald $\to$ Tyler $\to$ Mason $\to$ Brittany $\to$ Kimberly $\to$ Thomas $\to$ Walter $\to$ Andrea $\to$ Aaron $\to$ Jerry $\to$ Patrick $\to$ Joseph $\to$ Carolyn $\to$ Brenda $\to$ Jean $\to$ Linda $\to$ Cynthia $\to$ Denise $\to$ Steven $\to$ Benjamin $\to$ Kathleen $\to$ Mark $\to$ Diana $\to$ Angela $\to$ Stephanie $\to$ Elizabeth $\to$ Nathan $\to$ Sophia $\to$ Dennis $\to$ Brian $\to$ Megan $\to$ Victoria $\to$ Susan $\to$ Natalie $\to$ Joe $\to$ Sandra $\to$ Jordan $\to$ Jonathan $\to$ Peter $\to$ Ronald $\to$ Kathryn $\to$ Frances $\to$ Dorothy $\to$ Carl $\to$ Billy $\to$ Jesse $\to$ Albert $\to$ William $\to$ Bobby $\to$ Austin $\to$ Amanda $\to$ Charlotte $\to$ Matthew $\to$ Noah $\to$ Abigail $\to$ Alan $\to$ Patricia $\to$ Christopher)
59. Donna is Kelly's descendant. (Kelly $\to$ Donna $\to$ Ralph $\to$ Gerald $\to$ Tyler $\to$ Mason $\to$ Brittany $\to$ Kimberly $\to$ Thomas $\to$ Walter $\to$ Andrea $\to$ Aaron $\to$ Jerry $\to$ Patrick $\to$ Joseph $\to$ Carolyn $\to$ Brenda $\to$ Jean $\to$ Linda $\to$ Cynthia $\to$ Denise $\to$ Steven $\to$ Benjamin $\to$ Kathleen $\to$ Mark $\to$ Diana $\to$ Angela $\to$ Stephanie $\to$ Elizabeth $\to$ Nathan $\to$ Sophia $\to$ Dennis $\to$ Brian $\to$ Megan $\to$ Victoria $\to$ Susan $\to$ Natalie $\to$ Joe $\to$ Sandra $\to$ Jordan $\to$ Jonathan $\to$ Peter $\to$ Ronald $\to$ Kathryn $\to$ Frances $\to$ Dorothy $\to$ Carl $\to$ Billy $\to$ Jesse $\to$ Albert $\to$ William $\to$ Bobby $\to$ Austin $\to$ Amanda $\to$ Charlotte $\to$ Matthew $\to$ Noah $\to$ Abigail $\to$ Alan $\to$ Patricia $\to$ Christopher)
60. Kelly is Lori's descendant. (Lori $\to$ Kelly $\to$ Donna $\to$ Ralph $\to$ Gerald $\to$ Tyler $\to$ Mason $\to$ Brittany $\to$ Kimberly $\to$ Thomas $\to$ Walter $\to$ Andrea $\to$ Aaron $\to$ Jerry $\to$ Patrick $\to$ Joseph $\to$ Carolyn $\to$ Brenda $\to$ Jean $\to$ Linda $\to$ Cynthia $\to$ Denise $\to$ Steven $\to$ Benjamin $\to$ Kathleen $\to$ Mark $\to$ Diana $\to$ Angela $\to$ Stephanie $\to$ Elizabeth $\to$ Nathan $\to$ Sophia $\to$ Dennis $\to$ Brian $\to$ Megan $\to$ Victoria $\to$ Susan $\to$ Natalie $\to$ Joe $\to$ Sandra $\to$ Jordan $\to$ Jonathan $\to$ Peter $\to$ Ronald $\to$ Kathryn $\to$ Frances $\to$ Dorothy $\to$ Carl $\to$ Billy $\to$ Jesse $\to$ Albert $\to$ William $\to$ Bobby $\to$ Austin $\to$ Amanda $\to$ Charlotte $\to$ Matthew $\to$ Noah $\to$ Abigail $\to$ Alan $\to$ Patricia $\to$ Christopher)
61. Lori is Gary's descendant. (Gary $\to$ Lori $\to$ Kelly $\to$ Donna $\to$ Ralph $\to$ Gerald $\to$ Tyler $\to$ Mason $\to$ Brittany $\to$ Kimberly $\to$ Thomas $\to$ Walter $\to$ Andrea $\to$ Aaron $\to$ Jerry $\to$ Patrick $\to$ Joseph $\to$ Carolyn $\to$ Brenda $\to$ Jean $\to$ Linda $\to$ Cynthia $\to$ Denise $\to$ Steven $\to$ Benjamin $\to$ Kathleen $\to$ Mark $\to$ Diana $\to$ Angela $\to$ Stephanie $\to$ Elizabeth $\to$ Nathan $\to$ Sophia $\to$ Dennis $\to$ Brian $\to$ Megan $\to$ Victoria $\to$ Susan $\to$ Natalie $\to$ Joe $\to$ Sandra $\to$ Jordan $\to$ Jonathan $\to$ Peter $\to$ Ronald $\to$ Kathryn $\to$ Frances $\to$ Dorothy $\to$ Carl $\to$ Billy $\to$ Jesse $\to$ Albert $\to$ William $\to$ Bobby $\to$ Austin $\to$ Amanda $\to$ Charlotte $\to$ Matthew $\to$ Noah $\to$ Abigail $\to$ Alan $\to$ Patricia $\to$ Christopher)
62. Joyce is Gary's ancestor. (Joyce $\to$ Gary $\to$ Lori $\to$ Kelly $\to$ Donna $\to$ Ralph $\to$ Gerald $\to$ Tyler $\to$ Mason $\to$ Brittany $\to$ Kimberly $\to$ Thomas $\to$ Walter $\to$ Andrea $\to$ Aaron $\to$ Jerry $\to$ Patrick $\to$ Joseph $\to$ Carolyn $\to$ Brenda $\to$ Jean $\to$ Linda $\to$ Cynthia $\to$ Denise $\to$ Steven $\to$ Benjamin $\to$ Kathleen $\to$ Mark $\to$ Diana $\to$ Angela $\to$ Stephanie $\to$ Elizabeth $\to$ Nathan $\to$ Sophia $\to$ Dennis $\to$ Brian $\to$ Megan $\to$ Victoria $\to$ Susan $\to$ Natalie $\to$ Joe $\to$ Sandra $\to$ Jordan $\to$ Jonathan $\to$ Peter $\to$ Ronald $\to$ Kathryn $\to$ Frances $\to$ Dorothy $\to$ Carl $\to$ Billy $\to$ Jesse $\to$ Albert $\to$ William $\to$ Bobby $\to$ Austin $\to$ Amanda $\to$ Charlotte $\to$ Matthew $\to$ Noah $\to$ Abigail $\to$ Alan $\to$ Patricia $\to$ Christopher)
63. Joyce is Ethan's descendant. (Ethan $\to$ Joyce $\to$ Gary $\to$ Lori $\to$ Kelly $\to$ Donna $\to$ Ralph $\to$ Gerald $\to$ Tyler $\to$ Mason $\to$ Brittany $\to$ Kimberly $\to$ Thomas $\to$ Walter $\to$ Andrea $\to$ Aaron $\to$ Jerry $\to$ Patrick $\to$ Joseph $\to$ Carolyn $\to$ Brenda $\to$ Jean $\to$ Linda $\to$ Cynthia $\to$ Denise $\to$ Steven $\to$ Benjamin $\to$ Kathleen $\to$ Mark $\to$ Diana $\to$ Angela $\to$ Stephanie $\to$ Elizabeth $\to$ Nathan $\to$ Sophia $\to$ Dennis $\to$ Brian $\to$ Megan $\to$ Victoria $\to$ Susan $\to$ Natalie $\to$ Joe $\to$ Sandra $\to$ Jordan $\to$ Jonathan $\to$ Peter $\to$ Ronald $\to$ Kathryn $\to$ Frances $\to$ Dorothy $\to$ Carl $\to$ Billy $\to$ Jesse $\to$ Albert $\to$ William $\to$ Bobby $\to$ Austin $\to$ Amanda $\to$ Charlotte $\to$ Matthew $\to$ Noah $\to$ Abigail $\to$ Alan $\to$ Patricia $\to$ Christopher)
64. Hannah is Ethan's ancestor. (Hannah $\to$ Ethan $\to$ Joyce $\to$ Gary $\to$ Lori $\to$ Kelly $\to$ Donna $\to$ Ralph $\to$ Gerald $\to$ Tyler $\to$ Mason $\to$ Brittany $\to$ Kimberly $\to$ Thomas $\to$ Walter $\to$ Andrea $\to$ Aaron $\to$ Jerry $\to$ Patrick $\to$ Joseph $\to$ Carolyn $\to$ Brenda $\to$ Jean $\to$ Linda $\to$ Cynthia $\to$ Denise $\to$ Steven $\to$ Benjamin $\to$ Kathleen $\to$ Mark $\to$ Diana $\to$ Angela $\to$ Stephanie $\to$ Elizabeth $\to$ Nathan $\to$ Sophia $\to$ Dennis $\to$ Brian $\to$ Megan $\to$ Victoria $\to$ Susan $\to$ Natalie $\to$ Joe $\to$ Sandra $\to$ Jordan $\to$ Jonathan $\to$ Peter $\to$ Ronald $\to$ Kathryn $\to$ Frances $\to$ Dorothy $\to$ Carl $\to$ Billy $\to$ Jesse $\to$ Albert $\to$ William $\to$ Bobby $\to$ Austin $\to$ Amanda $\to$ Charlotte $\to$ Matthew $\to$ Noah $\to$ Abigail $\to$ Alan $\to$ Patricia $\to$ Christopher)
65. Hannah is Grace's descendant. (Grace $\to$ Hannah $\to$ Ethan $\to$ Joyce $\to$ Gary $\to$ Lori $\to$ Kelly $\to$ Donna $\to$ Ralph $\to$ Gerald $\to$ Tyler $\to$ Mason $\to$ Brittany $\to$ Kimberly $\to$ Thomas $\to$ Walter $\to$ Andrea $\to$ Aaron $\to$ Jerry $\to$ Patrick $\to$ Joseph $\to$ Carolyn $\to$ Brenda $\to$ Jean $\to$ Linda $\to$ Cynthia $\to$ Denise $\to$ Steven $\to$ Benjamin $\to$ Kathleen $\to$ Mark $\to$ Diana $\to$ Angela $\to$ Stephanie $\to$ Elizabeth $\to$ Nathan $\to$ Sophia $\to$ Dennis $\to$ Brian $\to$ Megan $\to$ Victoria $\to$ Susan $\to$ Natalie $\to$ Joe $\to$ Sandra $\to$ Jordan $\to$ Jonathan $\to$ Peter $\to$ Ronald $\to$ Kathryn $\to$ Frances $\to$ Dorothy $\to$ Carl $\to$ Billy $\to$ Jesse $\to$ Albert $\to$ William $\to$ Bobby $\to$ Austin $\to$ Amanda $\to$ Charlotte $\to$ Matthew $\to$ Noah $\to$ Abigail $\to$ Alan $\to$ Patricia $\to$ Christopher)
66. Grace is Margaret's descendant. (Margaret $\to$ Grace $\to$ Hannah $\to$ Ethan $\to$ Joyce $\to$ Gary $\to$ Lori $\to$ Kelly $\to$ Donna $\to$ Ralph $\to$ Gerald $\to$ Tyler $\to$ Mason $\to$ Brittany $\to$ Kimberly $\to$ Thomas $\to$ Walter $\to$ Andrea $\to$ Aaron $\to$ Jerry $\to$ Patrick $\to$ Joseph $\to$ Carolyn $\to$ Brenda $\to$ Jean $\to$ Linda $\to$ Cynthia $\to$ Denise $\to$ Steven $\to$ Benjamin $\to$ Kathleen $\to$ Mark $\to$ Diana $\to$ Angela $\to$ Stephanie $\to$ Elizabeth $\to$ Nathan $\to$ Sophia $\to$ Dennis $\to$ Brian $\to$ Megan $\to$ Victoria $\to$ Susan $\to$ Natalie $\to$ Joe $\to$ Sandra $\to$ Jordan $\to$ Jonathan $\to$ Peter $\to$ Ronald $\to$ Kathryn $\to$ Frances $\to$ Dorothy $\to$ Carl $\to$ Billy $\to$ Jesse $\to$ Albert $\to$ William $\to$ Bobby $\to$ Austin $\to$ Amanda $\to$ Charlotte $\to$ Matthew $\to$ Noah $\to$ Abigail $\to$ Alan $\to$ Patricia $\to$ Christopher)

So Christopher is a descendant of Margaret.

**Tracing James's Lineage:**
1.  Anthony is James's ancestor. (Anthony $\to$ James)
2.  Anthony is Debra's descendant. (Debra $\to$ Anthony $\to$ James)
3.  Debra is Roger's descendant. (Roger $\to$ Debra $\to$ Anthony $\to$ James)
4.  Scott is Roger's ancestor. (Scott $\to$ Roger $\to$ Debra $\to$ Anthony $\to$ James)
5.  Kyle is Scott's ancestor. (Kyle $\to$ Scott $\to$ Roger $\to$ Debra $\to$ Anthony $\to$ James)
6.  Nancy is Kyle's ancestor. (Nancy $\to$ Kyle $\to$ Scott $\to$ Roger $\to$ Debra $\to$ Anthony $\to$ James)
7.  Amy is Nancy's ancestor. (Amy $\to$ Nancy $\to$ Kyle $\to$ Scott $\to$ Roger $\to$ Debra $\to$ Anthony $\to$ James)
8.  Alice is Amy's ancestor. (Alice $\to$ Amy $\to$ Nancy $\to$ Kyle $\to$ Scott $\to$ Roger $\to$ Debra $\to$ Anthony $\to$ James)
9.  Alice is Julie's descendant. (Julie $\to$ Alice $\to$ Amy $\to$ Nancy $\to$ Kyle $\to$ Scott $\to$ Roger $\to$ Debra $\to$ Anthony $\to$ James)
10. Martha is Teresa's ancestor. (Martha $\to$ Teresa $\to$ Julie $\to$ Alice $\to$ Amy $\to$ Nancy $\to$ Kyle $\to$ Scott $\to$ Roger $\to$ Debra $\to$ Anthony $\to$ James)
11. Julie is Teresa's descendant. (Teresa $\to$ Julie $\to$ Alice $\to$ Amy $\to$ Nancy $\to$ Kyle $\to$ Scott $\to$ Roger $\to$ Debra $\to$ Anthony $\to$ James)
12. Stephen is Martha's ancestor. (Stephen $\to$ Martha $\to$ Teresa $\to$ Julie $\to$ Alice $\to$ Amy $\to$ Nancy $\to$ Kyle $\to$ Scott $\to$ Roger $\to$ Debra $\to$ Anthony $\to$ James)
13. Stephen is Roy's descendant. (Roy $\to$ Stephen $\to$ Martha $\to$ Teresa $\to$ Julie $\to$ Alice $\to$ Amy $\to$ Nancy $\to$ Kyle $\to$ Scott $\to$ Roger $\to$ Debra $\to$ Anthony $\to$ James)
14. Roy is Brandon's descendant. (Brandon $\to$ Roy $\to$ Stephen $\to$ Martha $\to$ Teresa $\to$ Julie $\to$ Alice $\to$ Amy $\to$ Nancy $\to$ Kyle $\to$ Scott $\to$ Roger $\to$ Debra $\to$ Anthony $\to$ James)
15. Brandon is Danielle's descendant. (Danielle $\to$ Brandon $\to$ Roy $\to$ Stephen $\to$ Martha $\to$ Teresa $\to$ Julie $\to$ Alice $\to$ Amy $\to$ Nancy $\to$ Kyle $\to$ Scott $\to$ Roger $\to$ Debra $\to$ Anthony $\to$ James)
16. Danielle is Nicholas's descendant. (Nicholas $\to$ Danielle $\to$ Brandon $\to$ Roy $\to$ Stephen $\to$ Martha $\to$ Teresa $\to$ Julie $\to$ Alice $\to$ Amy $\to$ Nancy $\to$ Kyle $\to$ Scott $\to$ Roger $\to$ Debra $\to$ Anthony $\to$ James)
17. Rebecca is Nicholas's ancestor. (Rebecca $\to$ Nicholas $\to$ Danielle $\to$ Brandon $\to$ Roy $\to$ Stephen $\to$ Martha $\to$ Teresa $\to$ Julie $\to$ Alice $\to$ Amy $\to$ Nancy $\to$ Kyle $\to$ Scott $\to$ Roger $\to$ Debra $\to$ Anthony $\to$ James)
18. Russell is Rebecca's ancestor. (Russell $\to$ Rebecca $\to$ Nicholas $\to$ Danielle $\to$ Brandon $\to$ Roy $\to$ Stephen $\to$ Martha $\to$ Teresa $\to$ Julie $\to$ Alice $\to$ Amy $\to$ Nancy $\to$ Kyle $\to$ Scott $\to$ Roger $\to$ Debra $\to$ Anthony $\to$ James)
19. Russell is Julia's descendant. (Julia $\to$ Russell $\to$ Rebecca $\to$ Nicholas $\to$ Danielle $\to$ Brandon $\to$ Roy $\to$ Stephen $\to$ Martha $\to$ Teresa $\to$ Julie $\to$ Alice $\to$ Amy $\to$ Nancy $\to$ Kyle $\to$ Scott $\to$ Roger $\to$ Debra $\to$ Anthony $\to$ James)
20. Julia is Gloria's descendant. (Gloria $\to$ Julia $\to$ Russell $\to$ Rebecca $\to$ Nicholas $\to$ Danielle $\to$ Brandon $\to$ Roy $\to$ Stephen $\to$ Martha $\to$ Teresa $\to$ Julie $\to$ Alice $\to$ Amy $\to$ Nancy $\to$ Kyle $\to$ Scott $\to$ Roger $\to$ Debra $\to$ Anthony $\to$ James)
21. Sarah is Gloria's ancestor. (Sarah $\to$ Gloria $\to$ Julia $\to$ Russell $\to$ Rebecca $\to$ Nicholas $\to$ Danielle $\to$ Brandon $\to$ Roy $\to$ Stephen $\to$ Martha $\to$ Teresa $\to$ Julie $\to$ Alice $\to$ Amy $\to$ Nancy $\to$ Kyle $\to$ Scott $\to$ Roger $\to$ Debra $\to$ Anthony $\to$ James)
22. Sarah is Joan's descendant. (Joan $\to$ Sarah $\to$ Gloria $\to$ Julia $\to$ Russell $\to$ Rebecca $\to$ Nicholas $\to$ Danielle $\to$ Brandon $\to$ Roy $\to$ Stephen $\to$ Martha $\to$ Teresa $\to$ Julie $\to$ Alice $\to$ Amy $\to$ Nancy $\to$ Kyle $\to$ Scott $\to$ Roger $\to$ Debra $\to$ Anthony $\to$ James)
23. Doris is Joan's ancestor. (Doris $\to$ Joan $\to$ Sarah $\to$ Gloria $\to$ Julia $\to$ Russell $\to$ Rebecca $\to$ Nicholas $\to$ Danielle $\to$ Brandon $\to$ Roy $\to$ Stephen $\to$ Martha $\to$ Teresa $\to$ Julie $\to$ Alice $\to$ Amy $\to$ Nancy $\to$ Kyle $\to$ Scott $\to$ Roger $\to$ Debra $\to$ Anthony $\to$ James)
24. Robert is Doris's ancestor. (Robert $\to$ Doris $\to$ Joan $\to$ Sarah $\to$ Gloria $\to$ Julia $\to$ Russell $\to$ Rebecca $\to$ Nicholas $\to$ Danielle $\to$ Brandon $\to$ Roy $\to$ Stephen $\to$ Martha $\to$ Teresa $\to$ Julie $\to$ Alice $\to$ Amy $\to$ Nancy $\to$ Kyle $\to$ Scott $\to$ Roger $\to$ Debra $\to$ Anthony $\to$ James)
25. Robert is Willie's descendant. (Willie $\to$ Robert $\to$ Doris $\to$ Joan $\to$ Sarah $\to$ Gloria $\to$ Julia $\to$ Russell $\to$ Rebecca $\to$ Nicholas $\to$ Danielle $\to$ Brandon $\to$ Roy $\to$ Stephen $\to$ Martha $\to$ Teresa $\to$ Julie $\to$ Alice $\to$ Amy $\to$ Nancy $\to$ Kyle $\to$ Scott $\to$ Roger $\to$ Debra $\to$ Anthony $\to$ James)
26. Philip is Willie's ancestor. (Philip $\to$ Willie $\to$ Robert $\to$ Doris $\to$ Joan $\to$ Sarah $\to$ Gloria $\to$ Julia $\to$ Russell $\to$ Rebecca $\to$ Nicholas $\to$ Danielle $\to$ Brandon $\to$ Roy $\to$ Stephen $\to$ Martha $\to$ Teresa $\to$ Julie $\to$ Alice $\to$ Amy $\to$ Nancy $\to$ Kyle $\to$ Scott $\to$ Roger $\to$ Debra $\to$ Anthony $\to$ James)
27. Betty is Philip's ancestor. (Betty $\to$ Philip $\to$ Willie $\to$ Robert $\to$ Doris $\to$ Joan $\to$ Sarah $\to$ Gloria $\to$ Julia $\to$ Russell $\to$ Rebecca $\to$ Nicholas $\to$ Danielle $\to$ Brandon $\to$ Roy $\to$ Stephen $\to$ Martha $\to$ Teresa $\to$ Julie $\to$ Alice $\to$ Amy $\to$ Nancy $\to$ Kyle $\to$ Scott $\to$ Roger $\to$ Debra $\to$ Anthony $\to$ James)
28. Betty is John's descendant. (John $\to$ Betty $\to$ Philip $\to$ Willie $\to$ Robert $\to$ Doris $\to$ Joan $\to$ Sarah $\to$ Gloria $\to$ Julia $\to$ Russell $\to$ Rebecca $\to$ Nicholas $\to$ Danielle $\to$ Brandon $\to$ Roy $\to$ Stephen $\to$ Martha $\to$ Teresa $\to$ Julie $\to$ Alice $\to$ Amy $\to$ Nancy $\to$ Kyle $\to$ Scott $\to$ Roger $\to$ Debra $\to$ Anthony $\to$ James)
29. Keith is John's ancestor. (Keith $\to$ John $\to$ Betty $\to$ Philip $\to$ Willie $\to$ Robert $\to$ Doris $\to$ Joan $\to$ Sarah $\to$ Gloria $\to$ Julia $\to$ Russell $\to$ Rebecca $\to$ Nicholas $\to$ Danielle $\to$ Brandon $\to$ Roy $\to$ Stephen $\to$ Martha $\to$ Teresa $\to$ Julie $\to$ Alice $\to$ Amy $\to$ Nancy $\to$ Kyle $\to$ Scott $\to$ Roger $\to$ Debra $\to$ Anthony $\to$ James)
30. Jose is Keith's ancestor. (Jose $\to$ Keith $\to$ John $\to$ Betty $\to$ Philip $\to$ Willie $\to$ Robert $\to$ Doris $\to$ Joan $\to$ Sarah $\to$ Gloria $\to$ Julia $\to$ Russell $\to$ Rebecca $\to$ Nicholas $\to$ Danielle $\to$ Brandon $\to$ Roy $\to$ Stephen $\to$ Martha $\to$ Teresa $\to$ Julie $\to$ Alice $\to$ Amy $\to$ Nancy $\to$ Kyle $\to$ Scott $\to$ Roger $\to$ Debra $\to$ Anthony $\to$ James)
31. Logan is Jose's ancestor. (Logan $\to$ Jose $\to$ Keith $\to$ John $\to$ Betty $\to$ Philip $\to$ Willie $\to$ Robert $\to$ Doris $\to$ Joan $\to$ Sarah $\to$ Gloria $\to$ Julia $\to$ Russell $\to$ Rebecca $\to$ Nicholas $\to$ Danielle $\to$ Brandon $\to$ Roy $\to$ Stephen $\to$ Martha $\to$ Teresa $\to$ Julie $\to$ Alice $\to$ Amy $\to$ Nancy $\to$ Kyle $\to$ Scott $\to$ Roger $\to$ Debra $\to$ Anthony $\to$ James)
32. Logan is Virginia's descendant. (Virginia $\to$ Logan $\to$ Jose $\to$ Keith $\to$ John $\to$ Betty $\to$ Philip $\to$ Willie $\to$ Robert $\to$ Doris $\to$ Joan $\to$ Sarah $\to$ Gloria $\to$ Julia $\to$ Russell $\to$ Rebecca $\to$ Nicholas $\to$ Danielle $\to$ Brandon $\to$ Roy $\to$ Stephen $\to$ Martha $\to$ Teresa $\to$ Julie $\to$ Alice $\to$ Amy $\to$ Nancy $\to$ Kyle $\to$ Scott $\to$ Roger $\to$ Debra $\to$ Anthony $\to$ James)
33. Virginia is Jason's descendant. (Jason $\to$ Virginia $\to$ Logan $\to$ Jose $\to$ Keith $\to$ John $\to$ Betty $\to$ Philip $\to$ Willie $\to$ Robert $\to$ Doris $\to$ Joan $\to$ Sarah $\to$ Gloria $\to$ Julia $\to$ Russell $\to$ Rebecca $\to$ Nicholas $\to$ Danielle $\to$ Brandon $\to$ Roy $\to$ Stephen $\to$ Martha $\to$ Teresa $\to$ Julie $\to$ Alice $\to$ Amy $\to$ Nancy $\to$ Kyle $\to$ Scott $\to$ Roger $\to$ Debra $\to$ Anthony $\to$ James)
34. Jason is Marilyn's descendant. (Marilyn $\to$ Jason $\to$ Virginia $\to$ Logan $\to$ Jose $\to$ Keith $\to$ John $\to$ Betty $\to$ Philip $\to$ Willie $\to$ Robert $\to$ Doris $\to$ Joan $\to$ Sarah $\to$ Gloria $\to$ Julia $\to$ Russell $\to$ Rebecca $\to$ Nicholas $\to$ Danielle $\to$ Brandon $\to$ Roy $\to$ Stephen $\to$ Martha $\to$ Teresa $\to$ Julie $\to$ Alice $\to$ Amy $\to$ Nancy $\to$ Kyle $\to$ Scott $\to$ Roger $\to$ Debra $\to$ Anthony $\to$ James)
35. Lisa is Marilyn's ancestor. (Lisa $\to$ Marilyn $\to$ Jason $\to$ Virginia $\to$ Logan $\to$ Jose $\to$ Keith $\to$ John $\to$ Betty $\to$ Philip $\to$ Willie $\to$ Robert $\to$ Doris $\to$ Joan $\to$ Sarah $\to$ Gloria $\to$ Julia $\to$ Russell $\to$ Rebecca $\to$ Nicholas $\to$ Danielle $\to$ Brandon $\to$ Roy $\to$ Stephen $\to$ Martha $\to$ Teresa $\to$ Julie $\to$ Alice $\to$ Amy $\to$ Nancy $\to$ Kyle $\to$ Scott $\to$ Roger $\to$ Debra $\to$ Anthony $\to$ James)
36. Lisa is Kayla's descendant. (Kayla $\to$ Lisa $\to$ Marilyn $\to$ Jason $\to$ Virginia $\to$ Logan $\to$ Jose $\to$ Keith $\to$ John $\to$ Betty $\to$ Philip $\to$ Willie $\to$ Robert $\to$ Doris $\to$ Joan $\to$ Sarah $\to$ Gloria $\to$ Julia $\to$ Russell $\to$ Rebecca $\to$ Nicholas $\to$ Danielle $\to$ Brandon $\to$ Roy $\to$ Stephen $\to$ Martha $\to$ Teresa $\to$ Julie $\to$ Alice $\to$ Amy $\to$ Nancy $\to$ Kyle $\to$ Scott $\to$ Roger $\to$ Debra $\to$ Anthony $\to$ James)
37. Jeffrey is Kayla's ancestor. (Jeffrey $\to$ Kayla $\to$ Lisa $\to$ Marilyn $\to$ Jason $\to$ Virginia $\to$ Logan $\to$ Jose $\to$ Keith $\to$ John $\to$ Betty $\to$ Philip $\to$ Willie $\to$ Robert $\to$ Doris $\to$ Joan $\to$ Sarah $\to$ Gloria $\to$ Julia $\to$ Russell $\to$ Rebecca $\to$ Nicholas $\to$ Danielle $\to$ Brandon $\to$ Roy $\to$ Stephen $\to$ Martha $\to$ Teresa $\to$ Julie $\to$ Alice $\to$ Amy $\to$ Nancy $\to$ Kyle $\to$ Scott $\to$ Roger $\to$ Debra $\to$ Anthony $\to$ James)
38. Shirley is Jeffrey's ancestor. (Shirley $\to$ Jeffrey $\to$ Kayla $\to$ Lisa $\to$ Marilyn $\to$ Jason $\to$ Virginia $\to$ Logan $\to$ Jose $\to$ Keith $\to$ John $\to$ Betty $\to$ Philip $\to$ Willie $\to$ Robert $\to$ Doris $\to$ Joan $\to$ Sarah $\to$ Gloria $\to$ Julia $\to$ Russell $\to$ Rebecca $\to$ Nicholas $\to$ Danielle $\to$ Brandon $\to$ Roy $\to$ Stephen $\to$ Martha $\to$ Teresa $\to$ Julie $\to$ Alice $\to$ Amy $\to$ Nancy $\to$ Kyle $\to$ Scott $\to$ Roger $\to$ Debra $\to$ Anthony $\to$ James)
39. Edward is Shirley's ancestor. (Edward $\to$ Shirley $\to$ Jeffrey $\to$ Kayla $\to$ Lisa $\to$ Marilyn $\to$ Jason $\to$ Virginia $\to$ Logan $\to$ Jose $\to$ Keith $\to$ John $\to$ Betty $\to$ Philip $\to$ Willie $\to$ Robert $\to$ Doris $\to$ Joan $\to$ Sarah $\to$ Gloria $\to$ Julia $\to$ Russell $\to$ Rebecca $\to$ Nicholas $\to$ Danielle $\to$ Brandon $\to$ Roy $\to$ Stephen $\to$ Martha $\to$ Teresa $\to$ Julie $\to$ Alice $\to$ Amy $\to$ Nancy $\to$ Kyle $\to$ Scott $\to$ Roger $\to$ Debra $\to$ Anthony $\to$ James)
40. Eugene is Edward's ancestor. (Eugene $\to$ Edward $\to$ Shirley $\to$ Jeffrey $\to$ Kayla $\to$ Lisa $\to$ Marilyn $\to$ Jason $\to$ Virginia $\to$ Logan $\to$ Jose $\to$ Keith $\to$ John $\to$ Betty $\to$ Philip $\to$ Willie $\to$ Robert $\to$ Doris $\to$ Joan $\to$ Sarah $\to$ Gloria $\to$ Julia $\to$ Russell $\to$ Rebecca $\to$ Nicholas $\to$ Danielle $\to$ Brandon $\to$ Roy $\to$ Stephen $\to$ Martha $\to$ Teresa $\to$ Julie $\to$ Alice $\to$ Amy $\to$ Nancy $\to$ Kyle $\to$ Scott $\to$ Roger $\to$ Debra $\to$ Anthony $\to$ James)
41. Dylan is Eugene's ancestor. (Dylan $\to$ Eugene $\to$ Edward $\to$ Shirley $\to$ Jeffrey $\to$ Kayla $\to$ Lisa $\to$ Marilyn $\to$ Jason $\to$ Virginia $\to$ Logan $\to$ Jose $\to$ Keith $\to$ John $\to$ Betty $\to$ Philip $\to$ Willie $\to$ Robert $\to$ Doris $\to$ Joan $\to$ Sarah $\to$ Gloria $\to$ Julia $\to$ Russell $\to$ Rebecca $\to$ Nicholas $\to$ Danielle $\to$ Brandon $\to$ Roy $\to$ Stephen $\to$ Martha $\to$ Teresa $\to$ Julie $\to$ Alice $\to$ Amy $\to$ Nancy $\to$ Kyle $\to$ Scott $\to$ Roger $\to$ Debra $\to$ Anthony $\to$ James)
42. Karen is Dylan's ancestor. (Karen $\to$ Dylan $\to$ Eugene $\to$ Edward $\to$ Shirley $\to$ Jeffrey $\to$ Kayla $\to$ Lisa $\to$ Marilyn $\to$ Jason $\to$ Virginia $\to$ Logan $\to$ Jose $\to$ Keith $\to$ John $\to$ Betty $\to$ Philip $\to$ Willie $\to$ Robert $\to$ Doris $\to$ Joan $\to$ Sarah $\to$ Gloria $\to$ Julia $\to$ Russell $\to$ Rebecca $\to$ Nicholas $\to$ Danielle $\to$ Brandon $\to$ Roy $\to$ Stephen $\to$ Martha $\to$ Teresa $\to$ Julie $\to$ Alice $\to$ Amy $\to$ Nancy $\to$ Kyle $\to$ Scott $\to$ Roger $\to$ Debra $\to$ Anthony $\to$ James)
43. Karen is Kenneth's descendant. (Kenneth $\to$ Karen $\to$ Dylan $\to$ Eugene $\to$ Edward $\to$ Shirley $\to$ Jeffrey $\to$ Kayla $\to$ Lisa $\to$ Marilyn $\to$ Jason $\to$ Virginia $\to$ Logan $\to$ Jose $\to$ Keith $\to$ John $\to$ Betty $\to$ Philip $\to$ Willie $\to$ Robert $\to$ Doris $\to$ Joan $\to$ Sarah $\to$ Gloria $\to$ Julia $\to$ Russell $\to$ Rebecca $\to$ Nicholas $\to$ Danielle $\to$ Brandon $\to$ Roy $\to$ Stephen $\to$ Martha $\to$ Teresa $\to$ Julie $\to$ Alice $\to$ Amy $\to$ Nancy $\to$ Kyle $\to$ Scott $\to$ Roger $\to$ Debra $\to$ Anthony $\to$ James)
44. Kenneth is Richard's descendant. (Richard $\to$ Kenneth $\to$ Karen $\to$ Dylan $\to$ Eugene $\to$ Edward $\to$ Shirley $\to$ Jeffrey $\to$ Kayla $\to$ Lisa $\to$ Marilyn $\to$ Jason $\to$ Virginia $\to$ Logan $\to$ Jose $\to$ Keith $\to$ John $\to$ Betty $\to$ Philip $\to$ Willie $\to$ Robert $\to$ Doris $\to$ Joan $\to$ Sarah $\to$ Gloria $\to$ Julia $\to$ Russell $\to$ Rebecca $\to$ Nicholas $\to$ Danielle $\to$ Brandon $\to$ Roy $\to$ Stephen $\to$ Martha $\to$ Teresa $\to$ Julie $\to$ Alice $\to$ Amy $\to$ Nancy $\to$ Kyle $\to$ Scott $\to$ Roger $\to$ Debra $\to$ Anthony $\to$ James)
45. Olivia is Richard's ancestor. (Olivia $\to$ Richard $\to$ Kenneth $\to$ Karen $\to$ Dylan $\to$ Eugene $\to$ Edward $\to$ Shirley $\to$ Jeffrey $\to$ Kayla $\to$ Lisa $\to$ Marilyn $\to$ Jason $\to$ Virginia $\to$ Logan $\to$ Jose $\to$ Keith $\to$ John $\to$ Betty $\to$ Philip $\to$ Willie $\to$ Robert $\to$ Doris $\to$ Joan $\to$ Sarah $\to$ Gloria $\to$ Julia $\to$ Russell $\to$ Rebecca $\to$ Nicholas $\to$ Danielle $\to$ Brandon $\to$ Roy $\to$ Stephen $\to$ Martha $\to$ Teresa $\to$ Julie $\to$ Alice $\to$ Amy $\to$ Nancy $\to$ Kyle $\to$ Scott $\to$ Roger $\to$ Debra $\to$ Anthony $\to$ James)
46. Michael is Olivia's ancestor. (Michael $\to$ Olivia $\to$ Richard $\to$ Kenneth $\to$ Karen $\to$ Dylan $\to$ Eugene $\to$ Edward $\to$ Shirley $\to$ Jeffrey $\to$ Kayla $\to$ Lisa $\to$ Marilyn $\to$ Jason $\to$ Virginia $\to$ Logan $\to$ Jose $\to$ Keith $\to$ John $\to$ Betty $\to$ Philip $\to$ Willie $\to$ Robert $\to$ Doris $\to$ Joan $\to$ Sarah $\to$ Gloria $\to$ Julia $\to$ Russell $\to$ Rebecca $\to$ Nicholas $\to$ Danielle $\to$ Brandon $\to$ Roy $\to$ Stephen $\to$ Martha $\to$ Teresa $\to$ Julie $\to$ Alice $\to$ Amy $\to$ Nancy $\to$ Kyle $\to$ Scott $\to$ Roger $\to$ Debra $\to$ Anthony $\to$ James)
47. Michael is Larry's descendant. (Larry $\to$ Michael $\to$ Olivia $\to$ Richard $\to$ Kenneth $\to$ Karen $\to$ Dylan $\to$ Eugene $\to$ Edward $\to$ Shirley $\to$ Jeffrey $\to$ Kayla $\to$ Lisa $\to$ Marilyn $\to$ Jason $\to$ Virginia $\to$ Logan $\to$ Jose $\to$ Keith $\to$ John $\to$ Betty $\to$ Philip $\to$ Willie $\to$ Robert $\to$ Doris $\to$ Joan $\to$ Sarah $\to$ Gloria $\to$ Julia $\to$ Russell $\to$ Rebecca $\to$ Nicholas $\to$ Danielle $\to$ Brandon $\to$ Roy $\to$ Stephen $\to$ Martha $\to$ Teresa $\to$ Julie $\to$ Alice $\to$ Amy $\to$ Nancy $\to$ Kyle $\to$ Scott $\to$ Roger $\to$ Debra $\to$ Anthony $\to$ James)
48. Daniel is Larry's ancestor. (Daniel $\to$ Larry $\to$ Michael $\to$ Olivia $\to$ Richard $\to$ Kenneth $\to$ Karen $\to$ Dylan $\to$ Eugene $\to$ Edward $\to$ Shirley $\to$ Jeffrey $\to$ Kayla $\to$ Lisa $\to$ Marilyn $\to$ Jason $\to$ Virginia $\to$ Logan $\to$ Jose $\to$ Keith $\to$ John $\to$ Betty $\to$ Philip $\to$ Willie $\to$ Robert $\to$ Doris $\to$ Joan $\to$ Sarah $\to$ Gloria $\to$ Julia $\to$ Russell $\to$ Rebecca $\to$ Nicholas $\to$ Danielle $\to$ Brandon $\to$ Roy $\to$ Stephen $\to$ Martha $\to$ Teresa $\to$ Julie $\to$ Alice $\to$ Amy $\to$ Nancy $\to$ Kyle $\to$ Scott $\to$ Roger $\to$ Debra $\to$ Anthony $\to$ James)
49. Laura is Daniel's ancestor. (Laura $\to$ Daniel $\to$ Larry $\to$ Michael $\to$ Olivia $\to$ Richard $\to$ Kenneth $\to$ Karen $\to$ Dylan $\to$ Eugene $\to$ Edward $\to$ Shirley $\to$ Jeffrey $\to$ Kayla $\to$ Lisa $\to$ Marilyn $\to$ Jason $\to$ Virginia $\to$ Logan $\to$ Jose $\to$ Keith $\to$ John $\to$ Betty $\to$ Philip $\to$ Willie $\to$ Robert $\to$ Doris $\to$ Joan $\to$ Sarah $\to$ Gloria $\to$ Julia $\to$ Russell $\to$ Rebecca $\to$ Nicholas $\to$ Danielle $\to$ Brandon $\to$ Roy $\to$ Stephen $\to$ Martha $\to$ Teresa $\to$ Julie $\to$ Alice $\to$ Amy $\to$ Nancy $\to$ Kyle $\to$ Scott $\to$ Roger $\to$ Debra $\to$ Anthony $\to$ James)
50. Ann is Laura's ancestor. (Ann $\to$ Laura $\to$ Daniel $\to$ Larry $\to$ Michael $\to$ Olivia $\to$ Richard $\to$ Kenneth $\to$ Karen $\to$ Dylan $\to$ Eugene $\to$ Edward $\to$ Shirley $\to$ Jeffrey $\to$ Kayla $\to$ Lisa $\to$ Marilyn $\to$ Jason $\to$ Virginia $\to$ Logan $\to$ Jose $\to$ Keith $\to$ John $\to$ Betty $\to$ Philip $\to$ Willie $\to$ Robert $\to$ Doris $\to$ Joan $\to$ Sarah $\to$ Gloria $\to$ Julia $\to$ Russell $\to$ Rebecca $\to$ Nicholas $\to$ Danielle $\to$ Brandon $\to$ Roy $\to$ Stephen $\to$ Martha $\to$ Teresa $\to$ Julie $\to$ Alice $\to$ Amy $\to$ Nancy $\to$ Kyle $\to$ Scott $\to$ Roger $\to$ Debra $\to$ Anthony $\to$ James)
51. Ruth is Ann's ancestor. (Ruth $\to$ Ann $\to$ Laura $\to$ Daniel $\to$ Larry $\to$ Michael $\to$ Olivia $\to$ Richard $\to$ Kenneth $\to$ Karen $\to$ Dylan $\to$ Eugene $\to$ Edward $\to$ Shirley $\to$ Jeffrey $\to$ Kayla $\to$ Lisa $\to$ Marilyn $\to$ Jason $\to$ Virginia $\to$ Logan $\to$ Jose $\to$ Keith $\to$ John $\to$ Betty $\to$ Philip $\to$ Willie $\to$ Robert $\to$ Doris $\to$ Joan $\to$ Sarah $\to$ Gloria $\to$ Julia $\to$ Russell $\to$ Rebecca $\to$ Nicholas $\to$ Danielle $\to$ Brandon $\to$ Roy $\to$ Stephen $\to$ Martha $\to$ Teresa $\to$ Julie $\to$ Alice $\to$ Amy $\to$ Nancy $\to$ Kyle $\to$ Scott $\to$ Roger $\to$ Debra $\to$ Anthony $\to$ James)
52. Eric is Ruth's ancestor. (Eric $\to$ Ruth $\to$ Ann $\to$ Laura $\to$ Daniel $\to$ Larry $\to$ Michael $\to$ Olivia $\to$ Richard $\to$ Kenneth $\to$ Karen $\to$ Dylan $\to$ Eugene $\to$ Edward $\to$ Shirley $\to$ Jeffrey $\to$ Kayla $\to$ Lisa $\to$ Marilyn $\to$ Jason $\to$ Virginia $\to$ Logan $\to$ Jose $\to$ Keith $\to$ John $\to$ Betty $\to$ Philip $\to$ Willie $\to$ Robert $\to$ Doris $\to$ Joan $\to$ Sarah $\to$ Gloria $\to$ Julia $\to$ Russell $\to$ Rebecca $\to$ Nicholas $\to$ Danielle $\to$ Brandon $\to$ Roy $\to$ Stephen $\to$ Martha $\to$ Teresa $\to$ Julie $\to$ Alice $\to$ Amy $\to$ Nancy $\to$ Kyle $\to$ Scott $\to$ Roger $\to$ Debra $\to$ Anthony $\to$ James)
53. Eric is Sara's descendant. (Sara $\to$ Eric $\to$ Ruth $\to$ Ann $\to$ Laura $\to$ Daniel $\to$ Larry $\to$ Michael $\to$ Olivia $\to$ Richard $\to$ Kenneth $\to$ Karen $\to$ Dylan $\to$ Eugene $\to$ Edward $\to$ Shirley $\to$ Jeffrey $\to$ Kayla $\to$ Lisa $\to$ Marilyn $\to$ Jason $\to$ Virginia $\to$ Logan $\to$ Jose $\to$ Keith $\to$ John $\to$ Betty $\to$ Philip $\to$ Willie $\to$ Robert $\to$ Doris $\to$ Joan $\to$ Sarah $\to$ Gloria $\to$ Julia $\to$ Russell $\to$ Rebecca $\to$ Nicholas $\to$ Danielle $\to$ Brandon $\to$ Roy $\to$ Stephen $\to$ Martha $\to$ Teresa $\to$ Julie $\to$ Alice $\to$ Amy $\to$ Nancy $\to$ Kyle $\to$ Scott $\to$ Roger $\to$ Debra $\to$ Anthony $\to$ James)
54. Jessica is Sara's ancestor. (Jessica $\to$ Sara $\to$ Eric $\to$ Ruth $\to$ Ann $\to$ Laura $\to$ Daniel $\to$ Larry $\to$ Michael $\to$ Olivia $\to$ Richard $\to$ Kenneth $\to$ Karen $\to$ Dylan $\to$ Eugene $\to$ Edward $\to$ Shirley $\to$ Jeffrey $\to$ Kayla $\to$ Lisa $\to$ Marilyn $\to$ Jason $\to$ Virginia $\to$ Logan $\to$ Jose $\to$ Keith $\to$ John $\to$ Betty $\to$ Philip $\to$ Willie $\to$ Robert $\to$ Doris $\to$ Joan $\to$ Sarah $\to$ Gloria $\to$ Julia $\to$ Russell $\to$ Rebecca $\to$ Nicholas $\to$ Danielle $\to$ Brandon $\to$ Roy $\to$ Stephen $\to$ Martha $\to$ Teresa $\to$ Julie $\to$ Alice $\to$ Amy $\to$ Nancy $\to$ Kyle $\to$ Scott $\to$ Roger $\to$ Debra $\to$ Anthony $\to$ James)
55. Samuel is Jessica's ancestor. (Samuel $\to$ Jessica $\to$ Sara $\to$ Eric $\to$ Ruth $\to$ Ann $\to$ Laura $\to$ Daniel $\to$ Larry $\to$ Michael $\to$ Olivia $\to$ Richard $\to$ Kenneth $\to$ Karen $\to$ Dylan $\to$ Eugene $\to$ Edward $\to$ Shirley $\to$ Jeffrey $\to$ Kayla $\to$ Lisa $\to$ Marilyn $\to$ Jason $\to$ Virginia $\to$ Logan $\to$ Jose $\to$ Keith $\to$ John $\to$ Betty $\to$ Philip $\to$ Willie $\to$ Robert $\to$ Doris $\to$ Joan $\to$ Sarah $\to$ Gloria $\to$ Julia $\to$ Russell $\to$ Rebecca $\to$ Nicholas $\to$ Danielle $\to$ Brandon $\to$ Roy $\to$ Stephen $\to$ Martha $\to$ Teresa $\to$ Julie $\to$ Alice $\to$ Amy $\to$ Nancy $\to$ Kyle $\to$ Scott $\to$ Roger $\to$ Debra $\to$ Anthony $\to$ James)
56. Samuel is Elijah's descendant. (Elijah $\to$ Samuel $\to$ Jessica $\to$ Sara $\to$ Eric $\to$ Ruth $\to$ Ann $\to$ Laura $\to$ Daniel $\to$ Larry $\to$ Michael $\to$ Olivia $\to$ Richard $\to$ Kenneth $\to$ Karen $\to$ Dylan $\to$ Eugene $\to$ Edward $\to$ Shirley $\to$ Jeffrey $\to$ Kayla $\to$ Lisa $\to$ Marilyn $\to$ Jason $\to$ Virginia $\to$ Logan $\to$ Jose $\to$ Keith $\to$ John $\to$ Betty $\to$ Philip $\to$ Willie $\to$ Robert $\to$ Doris $\to$ Joan $\to$ Sarah $\to$ Gloria $\to$ Julia $\to$ Russell $\to$ Rebecca $\to$ Nicholas $\to$ Danielle $\to$ Brandon $\to$ Roy $\to$ Stephen $\to$ Martha $\to$ Teresa $\to$ Julie $\to$ Alice $\to$ Amy $\to$ Nancy $\to$ Kyle $\to$ Scott $\to$ Roger $\to$ Debra $\to$ Anthony $\to$ James)
57. Elijah is Wayne's descendant. (Wayne $\to$ Elijah $\to$ Samuel $\to$ Jessica $\to$ Sara $\to$ Eric $\to$ Ruth $\to$ Ann $\to$ Laura $\to$ Daniel $\to$ Larry $\to$ Michael $\to$ Olivia $\to$ Richard $\to$ Kenneth $\to$ Karen $\to$ Dylan $\to$ Eugene $\to$ Edward $\to$ Shirley $\to$ Jeffrey $\to$ Kayla $\to$ Lisa $\to$ Marilyn $\to$ Jason $\to$ Virginia $\to$ Logan $\to$ Jose $\to$ Keith $\to$ John $\to$ Betty $\to$ Philip $\to$ Willie $\to$ Robert $\to$ Doris $\to$ Joan $\to$ Sarah $\to$ Gloria $\to$ Julia $\to$ Russell $\to$ Rebecca $\to$ Nicholas $\to$ Danielle $\to$ Brandon $\to$ Roy $\to$ Stephen $\to$ Martha $\to$ Teresa $\to$ Julie $\to$ Alice $\to$ Amy $\to$ Nancy $\to$ Kyle $\to$ Scott $\to$ Roger $\to$ Debra $\to$ Anthony $\to$ James)
58. Theresa is Wayne's ancestor. (Theresa $\to$ Wayne $\to$ Elijah $\to$ Samuel $\to$ Jessica $\to$ Sara $\to$ Eric $\to$ Ruth $\to$ Ann $\to$ Laura $\to$ Daniel $\to$ Larry $\to$ Michael $\to$ Olivia $\to$ Richard $\to$ Kenneth $\to$ Karen $\to$ Dylan $\to$ Eugene $\to$ Edward $\to$ Shirley $\to$ Jeffrey $\to$ Kayla $\to$ Lisa $\to$ Marilyn $\to$ Jason $\to$ Virginia $\to$ Logan $\to$ Jose $\to$ Keith $\to$ John $\to$ Betty $\to$ Philip $\to$ Willie $\to$ Robert $\to$ Doris $\to$ Joan $\to$ Sarah $\to$ Gloria $\to$ Julia $\to$ Russell $\to$ Rebecca $\to$ Nicholas $\to$ Danielle $\to$ Brandon $\to$ Roy $\to$ Stephen $\to$ Martha $\to$ Teresa $\to$ Julie $\to$ Alice $\to$ Amy $\to$ Nancy $\to$ Kyle $\to$ Scott $\to$ Roger $\to$ Debra $\to$ Anthony $\to$ James)
59. Frank is Theresa's ancestor. (Frank $\to$ Theresa $\to$ Wayne $\to$ Elijah $\to$ Samuel $\to$ Jessica $\to$ Sara $\to$ Eric $\to$ Ruth $\to$ Ann $\to$ Laura $\to$ Daniel $\to$ Larry $\to$ Michael $\to$ Olivia $\to$ Richard $\to$ Kenneth $\to$ Karen $\to$ Dylan $\to$ Eugene $\to$ Edward $\to$ Shirley $\to$ Jeffrey $\to$ Kayla $\to$ Lisa $\to$ Marilyn $\to$ Jason $\to$ Virginia $\to$ Logan $\to$ Jose $\to$ Keith $\to$ John $\to$ Betty $\to$ Philip $\to$ Willie $\to$ Robert $\to$ Doris $\to$ Joan $\to$ Sarah $\to$ Gloria $\to$ Julia $\to$ Russell $\to$ Rebecca $\to$ Nicholas $\to$ Danielle $\to$ Brandon $\to$ Roy $\to$ Stephen $\to$ Martha $\to$ Teresa $\to$ Julie $\to$ Alice $\to$ Amy $\to$ Nancy $\to$ Kyle $\to$ Scott $\to$ Roger $\to$ Debra $\to$ Anthony $\to$ James)
60. Frank is Margaret's descendant. (Margaret $\to$ Frank $\to$ Theresa $\to$ Wayne $\to$ Elijah $\to$ Samuel $\to$ Jessica $\to$ Sara $\to$ Eric $\to$ Ruth $\to$ Ann $\to$ Laura $\to$ Daniel $\to$ Larry $\to$ Michael $\to$ Olivia $\to$ Richard $\to$ Kenneth $\to$ Karen $\to$ Dylan $\to$ Eugene $\to$ Edward $\to$ Shirley $\to$ Jeffrey $\to$ Kayla $\to$ Lisa $\to$ Marilyn $\to$ Jason $\to$ Virginia $\to$ Logan $\to$ Jose $\to$ Keith $\to$ John $\to$ Betty $\to$ Philip $\to$ Willie $\to$ Robert $\to$ Doris $\to$ Joan $\to$ Sarah $\to$ Gloria $\to$ Julia $\to$ Russell $\to$ Rebecca $\to$ Nicholas $\to$ Danielle $\to$ Brandon $\to$ Roy $\to$ Stephen $\to$ Martha $\to$ Teresa $\to$ Julie $\to$ Alice $\to$ Amy $\to$ Nancy $\to$ Kyle $\to$ Scott $\to$ Roger $\to$ Debra $\to$ Anthony $\to$ James)

So James is a descendant of Margaret.

Since both Christopher and James are descendants of Margaret, they share a common ancestor. The options provided are:
1. Christopher is James's descendant.
2. Christopher and James share a common descendant.
3. Christopher is James's ancestor.
4. Christopher and James share a common ancestor.
5. None of the above is correct.

The correct answer is 4.

<ANSWER>4</ANSWER>"
128,COMMON_DESCENDANT,3,"Given the following lineage relationships:
* Bruce is Roger's descendant.
* Donna is Jesse's descendant.
* Barbara is Sophia's ancestor.
* Diane is Karen's ancestor.
* Jordan is Noah's descendant.
* Carol is Rebecca's ancestor.
* Kimberly is Marie's descendant.
* Hannah is Amy's ancestor.
* Alexander is Brittany's descendant.
* Sean is Kimberly's descendant.
* Mark is Kathleen's descendant.
* Alice is Marilyn's descendant.
* Donald is Benjamin's ancestor.
* Jeffrey is Eric's ancestor.
* Janet is Keith's descendant.
* Philip is Abigail's ancestor.
* Jean is Denise's descendant.
* Shirley is Timothy's ancestor.
* Philip is Sean's descendant.
* Jacob is Elizabeth's ancestor.
* Randy is Amanda's ancestor.
* Grace is John's descendant.
* Jeffrey is Gregory's descendant.
* Victoria is David's ancestor.
* Raymond is Virginia's ancestor.
* Rebecca is Charlotte's ancestor.
* Rachel is Douglas's ancestor.
* Steven is Roger's ancestor.
* Ashley is Mark's descendant.
* Justin is Frank's ancestor.
* Diane is Michelle's descendant.
* Stephanie is Alice's descendant.
* Nancy is Eugene's descendant.
* Jessica is Cheryl's ancestor.
* Lisa is Walter's ancestor.
* Daniel is Sophia's descendant.
* Nicole is Danielle's ancestor.
* Frances is Eric's descendant.
* Gabriel is Janet's descendant.
* Logan is Bobby's ancestor.
* Richard is Brittany's ancestor.
* Michael is Brenda's ancestor.
* Sara is Christine's descendant.
* Frances is Amber's ancestor.
* Linda is Elizabeth's descendant.
* Maria is Brenda's descendant.
* Christine is Matthew's descendant.
* Angela is Shirley's ancestor.
* Janice is Carolyn's descendant.
* Lori is Zachary's ancestor.
* Helen is Anthony's ancestor.
* Deborah is Carolyn's ancestor.
* Jacqueline is Richard's ancestor.
* Randy is Frank's descendant.
* Angela is Albert's descendant.
* Bruce is Michael's ancestor.
* Kathryn is Vincent's descendant.
* Lauren is Debra's ancestor.
* Cheryl is Gregory's ancestor.
* Doris is Elijah's descendant.
* Marilyn is Joseph's descendant.
* Deborah is Olivia's descendant.
* Dorothy is Joshua's descendant.
* Samantha is Keith's ancestor.
* Judy is Juan's descendant.
* Daniel is Steven's ancestor.
* Stephanie is Beverly's ancestor.
* James is Donna's descendant.
* Russell is Linda's descendant.
* Bobby is Alexis's ancestor.
* Maria is Rachel's ancestor.
* Walter is Madison's ancestor.
* Jesse is Billy's descendant.
* Susan is Jason's descendant.
* Zachary is Peter's ancestor.
* Dylan is Amy's descendant.
* Raymond is Betty's descendant.
* Alan is Ethan's descendant.
* Charlotte is Joshua's ancestor.
* Jacob is Charles's descendant.
* John is Anthony's descendant.
* Russell is Sara's descendant.
* Melissa is Jessica's ancestor.
* Matthew is Carl's descendant.
* Jennifer is Marie's ancestor.
* Wayne is Ashley's descendant.
* Wayne is Noah's ancestor.
* Joe is Ethan's ancestor.
* David is Jose's ancestor.
* Jean is Michelle's ancestor.
* Julia is Samantha's ancestor.
* Grace is Cynthia's ancestor.
* Heather is Juan's ancestor.
* Charles is Peter's descendant.
* Alexis is Denise's ancestor.
* Karen is Hannah's ancestor.
* Kathleen is Willie's descendant.
* Scott is Helen's ancestor.
* James is Gerald's ancestor.
* Danielle is Jacqueline's ancestor.
* Albert is Douglas's descendant.
* Eugene is Jordan's descendant.
* Alexander is Heather's ancestor.
* Gabriel is Billy's ancestor.
* Cynthia is Carol's ancestor.
* Kathryn is Joseph's ancestor.
* Madison is Elijah's ancestor.
* Jason is Benjamin's descendant.
* Virginia is Bradley's ancestor.
* Bradley is Vincent's ancestor.
* Lori is Dylan's descendant.
* Barbara is Beverly's descendant.
* Willie is Amanda's descendant.
* Scott is Doris's descendant.
* Aaron is Jose's descendant.
* Victoria is Gerald's descendant.
* Lauren is Aaron's descendant.
* Judy is Julia's ancestor.
* Olivia is Susan's descendant.
* Dorothy is Joe's ancestor.
* Janice is Betty's ancestor.
* Nancy is Nicole's ancestor.
* Abigail is Melissa's ancestor.
* Amber is Donald's ancestor.
* Logan is Debra's descendant.
* Timothy is Lisa's ancestor.
* Carl is Alan's descendant.
Determine the lineage relationship between Jennifer and Justin.
Select the correct answer:
1. Jennifer is Justin's descendant.
2. Jennifer is Justin's ancestor.
3. Jennifer and Justin share a common descendant.
4. Jennifer and Justin share a common ancestor.
5. None of the above is correct.
Enclose the selected answer number in the <ANSWER> tag, for example: <ANSWER>1</ANSWER>.",z-ai/glm-4.7,Parasail,,,"Based on the provided lineage relationships, we can trace a continuous path connecting Justin and Jennifer.

Starting from **Justin**:
1.  Justin is Frank's ancestor. (Justin -> Frank)
2.  Randy is Frank's descendant. (Frank -> Randy)
3.  Randy is Amanda's ancestor. (Randy -> Amanda)
4.  Willie is Amanda's descendant. (Amanda -> Willie)
5.  Kathleen is Willie's descendant. (Willie -> Kathleen)
6.  Mark is Kathleen's descendant. (Kathleen -> Mark)
7.  Ashley is Mark's descendant. (Mark -> Ashley)
8.  Wayne is Ashley's descendant. (Ashley -> Wayne)
9.  Wayne is Noah's ancestor. (Wayne -> Noah)
10. Jordan is Noah's descendant. (Noah -> Jordan)
11. Eugene is Jordan's descendant. (Jordan -> Eugene)
12. Nancy is Eugene's descendant. (Eugene -> Nancy)
13. Nancy is Nicole's ancestor. (Nancy -> Nicole)
14. Nicole is Danielle's ancestor. (Nicole -> Danielle)
15. Danielle is Jacqueline's ancestor. (Danielle -> Jacqueline)
16. Jacqueline is Richard's ancestor. (Jacqueline -> Richard)
17. Richard is Brittany's ancestor. (Richard -> Brittany)
18. Alexander is Brittany's descendant. (Brittany -> Alexander)
19. Alexander is Heather's ancestor. (Alexander -> Heather)
20. Heather is Juan's ancestor. (Heather -> Juan)
21. Judy is Juan's descendant. (Juan -> Judy)
22. Judy is Julia's ancestor. (Judy -> Julia)
23. Julia is Samantha's ancestor. (Julia -> Samantha)
24. Samantha is Keith's ancestor. (Samantha -> Keith)
25. Janet is Keith's descendant. (Keith -> Janet)
26. Gabriel is Janet's descendant. (Janet -> Gabriel)
27. Gabriel is Billy's ancestor. (Gabriel -> Billy)
28. Jesse is Billy's descendant. (Billy -> Jesse)
29. Donna is Jesse's descendant. (Jesse -> Donna)
30. James is Donna's descendant. (Donna -> James)
31. James is Gerald's ancestor. (James -> Gerald)
32. Victoria is Gerald's descendant. (Gerald -> Victoria)
33. Victoria is David's ancestor. (Victoria -> David)
34. David is Jose's ancestor. (David -> Jose)
35. Aaron is Jose's descendant. (Jose -> Aaron)
36. Lauren is Aaron's descendant. (Aaron -> Lauren)
37. Lauren is Debra's ancestor. (Lauren -> Debra)
38. Logan is Debra's descendant. (Debra -> Logan)
39. Logan is Bobby's descendant. (Bobby -> Logan)
40. Bobby is Alexis's ancestor. (Bobby -> Alexis)
41. Alexis is Denise's ancestor. (Alexis -> Denise)
42. Jean is Denise's descendant. (Denise -> Jean)
43. Jean is Michelle's ancestor. (Jean -> Michelle)
44. Diane is Michelle's descendant. (Michelle -> Diane)
45. Diane is Karen's ancestor. (Diane -> Karen)
46. Karen is Hannah's ancestor. (Karen -> Hannah)
47. Hannah is Amy's ancestor. (Hannah -> Amy)
48. Dylan is Amy's descendant. (Amy -> Dylan)
49. Lori is Dylan's descendant. (Dylan -> Lori)
50. Lori is Zachary's ancestor. (Lori -> Zachary)
51. Zachary is Peter's ancestor. (Zachary -> Peter)
52. Charles is Peter's descendant. (Peter -> Charles)
53. Jacob is Charles's descendant. (Charles -> Jacob)
54. Jacob is Elizabeth's ancestor. (Jacob -> Elizabeth)
55. Linda is Elizabeth's descendant. (Elizabeth -> Linda)
56. Russell is Linda's descendant. (Linda -> Russell)
57. Russell is Sara's descendant. (Russell -> Sara)
58. Sara is Christine's descendant. (Sara -> Christine)
59. Christine is Matthew's descendant. (Christine -> Matthew)
60. Matthew is Carl's descendant. (Matthew -> Carl)
61. Carl is Alan's descendant. (Carl -> Alan)
62. Alan is Ethan's descendant. (Alan -> Ethan)
63. Joe is Ethan's ancestor. (Ethan -> Joe)
64. Dorothy is Joe's ancestor. (Joe -> Dorothy)
65. Dorothy is Joshua's descendant. (Joshua -> Dorothy)
66. Charlotte is Joshua's ancestor. (Charlotte -> Joshua)
67. Rebecca is Charlotte's ancestor. (Rebecca -> Charlotte)
68. Carol is Rebecca's ancestor. (Carol -> Rebecca)
69. Cynthia is Carol's ancestor. (Cynthia -> Carol)
70. Grace is Cynthia's ancestor. (Grace -> Cynthia)
71. Grace is John's descendant. (John -> Grace)
72. John is Anthony's descendant. (Anthony -> John)
73. Helen is Anthony's ancestor. (Helen -> Anthony)
74. Scott is Helen's ancestor. (Scott -> Helen)
75. Scott is Doris's descendant. (Doris -> Scott)
76. Doris is Elijah's descendant. (Doris -> Elijah)
77. Madison is Elijah's ancestor. (Madison -> Elijah)
78. Walter is Madison's ancestor. (Walter -> Madison)
79. Lisa is Walter's ancestor. (Lisa -> Walter)
80. Timothy is Lisa's ancestor. (Timothy -> Lisa)
81. Shirley is Timothy's ancestor. (Shirley -> Timothy)
82. Angela is Shirley's ancestor. (Angela -> Shirley)
83. Angela is Albert's descendant. (Albert -> Angela)
84. Albert is Douglas's descendant. (Douglas -> Albert)
85. Rachel is Douglas's ancestor. (Rachel -> Douglas)
86. Maria is Rachel's ancestor. (Maria -> Rachel)
87. Maria is Brenda's descendant. (Brenda -> Maria)
88. Michael is Brenda's ancestor. (Michael -> Brenda)
89. Bruce is Michael's ancestor. (Bruce -> Michael)
90. Bruce is Roger's descendant. (Roger -> Bruce)
91. Steven is Roger's ancestor. (Steven -> Roger)
92. Daniel is Steven's ancestor. (Daniel -> Steven)
93. Daniel is Sophia's descendant. (Sophia -> Daniel)
94. Barbara is Sophia's ancestor. (Barbara -> Sophia)
95. Barbara is Beverly's descendant. (Beverly -> Barbara)
96. Stephanie is Beverly's ancestor. (Stephanie -> Beverly)
97. Stephanie is Alice's descendant. (Alice -> Stephanie)
98. Alice is Marilyn's descendant. (Marilyn -> Alice)
99. Marilyn is Joseph's descendant. (Joseph -> Marilyn)
100. Kathryn is Joseph's ancestor. (Kathryn -> Joseph)
101. Kathryn is Vincent's descendant. (Vincent -> Kathryn)
102. Bradley is Vincent's ancestor. (Bradley -> Vincent)
103. Virginia is Bradley's ancestor. (Virginia -> Bradley)
104. Raymond is Virginia's descendant. (Raymond -> Virginia)
105. Janice is Betty's ancestor. (Janice -> Betty)
106. Raymond is Betty's descendant. (Betty -> Raymond)
107. Deborah is Carolyn's ancestor. (Deborah -> Carolyn)
108. Janice is Carolyn's descendant. (Carolyn -> Janice)
109. Deborah is Olivia's descendant. (Olivia -> Deborah)
110. Olivia is Susan's descendant. (Susan -> Olivia)
111. Susan is Jason's descendant. (Jason -> Susan)
112. Jason is Benjamin's descendant. (Benjamin -> Jason)
113. Donald is Benjamin's ancestor. (Donald -> Benjamin)
114. Amber is Donald's ancestor. (Amber -> Donald)
115. Frances is Amber's ancestor. (Frances -> Amber)
116. Frances is Eric's descendant. (Eric -> Frances)
117. Jeffrey is Eric's ancestor. (Jeffrey -> Eric)
118. Jeffrey is Gregory's descendant. (Gregory -> Jeffrey)
119. Cheryl is Gregory's ancestor. (Cheryl -> Gregory)
120. Jessica is Cheryl's ancestor. (Jessica -> Cheryl)
121. Melissa is Jessica's ancestor. (Melissa -> Jessica)
122. Abigail is Melissa's ancestor. (Abigail -> Melissa)
123. Philip is Abigail's ancestor. (Philip -> Abigail)
124. Philip is Sean's descendant. (Sean -> Philip)
125. Kimberly is Marie's descendant. (Marie -> Kimberly)
126. Jennifer is Marie's ancestor. (Jennifer -> Marie)

The trace reveals a continuous lineage:
Justin -> Frank -> Randy -> Amanda -> Willie -> ... -> Marie -> Jennifer.

Since the lineage flows from Justin to Jennifer, Justin is the ancestor and Jennifer is the descendant.

<ANSWER>1</ANSWER>"
128,ANCESTOR,4,"Given the following lineage relationships:
* Ethan is Gregory's descendant.
* Heather is Paul's ancestor.
* Roy is Albert's descendant.
* Frank is Brandon's ancestor.
* Samantha is Mary's descendant.
* Ashley is Denise's ancestor.
* Ruth is Ronald's ancestor.
* Emma is Austin's descendant.
* Brittany is Ann's descendant.
* Samuel is Kathryn's descendant.
* Gerald is Diane's ancestor.
* Betty is Bradley's ancestor.
* Jerry is Christian's descendant.
* Ralph is Joe's ancestor.
* Beverly is Christian's ancestor.
* Judy is Jesse's descendant.
* Gabriel is Maria's ancestor.
* Amanda is Joseph's descendant.
* Teresa is Deborah's descendant.
* Stephen is Theresa's ancestor.
* Judith is Larry's ancestor.
* Janet is Robert's descendant.
* Olivia is Andrea's descendant.
* Bryan is Adam's ancestor.
* Amanda is Benjamin's ancestor.
* Roy is Gregory's ancestor.
* Bradley is Patricia's ancestor.
* Eric is Emma's descendant.
* Bruce is Christopher's ancestor.
* Debra is Michael's ancestor.
* Elijah is Nathan's ancestor.
* Kathryn is Kathleen's descendant.
* Diane is Brian's ancestor.
* Anna is Zachary's ancestor.
* Olivia is Joshua's ancestor.
* Albert is Shirley's descendant.
* Jack is Beverly's ancestor.
* Andrew is Ruth's ancestor.
* Heather is Donna's descendant.
* Jonathan is Zachary's descendant.
* Sharon is Dorothy's descendant.
* Natalie is Grace's ancestor.
* Kevin is Katherine's descendant.
* Harold is Doris's ancestor.
* Kathleen is Barbara's descendant.
* Dorothy is Michael's descendant.
* Katherine is Pamela's descendant.
* Carolyn is Anthony's ancestor.
* Abigail is Noah's descendant.
* Gary is Charles's ancestor.
* Andrew is Arthur's descendant.
* Judith is Lawrence's descendant.
* Denise is Alice's ancestor.
* Larry is Jordan's ancestor.
* Jeremy is Brandon's descendant.
* Madison is Patricia's descendant.
* Arthur is Paul's descendant.
* Brittany is Jeffrey's ancestor.
* Jessica is Evelyn's ancestor.
* Helen is Julia's ancestor.
* Cheryl is James's ancestor.
* Victoria is Gabriel's ancestor.
* Gary is Julia's descendant.
* Henry is Stephen's ancestor.
* Natalie is Linda's descendant.
* Elijah is Adam's descendant.
* Lawrence is Samantha's descendant.
* Samuel is Jack's ancestor.
* Aaron is Amber's ancestor.
* Deborah is Brenda's descendant.
* Stephanie is Tyler's descendant.
* Aaron is Sharon's descendant.
* Jacqueline is Anthony's descendant.
* Gerald is Jeremy's descendant.
* Victoria is Rachel's descendant.
* Robert is Charles's descendant.
* Nicole is Ralph's ancestor.
* Cheryl is Grace's descendant.
* Carolyn is Raymond's descendant.
* David is Jean's ancestor.
* Anna is Benjamin's descendant.
* Danielle is Julie's descendant.
* Noah is Nicholas's descendant.
* Logan is Christopher's descendant.
* Joseph is Madison's descendant.
* Ryan is Jerry's descendant.
* Vincent is Nicholas's ancestor.
* Janice is Megan's ancestor.
* Douglas is Frank's ancestor.
* Henry is Joe's descendant.
* Alice is Andrea's ancestor.
* Christine is Helen's ancestor.
* Bobby is John's ancestor.
* Tyler is Ronald's descendant.
* Austin is Evelyn's descendant.
* Brian is Karen's ancestor.
* John is Christine's ancestor.
* Nicole is Jeffrey's descendant.
* Teresa is Linda's ancestor.
* Danielle is Pamela's ancestor.
* Michelle is Ann's ancestor.
* Betty is Doris's descendant.
* Jesse is Karen's descendant.
* Frances is Debra's ancestor.
* Logan is Frances's ancestor.
* Mary is Jonathan's descendant.
* Marie is Rachel's ancestor.
* Marie is Abigail's descendant.
* Stephanie is Alan's ancestor.
* Jordan is Janice's ancestor.
* Barbara is Nathan's descendant.
* Jessica is Judy's descendant.
* Shirley is Theresa's descendant.
* Joshua is Brenda's ancestor.
* Ethan is Kyle's ancestor.
* Edward is Amber's descendant.
* Julie is Janet's descendant.
* Jacqueline is Donna's ancestor.
* Ryan is Raymond's ancestor.
* Bobby is Megan's descendant.
* Kyle is Douglas's ancestor.
* James is Michelle's ancestor.
* Alan is Vincent's ancestor.
* Edward is David's ancestor.
* Eric is Bruce's ancestor.
* Ashley is Maria's descendant.
* Kevin is Bryan's ancestor.
Determine the lineage relationship between Harold and Jean.
Select the correct answer:
1. Harold is Jean's descendant.
2. Harold and Jean share a common ancestor.
3. Harold and Jean share a common descendant.
4. Harold is Jean's ancestor.
5. None of the above is correct.
Enclose the selected answer number in the <ANSWER> tag, for example: <ANSWER>1</ANSWER>.",z-ai/glm-4.7,Parasail,,,"Based on the provided lineage relationships, we can construct two separate chains of ancestors and descendants.

**Chain 1: Starting with Harold**
1.  **Harold** is Doris's ancestor (44).
2.  **Betty** is Doris's descendant (91), so Doris is Betty's ancestor.
3.  **Betty** is Bradley's ancestor (12).
4.  **Bradley** is Patricia's ancestor (27).
5.  **Madison** is Patricia's descendant (56), so Patricia is Madison's ancestor.
6.  **Joseph** is Madison's descendant (84), so Madison is Joseph's ancestor.
7.  **Amanda** is Joseph's descendant (18), so Joseph is Amanda's ancestor.
8.  **Amanda** is Benjamin's ancestor (25).
9.  **Anna** is Benjamin's descendant (117), so Benjamin is Anna's ancestor.
10. **Anna** is Zachary's ancestor (34).
11. **Jonathan** is Zachary's descendant (40), so Zachary is Jonathan's ancestor.
12. **Mary** is Jonathan's descendant (96), so Jonathan is Mary's ancestor.
13. **Samantha** is Mary's descendant (5), so Mary is Samantha's ancestor.
14. **Lawrence** is Samantha's descendant (129), so Samantha is Lawrence's ancestor.
15. **Judith** is Lawrence's descendant (52), so Lawrence is Judith's ancestor.
16. **Judith** is Larry's ancestor (21).
17. **Larry** is Jordan's ancestor (54).
18. **Jordan** is Janice's ancestor (122).
19. **Janice** is Megan's ancestor (103).
20. **Bobby** is Megan's descendant (126), so Megan is Bobby's ancestor.
21. **Bobby** is John's ancestor (125).
22. **John** is Christine's ancestor (126).
23. **Christine** is Helen's ancestor (122).
24. **Helen** is Julia's ancestor (60).
25. **Gary** is Julia's descendant (104), so Julia is Gary's ancestor.
26. **Gary** is Charles's ancestor (50).
27. **Robert** is Charles's descendant (101), so Charles is Robert's ancestor.
28. **Janet** is Robert's descendant (22), so Robert is Janet's ancestor.
29. **Julie** is Janet's descendant (118), so Janet is Julie's ancestor.
30. **Danielle** is Julie's descendant (115), so Julie is Danielle's ancestor.
31. **Danielle** is Pamela's ancestor (117).
32. **Katherine** is Pamela's descendant (47), so Pamela is Katherine's ancestor.
33. **Kevin** is Katherine's descendant (43), so Katherine is Kevin's ancestor.
34. **Kevin** is Bryan's ancestor (120).
35. **Bryan** is Adam's ancestor (24).
36. **Elijah** is Adam's descendant (126), so Adam is Elijah's ancestor.
37. **Elijah** is Nathan's ancestor (31).
38. **Barbara** is Nathan's descendant (126), so Nathan is Barbara's ancestor.
39. **Kathleen** is Barbara's descendant (45), so Barbara is Kathleen's ancestor.
40. **Kathryn** is Kathleen's descendant (32), so Kathleen is Kathryn's ancestor.
41. **Samuel** is Kathryn's descendant (10), so Kathryn is Samuel's ancestor.
42. **Samuel** is Jack's ancestor (124).
43. **Jack** is Beverly's ancestor (37).
44. **Beverly** is Christian's ancestor (15).
45. **Jerry** is Christian's descendant (13), so Christian is Jerry's ancestor.
46. **Ryan** is Jerry's descendant (127), so Jerry is Ryan's ancestor.
47. **Ryan** is Raymond's ancestor (127).
48. **Carolyn** is Raymond's descendant (121), so Raymond is Carolyn's ancestor.
49. **Carolyn** is Anthony's ancestor (48).
50. **Jacqueline** is Anthony's descendant (126), so Anthony is Jacqueline's ancestor.
51. **Jacqueline** is Donna's ancestor (114).
52. **Heather** is Donna's descendant (39), so Donna is Heather's ancestor.
53. **Heather** is Paul's ancestor (2).
54. **Arthur** is Paul's descendant (57), so Paul is Arthur's ancestor.
55. **Andrew** is Arthur's descendant (51), so Arthur is Andrew's ancestor.
56. **Andrew** is Ruth's ancestor (38).
57. **Ruth** is Ronald's ancestor (7).
58. **Tyler** is Ronald's descendant (125), so Ronald is Tyler's ancestor.
59. **Stephanie** is Tyler's descendant (115).

This chain is **Harold -> ... -> Stephanie**.

**Chain 2: Starting with Jean**
1.  **David** is Jean's ancestor (97).
2.  **Edward** is David's ancestor (110).
3.  **Edward** is Amber's descendant (107), so Amber is Edward's ancestor.
4.  **Amber** is Aaron's descendant (111), so Aaron is Amber's ancestor.
5.  **Aaron** is Sharon's ancestor (113).
6.  **Sharon** is Dorothy's descendant (41), so Dorothy is Sharon's ancestor.
7.  **Dorothy** is Michael's descendant (46), so Michael is Dorothy's ancestor.
8.  **Debra** is Michael's ancestor (30).
9.  **Frances** is Debra's ancestor (124).
10. **Logan** is Frances's ancestor (115).
11. **Logan** is Christopher's descendant (106), so Christopher is Logan's ancestor.
12. **Bruce** is Christopher's ancestor (29).
13. **Eric** is Bruce's descendant (115), so Bruce is Eric's ancestor.
14. **Emma** is Eric's ancestor (28).
15. **Austin** is Emma's ancestor (8).
16. **Evelyn** is Austin's ancestor (90).
17. **Jessica** is Evelyn's ancestor (59).
18. **Jessica** is Judy's descendant (112), so Judy is Jessica's ancestor.
19. **Jesse** is Judy's ancestor (16).
20. **Karen** is Jesse's ancestor (94).
21. **Brian** is Karen's ancestor (83).
22. **Diane** is Brian's ancestor (33).
23. **Gerald** is Diane's ancestor (11).
24. **Jeremy** is Gerald's ancestor (120).
25. **Brandon** is Jeremy's ancestor (55).
26. **Frank** is Brandon's ancestor (4).
27. **Douglas** is Frank's ancestor (127).
28. **Kyle** is Douglas's ancestor (121).
29. **Ethan** is Kyle's ancestor (119).
30. **Ethan** is Gregory's descendant (1), so Gregory is Ethan's ancestor.
31. **Roy** is Gregory's ancestor (26).
32. **Roy** is Albert's descendant (3), so Albert is Roy's ancestor.
33. **Shirley** is Albert's ancestor (36).
34. **Shirley** is Theresa's descendant (122), so Theresa is Shirley's ancestor.
35. **Stephen** is Theresa's ancestor (20).
36. **Henry** is Stephen's ancestor (127).
37. **Henry** is Joe's descendant (127), so Joe is Henry's ancestor.
38. **Ralph** is Joe's ancestor (14).
39. **Nicole** is Ralph's ancestor (100).
40. **Nicole** is Jeffrey's descendant (117), so Jeffrey is Nicole's ancestor.
41. **Brittany** is Jeffrey's ancestor (58).
42. **Ann** is Brittany's ancestor (9).
43. **Michelle** is Ann's ancestor (125).
44. **James** is Michelle's ancestor (125).
45. **Cheryl** is James's ancestor (61).
46. **Cheryl** is Grace's descendant (109), so Grace is Cheryl's ancestor.
47. **Natalie** is Grace's ancestor (42).
48. **Natalie** is Linda's descendant (114), so Linda is Natalie's ancestor.
49. **Teresa** is Linda's ancestor (99).
50. **Teresa** is Deborah's descendant (19), so Deborah is Teresa's ancestor.
51. **Deborah** is Brenda's descendant (125), so Brenda is Deborah's ancestor.
52. **Joshua** is Brenda's ancestor (126).
53. **Olivia** is Joshua's ancestor (35).
54. **Olivia** is Andrea's descendant (23), so Andrea is Olivia's ancestor.
55. **Alice** is Andrea's ancestor (53).
56. **Denise** is Alice's ancestor (53).
57. **Ashley** is Denise's ancestor (6).
58. **Ashley** is Maria's descendant (127), so Maria is Ashley's ancestor.
59. **Gabriel** is Maria's ancestor (17).
60. **Victoria** is Gabriel's ancestor (62).
61. **Victoria** is Rachel's descendant (117), so Rachel is Victoria's ancestor.
62. **Marie** is Rachel's ancestor (123).
63. **Marie** is Abigail's descendant (124), so Abigail is Marie's ancestor.
64. **Abigail** is Noah's descendant (49), so Noah is Abigail's ancestor.
65. **Noah** is Nicholas's descendant (104), so Nicholas is Noah's ancestor.
66. **Vincent** is Nicholas's ancestor (105).
67. **Alan** is Vincent's ancestor (113).

This chain is **Alan -> ... -> Jean**.

There are no common individuals between the chain starting from Harold (ending at Stephanie) and the chain ending at Jean (starting from Alan). There is no provided relationship linking any person in the first chain to any person in the second chain. Therefore, no specific lineage relationship between Harold and Jean can be determined from the given information.

<ANSWER>5</ANSWER>"
128,DESCENDANT,1,"Given the following lineage relationships:
* Kathleen is Keith's descendant.
* Diana is Alan's descendant.
* Gloria is Randy's ancestor.
* Harold is Katherine's ancestor.
* Rachel is Russell's ancestor.
* Bobby is Martha's descendant.
* Ryan is Willie's ancestor.
* Donna is Steven's descendant.
* Kimberly is Brittany's descendant.
* Jeffrey is Donna's descendant.
* Sharon is Jacqueline's descendant.
* Edward is Julia's descendant.
* Aaron is Angela's descendant.
* Terry is Walter's descendant.
* Lisa is Amanda's descendant.
* Nancy is Eric's descendant.
* Robert is Roger's descendant.
* Marilyn is Michael's ancestor.
* Diane is Linda's ancestor.
* Wayne is Heather's ancestor.
* Natalie is Alexis's ancestor.
* Shirley is Timothy's ancestor.
* Danielle is Bradley's descendant.
* Denise is Dylan's ancestor.
* Kathleen is Ryan's ancestor.
* Julie is Joseph's ancestor.
* Kathryn is Timothy's descendant.
* Andrew is Alice's ancestor.
* Christian is Janice's ancestor.
* Charles is Donald's ancestor.
* Gerald is Jennifer's descendant.
* Christina is Michelle's ancestor.
* Richard is Steven's ancestor.
* Billy is Stephanie's descendant.
* Jason is Eric's ancestor.
* Bruce is Peter's ancestor.
* Douglas is Ruth's descendant.
* Patrick is Roger's ancestor.
* Jeffrey is Tyler's ancestor.
* Joshua is Frank's descendant.
* Albert is Emily's descendant.
* Katherine is George's ancestor.
* Ann is Jack's ancestor.
* Marilyn is Alice's descendant.
* Diane is Aaron's descendant.
* Lori is Denise's ancestor.
* Patricia is Gloria's ancestor.
* Willie is Lawrence's ancestor.
* Bobby is Joan's ancestor.
* Margaret is Jacqueline's ancestor.
* Ann is Dorothy's descendant.
* Brenda is Nathan's descendant.
* Richard is Brenda's descendant.
* Marie is Douglas's descendant.
* Martha is Kathryn's descendant.
* Frank is Noah's descendant.
* Billy is Gary's ancestor.
* Logan is Christina's ancestor.
* Bryan is James's descendant.
* Jonathan is Joan's descendant.
* Angela is Michael's descendant.
* Cynthia is Edward's descendant.
* Shirley is Ralph's descendant.
* Olivia is Stephen's ancestor.
* Sean is James's ancestor.
* Jason is Carolyn's descendant.
* Elijah is Marie's descendant.
* Wayne is Elijah's descendant.
* Brittany is Maria's descendant.
* Alan is Melissa's descendant.
* Danielle is Kayla's ancestor.
* Betty is Gary's descendant.
* Betty is Carolyn's ancestor.
* Diana is Charles's ancestor.
* Elizabeth is Patrick's ancestor.
* Margaret is Anna's descendant.
* Debra is Heather's descendant.
* Noah is Benjamin's descendant.
* Ethan is William's ancestor.
* Bradley is Zachary's descendant.
* Laura is Lawrence's descendant.
* Isabella is Joseph's descendant.
* Lisa is Dorothy's ancestor.
* Deborah is Jeremy's descendant.
* Julie is Evelyn's descendant.
* Bryan is Melissa's ancestor.
* Kayla is Evelyn's ancestor.
* Natalie is John's descendant.
* Hannah is Stephanie's ancestor.
* Anthony is Donald's descendant.
* Christian is Sandra's descendant.
* Olivia is Michelle's descendant.
* Barbara is Bruce's ancestor.
* Laura is Paul's ancestor.
* Elizabeth is Cynthia's descendant.
* Hannah is Eugene's descendant.
* Joshua is Judith's ancestor.
* Jerry is Kimberly's descendant.
* Paul is Julia's ancestor.
* Anna is Jonathan's descendant.
* Deborah is Rachel's ancestor.
* Pamela is Janice's descendant.
* Andrew is George's descendant.
* Benjamin is Sharon's descendant.
* Jeremy is Albert's descendant.
* Robert is Maria's ancestor.
* Ronald is Ralph's ancestor.
* William is Sean's ancestor.
* Randy is Jennifer's ancestor.
* Jacob is Sophia's descendant.
* Pamela is Keith's ancestor.
* Amanda is Stephen's descendant.
* Walter is Dylan's descendant.
* Sophia is Nancy's descendant.
* Harold is Debra's descendant.
* Peter is Zachary's ancestor.
* Ruth is Jerry's descendant.
* Anthony is Eugene's ancestor.
* Jacob is Ronald's ancestor.
* Jack is Ethan's ancestor.
* Isabella is Emily's ancestor.
* Russell is Sandra's ancestor.
* Terry is John's ancestor.
* Patricia is Linda's descendant.
* Lori is Judith's descendant.
* Tyler is Logan's ancestor.
* Barbara is Alexis's descendant.
Determine the lineage relationship between Gerald and Nathan.
Select the correct answer:
1. Gerald is Nathan's descendant.
2. Gerald and Nathan share a common ancestor.
3. Gerald and Nathan share a common descendant.
4. Gerald is Nathan's ancestor.
5. None of the above is correct.
Enclose the selected answer number in the <ANSWER> tag, for example: <ANSWER>1</ANSWER>.",z-ai/glm-4.7,Parasail,,,<ANSWER>1</ANSWER>
128,COMMON_ANCESTOR,1,"Given the following lineage relationships:
* Samuel is Linda's descendant.
* Brandon is Judith's descendant.
* Laura is Harold's descendant.
* Nicole is Julia's descendant.
* Austin is Mark's ancestor.
* Thomas is Frances's ancestor.
* Anthony is Mason's descendant.
* William is Nicholas's descendant.
* Susan is Vincent's descendant.
* Nancy is Noah's descendant.
* Logan is Nancy's descendant.
* Wayne is Joshua's descendant.
* Jean is Frank's ancestor.
* Patricia is Jeremy's ancestor.
* Katherine is Charles's descendant.
* George is Doris's ancestor.
* Jacob is Patricia's ancestor.
* Shirley is Timothy's descendant.
* Alan is Thomas's ancestor.
* Philip is Walter's descendant.
* Russell is Patrick's ancestor.
* Eugene is Diana's ancestor.
* Martha is Denise's descendant.
* Susan is Harold's ancestor.
* Janice is Hannah's descendant.
* Martha is Terry's ancestor.
* Carol is Raymond's ancestor.
* Samantha is Paul's ancestor.
* Sharon is Bobby's descendant.
* Jerry is Raymond's descendant.
* Laura is Albert's ancestor.
* Stephen is Olivia's ancestor.
* Alexander is Joan's descendant.
* Michelle is Alexander's descendant.
* Zachary is Roy's ancestor.
* Virginia is Denise's ancestor.
* Dennis is Elijah's descendant.
* Hannah is Katherine's descendant.
* Kathryn is Bruce's ancestor.
* George is Theresa's descendant.
* Cheryl is Russell's ancestor.
* Doris is Joan's ancestor.
* Sean is Amber's descendant.
* Virginia is Olivia's descendant.
* Paul is Mary's ancestor.
* Joe is Diana's descendant.
* Samuel is Kyle's ancestor.
* Abigail is Janice's descendant.
* Ryan is Cynthia's ancestor.
* Zachary is Patrick's descendant.
* Deborah is Jordan's ancestor.
* Shirley is Adam's ancestor.
* Vincent is Sean's descendant.
* Henry is Willie's descendant.
* Benjamin is Joe's descendant.
* Kayla is Anthony's descendant.
* Sandra is Sara's ancestor.
* Pamela is Ryan's ancestor.
* Jeffrey is Noah's ancestor.
* Ann is Logan's descendant.
* Gerald is Jacob's ancestor.
* Tyler is Marilyn's descendant.
* Steven is Pamela's ancestor.
* Walter is Gary's descendant.
* Rebecca is Michael's ancestor.
* Donna is Frances's descendant.
* Philip is Sandra's ancestor.
* Jennifer is Brittany's ancestor.
* Sharon is Billy's ancestor.
* Emily is Tyler's descendant.
* Megan is Roy's descendant.
* Michelle is Kathryn's ancestor.
* Anna is Elijah's ancestor.
* Lisa is William's descendant.
* Catherine is Nicole's descendant.
* Randy is Lisa's descendant.
* Jeremy is John's ancestor.
* Justin is Kenneth's ancestor.
* Gary is Lori's descendant.
* Jessica is Willie's ancestor.
* Christian is Jerry's descendant.
* Mary is Austin's ancestor.
* Jessica is Billy's descendant.
* Heather is Charlotte's descendant.
* Dennis is Charlotte's ancestor.
* Natalie is Brandon's descendant.
* Alan is Kenneth's descendant.
* Mark is Justin's ancestor.
* Cynthia is Carl's ancestor.
* Joshua is Christina's descendant.
* Kayla is Jeffrey's ancestor.
* Nicholas is Andrew's descendant.
* Amanda is Adam's descendant.
* Bruce is Joseph's ancestor.
* Carol is Samantha's ancestor.
* Kelly is Theresa's ancestor.
* John is Lauren's ancestor.
* Steven is Catherine's descendant.
* Brian is Natalie's descendant.
* Lori is Bradley's descendant.
* Jacqueline is Mason's ancestor.
* Brian is Madison's ancestor.
* Julia is Wayne's descendant.
* Bobby is Donna's descendant.
* Isabella is Carl's descendant.
* Charles is Benjamin's descendant.
* Sara is Marilyn's ancestor.
* Amber is Brittany's descendant.
* Linda is Albert's descendant.
* Kyle is Stephen's ancestor.
* Jennifer is Randy's descendant.
* Joseph is Jean's ancestor.
* Rebecca is Henry's descendant.
* Bradley is Christian's descendant.
* Isabella is Cheryl's ancestor.
* Jacqueline is Jordan's descendant.
* Lauren is Judith's ancestor.
* Frank is Christina's ancestor.
* Megan is Anna's ancestor.
* Scott is Michael's descendant.
* Gregory is Gerald's ancestor.
* Abigail is Deborah's ancestor.
* Madison is Kelly's ancestor.
* Emily is Timothy's ancestor.
* Heather is Andrew's ancestor.
* Amanda is Eugene's ancestor.
* Gregory is Ann's descendant.
Determine the lineage relationship between Scott and Terry.
Select the correct answer:
1. Scott and Terry share a common ancestor.
2. Scott and Terry share a common descendant.
3. Scott is Terry's descendant.
4. Scott is Terry's ancestor.
5. None of the above is correct.
Enclose the selected answer number in the <ANSWER> tag, for example: <ANSWER>1</ANSWER>.",z-ai/glm-4.7,Parasail,,,"To determine the relationship between Scott and Terry, we can trace their lineage back from the provided statements.

**Tracing Scott's Lineage:**
1.  Scott is Michael's descendant.
2.  Rebecca is Michael's ancestor.
3.  Rebecca is Henry's descendant.
4.  Henry is Willie's descendant.
5.  Willie is Jessica's descendant. (Note: ""Jessica is Willie's ancestor"" in the list).
6.  Jessica is Billy's descendant.
7.  Billy is Sharon's descendant. (Note: ""Sharon is Billy's ancestor"").
8.  Sharon is Bobby's descendant.
9.  Bobby is Donna's descendant.
10. Donna is Frances's descendant.
11. Frances is Thomas's descendant. (Note: ""Thomas is Frances's ancestor"").
12. Alan is Thomas's ancestor.
13. Alan is Kenneth's descendant. (Note: ""Justin is Kenneth's ancestor"", ""Mark is Justin's ancestor"", etc.).
14. Justin is Kenneth's ancestor.
15. Mark is Justin's ancestor.
16. Austin is Mark's ancestor.
17. Mary is Austin's ancestor.
18. Paul is Mary's ancestor.
19. Samantha is Paul's ancestor.
20. Carol is Samantha's ancestor.
21. Raymond is Carol's ancestor.

So, the chain for Scott is: **Raymond -> ... -> Scott**.

**Tracing Terry's Lineage:**
1.  Martha is Terry's ancestor.
2.  Martha is Denise's descendant.
3.  Virginia is Denise's ancestor.
4.  Virginia is Olivia's descendant.
5.  Stephen is Olivia's ancestor.
6.  Kyle is Stephen's ancestor.
7.  Samuel is Kyle's ancestor.
8.  Samuel is Linda's descendant.
9.  Linda is Albert's descendant.
10. Laura is Albert's ancestor.
11. Laura is Harold's descendant.
12. Susan is Harold's ancestor.
13. Susan is Vincent's descendant.
14. Vincent is Sean's descendant.
15. Sean is Amber's descendant.
16. Amber is Brittany's descendant.
17. Jennifer is Brittany's ancestor.
18. Jennifer is Randy's descendant.
19. Lisa is Randy's ancestor.
20. William is Lisa's ancestor.
21. Nicholas is William's ancestor.
22. Andrew is Nicholas's ancestor. (Note: ""Nicholas is Andrew's descendant"").
23. Heather is Andrew's ancestor.
24. Dennis is Charlotte's ancestor.
25. Heather is Charlotte's descendant.
26. Anna is Elijah's ancestor.
27. Dennis is Elijah's descendant.
28. Megan is Anna's ancestor.
29. Roy is Megan's ancestor. (Note: ""Megan is Roy's descendant"").
30. Zachary is Roy's ancestor.
31. Patrick is Zachary's ancestor.
32. Russell is Patrick's ancestor.
33. Cheryl is Russell's ancestor.
34. Isabella is Cheryl's ancestor.
35. Carl is Isabella's ancestor. (Note: ""Isabella is Carl's descendant"").
36. Cynthia is Carl's ancestor.
37. Ryan is Cynthia's ancestor.
38. Pamela is Ryan's ancestor.
39. Steven is Pamela's ancestor.
40. Catherine is Steven's ancestor.
41. Nicole is Catherine's ancestor.
42. Julia is Nicole's ancestor.
43. Wayne is Julia's ancestor.
44. Joshua is Wayne's ancestor.
45. Christina is Joshua's ancestor.
46. Frank is Christina's ancestor.
47. Jean is Frank's ancestor.
48. Joseph is Jean's ancestor.
49. Bruce is Joseph's ancestor.
50. Kathryn is Bruce's ancestor.
51. Michelle is Kathryn's ancestor.
52. Alexander is Michelle's ancestor.
53. Joan is Alexander's ancestor.
54. Doris is Joan's ancestor.
55. George is Doris's ancestor.
56. Theresa is George's ancestor. (Note: ""George is Theresa's descendant"").
57. Kelly is Theresa's ancestor.
58. Madison is Kelly's ancestor.
59. Brian is Madison's ancestor.
60. Natalie is Brian's ancestor.
61. Brandon is Natalie's ancestor.
62. Judith is Brandon's ancestor.
63. Lauren is Judith's ancestor.
64. John is Lauren's ancestor.
65. Jeremy is John's ancestor.
66. Patricia is Jeremy's ancestor.
67. Jacob is Patricia's ancestor.
68. Gerald is Jacob's ancestor.
69. Gregory is Gerald's ancestor.
70. Ann is Gregory's ancestor. (Note: ""Gregory is Ann's descendant"").
71. Logan is Ann's ancestor.
72. Nancy is Logan's ancestor.
73. Noah is Nancy's ancestor.
74. Jeffrey is Noah's ancestor.
75. Kayla is Jeffrey's ancestor.
76. Anthony is Kayla's ancestor.
77. Mason is Anthony's ancestor.
78. Jacqueline is Mason's ancestor.
79. Jordan is Jacqueline's ancestor.
80. Deborah is Jordan's ancestor.
81. Abigail is Deborah's ancestor.
82. Janice is Abigail's ancestor. (Note: ""Abigail is Janice's descendant"").
83. Hannah is Janice's ancestor.
84. Katherine is Hannah's ancestor.
85. Charles is Katherine's ancestor.
86. Benjamin is Charles's ancestor.
87. Joe is Benjamin's ancestor.
88. Diana is Joe's ancestor.
89. Eugene is Diana's ancestor.
90. Amanda is Eugene's ancestor.
91. Adam is Amanda's ancestor.
92. Shirley is Adam's ancestor.
93. Timothy is Shirley's ancestor.
94. Emily is Timothy's ancestor.
95. Tyler is Emily's ancestor.
96. Marilyn is Tyler's ancestor.
97. Sara is Marilyn's ancestor.
98. Sandra is Sara's ancestor.
99. Philip is Sandra's ancestor.
100. Walter is Philip's ancestor. (Note: ""Philip is Walter's descendant"").
101. Gary is Walter's ancestor.
102. Lori is Gary's ancestor.
103. Bradley is Lori's ancestor.
104. Christian is Bradley's ancestor.
105. Jerry is Christian's ancestor.
106. Raymond is Jerry's ancestor. (Note: ""Jerry is Raymond's descendant"").

So, the chain for Terry is: **Raymond -> ... -> Terry**.

**Conclusion:**
Both Scott and Terry are descendants of Raymond. Therefore, they share a common ancestor.

<ANSWER>1</ANSWER>"
128,COMMON_DESCENDANT,2,"Given the following lineage relationships:
* Kelly is Aaron's descendant.
* Jason is Steven's descendant.
* Janet is Sara's descendant.
* Alexander is Keith's descendant.
* Stephen is Jeffrey's ancestor.
* Sean is Anthony's ancestor.
* Emma is Walter's descendant.
* Jeffrey is Joshua's ancestor.
* Nathan is Pamela's descendant.
* Eugene is Jacqueline's ancestor.
* Jose is Nathan's descendant.
* Ashley is Bryan's descendant.
* Gregory is Douglas's ancestor.
* Joseph is Olivia's ancestor.
* Heather is Madison's ancestor.
* Adam is Beverly's ancestor.
* Charles is Kayla's descendant.
* Paul is Henry's descendant.
* Russell is Heather's ancestor.
* Brian is Anna's descendant.
* Deborah is Christina's ancestor.
* Samantha is Jose's descendant.
* Philip is Arthur's descendant.
* Jennifer is Bobby's ancestor.
* Joshua is Sara's ancestor.
* Ronald is Amy's descendant.
* Dylan is Margaret's ancestor.
* Roger is Katherine's ancestor.
* Linda is Joseph's ancestor.
* Elijah is Randy's ancestor.
* Elizabeth is Michael's ancestor.
* Emily is Laura's descendant.
* Jack is Brian's descendant.
* Arthur is Jean's descendant.
* Martha is Benjamin's descendant.
* Walter is Charles's descendant.
* Beverly is Pamela's ancestor.
* Philip is Kyle's ancestor.
* Olivia is Nicholas's ancestor.
* Anthony is Michelle's ancestor.
* Martha is Elijah's ancestor.
* Rachel is Austin's descendant.
* Andrew is Eugene's ancestor.
* Lisa is Logan's descendant.
* Roy is Ann's descendant.
* Laura is Tyler's descendant.
* Noah is Gerald's ancestor.
* Jennifer is Julie's descendant.
* Carol is William's ancestor.
* Dorothy is Mary's ancestor.
* Donald is Alexander's descendant.
* Thomas is Rachel's descendant.
* Andrea is Doris's descendant.
* Henry is Angela's descendant.
* Kyle is Bradley's ancestor.
* Kelly is Sean's ancestor.
* Mason is Edward's ancestor.
* Debra is Emily's descendant.
* Evelyn is Steven's ancestor.
* Shirley is Roger's ancestor.
* Kathleen is Jesse's ancestor.
* Margaret is Natalie's ancestor.
* Bruce is Stephanie's ancestor.
* Keith is Daniel's descendant.
* Jesse is Noah's ancestor.
* Randy is Kathleen's ancestor.
* Jason is Logan's ancestor.
* Carol is Ashley's descendant.
* Vincent is Lauren's descendant.
* Alan is Adam's ancestor.
* Donald is Harold's ancestor.
* Natalie is Brandon's ancestor.
* Russell is David's descendant.
* Carl is Stephen's ancestor.
* Sandra is Elizabeth's ancestor.
* Dorothy is Juan's descendant.
* Stephanie is Anna's ancestor.
* Dylan is Jacob's descendant.
* Bruce is Ronald's descendant.
* Emma is Marie's ancestor.
* Kenneth is Teresa's ancestor.
* Benjamin is Mary's descendant.
* Frances is Sophia's descendant.
* Juan is Marie's descendant.
* Shirley is Samantha's descendant.
* Bradley is Amy's ancestor.
* Cynthia is Brandon's descendant.
* Janet is Doris's ancestor.
* Ann is Andrea's descendant.
* Dennis is Roy's descendant.
* Nicholas is Betty's ancestor.
* Harold is Aaron's ancestor.
* Willie is Diane's descendant.
* Linda is Gerald's descendant.
* Jerry is Betty's descendant.
* Michelle is John's ancestor.
* Ryan is Brittany's ancestor.
* Jerry is Sandra's ancestor.
* Bobby is Terry's ancestor.
* Terry is Angela's ancestor.
* Kathryn is Thomas's descendant.
* Sophia is Larry's descendant.
* Deborah is Katherine's descendant.
* Daniel is Brenda's descendant.
* Jacob is Brittany's descendant.
* David is Gloria's descendant.
* John is Andrew's ancestor.
* Nicole is Albert's descendant.
* Carl is Michael's descendant.
* Gregory is Cynthia's descendant.
* Nicole is Diane's ancestor.
* Debra is Kayla's ancestor.
* Mason is Jacqueline's descendant.
* Vincent is Julie's ancestor.
* Jack is Tyler's ancestor.
* Paul is Teresa's ancestor.
* Kathryn is Kenneth's ancestor.
* Ryan is Willie's descendant.
* William is Alan's ancestor.
* Danielle is Albert's ancestor.
* Gloria is Frances's descendant.
* Lauren is Lisa's descendant.
* Douglas is Evelyn's ancestor.
* Jean is Edward's descendant.
* Brenda is Madison's descendant.
* Christina is Larry's ancestor.
* Dennis is Danielle's ancestor.
Determine the lineage relationship between Bryan and Austin.
Select the correct answer:
1. Bryan is Austin's ancestor.
2. Bryan and Austin share a common descendant.
3. Bryan and Austin share a common ancestor.
4. Bryan is Austin's descendant.
5. None of the above is correct.
Enclose the selected answer number in the <ANSWER> tag, for example: <ANSWER>1</ANSWER>.",z-ai/glm-4.7,Parasail,,,"Based on the provided lineage relationships, we can trace the lineage of Bryan and Austin to find their connection.

**Tracing Bryan's Lineage:**
1.  Bryan is Ashley's ancestor.
2.  Ashley is Carol's ancestor.
3.  Carol is William's ancestor.
4.  William is Alan's ancestor.
5.  Alan is Adam's ancestor.
6.  Adam is Beverly's ancestor.
7.  Beverly is Pamela's ancestor.
8.  Pamela is Nathan's ancestor.
9.  Nathan is Jose's ancestor.
10. Jose is Samantha's ancestor.
11. Samantha is Shirley's ancestor.
12. Shirley is Roger's ancestor.
13. Roger is Katherine's ancestor.
14. Katherine is Deborah's ancestor.
15. Deborah is Christina's ancestor.
16. Christina is Larry's ancestor.
17. Larry is Sophia's ancestor.
18. Sophia is Frances's ancestor.
19. Frances is Gloria's ancestor.
20. Gloria is David's ancestor.
21. David is Russell's ancestor.
22. Russell is Heather's ancestor.
23. Heather is Madison's ancestor.
24. Madison is Brenda's ancestor.
25. Brenda is Daniel's ancestor.
26. Daniel is Keith's ancestor.
27. Keith is Alexander's ancestor.
28. Alexander is Donald's ancestor.
29. Donald is Harold's ancestor.
30. Harold is Aaron's ancestor.
31. Aaron is Kelly's ancestor.
32. Kelly is Sean's ancestor.
33. Sean is Anthony's ancestor.
34. Anthony is Michelle's ancestor.
35. Michelle is John's ancestor.
36. John is Andrew's ancestor.
37. Andrew is Eugene's ancestor.
38. Eugene is Jacqueline's ancestor.
39. Jacqueline is Mason's ancestor.
40. Mason is Edward's ancestor.
41. Edward is Jean's ancestor.
42. Jean is Arthur's ancestor.
43. Arthur is Philip's ancestor.
44. Philip is Kyle's ancestor.
45. Kyle is Bradley's ancestor.
46. Bradley is Amy's ancestor.
47. Amy is Ronald's ancestor.
48. Ronald is Bruce's ancestor.
49. Bruce is Stephanie's ancestor.
50. Stephanie is Anna's ancestor.
51. Anna is Brian's ancestor.
52. Brian is Jack's ancestor.
53. Jack is Tyler's ancestor.
54. Tyler is Laura's ancestor.
55. Laura is Emily's ancestor.
56. Emily is Debra's ancestor.
57. Debra is Kayla's ancestor.
58. Kayla is Charles's ancestor.
59. Charles is Walter's ancestor.
60. Walter is Emma's ancestor.
61. Emma is Marie's ancestor.
62. Marie is Juan's ancestor.
63. Juan is Dorothy's ancestor.
64. Dorothy is Mary's ancestor.
65. Mary is Benjamin's ancestor.
66. Benjamin is Martha's ancestor.
67. Martha is Elijah's ancestor.
68. Elijah is Randy's ancestor.
69. Randy is Kathleen's ancestor.
70. Kathleen is Jesse's ancestor.
71. Jesse is Noah's ancestor.
72. Noah is Gerald's ancestor.
73. Gerald is Linda's ancestor.
74. Linda is Joseph's ancestor.
75. Joseph is Olivia's ancestor.
76. Olivia is Nicholas's ancestor.
77. Nicholas is Betty's ancestor.
78. Betty is Jerry's ancestor.
79. Jerry is Sandra's ancestor.
80. Sandra is Elizabeth's ancestor.
81. Elizabeth is Michael's ancestor.
82. Michael is Carl's ancestor.
83. Carl is Stephen's ancestor.
84. Stephen is Jeffrey's ancestor.
85. Jeffrey is Joshua's ancestor.
86. Joshua is Sara's ancestor.
87. Sara is Janet's ancestor.
88. Janet is Doris's ancestor.
89. Doris is Andrea's ancestor.
90. Andrea is Ann's ancestor.
91. Ann is Roy's ancestor.
92. Roy is Dennis's ancestor.
93. Dennis is Danielle's ancestor.
94. Danielle is Albert's ancestor.
95. Albert is Nicole's ancestor.
96. Nicole is Diane's ancestor.
97. Diane is Willie's ancestor.
98. Willie is Ryan's ancestor.
99. Ryan is Brittany's ancestor.
100. Brittany is Jacob's ancestor.
101. Jacob is Dylan's ancestor.
102. Dylan is Margaret's ancestor.
103. Margaret is Natalie's ancestor.
104. Natalie is Brandon's ancestor.
105. Brandon is Cynthia's ancestor.
106. Cynthia is Gregory's ancestor.
107. Gregory is Douglas's ancestor.
108. Douglas is Evelyn's ancestor.
109. Evelyn is Steven's ancestor.
110. Steven is Jason's ancestor.
111. Jason is Logan's ancestor.
112. Logan is Lisa's ancestor.
113. Lisa is Lauren's ancestor.
114. Lauren is Vincent's ancestor.
115. Vincent is Jennifer's ancestor.
116. Jennifer is Bobby's ancestor.
117. Bobby is Terry's ancestor.
118. Terry is Angela's ancestor.
119. Angela is Henry's ancestor.
120. Henry is Paul's ancestor.
121. Paul is Teresa's ancestor.
122. **Teresa is Kenneth's ancestor** (Kenneth is Teresa's descendant).

Thus, Bryan is a distant ancestor of Kenneth.

**Tracing Austin's Lineage:**
1.  Austin is Rachel's ancestor (Rachel is Austin's descendant).
2.  Rachel is Thomas's ancestor (Thomas is Rachel's descendant).
3.  Thomas is Kathryn's ancestor (Kathryn is Thomas's descendant).
4.  **Kathryn is Kenneth's ancestor** (Kathryn is Kenneth's ancestor).

Thus, Austin is a distant ancestor of Kenneth.

**Conclusion:**
Bryan and Austin are both ancestors of Kenneth. There is no lineage relationship indicating that one is the ancestor of the other or that they share a common ancestor in the provided facts. Therefore, they share a common descendant (Kenneth).

The correct answer is option 2.

<ANSWER>2</ANSWER>"
128,ANCESTOR,2,"Given the following lineage relationships:
* Keith is Andrew's ancestor.
* Scott is Carl's ancestor.
* Katherine is Joe's ancestor.
* Jason is Julie's descendant.
* Peter is Judy's ancestor.
* Wayne is Bradley's descendant.
* Judith is Marilyn's descendant.
* Timothy is Alexander's ancestor.
* Jennifer is Michael's descendant.
* Rachel is Bruce's ancestor.
* William is Jessica's descendant.
* Steven is Randy's descendant.
* Donna is Barbara's ancestor.
* Ann is Brian's ancestor.
* Megan is Christopher's descendant.
* Cheryl is Ethan's descendant.
* Joan is Brandon's descendant.
* Zachary is Christian's ancestor.
* Deborah is Brandon's ancestor.
* Anna is Gregory's ancestor.
* Bryan is Jordan's ancestor.
* Steven is Scott's ancestor.
* Patrick is Jerry's ancestor.
* Stephanie is Peter's ancestor.
* Kyle is Denise's descendant.
* Sharon is Brian's descendant.
* Donna is Beverly's descendant.
* James is Hannah's descendant.
* Sharon is Noah's ancestor.
* Alexander is Angela's ancestor.
* Russell is Jean's descendant.
* Kathryn is Ryan's descendant.
* Rachel is Kayla's descendant.
* Stephanie is Mason's descendant.
* Frances is Gloria's descendant.
* Sean is Ann's ancestor.
* Russell is Anna's ancestor.
* Paul is Samuel's descendant.
* Robert is Ryan's ancestor.
* Gloria is Terry's descendant.
* Cynthia is Katherine's ancestor.
* Carol is Judith's descendant.
* Dylan is Billy's ancestor.
* Ronald is Kimberly's ancestor.
* Elijah is Kyle's descendant.
* Matthew is Roger's ancestor.
* Debra is Jeffrey's descendant.
* Vincent is Danielle's ancestor.
* Bobby is Ashley's ancestor.
* Marilyn is William's descendant.
* Christopher is Amanda's descendant.
* Jesse is Ashley's descendant.
* Julie is Catherine's descendant.
* Matthew is Philip's descendant.
* Jack is Eugene's descendant.
* Denise is Carol's descendant.
* Emily is Pamela's ancestor.
* Joan is Emily's ancestor.
* Ethan is Jennifer's descendant.
* Mary is Grace's ancestor.
* Martha is David's ancestor.
* Samuel is Frances's descendant.
* Anthony is Elijah's descendant.
* Teresa is Alexis's descendant.
* Patricia is Amber's ancestor.
* Vincent is Judy's descendant.
* Christian is Michael's ancestor.
* Angela is Roy's ancestor.
* Teresa is Thomas's ancestor.
* Juan is Willie's ancestor.
* Linda is Kelly's ancestor.
* Megan is Jonathan's ancestor.
* Adam is David's descendant.
* Philip is Paul's descendant.
* Alice is Randy's ancestor.
* Natalie is Alexis's ancestor.
* Grace is Evelyn's ancestor.
* Ronald is Evelyn's descendant.
* Amanda is Melissa's descendant.
* Jean is Julia's descendant.
* Gregory is Eugene's ancestor.
* Patricia is Willie's descendant.
* John is Wayne's descendant.
* Julia is Carl's descendant.
* Jessica is James's descendant.
* Mason is Jason's descendant.
* Joshua is Timothy's ancestor.
* Thomas is Sean's ancestor.
* Cynthia is Jordan's descendant.
* Joseph is Patrick's ancestor.
* Robert is Joe's descendant.
* John is Dylan's ancestor.
* Hannah is Danielle's descendant.
* Maria is Adam's descendant.
* Daniel is Kimberly's descendant.
* Bruce is Helen's ancestor.
* Kathryn is Juan's ancestor.
* Melissa is Sara's descendant.
* Beverly is Pamela's descendant.
* Debra is Mary's ancestor.
* Betty is Sophia's descendant.
* Roy is Terry's ancestor.
* Jerry is Alan's ancestor.
* Bradley is Anthony's descendant.
* Linda is Billy's descendant.
* Kathleen is Isabella's ancestor.
* Maria is Alice's ancestor.
* Henry is Kathleen's ancestor.
* Deborah is Jonathan's descendant.
* Amber is Carolyn's ancestor.
* Bobby is Noah's descendant.
* Isabella is Jeffrey's ancestor.
* Zachary is Daniel's descendant.
* Andrew is Bryan's ancestor.
* Lauren is Carolyn's descendant.
* Sophia is Kelly's descendant.
* Sara is Albert's descendant.
* Albert is Alan's descendant.
* Mark is Barbara's descendant.
* Joseph is Lauren's descendant.
* Joshua is Cheryl's descendant.
* Natalie is Jack's descendant.
* Roger is Catherine's ancestor.
* Helen is Martha's ancestor.
* Henry is Jesse's descendant.
* Shirley is Mark's descendant.
* Shirley is Kayla's ancestor.
Determine the lineage relationship between Keith and Betty.
Select the correct answer:
1. Keith is Betty's descendant.
2. Keith is Betty's ancestor.
3. Keith and Betty share a common ancestor.
4. Keith and Betty share a common descendant.
5. None of the above is correct.
Enclose the selected answer number in the <ANSWER> tag, for example: <ANSWER>1</ANSWER>.",z-ai/glm-4.7,Parasail,,,"Based on the provided lineage relationships, we can construct a chain connecting Keith and Betty. Here is the step-by-step derivation:

1.  **Keith** is Andrew's ancestor.
2.  **Andrew** is Bryan's ancestor.
3.  **Bryan** is Jordan's ancestor.
4.  **Cynthia** is Jordan's descendant (so Jordan is Cynthia's ancestor).
5.  **Cynthia** is Katherine's ancestor.
6.  **Katherine** is Joe's ancestor.
7.  **Robert** is Joe's descendant (so Joe is Robert's ancestor).
8.  **Robert** is Ryan's ancestor.
9.  **Kathryn** is Ryan's descendant (so Ryan is Kathryn's ancestor).
10. **Kathryn** is Juan's ancestor.
11. **Juan** is Willie's ancestor.
12. **Patricia** is Willie's descendant (so Willie is Patricia's ancestor).
13. **Patricia** is Amber's ancestor.
14. **Amber** is Carolyn's ancestor.
15. **Lauren** is Carolyn's descendant (so Carolyn is Lauren's ancestor).
16. **Joseph** is Lauren's descendant (so Lauren is Joseph's ancestor).
17. **Joseph** is Patrick's ancestor.
18. **Patrick** is Jerry's ancestor.
19. **Jerry** is Alan's ancestor.
20. **Albert** is Alan's descendant (so Alan is Albert's ancestor).
21. **Sara** is Albert's descendant (so Albert is Sara's ancestor).
22. **Melissa** is Sara's descendant (so Sara is Melissa's ancestor).
23. **Amanda** is Melissa's descendant (so Melissa is Amanda's ancestor).
24. **Christopher** is Amanda's descendant (so Amanda is Christopher's ancestor).
25. **Megan** is Christopher's descendant (so Christopher is Megan's ancestor).
26. **Megan** is Jonathan's ancestor.
27. **Deborah** is Jonathan's descendant (so Jonathan is Deborah's ancestor).
28. **Deborah** is Brandon's ancestor.
29. **Joan** is Brandon's descendant (so Brandon is Joan's ancestor).
30. **Joan** is Emily's ancestor.
31. **Emily** is Pamela's ancestor.
32. **Beverly** is Pamela's descendant (so Pamela is Beverly's ancestor).
33. **Donna** is Beverly's descendant (so Beverly is Donna's ancestor).
34. **Donna** is Barbara's ancestor.
35. **Mark** is Barbara's descendant (so Barbara is Mark's ancestor).
36. **Shirley** is Mark's descendant (so Mark is Shirley's ancestor).
37. **Shirley** is Kayla's ancestor.
38. **Rachel** is Kayla's descendant (so Kayla is Rachel's ancestor).
39. **Rachel** is Bruce's ancestor.
40. **Bruce** is Helen's ancestor.
41. **Helen** is Martha's ancestor.
42. **Martha** is David's ancestor.
43. **Adam** is David's descendant (so David is Adam's ancestor).
44. **Maria** is Adam's descendant (so Adam is Maria's ancestor).
45. **Maria** is Alice's ancestor.
46. **Alice** is Randy's ancestor.
47. **Steven** is Randy's descendant (so Randy is Steven's ancestor).
48. **Steven** is Scott's ancestor.
49. **Scott** is Carl's ancestor.
50. **Julia** is Carl's descendant (so Carl is Julia's ancestor).
51. **Jean** is Julia's descendant (so Julia is Jean's ancestor).
52. **Russell** is Jean's descendant (so Jean is Russell's ancestor).
53. **Russell** is Anna's ancestor.
54. **Anna** is Gregory's ancestor.
55. **Gregory** is Eugene's ancestor.
56. **Jack** is Eugene's descendant (so Eugene is Jack's ancestor).
57. **Natalie** is Jack's descendant (so Jack is Natalie's ancestor).
58. **Natalie** is Alexis's ancestor.
59. **Teresa** is Alexis's descendant (so Alexis is Teresa's ancestor).
60. **Teresa** is Thomas's ancestor.
61. **Thomas** is Sean's ancestor.
62. **Sean** is Ann's ancestor.
63. **Ann** is Brian's ancestor.
64. **Sharon** is Brian's descendant (so Brian is Sharon's ancestor).
65. **Sharon** is Noah's ancestor.
66. **Bobby** is Noah's descendant (so Noah is Bobby's ancestor).
67. **Bobby** is Ashley's ancestor.
68. **Jesse** is Ashley's descendant (so Ashley is Jesse's ancestor).
69. **Henry** is Jesse's descendant (so Jesse is Henry's ancestor).
70. **Henry** is Kathleen's ancestor.
71. **Kathleen** is Isabella's ancestor.
72. **Isabella** is Jeffrey's ancestor.
73. **Debra** is Jeffrey's descendant (so Jeffrey is Debra's ancestor).
74. **Debra** is Mary's ancestor.
75. **Mary** is Grace's ancestor.
76. **Grace** is Evelyn's ancestor.
77. **Ronald** is Evelyn's descendant (so Evelyn is Ronald's ancestor).
78. **Ronald** is Kimberly's ancestor.
79. **Daniel** is Kimberly's descendant (so Kimberly is Daniel's ancestor).
80. **Zachary** is Daniel's descendant (so Daniel is Zachary's ancestor).
81. **Zachary** is Christian's ancestor.
82. **Christian** is Michael's ancestor.
83. **Jennifer** is Michael's descendant (so Michael is Jennifer's ancestor).
84. **Ethan** is Jennifer's descendant (so Jennifer is Ethan's ancestor).
85. **Cheryl** is Ethan's descendant (so Ethan is Cheryl's ancestor).
86. **Joshua** is Cheryl's descendant (so Cheryl is Joshua's ancestor).
87. **Joshua** is Timothy's ancestor.
88. **Timothy** is Alexander's ancestor.
89. **Alexander** is Angela's ancestor.
90. **Angela** is Roy's ancestor.
91. **Roy** is Terry's ancestor.
92. **Gloria** is Terry's descendant (so Terry is Gloria's ancestor).
93. **Frances** is Gloria's descendant (so Gloria is Frances's ancestor).
94. **Samuel** is Frances's descendant (so Frances is Samuel's ancestor).
95. **Paul** is Samuel's descendant (so Samuel is Paul's ancestor).
96. **Philip** is Paul's descendant (so Paul is Philip's ancestor).
97. **Matthew** is Philip's descendant (so Philip is Matthew's ancestor).
98. **Matthew** is Roger's ancestor.
99. **Roger** is Catherine's ancestor.
100. **Julie** is Catherine's descendant (so Catherine is Julie's ancestor).
101. **Jason** is Julie's descendant (so Julie is Jason's ancestor).
102. **Mason** is Jason's descendant (so Jason is Mason's ancestor).
103. **Stephanie** is Mason's descendant (so Mason is Stephanie's ancestor).
104. **Stephanie** is Peter's ancestor.
105. **Peter** is Judy's ancestor.
106. **Vincent** is Judy's descendant (so Judy is Vincent's ancestor).
107. **Vincent** is Danielle's ancestor.
108. **Hannah** is Danielle's descendant (so Danielle is Hannah's ancestor).
109. **James** is Hannah's descendant (so Hannah is James's ancestor).
110. **Jessica** is James's descendant (so James is Jessica's ancestor).
111. **William** is Jessica's descendant (so Jessica is William's ancestor).
112. **Marilyn** is William's descendant (so William is Marilyn's ancestor).
113. **Judith** is Marilyn's descendant (so Marilyn is Judith's ancestor).
114. **Carol** is Judith's descendant (so Judith is Carol's ancestor).
115. **Denise** is Carol's descendant (so Carol is Denise's ancestor).
116. **Kyle** is Denise's descendant (so Denise is Kyle's ancestor).
117. **Elijah** is Kyle's descendant (so Kyle is Elijah's ancestor).
118. **Anthony** is Elijah's descendant (so Elijah is Anthony's ancestor).
119. **Bradley** is Anthony's descendant (so Anthony is Bradley's ancestor).
120. **Wayne** is Bradley's descendant (so Bradley is Wayne's ancestor).
121. **John** is Wayne's descendant (so Wayne is John's ancestor).
122. **John** is Dylan's ancestor.
123. **Dylan** is Billy's ancestor.
124. **Linda** is Billy's descendant (so Billy is Linda's ancestor).
125. **Linda** is Kelly's ancestor.
126. **Sophia** is Kelly's descendant (so Kelly is Sophia's ancestor).
127. **Betty** is Sophia's descendant (so Sophia is Betty's ancestor).

Following this chain, Keith is an ancestor of Betty.

<ANSWER>2</ANSWER>"
128,DESCENDANT,3,"Given the following lineage relationships:
* Jean is Theresa's descendant.
* Nancy is Evelyn's ancestor.
* Beverly is Sandra's descendant.
* Justin is Julie's descendant.
* Roger is Abigail's ancestor.
* Catherine is Evelyn's descendant.
* Frances is Larry's descendant.
* Roy is Jacob's ancestor.
* Christina is Richard's descendant.
* Maria is Adam's ancestor.
* Bobby is Albert's ancestor.
* Tyler is Kayla's ancestor.
* Catherine is Katherine's ancestor.
* Heather is Ryan's ancestor.
* Michael is Keith's ancestor.
* Nicholas is Cynthia's descendant.
* Diane is George's descendant.
* Gabriel is Austin's ancestor.
* Larry is Julia's descendant.
* George is Benjamin's descendant.
* Emma is Thomas's descendant.
* Samantha is Roy's ancestor.
* Mary is Alexander's ancestor.
* Nancy is Jean's descendant.
* Betty is Janice's ancestor.
* Alexis is Margaret's descendant.
* Ryan is Terry's ancestor.
* Philip is Janice's descendant.
* Virginia is Nicole's ancestor.
* Melissa is Andrea's ancestor.
* Joshua is Carl's descendant.
* Katherine is Eugene's ancestor.
* Noah is Roger's ancestor.
* Sara is Theresa's ancestor.
* Jonathan is Karen's ancestor.
* Emily is Matthew's ancestor.
* Sara is Pamela's descendant.
* Victoria is Jeffrey's ancestor.
* Amanda is Jesse's descendant.
* Gerald is Denise's ancestor.
* Scott is Olivia's ancestor.
* Albert is Virginia's ancestor.
* Anthony is Janet's ancestor.
* Rebecca is Brandon's ancestor.
* Bradley is Kyle's ancestor.
* Sarah is Henry's descendant.
* Natalie is Noah's ancestor.
* Anthony is Martha's descendant.
* Kayla is Sandra's ancestor.
* Brenda is Deborah's ancestor.
* Adam is Gregory's ancestor.
* Charlotte is Willie's ancestor.
* Heather is Joyce's descendant.
* Russell is Julia's ancestor.
* Arthur is Martha's ancestor.
* Kyle is Anna's ancestor.
* Madison is Alexander's descendant.
* Betty is Gregory's descendant.
* Ralph is Abigail's descendant.
* Sophia is Debra's descendant.
* Dylan is Richard's ancestor.
* Karen is Logan's ancestor.
* Julie is Brandon's descendant.
* Alan is Hannah's ancestor.
* Jennifer is Donna's ancestor.
* Keith is Gerald's ancestor.
* Carl is Christian's descendant.
* Bruce is Pamela's ancestor.
* Andrea is Brenda's ancestor.
* Lori is Terry's descendant.
* Alexis is Scott's ancestor.
* Bradley is Eugene's descendant.
* Kevin is Stephanie's ancestor.
* Jennifer is Amanda's descendant.
* Patrick is Victoria's ancestor.
* Juan is Hannah's descendant.
* Emma is Raymond's ancestor.
* Megan is Debra's ancestor.
* Philip is Barbara's ancestor.
* Lori is Elijah's ancestor.
* Alan is Jose's descendant.
* Teresa is Douglas's ancestor.
* Judy is Benjamin's ancestor.
* Megan is Beverly's descendant.
* Jeffrey is Michael's ancestor.
* Lawrence is Samantha's ancestor.
* Barbara is Rebecca's ancestor.
* Logan is Bryan's ancestor.
* Carolyn is Jonathan's ancestor.
* Joyce is Donna's descendant.
* Thomas is Willie's descendant.
* Jesse is Helen's descendant.
* Susan is Jose's ancestor.
* Nicholas is Kevin's ancestor.
* Timothy is Lawrence's ancestor.
* Helen is Anna's descendant.
* Charlotte is Justin's descendant.
* Natalie is Raymond's descendant.
* Jacob is Bobby's ancestor.
* Angela is Carolyn's ancestor.
* Eric is Christian's ancestor.
* Olivia is Patrick's ancestor.
* Bruce is Deborah's descendant.
* Sarah is Frank's ancestor.
* Tyler is Nicole's descendant.
* Susan is Dorothy's descendant.
* Maria is Elijah's descendant.
* Denise is Lauren's ancestor.
* Matthew is William's ancestor.
* Diane is Mary's ancestor.
* Frances is Teresa's ancestor.
* Robert is Judy's ancestor.
* Angela is Sophia's descendant.
* Lauren is Eric's ancestor.
* Gabriel is Frank's descendant.
* Douglas is Marie's ancestor.
* Margaret is Ralph's descendant.
* Madison is Timothy's ancestor.
* Juan is Robert's ancestor.
* Bryan is Henry's ancestor.
* William is Melissa's ancestor.
* Dorothy is Marie's descendant.
* Dylan is Stephanie's descendant.
* Joshua is Cynthia's ancestor.
* Austin is Emily's ancestor.
* Marilyn is Arthur's ancestor.
* Christina is Marilyn's ancestor.
Determine the lineage relationship between Janet and Russell.
Select the correct answer:
1. Janet and Russell share a common descendant.
2. Janet is Russell's ancestor.
3. Janet is Russell's descendant.
4. Janet and Russell share a common ancestor.
5. None of the above is correct.
Enclose the selected answer number in the <ANSWER> tag, for example: <ANSWER>1</ANSWER>.",z-ai/glm-4.7,Parasail,,,
128,COMMON_ANCESTOR,2,"Given the following lineage relationships:
* Sandra is Olivia's descendant.
* David is Lori's descendant.
* Alexander is Abigail's descendant.
* Zachary is Russell's descendant.
* Christian is Juan's descendant.
* Zachary is Isabella's ancestor.
* Nicholas is Alexis's descendant.
* Bobby is Jonathan's ancestor.
* Janice is Tyler's descendant.
* Charlotte is Marie's ancestor.
* Katherine is Charles's descendant.
* Andrea is Willie's descendant.
* Joan is Michelle's descendant.
* Nicholas is Thomas's ancestor.
* Roger is Jeremy's ancestor.
* Logan is Catherine's descendant.
* Joseph is Stephanie's descendant.
* Marilyn is Doris's descendant.
* David is Alice's ancestor.
* Paul is Ryan's ancestor.
* Stephen is Kyle's descendant.
* Carol is Heather's ancestor.
* Ryan is Kathleen's ancestor.
* Dylan is James's ancestor.
* Walter is Jacob's ancestor.
* Amber is Charlotte's ancestor.
* Brian is Jose's ancestor.
* Wayne is Matthew's ancestor.
* Dylan is Joshua's descendant.
* Lauren is Juan's ancestor.
* Lori is Margaret's descendant.
* Frank is Benjamin's descendant.
* Sophia is Janice's descendant.
* Lawrence is Danielle's ancestor.
* Lisa is Edward's ancestor.
* Ann is Sara's ancestor.
* Benjamin is Joseph's descendant.
* Megan is Sean's descendant.
* Vincent is Sean's ancestor.
* Amber is Heather's descendant.
* Jerry is Emily's descendant.
* Sandra is Noah's ancestor.
* Doris is Henry's descendant.
* Diane is Gloria's ancestor.
* Virginia is Rachel's ancestor.
* William is Adam's descendant.
* Nathan is Roy's descendant.
* Barbara is Aaron's ancestor.
* Steven is Amanda's descendant.
* Judy is Ronald's descendant.
* Joan is Abigail's ancestor.
* Robert is Roy's ancestor.
* Walter is Douglas's descendant.
* Rebecca is Ashley's descendant.
* Joyce is Steven's descendant.
* Nicole is Arthur's descendant.
* Peter is Jeffrey's ancestor.
* Henry is Justin's descendant.
* Barbara is Judy's descendant.
* Ruth is Arthur's ancestor.
* Donald is Thomas's descendant.
* Joyce is Virginia's ancestor.
* Catherine is Olivia's ancestor.
* Jeffrey is Ann's ancestor.
* Madison is Brenda's descendant.
* Gloria is Michelle's ancestor.
* Terry is Alice's descendant.
* Sara is Ronald's ancestor.
* Ralph is Nathan's descendant.
* Ashley is Katherine's descendant.
* Terry is Kathryn's ancestor.
* Ruth is Samuel's descendant.
* Anthony is Beverly's ancestor.
* Madison is Brian's ancestor.
* Logan is Jessica's ancestor.
* Lisa is Jeremy's descendant.
* Nicole is Evelyn's ancestor.
* Daniel is Kimberly's ancestor.
* Kathryn is Ethan's ancestor.
* Robert is Stephen's descendant.
* Natalie is Margaret's ancestor.
* Stephanie is Kathleen's descendant.
* Jason is Daniel's ancestor.
* Eugene is Marilyn's descendant.
* Willie is Alexander's descendant.
* Beverly is Jason's ancestor.
* Julie is William's descendant.
* Jacqueline is Grace's descendant.
* Frank is Pamela's ancestor.
* Kayla is Ralph's descendant.
* Peter is Sophia's descendant.
* Diana is Rachel's descendant.
* Brenda is Danielle's descendant.
* Edward is Grace's ancestor.
* Melissa is Gary's descendant.
* Russell is Aaron's descendant.
* Alexis is Megan's descendant.
* Carol is Isabella's descendant.
* Brittany is Kimberly's descendant.
* Andrea is Lawrence's ancestor.
* Marie is Justin's ancestor.
* Gary is Kayla's descendant.
* Emily is Jonathan's descendant.
* Anthony is Pamela's descendant.
* John is Diana's descendant.
* Christian is Nancy's ancestor.
* Kyle is Emma's descendant.
* Charles is Jacob's descendant.
* Rebecca is Amanda's ancestor.
* Jacqueline is Emma's ancestor.
* Eugene is Bobby's ancestor.
* Julie is Natalie's ancestor.
* Tyler is Jessica's descendant.
* Vincent is Jerry's descendant.
* Brandon is Randy's descendant.
* Matthew is Douglas's ancestor.
* Paul is Noah's descendant.
* James is Adam's ancestor.
* Carl is Diane's ancestor.
* Randy is John's descendant.
* Lauren is Brittany's descendant.
* Roger is Karen's descendant.
* Evelyn is Joshua's ancestor.
* Karen is Jose's descendant.
* Ethan is Wayne's ancestor.
* Donald is Carl's ancestor.
* Melissa is Samuel's ancestor.
Determine the lineage relationship between Nancy and Brandon.
Select the correct answer:
1. Nancy is Brandon's ancestor.
2. Nancy and Brandon share a common ancestor.
3. Nancy is Brandon's descendant.
4. Nancy and Brandon share a common descendant.
5. None of the above is correct.
Enclose the selected answer number in the <ANSWER> tag, for example: <ANSWER>1</ANSWER>.",z-ai/glm-4.7,Parasail,,,"The relationship between Nancy and Brandon is determined by tracing their lineages back to a common ancestor.

**Nancy's Lineage:**
1.  **Catherine** is Olivia's ancestor.
2.  Olivia is Sandra's ancestor.
3.  Sandra is Noah's ancestor.
4.  Paul is Noah's descendant.
5.  Paul is Ryan's ancestor.
6.  Ryan is Kathleen's ancestor.
7.  Stephanie is Kathleen's descendant.
8.  Joseph is Stephanie's descendant.
9.  Benjamin is Joseph's descendant.
10. Frank is Benjamin's descendant.
11. Frank is Pamela's ancestor.
12. Anthony is Pamela's descendant.
13. Anthony is Beverly's ancestor.
14. Beverly is Jason's ancestor.
15. Jason is Daniel's ancestor.
16. Daniel is Kimberly's ancestor.
17. Brittany is Kimberly's descendant.
18. Lauren is Brittany's descendant.
19. Lauren is Juan's ancestor.
20. Christian is Juan's descendant.
21. **Christian** is **Nancy's** ancestor.

Path: Catherine $\rightarrow$ Olivia $\rightarrow$ Sandra $\rightarrow$ Noah $\rightarrow$ Paul $\rightarrow$ Ryan $\rightarrow$ Kathleen $\rightarrow$ Stephanie $\rightarrow$ Joseph $\rightarrow$ Benjamin $\rightarrow$ Frank $\rightarrow$ Pamela $\rightarrow$ Anthony $\rightarrow$ Beverly $\rightarrow$ Jason $\rightarrow$ Daniel $\rightarrow$ Kimberly $\rightarrow$ Brittany $\rightarrow$ Lauren $\rightarrow$ Juan $\rightarrow$ Christian $\rightarrow$ Nancy.

**Brandon's Lineage:**
1.  **Catherine** is Logan's ancestor.
2.  Logan is Jessica's ancestor.
3.  Tyler is Jessica's descendant.
4.  Janice is Tyler's descendant.
5.  Sophia is Janice's descendant.
6.  Peter is Sophia's descendant.
7.  Peter is Jeffrey's ancestor.
8.  Jeffrey is Ann's ancestor.
9.  Ann is Sara's ancestor.
10. Sara is Ronald's ancestor.
11. Judy is Ronald's descendant.
12. Barbara is Judy's descendant.
13. Barbara is Aaron's ancestor.
14. Russell is Aaron's descendant.
15. Zachary is Russell's descendant.
16. Zachary is Isabella's ancestor.
17. Carol is Isabella's descendant.
18. Carol is Heather's ancestor.
19. Amber is Heather's descendant.
20. Amber is Charlotte's ancestor.
21. Charlotte is Marie's ancestor.
22. Marie is Justin's ancestor.
23. Henry is Justin's descendant.
24. Doris is Henry's descendant.
25. Marilyn is Doris's descendant.
26. Eugene is Marilyn's descendant.
27. Eugene is Bobby's ancestor.
28. Bobby is Jonathan's ancestor.
29. Emily is Jonathan's descendant.
30. Jerry is Emily's descendant.
31. Vincent is Jerry's descendant.
32. Vincent is Sean's ancestor.
33. Megan is Sean's descendant.
34. Alexis is Megan's descendant.
35. Nicholas is Alexis's descendant.
36. Nicholas is Thomas's ancestor.
37. Donald is Thomas's descendant.
38. Donald is Carl's ancestor.
39. Carl is Diane's ancestor.
40. Diane is Gloria's ancestor.
41. Gloria is Michelle's ancestor.
42. Joan is Michelle's descendant.
43. Joan is Abigail's ancestor.
44. Alexander is Abigail's descendant.
45. Willie is Alexander's descendant.
46. Andrea is Willie's descendant.
47. Andrea is Lawrence's ancestor.
48. Lawrence is Danielle's ancestor.
49. Brenda is Danielle's descendant.
50. Madison is Brenda's descendant.
51. Madison is Brian's ancestor.
52. Brian is Jose's ancestor.
53. Karen is Jose's descendant.
54. Roger is Karen's descendant.
55. Roger is Jeremy's ancestor.
56. Lisa is Jeremy's descendant.
57. Lisa is Edward's ancestor.
58. Edward is Grace's ancestor.
59. Jacqueline is Grace's descendant.
60. Jacqueline is Emma's ancestor.
61. Kyle is Emma's descendant.
62. Stephen is Kyle's descendant.
63. Robert is Stephen's descendant.
64. Robert is Roy's ancestor.
65. Nathan is Roy's descendant.
66. Ralph is Nathan's descendant.
67. Kayla is Ralph's descendant.
68. Gary is Kayla's descendant.
69. Melissa is Gary's descendant.
70. Melissa is Samuel's ancestor.
71. Ruth is Samuel's descendant.
72. Ruth is Arthur's descendant.
73. Nicole is Arthur's descendant.
74. Nicole is Evelyn's ancestor.
75. Evelyn is Joshua's ancestor.
76. Dylan is Joshua's descendant.
77. Dylan is James's ancestor.
78. James is Adam's ancestor.
79. William is Adam's descendant.
80. Julie is William's descendant.
81. Julie is Natalie's ancestor.
82. Natalie is Margaret's ancestor.
83. Lori is Margaret's descendant.
84. David is Lori's descendant.
85. David is Alice's ancestor.
86. Terry is Alice's descendant.
87. Terry is Kathryn's ancestor.
88. Kathryn is Ethan's ancestor.
89. Ethan is Wayne's ancestor.
90. Wayne is Matthew's ancestor.
91. Matthew is Douglas's ancestor.
92. Walter is Douglas's descendant.
93. Walter is Jacob's ancestor.
94. Charles is Jacob's descendant.
95. Katherine is Charles's descendant.
96. Ashley is Katherine's descendant.
97. Rebecca is Ashley's descendant.
98. Rebecca is Amanda's ancestor.
99. Steven is Amanda's descendant.
100. Joyce is Steven's ancestor.
101. Joyce is Virginia's ancestor.
102. Virginia is Rachel's ancestor.
103. Diana is Rachel's descendant.
104. John is Diana's descendant.
105. Randy is John's descendant.
106. **Brandon** is Randy's descendant.

Path: Catherine $\rightarrow$ Logan $\rightarrow$ ... $\rightarrow$ Brandon.

Both Nancy and Brandon are descendants of Catherine. Thus, they share a common ancestor.

<ANSWER>2</ANSWER>"
128,COMMON_DESCENDANT,4,"Given the following lineage relationships:
* Samantha is Austin's descendant.
* Melissa is Marilyn's ancestor.
* Kenneth is Hannah's descendant.
* Bobby is Kathleen's descendant.
* Mark is Cheryl's ancestor.
* Matthew is Janet's ancestor.
* Deborah is Catherine's ancestor.
* Victoria is Larry's descendant.
* Bryan is Kathryn's descendant.
* Martha is Vincent's ancestor.
* Mason is Joyce's ancestor.
* Teresa is Dylan's ancestor.
* Zachary is Denise's descendant.
* Bobby is Sara's ancestor.
* Emma is Joshua's descendant.
* Robert is Paul's ancestor.
* Jose is Alexander's descendant.
* Gabriel is Justin's ancestor.
* Gregory is Timothy's ancestor.
* Pamela is Sophia's descendant.
* Jonathan is Vincent's descendant.
* Patrick is Marilyn's descendant.
* Scott is Michael's descendant.
* Raymond is Timothy's descendant.
* Theresa is Jonathan's descendant.
* Jacqueline is Gary's descendant.
* Peter is Christopher's descendant.
* Jessica is Janet's descendant.
* Gabriel is Theresa's descendant.
* Maria is Kathleen's ancestor.
* Larry is Jack's descendant.
* Joe is Gregory's ancestor.
* Stephanie is Gloria's ancestor.
* Denise is Sandra's descendant.
* Joe is Bruce's descendant.
* Virginia is Willie's descendant.
* John is Steven's ancestor.
* Jose is Ann's ancestor.
* Ralph is Christopher's ancestor.
* Gloria is Katherine's ancestor.
* Judy is Sean's ancestor.
* Raymond is Jerry's ancestor.
* Olivia is Adam's descendant.
* Frank is Dorothy's ancestor.
* Olivia is Stephanie's ancestor.
* Nicole is Emma's descendant.
* Maria is David's descendant.
* Gerald is Doris's ancestor.
* Austin is Pamela's descendant.
* Joan is Roger's ancestor.
* Steven is Ralph's ancestor.
* Barbara is Paul's descendant.
* Bruce is Kayla's descendant.
* Angela is Elijah's ancestor.
* Ethan is Patrick's descendant.
* Hannah is Edward's descendant.
* Kathryn is Danielle's descendant.
* Donna is Beverly's descendant.
* Samuel is Cheryl's descendant.
* Charles is Jesse's ancestor.
* Rachel is Deborah's ancestor.
* Mark is Justin's descendant.
* Jessica is Judy's ancestor.
* Frank is Susan's descendant.
* Nancy is Roger's descendant.
* Jeremy is Megan's descendant.
* Gerald is Jacob's descendant.
* Eugene is Ann's descendant.
* John is Ethan's descendant.
* Kenneth is Alexander's ancestor.
* Virginia is Kayla's ancestor.
* Joyce is Andrew's ancestor.
* Joshua is Lauren's descendant.
* Dylan is Susan's ancestor.
* Grace is Samuel's descendant.
* Sophia is Barbara's descendant.
* Wayne is Willie's ancestor.
* Rachel is Nancy's descendant.
* Christine is Brian's descendant.
* Terry is Brandon's descendant.
* Lori is Rebecca's ancestor.
* David is Grace's descendant.
* Megan is Dorothy's descendant.
* Danielle is Julia's descendant.
* Brenda is Jeffrey's ancestor.
* Margaret is Melissa's ancestor.
* Angela is Samantha's descendant.
* Edward is Anna's descendant.
* Jordan is Terry's descendant.
* Heather is Jesse's descendant.
* Madison is Victoria's descendant.
* Joan is Amanda's descendant.
* Richard is Douglas's descendant.
* Katherine is Julia's ancestor.
* Catherine is Mason's ancestor.
* Judith is Carol's ancestor.
* Arthur is Matthew's ancestor.
* Douglas is Donna's descendant.
* Wayne is Elijah's descendant.
* Jerry is Lauren's ancestor.
* Robert is Madison's descendant.
* Debra is Rebecca's descendant.
* Jordan is Andrea's ancestor.
* Joseph is Jeremy's descendant.
* Beverly is Debra's descendant.
* Anthony is Sean's descendant.
* Anna is Christian's descendant.
* Arthur is Nicole's descendant.
* Carl is Brenda's ancestor.
* Heather is Lori's ancestor.
* Richard is James's ancestor.
* Andrea is Judith's ancestor.
* Carl is Bryan's descendant.
* Jeffrey is Christian's ancestor.
* Christine is Sandra's ancestor.
* Martha is Anthony's descendant.
* James is Brandon's ancestor.
* Margaret is Zachary's descendant.
* Joseph is Jacob's ancestor.
* Donald is Michael's ancestor.
* Amanda is Sara's descendant.
* Andrew is Doris's ancestor.
* Brian is Scott's descendant.
* Teresa is Jacqueline's descendant.
* Jack is Eugene's descendant.
* Adam is Peter's descendant.
* Carol is Gary's ancestor.
Determine the lineage relationship between Charles and Donald.
Select the correct answer:
1. Charles is Donald's descendant.
2. Charles is Donald's ancestor.
3. Charles and Donald share a common ancestor.
4. Charles and Donald share a common descendant.
5. None of the above is correct.
Enclose the selected answer number in the <ANSWER> tag, for example: <ANSWER>1</ANSWER>.",z-ai/glm-4.7,Parasail,,,"The provided lineage relationships can be mapped into two main chains connecting Charles and Donald through common relatives.

1.  **Analyze the chain starting from Donald:**
    *   Donald is Michael's ancestor.
    *   Michael is Scott's ancestor.
    *   Scott is Brian's ancestor.
    *   Brian is Christine's ancestor.
    *   Christine is Sandra's ancestor.
    *   Sandra is Denise's ancestor.
    *   Denise is Zachary's ancestor.
    *   Zachary is Margaret's ancestor.
    *   Margaret is Melissa's ancestor.
    *   Melissa is Marilyn's ancestor.
    *   Marilyn is Patrick's ancestor.
    *   Patrick is Ethan's ancestor.
    *   Ethan is John's ancestor.
    *   John is Steven's ancestor.
    *   Steven is Ralph's ancestor.
    *   Ralph is Christopher's ancestor.
    *   Christopher is Peter's ancestor.
    *   Peter is Adam's ancestor.
    *   Adam is Olivia's ancestor.
    *   Olivia is Stephanie's ancestor.
    *   Stephanie is Gloria's ancestor.
    *   Gloria is Katherine's ancestor.
    *   Katherine is Julia's ancestor.
    *   Julia is Danielle's ancestor.
    *   Danielle is Kathryn's ancestor.
    *   Kathryn is Bryan's ancestor.
    *   Bryan is Carl's ancestor.
    *   **Therefore, Donald is Carl's ancestor.**

2.  **Analyze the chain starting from Brenda:**
    *   The clues establish that Brenda is Carl's ancestor (""Brenda is Carl's ancestor"").
    *   The clues also establish a long lineage from Brenda to Charles:
        *   Brenda -> Jeffrey -> ... -> Nancy -> Rachel -> Deborah -> ... -> Jesse -> Charles.
    *   **Therefore, Brenda is Charles's ancestor.**

3.  **Connecting Charles and Donald:**
    *   We have established that **Brenda is an ancestor of Charles**.
    *   We have established that **Brenda is an ancestor of Carl**.
    *   We have established that **Donald is an ancestor of Carl**.
    *   Since Brenda and Donald are both ancestors of Carl, but neither is listed as an ancestor of the other in the provided text (Donald does not appear in Brenda's lineage to Carl, and Brenda does not appear in Donald's lineage to Carl), they must be distinct individuals who share a common descendant (Carl). Consequently, Brenda and Donald must share a common ancestor (let's call this ancestor X).
    *   Since Brenda shares a common ancestor X with Donald, and Charles is a descendant of Brenda, Charles is also a descendant of ancestor X.
    *   Thus, Charles and Donald both share the common ancestor X.

**Conclusion:**
Charles and Donald share a common ancestor.

<ANSWER>3</ANSWER>"
128,ANCESTOR,1,"Given the following lineage relationships:
* Jacob is Paul's descendant.
* Philip is Mark's ancestor.
* Nancy is Aaron's ancestor.
* Brandon is Theresa's ancestor.
* Michael is Evelyn's descendant.
* Kimberly is Raymond's ancestor.
* Betty is Judy's ancestor.
* Alexis is Joe's descendant.
* Jennifer is Douglas's ancestor.
* Shirley is Deborah's descendant.
* Sharon is Albert's descendant.
* Catherine is Timothy's ancestor.
* Olivia is Julia's ancestor.
* Jonathan is Barbara's ancestor.
* Willie is Bradley's ancestor.
* Bruce is Sophia's ancestor.
* Janice is Debra's descendant.
* Natalie is Anna's descendant.
* Cheryl is Susan's descendant.
* Sarah is Scott's descendant.
* Bradley is Scott's ancestor.
* Eric is Mason's descendant.
* Roy is Nancy's ancestor.
* Donald is Frances's descendant.
* Maria is Carol's descendant.
* Ronald is Dorothy's ancestor.
* Abigail is Sara's ancestor.
* Ann is Elijah's descendant.
* Catherine is George's descendant.
* Pamela is Nathan's ancestor.
* Matthew is Terry's descendant.
* Ronald is Alexis's descendant.
* Carolyn is Emma's ancestor.
* Shirley is Philip's ancestor.
* Joshua is Pamela's ancestor.
* Gabriel is Russell's ancestor.
* Jacqueline is Helen's ancestor.
* Terry is Dylan's descendant.
* Christian is Kathleen's ancestor.
* Christina is Douglas's descendant.
* Helen is Thomas's ancestor.
* Doris is Kenneth's ancestor.
* Frances is Austin's descendant.
* Christian is Cheryl's descendant.
* Joshua is Judith's descendant.
* Jack is Charlotte's ancestor.
* Danielle is Gregory's ancestor.
* Emily is Jason's descendant.
* Cynthia is Martha's ancestor.
* Emma is Amanda's ancestor.
* Eugene is Joe's ancestor.
* Marie is Thomas's descendant.
* Debra is Donald's descendant.
* Nicole is Lisa's descendant.
* Brian is William's ancestor.
* Christine is Betty's ancestor.
* Sean is Andrew's ancestor.
* Russell is Janet's ancestor.
* Roy is Jordan's descendant.
* Ashley is Emily's descendant.
* Judith is Denise's descendant.
* Karen is Amanda's descendant.
* Nicholas is Carol's ancestor.
* Ruth is Virginia's descendant.
* Sarah is Henry's ancestor.
* Bobby is Willie's ancestor.
* Brittany is Alice's descendant.
* Kathleen is Kimberly's ancestor.
* Carl is Jeremy's descendant.
* Marie is Jason's ancestor.
* Melissa is Mark's descendant.
* Adam is Elijah's ancestor.
* Michelle is Austin's ancestor.
* David is Raymond's descendant.
* Brian is Gerald's descendant.
* Larry is Doris's ancestor.
* Stephen is Eric's descendant.
* Sophia is Susan's ancestor.
* George is Christina's descendant.
* Marilyn is Henry's descendant.
* Aaron is Denise's ancestor.
* Sharon is Laura's ancestor.
* Jordan is Lauren's descendant.
* Nathan is Dylan's ancestor.
* Bruce is Nicole's descendant.
* Brandon is Gary's descendant.
* Ann is Jesse's ancestor.
* Nicholas is Kenneth's descendant.
* Carolyn is Andrew's descendant.
* Mason is Judy's descendant.
* William is Joan's ancestor.
* Jacob is Diane's ancestor.
* Melissa is Evelyn's ancestor.
* Natalie is Christine's ancestor.
* Angela is David's descendant.
* Brittany is Jennifer's ancestor.
* Michelle is Beverly's descendant.
* Paul is Kyle's descendant.
* Carl is Virginia's ancestor.
* Charlotte is Beverly's ancestor.
* Danielle is Teresa's descendant.
* Jack is Angela's descendant.
* Larry is Barbara's descendant.
* Kyle is Janice's descendant.
* Teresa is Laura's descendant.
* Matthew is Alice's ancestor.
* Gregory is Lauren's ancestor.
* Ashley is Jonathan's ancestor.
* Gary is Michael's descendant.
* Jesse is Cynthia's ancestor.
* Albert is Jose's descendant.
* Benjamin is Marilyn's descendant.
* Jacqueline is Benjamin's descendant.
* Karen is Adam's ancestor.
* Martha is Lisa's ancestor.
* Anna is Linda's descendant.
* Abigail is Diana's descendant.
* Stephen is Gerald's ancestor.
* Olivia is Timothy's descendant.
* Diane is Bobby's ancestor.
* Sean is Julia's descendant.
* Sara is Jose's ancestor.
* Ruth is Linda's ancestor.
* Jeremy is Theresa's descendant.
* Diana is Dorothy's descendant.
* Eugene is Janet's descendant.
* Deborah is Maria's descendant.
Determine the lineage relationship between Gabriel and Joan.
Select the correct answer:
1. Gabriel is Joan's ancestor.
2. Gabriel and Joan share a common descendant.
3. Gabriel is Joan's descendant.
4. Gabriel and Joan share a common ancestor.
5. None of the above is correct.
Enclose the selected answer number in the <ANSWER> tag, for example: <ANSWER>1</ANSWER>.",z-ai/glm-4.7,Parasail,,,"The relationship between Gabriel and Joan can be determined by tracing the lineage paths provided in the list.

1.  **Start with Gabriel:**
    *   Gabriel is Russell's ancestor.
    *   Russell is Janet's ancestor.
    *   Eugene is Janet's descendant.
    *   Eugene is Joe's ancestor.
    *   Alexis is Joe's descendant.
    *   Ronald is Alexis's descendant.
    *   Ronald is Dorothy's ancestor.
    *   ... (tracing through the chain: Dorothy, Diana, Abigail, Sara, Jose, Albert, Sharon, Laura, Teresa, Danielle, Gregory, Lauren, Jordan, Roy, Nancy, Aaron, Denise, Judith, Joshua, Pamela, Nathan, Dylan, Terry, Matthew, Alice, Brittany, Jennifer, Douglas, Christina, George, Catherine, Timothy, Olivia, Julia, Sean, Andrew, Carolyn, Emma, Amanda, Karen, Adam, Elijah, Ann, Jesse, Cynthia, Martha, Lisa, Nicole, Bruce, Sophia, Susan, Cheryl, Christian, Kathleen, Kimberly, Raymond, David, Angela, Jack, Charlotte, Beverly, Michelle, Austin, Frances, Donald, Debra, Janice, Kyle, Paul, Jacob, Diane, Bobby, Willie, Bradley, Scott, Sarah, Henry, Marilyn, Benjamin, Jacqueline, Helen, Thomas, Marie, Jason, Emily, Ashley, Jonathan, Barbara, Larry, Doris, Kenneth, Nicholas, Carol, Maria, Deborah, Shirley, Philip, Mark, Melissa, Evelyn, Michael, Gary, Brandon, Theresa, Jeremy, Carl, Virginia, Ruth, Linda, Anna, Natalie, Christine, Betty, Judy, Mason, Eric) ...
    *   Stephen is Eric's descendant.

    This establishes that **Gabriel is an ancestor of Stephen**.

2.  **Trace from Stephen to Joan:**
    *   Stephen is Gerald's ancestor.
    *   Brian is Gerald's descendant.
    *   Brian is William's ancestor.
    *   William is Joan's ancestor.

    This establishes that **Stephen is an ancestor of Joan**.

3.  **Conclusion:**
    Combining the two traces, we have:
    Gabriel -> ... -> Stephen -> ... -> Joan.
    Therefore, Gabriel is Joan's ancestor.

<ANSWER>1</ANSWER>"
128,DESCENDANT,2,"Given the following lineage relationships:
* Aaron is Daniel's ancestor.
* Emily is Stephanie's ancestor.
* Helen is Martha's descendant.
* Jerry is Marie's ancestor.
* Alan is Timothy's ancestor.
* Alexander is Amy's descendant.
* Sophia is Karen's descendant.
* Alexis is Michelle's ancestor.
* Melissa is Kimberly's descendant.
* Ryan is Rebecca's descendant.
* Joan is Richard's ancestor.
* Brenda is Robert's ancestor.
* Matthew is Frank's ancestor.
* Marilyn is Lori's ancestor.
* Christopher is Carol's descendant.
* Rachel is Heather's descendant.
* Henry is Diane's descendant.
* Madison is Kayla's ancestor.
* Charlotte is Melissa's descendant.
* Victoria is Nathan's ancestor.
* Danielle is Theresa's ancestor.
* Danielle is Peter's descendant.
* Sara is Frank's descendant.
* Justin is Jeffrey's ancestor.
* Sandra is Vincent's descendant.
* Lori is Gregory's ancestor.
* Frances is Douglas's ancestor.
* Isabella is Alexander's descendant.
* Angela is Bruce's descendant.
* Raymond is Christopher's descendant.
* Gary is Wayne's descendant.
* Logan is William's ancestor.
* Roy is Donna's descendant.
* Gerald is Jesse's descendant.
* Wayne is George's descendant.
* Madison is William's descendant.
* Susan is Christina's ancestor.
* Michelle is Samuel's ancestor.
* Jack is Matthew's ancestor.
* Harold is Isabella's descendant.
* Denise is Daniel's descendant.
* Walter is Joshua's ancestor.
* Katherine is Steven's descendant.
* Roger is Samuel's descendant.
* Cynthia is Jennifer's descendant.
* Pamela is Shirley's ancestor.
* Charles is Sandra's descendant.
* Diane is Nicole's descendant.
* Nancy is Gregory's descendant.
* Jack is Keith's descendant.
* Gerald is Judy's ancestor.
* Christina is Janet's ancestor.
* Bradley is Philip's descendant.
* Stephanie is Debra's ancestor.
* Amy is Sean's descendant.
* Kathleen is Jessica's descendant.
* Scott is Helen's descendant.
* Nancy is Bruce's ancestor.
* Brandon is Joe's ancestor.
* Nicole is Sara's descendant.
* Amber is Jeremy's descendant.
* Amanda is Billy's ancestor.
* Larry is Sophia's descendant.
* Heather is Nathan's descendant.
* Ann is Jeffrey's descendant.
* Lisa is Christine's descendant.
* Anthony is Dennis's descendant.
* Joshua is Susan's ancestor.
* Kathleen is Jerry's ancestor.
* Austin is Olivia's descendant.
* Theresa is Dennis's ancestor.
* Brian is Jacob's descendant.
* Bradley is Jacob's ancestor.
* Judith is Martha's ancestor.
* Austin is Kimberly's ancestor.
* Scott is Dorothy's ancestor.
* Jeremy is Henry's descendant.
* Ashley is Christine's ancestor.
* Philip is John's descendant.
* Joseph is Kenneth's descendant.
* Emily is Ann's descendant.
* Katherine is Jennifer's ancestor.
* Raymond is Peter's ancestor.
* Julie is Deborah's ancestor.
* Harold is Jose's ancestor.
* Mary is Bobby's descendant.
* Ashley is Emma's descendant.
* Jason is Marie's descendant.
* Nicholas is Aaron's ancestor.
* Jose is George's ancestor.
* Betty is Judith's ancestor.
* Shirley is Karen's ancestor.
* Jesse is Denise's descendant.
* John is Jason's descendant.
* Charlotte is Kenneth's ancestor.
* Joe is Edward's ancestor.
* Roger is Carol's ancestor.
* Larry is Emma's ancestor.
* Anna is Lisa's descendant.
* Donna is Cynthia's descendant.
* Vincent is Debra's descendant.
* Steven is Anna's descendant.
* Hannah is Joan's ancestor.
* Sean is Rachel's descendant.
* Joseph is Brandon's ancestor.
* Dorothy is Marilyn's ancestor.
* Donald is Julie's ancestor.
* Sarah is Deborah's descendant.
* Frances is Roy's descendant.
* Timothy is Sharon's ancestor.
* Ryan is Alexis's ancestor.
* Douglas is Amanda's ancestor.
* Robert is Victoria's ancestor.
* Brian is Nicholas's ancestor.
* Amber is Donald's ancestor.
* Judy is Pamela's ancestor.
* Anthony is Betty's ancestor.
* Walter is Sharon's descendant.
* Billy is Logan's ancestor.
* Olivia is Kayla's descendant.
* Justin is Gary's descendant.
* Hannah is Mary's descendant.
* Janet is Brenda's ancestor.
* Sarah is Jessica's ancestor.
* Alan is Richard's descendant.
* Bobby is Edward's descendant.
* Charles is Rebecca's ancestor.
Determine the lineage relationship between Angela and Keith.
Select the correct answer:
1. Angela and Keith share a common ancestor.
2. Angela is Keith's descendant.
3. Angela and Keith share a common descendant.
4. Angela is Keith's ancestor.
5. None of the above is correct.
Enclose the selected answer number in the <ANSWER> tag, for example: <ANSWER>1</ANSWER>.",z-ai/glm-4.7,Parasail,,,"To determine the relationship between Angela and Keith, we need to trace their lineages using the provided statements.

1.  **Trace Keith's Lineage Upwards to a Common Point:**
    *   ""Jack is Keith's descendant."" $\rightarrow$ Keith is an ancestor of Jack.
    *   ""Jack is Matthew's descendant."" $\rightarrow$ Matthew is an ancestor of Jack.
    *   ""Matthew is Frank's ancestor."" $\rightarrow$ Matthew is an ancestor of Frank.
    *   ""Sara is Frank's descendant."" $\rightarrow$ Frank is an ancestor of Sara.
    *   ""Nicole is Sara's descendant."" $\rightarrow$ Sara is an ancestor of Nicole.
    *   ""Diane is Nicole's descendant."" $\rightarrow$ Nicole is an ancestor of Diane.
    *   ""Henry is Diane's descendant."" $\rightarrow$ Diane is an ancestor of Henry.
    *   ""Jeremy is Henry's descendant."" $\rightarrow$ Henry is an ancestor of Jeremy.
    *   ""Amber is Jeremy's descendant."" $\rightarrow$ Jeremy is an ancestor of Amber.
    *   ""Amber is Donald's ancestor."" $\rightarrow$ Amber is an ancestor of Donald.
    *   ""Donald is Julie's ancestor."" $\rightarrow$ Donald is an ancestor of Julie.
    *   ""Julie is Deborah's ancestor."" $\rightarrow$ Julie is an ancestor of Deborah.
    *   ""Sarah is Deborah's descendant."" $\rightarrow$ Deborah is an ancestor of Sarah.
    *   ""Sarah is Jessica's ancestor."" $\rightarrow$ Sarah is an ancestor of Jessica.
    *   ""Kathleen is Jessica's descendant."" $\rightarrow$ Jessica is an ancestor of Kathleen.
    *   ""Kathleen is Jerry's ancestor."" $\rightarrow$ Kathleen is an ancestor of Jerry.
    *   ""Jerry is Marie's ancestor."" $\rightarrow$ Jerry is an ancestor of Marie.
    *   ""Jason is Marie's descendant."" $\rightarrow$ Marie is an ancestor of Jason.
    *   ""John is Jason's descendant."" $\rightarrow$ Jason is an ancestor of John.
    *   ""Philip is John's descendant."" $\rightarrow$ John is an ancestor of Philip.
    *   ""Bradley is Philip's descendant."" $\rightarrow$ Philip is an ancestor of Bradley.
    *   ""Bradley is Jacob's ancestor."" $\rightarrow$ Bradley is an ancestor of Jacob.
    *   ""Brian is Jacob's descendant."" $\rightarrow$ Jacob is an ancestor of Brian.

    At this point, we have established that Keith is an ancestor of **Brian** (through the chain: Keith $\rightarrow$ ... $\rightarrow$ Matthew $\rightarrow$ Frank $\rightarrow$ ... $\rightarrow$ Brian).

2.  **Trace Brian's Lineage Downwards to Angela:**
    *   ""Brian is Nicholas's ancestor."" $\rightarrow$ Brian is an ancestor of Nicholas.
    *   ""Nicholas is Aaron's ancestor."" $\rightarrow$ Nicholas is an ancestor of Aaron.
    *   ""Aaron is Daniel's ancestor."" $\rightarrow$ Aaron is an ancestor of Daniel.
    *   ""Denise is Daniel's descendant."" $\rightarrow$ Daniel is an ancestor of Denise.
    *   ""Jesse is Denise's descendant."" $\rightarrow$ Denise is an ancestor of Jesse.
    *   ""Gerald is Jesse's descendant."" $\rightarrow$ Jesse is an ancestor of Gerald.
    *   ""Gerald is Judy's ancestor."" $\rightarrow$ Gerald is an ancestor of Judy.
    *   ""Judy is Pamela's ancestor."" $\rightarrow$ Judy is an ancestor of Pamela.
    *   ""Pamela is Shirley's ancestor."" $\rightarrow$ Pamela is an ancestor of Shirley.
    *   ""Shirley is Karen's ancestor."" $\rightarrow$ Shirley is an ancestor of Karen.
    *   ""Sophia is Karen's descendant."" $\rightarrow$ Karen is an ancestor of Sophia.
    *   ""Larry is Sophia's descendant."" $\rightarrow$ Sophia is an ancestor of Larry.
    *   ""Larry is Emma's ancestor."" $\rightarrow$ Larry is an ancestor of Emma.
    *   ""Ashley is Emma's descendant."" $\rightarrow$ Emma is an ancestor of Ashley.
    *   ""Ashley is Christine's descendant."" $\rightarrow$ Christine is an ancestor of Ashley.
    *   ""Lisa is Christine's descendant."" $\rightarrow$ Christine is an ancestor of Lisa.
    *   ""Anna is Lisa's descendant."" $\rightarrow$ Lisa is an ancestor of Anna.
    *   ""Steven is Anna's descendant."" $\rightarrow$ Anna is an ancestor of Steven.
    *   ""Katherine is Steven's descendant."" $\rightarrow$ Steven is an ancestor of Katherine.
    *   ""Katherine is Jennifer's ancestor."" $\rightarrow$ Katherine is an ancestor of Jennifer.
    *   ""Cynthia is Jennifer's descendant."" $\rightarrow$ Jennifer is an ancestor of Cynthia.
    *   ""Donna is Cynthia's descendant."" $\rightarrow$ Cynthia is an ancestor of Donna.
    *   ""Roy is Donna's descendant."" $\rightarrow$ Donna is an ancestor of Roy.
    *   ""Frances is Roy's descendant."" $\rightarrow$ Roy is an ancestor of Frances.
    *   ""Frances is Douglas's ancestor."" $\rightarrow$ Frances is an ancestor of Douglas.
    *   ""Douglas is Amanda's ancestor."" $\rightarrow$ Douglas is an ancestor of Amanda.
    *   ""Amanda is Billy's ancestor."" $\rightarrow$ Amanda is an ancestor of Billy.
    *   ""Billy is Logan's ancestor."" $\rightarrow$ Billy is an ancestor of Logan.
    *   ""Logan is William's ancestor."" $\rightarrow$ Logan is an ancestor of William.
    *   ""Madison is William's descendant."" $\rightarrow$ William is an ancestor of Madison.
    *   ""Madison is Kayla's ancestor."" $\rightarrow$ Madison is an ancestor of Kayla.
    *   ""Olivia is Kayla's descendant."" $\rightarrow$ Kayla is an ancestor of Olivia.
    *   ""Austin is Olivia's descendant."" $\rightarrow$ Olivia is an ancestor of Austin.
    *   ""Austin is Kimberly's ancestor."" $\rightarrow$ Austin is an ancestor of Kimberly.
    *   ""Melissa is Kimberly's descendant."" $\rightarrow$ Kimberly is an ancestor of Melissa.
    *   ""Charlotte is Melissa's descendant."" $\rightarrow$ Melissa is an ancestor of Charlotte.
    *   ""Charlotte is Kenneth's ancestor."" $\rightarrow$ Charlotte is an ancestor of Kenneth.
    *   ""Joseph is Kenneth's descendant."" $\rightarrow$ Kenneth is an ancestor of Joseph.
    *   ""Joseph is Brandon's ancestor."" $\rightarrow$ Joseph is an ancestor of Brandon.
    *   ""Brandon is Joe's ancestor."" $\rightarrow$ Brandon is an ancestor of Joe.
    *   ""Joe is Edward's ancestor."" $\rightarrow$ Joe is an ancestor of Edward.
    *   ""Bobby is Edward's descendant."" $\rightarrow$ Edward is an ancestor of Bobby.
    *   ""Mary is Bobby's descendant."" $\rightarrow$ Bobby is an ancestor of Mary.
    *   ""Hannah is Mary's descendant."" $\rightarrow$ Mary is an ancestor of Hannah.
    *   ""Hannah is Joan's ancestor."" $\rightarrow$ Hannah is an ancestor of Joan.
    *   ""Joan is Richard's ancestor."" $\rightarrow$ Joan is an ancestor of Richard.
    *   ""Alan is Richard's descendant."" $\rightarrow$ Richard is an ancestor of Alan.
    *   ""Alan is Timothy's ancestor."" $\rightarrow$ Alan is an ancestor of Timothy.
    *   ""Timothy is Sharon's ancestor."" $\rightarrow$ Timothy is an ancestor of Sharon.
    *   ""Walter is Sharon's descendant."" $\rightarrow$ Sharon is an ancestor of Walter.
    *   ""Walter is Joshua's ancestor."" $\rightarrow$ Walter is an ancestor of Joshua.
    *   ""Joshua is Susan's ancestor."" $\rightarrow$ Joshua is an ancestor of Susan.
    *   ""Susan is Christina's ancestor."" $\rightarrow$ Susan is an ancestor of Christina.
    *   ""Christina is Janet's ancestor."" $\rightarrow$ Christina is an ancestor of Janet.
    *   ""Janet is Brenda's ancestor."" $\rightarrow$ Janet is an ancestor of Brenda.
    *   ""Brenda is Robert's ancestor."" $\rightarrow$ Brenda is an ancestor of Robert.
    *   ""Robert is Victoria's ancestor."" $\rightarrow$ Robert is an ancestor of Victoria.
    *   ""Victoria is Nathan's ancestor."" $\rightarrow$ Victoria is an ancestor of Nathan.
    *   ""Heather is Nathan's descendant."" $\rightarrow$ Nathan is an ancestor of Heather.
    *   ""Rachel is Heather's descendant."" $\rightarrow$ Heather is an ancestor of Rachel.
    *   ""Sean is Rachel's descendant."" $\rightarrow$ Rachel is an ancestor of Sean.
    *   ""Amy is Sean's descendant."" $\rightarrow$ Sean is an ancestor of Amy.
    *   ""Alexander is Amy's descendant."" $\rightarrow$ Amy is an ancestor of Alexander.
    *   ""Isabella is Alexander's descendant."" $\rightarrow$ Alexander is an ancestor of Isabella.
    *   ""Harold is Isabella's descendant."" $\rightarrow$ Isabella is an ancestor of Harold.
    *   ""Harold is Jose's ancestor."" $\rightarrow$ Harold is an ancestor of Jose.
    *   ""Jose is George's ancestor."" $\rightarrow$ Jose is an ancestor of George.
    *   ""Gary is Wayne's descendant."" $\rightarrow$ Wayne is an ancestor of Gary.
    *   ""Wayne is George's descendant."" $\rightarrow$ George is an ancestor of Wayne.
    *   ""Justin is Gary's descendant."" $\rightarrow$ Gary is an ancestor of Justin.
    *   ""Justin is Jeffrey's ancestor."" $\rightarrow$ Justin is an ancestor of Jeffrey.
    *   ""Ann is Jeffrey's descendant."" $\rightarrow$ Jeffrey is an ancestor of Ann.
    *   ""Emily is Ann's descendant."" $\rightarrow$ Ann is an ancestor of Emily.
    *   ""Emily is Stephanie's ancestor."" $\rightarrow$ Emily is an ancestor of Stephanie.
    *   ""Stephanie is Debra's ancestor."" $\rightarrow$ Stephanie is an ancestor of Debra.
    *   ""Vincent is Debra's descendant."" $\rightarrow$ Debra is an ancestor of Vincent.
    *   ""Sandra is Vincent's descendant."" $\rightarrow$ Vincent is an ancestor of Sandra.
    *   ""Charles is Sandra's descendant."" $\rightarrow$ Sandra is an ancestor of Charles.
    *   ""Charles is Rebecca's ancestor."" $\rightarrow$ Charles is an ancestor of Rebecca.
    *   ""Ryan is Rebecca's descendant."" $\rightarrow$ Rebecca is an ancestor of Ryan.
    *   ""Ryan is Alexis's ancestor."" $\rightarrow$ Ryan is an ancestor of Alexis.
    *   ""Alexis is Michelle's ancestor."" $\rightarrow$ Alexis is an ancestor of Michelle.
    *   ""Michelle is Samuel's ancestor."" $\rightarrow$ Michelle is an ancestor of Samuel.
    *   ""Roger is Samuel's descendant."" $\rightarrow$ Samuel is an ancestor of Roger.
    *   ""Roger is Carol's ancestor."" $\rightarrow$ Roger is an ancestor of Carol.
    *   ""Christopher is Carol's descendant."" $\rightarrow$ Carol is an ancestor of Christopher.
    *   ""Raymond is Christopher's descendant."" $\rightarrow$ Christopher is an ancestor of Raymond.
    *   ""Raymond is Peter's ancestor."" $\rightarrow$ Raymond is an ancestor of Peter.
    *   ""Danielle is Peter's descendant."" $\rightarrow$ Peter is an ancestor of Danielle.
    *   ""Danielle is Theresa's ancestor."" $\rightarrow$ Danielle is an ancestor of Theresa.
    *   ""Theresa is Dennis's ancestor."" $\rightarrow$ Theresa is an ancestor of Dennis.
    *   ""Anthony is Dennis's descendant."" $\rightarrow$ Dennis is an ancestor of Anthony.
    *   ""Anthony is Betty's ancestor."" $\rightarrow$ Anthony is an ancestor of Betty.
    *   ""Betty is Judith's ancestor."" $\rightarrow$ Betty is an ancestor of Judith.
    *   ""Judith is Martha's ancestor."" $\rightarrow$ Judith is an ancestor of Martha.
    *   ""Helen is Martha's descendant."" $\rightarrow$ Martha is an ancestor of Helen.
    *   ""Scott is Helen's descendant."" $\rightarrow$ Helen is an ancestor of Scott.
    *   ""Scott is Dorothy's ancestor."" $\rightarrow$ Scott is an ancestor of Dorothy.
    *   ""Dorothy is Marilyn's ancestor."" $\rightarrow$ Dorothy is an ancestor of Marilyn.
    *   ""Marilyn is Lori's ancestor."" $\rightarrow$ Marilyn is an ancestor of Lori.
    *   ""Lori is Gregory's ancestor."" $\rightarrow$ Lori is an ancestor of Gregory.
    *   ""Nancy is Gregory's descendant."" $\rightarrow$ Gregory is an ancestor of Nancy.
    *   ""Nancy is Bruce's ancestor."" $\rightarrow$ Nancy is an ancestor of Bruce.
    *   ""Angela is Bruce's descendant."" $\rightarrow$ Bruce is an ancestor of Angela.

    Combining the chains, we have a continuous lineage from Keith down to Angela: **Keith $\rightarrow$ ... $\rightarrow$ Brian $\rightarrow$ ... $\rightarrow$ Angela**.

    Therefore, Keith is an ancestor of Angela, which means Angela is Keith's descendant.

<ANSWER>2</ANSWER>"
128,COMMON_ANCESTOR,2,"Given the following lineage relationships:
* Harold is Arthur's descendant.
* Sophia is Sara's ancestor.
* Gabriel is Russell's ancestor.
* Jennifer is Bruce's ancestor.
* Laura is Amber's descendant.
* Alice is Christopher's ancestor.
* Jose is Margaret's ancestor.
* Alexander is Cynthia's ancestor.
* Dylan is Willie's ancestor.
* John is Justin's ancestor.
* Grace is Joseph's descendant.
* Frances is Lawrence's ancestor.
* Willie is Amanda's ancestor.
* Nancy is Gregory's ancestor.
* Jordan is Ryan's ancestor.
* Andrea is Ruth's descendant.
* Doris is Teresa's ancestor.
* Grace is Angela's ancestor.
* Nicholas is Roger's descendant.
* Daniel is Edward's ancestor.
* Jessica is Peter's descendant.
* Gloria is Andrew's descendant.
* Christopher is Mary's ancestor.
* Patricia is Dorothy's descendant.
* Theresa is James's ancestor.
* Barbara is Elizabeth's descendant.
* Richard is Lauren's descendant.
* Rebecca is Brandon's ancestor.
* Jennifer is Gregory's descendant.
* Diane is Dorothy's ancestor.
* Donald is Mary's descendant.
* Joseph is Sandra's descendant.
* Alice is Maria's descendant.
* Linda is Jacqueline's ancestor.
* Juan is Ruth's ancestor.
* Stephen is Peter's ancestor.
* Beverly is Andrew's ancestor.
* Kenneth is Debra's descendant.
* Kayla is Susan's ancestor.
* Douglas is Janice's ancestor.
* Brenda is Logan's descendant.
* Ryan is Patrick's ancestor.
* Victoria is Isabella's ancestor.
* Stephanie is Diana's descendant.
* Robert is Jeremy's descendant.
* Emily is Elizabeth's ancestor.
* Bruce is Albert's ancestor.
* Hannah is Judith's descendant.
* Roy is Madison's ancestor.
* Lori is Kayla's ancestor.
* Patrick is Diana's ancestor.
* Juan is Eugene's descendant.
* Christian is Nathan's descendant.
* Cheryl is Elijah's ancestor.
* Scott is Emma's descendant.
* Gerald is Keith's ancestor.
* Arthur is Heather's descendant.
* Heather is Sara's descendant.
* Diane is Eric's descendant.
* Lori is Robert's descendant.
* Patricia is Michael's ancestor.
* Albert is Beverly's ancestor.
* Karen is Stephen's ancestor.
* Jacob is Amber's ancestor.
* Mason is Marie's ancestor.
* Logan is Richard's descendant.
* Roger is Sean's descendant.
* Christian is Julie's ancestor.
* Charlotte is Russell's descendant.
* Amanda is Jeremy's ancestor.
* Sarah is Jack's descendant.
* Daniel is Keith's descendant.
* Jack is Madison's descendant.
* Evelyn is Mason's ancestor.
* Nathan is Isabella's descendant.
* Tyler is Samantha's ancestor.
* Gerald is Brandon's descendant.
* James is Sophia's ancestor.
* Kenneth is Gabriel's ancestor.
* Carolyn is Sarah's descendant.
* Samantha is Rachel's ancestor.
* Janice is Theresa's ancestor.
* Jessica is Emma's ancestor.
* Jesse is Denise's descendant.
* Jose is Martha's descendant.
* Cheryl is Carl's descendant.
* Carolyn is Kelly's ancestor.
* Charlotte is Rebecca's ancestor.
* Rachel is Martha's ancestor.
* Marilyn is Harold's descendant.
* Gloria is John's ancestor.
* Joan is Frances's ancestor.
* Jordan is Marilyn's descendant.
* Eugene is Nicholas's descendant.
* Edward is Larry's ancestor.
* Christine is Joan's ancestor.
* Janet is Andrea's descendant.
* Debra is Michael's descendant.
* Shirley is Mark's ancestor.
* Kevin is Alexander's ancestor.
* Jean is Carl's ancestor.
* Emily is Angela's descendant.
* Linda is Margaret's descendant.
* Evelyn is Teresa's descendant.
* Douglas is Brenda's descendant.
* Dylan is Cynthia's descendant.
* Bobby is Austin's ancestor.
* Kevin is Austin's descendant.
* Jesse is Christine's ancestor.
* Frank is Lauren's ancestor.
* Elijah is Denise's ancestor.
* Eric is Jacob's descendant.
* Scott is Doris's ancestor.
* Bobby is Julia's descendant.
* Jacqueline is Jean's ancestor.
* Mark is Maria's ancestor.
* Roy is Julie's descendant.
* Frank is Kelly's descendant.
* Barbara is Karen's ancestor.
* Sean is Larry's descendant.
* Judith is Stephanie's descendant.
* Nancy is Donald's descendant.
* Julia is Marie's descendant.
* Sandra is Justin's descendant.
* Laura is Victoria's ancestor.
* Tyler is Janet's descendant.
* Shirley is Lawrence's descendant.
Determine the lineage relationship between Susan and Hannah.
Select the correct answer:
1. Susan is Hannah's ancestor.
2. Susan and Hannah share a common ancestor.
3. Susan and Hannah share a common descendant.
4. Susan is Hannah's descendant.
5. None of the above is correct.
Enclose the selected answer number in the <ANSWER> tag, for example: <ANSWER>1</ANSWER>.",z-ai/glm-4.7,Parasail,,,"To determine the lineage relationship between Susan and Hannah, we need to trace their ancestors using the provided statements.

**Tracing Susan's Lineage:**
1.  **Kayla** is Susan's ancestor.
2.  **Lori** is Kayla's ancestor.
3.  **Lori** is Robert's descendant, so **Robert** is Lori's ancestor.
4.  **Robert** is Jeremy's descendant, so **Jeremy** is Robert's ancestor.
5.  **Amanda** is Jeremy's ancestor.
6.  **Willie** is Amanda's ancestor.
7.  **Dylan** is Willie's ancestor.
8.  **Dylan** is Cynthia's descendant, so **Cynthia** is Dylan's ancestor.
9.  **Alexander** is Cynthia's ancestor.
10. **Kevin** is Alexander's ancestor.
11. **Kevin** is Austin's descendant, so **Austin** is Kevin's ancestor.
12. **Bobby** is Austin's ancestor.
13. **Bobby** is Julia's descendant, so **Julia** is Bobby's ancestor.
14. **Julia** is Marie's descendant, so **Marie** is Julia's ancestor.
15. **Mason** is Marie's ancestor.
16. **Evelyn** is Mason's ancestor.
17. **Evelyn** is Teresa's descendant, so **Teresa** is Evelyn's ancestor.
18. **Doris** is Teresa's ancestor.
19. **Scott** is Doris's ancestor.
20. **Scott** is Emma's descendant, so **Emma** is Scott's ancestor.
21. **Jessica** is Emma's ancestor.
22. **Jessica** is Peter's descendant, so **Peter** is Jessica's ancestor.
23. **Stephen** is Peter's ancestor.
24. **Karen** is Stephen's ancestor.
25. **Barbara** is Karen's ancestor.
26. **Barbara** is Elizabeth's descendant, so **Elizabeth** is Barbara's ancestor.
27. **Emily** is Elizabeth's ancestor.
28. **Emily** is Angela's descendant, so **Angela** is Emily's ancestor.
29. **Grace** is Angela's ancestor.
30. **Grace** is Joseph's descendant, so **Joseph** is Grace's ancestor.
31. **Sandra** is Joseph's descendant, so **Joseph** is Sandra's ancestor (Wait, direction check: ""Joseph is Sandra's descendant"" implies Sandra -> Joseph. So Sandra is Grace's ancestor? Let's re-read: ""Grace is Joseph's descendant"" -> Joseph -> Grace. ""Sandra is Justin's descendant"" -> Justin -> Sandra. ""John is Justin's ancestor"" -> John -> Justin. ""Gloria is John's ancestor"" -> Gloria -> John. ""Gloria is Andrew's descendant"" -> Andrew -> Gloria. ""Beverly is Andrew's ancestor"" -> Beverly -> Andrew. ""Albert is Beverly's ancestor"" -> Albert -> Beverly. ""Bruce is Albert's ancestor"" -> Bruce -> Albert. ""Jennifer is Bruce's ancestor"" -> Jennifer -> Bruce. ""Jennifer is Gregory's descendant"" -> Gregory -> Jennifer. ""Nancy is Gregory's ancestor"" -> Nancy -> Gregory. ""Nancy is Donald's descendant"" -> Donald -> Nancy. ""Donald is Mary's descendant"" -> Mary -> Donald. ""Christopher is Mary's ancestor"" -> Christopher -> Mary. ""Alice is Christopher's ancestor"" -> Alice -> Christopher. ""Alice is Maria's descendant"" -> Maria -> Alice. ""Mark is Maria's ancestor"" -> Mark -> Maria. ""Shirley is Mark's ancestor"" -> Shirley -> Mark. ""Shirley is Lawrence's descendant"" -> Lawrence -> Shirley. ""Frances is Lawrence's ancestor"" -> Frances -> Lawrence. ""Joan is Frances's ancestor"" -> Joan -> Frances. ""Christine is Joan's ancestor"" -> Christine -> Joan. ""Jesse is Christine's ancestor"" -> Jesse -> Christine. ""Jesse is Denise's descendant"" -> Denise -> Jesse. ""Elijah is Denise's ancestor"" -> Elijah -> Denise. ""Cheryl is Elijah's ancestor"" -> Cheryl -> Elijah. ""Cheryl is Carl's descendant"" -> Carl -> Cheryl. ""Jean is Carl's ancestor"" -> Jean -> Carl. ""Jacqueline is Jean's ancestor"" -> Jacqueline -> Jean. ""Linda is Jacqueline's ancestor"" -> Linda -> Jacqueline. ""Linda is Margaret's descendant"" -> Margaret -> Linda. ""Jose is Martha's descendant"" -> Martha -> Jose. ""Rachel is Martha's ancestor"" -> Rachel -> Martha. ""Samantha is Rachel's ancestor"" -> Samantha -> Rachel. ""Tyler is Samantha's ancestor"" -> Tyler -> Samantha. ""Tyler is Janet's descendant"" -> Janet -> Tyler. ""Janet is Andrea's descendant"" -> Andrea -> Janet. ""Andrea is Ruth's descendant"" -> Ruth -> Andrea. ""Juan is Ruth's ancestor"" -> Juan -> Ruth. ""Juan is Eugene's descendant"" -> Eugene -> Juan. ""Eugene is Nicholas's descendant"" -> Nicholas -> Eugene. ""Roger is Sean's descendant"" -> Sean -> Roger. ""Nicholas is Roger's descendant"" -> Roger -> Nicholas. ""Sean is Larry's descendant"" -> Larry -> Sean. ""Edward is Larry's ancestor"" -> Edward -> Larry. ""Daniel is Edward's ancestor"" -> Daniel -> Edward. ""Daniel is Keith's descendant"" -> Keith -> Daniel. ""Gerald is Keith's ancestor"" -> Gerald -> Keith. ""Gerald is Brandon's descendant"" -> Brandon -> Gerald. ""Rebecca is Brandon's ancestor"" -> Rebecca -> Brandon. ""Charlotte is Rebecca's ancestor"" -> Charlotte -> Rebecca. ""Charlotte is Russell's descendant"" -> Russell -> Charlotte. ""Gabriel is Russell's ancestor"" -> Gabriel -> Russell. ""Kenneth is Gabriel's ancestor"" -> Kenneth -> Gabriel. ""Kenneth is Debra's descendant"" -> Debra -> Kenneth. ""Debra is Michael's descendant"" -> Michael -> Debra. ""Patricia is Michael's ancestor"" -> Patricia -> Michael. ""Patricia is Dorothy's descendant"" -> Dorothy -> Patricia. ""Diane is Dorothy's ancestor"" -> Diane -> Dorothy. ""Diane is Eric's descendant"" -> Eric -> Diane. ""Eric is Jacob's descendant"" -> Jacob -> Eric. ""Jacob is Amber's ancestor"" -> Jacob -> Amber. ""Laura is Amber's descendant"" -> Amber -> Laura. ""Laura is Victoria's ancestor"" -> Laura -> Victoria. ""Victoria is Isabella's ancestor"" -> Victoria -> Isabella. ""Nathan is Isabella's descendant"" -> Isabella -> Nathan. ""Christian is Nathan's descendant"" -> Nathan -> Christian.)

This shows that **Jacob** is an ancestor of Susan.

**Tracing Hannah's Lineage:**
1.  **Hannah** is Judith's descendant, so **Judith** is Hannah's ancestor.
2.  **Judith** is Stephanie's descendant, so **Stephanie** is Judith's ancestor.
3.  **Stephanie** is Diana's descendant, so **Diana** is Stephanie's ancestor.
4.  **Patrick** is Diana's ancestor.
5.  **Ryan** is Patrick's ancestor.
6.  **Jordan** is Ryan's ancestor.
7.  **Jordan** is Marilyn's descendant, so **Marilyn** is Jordan's ancestor.
8.  **Marilyn** is Harold's descendant, so **Harold** is Marilyn's ancestor.
9.  **Harold** is Arthur's descendant, so **Arthur** is Harold's ancestor.
10. **Arthur** is Heather's descendant, so **Heather** is Arthur's ancestor.
11. **Heather** is Sara's descendant, so **Sara** is Heather's ancestor.
12. **Sophia** is Sara's ancestor.
13. **James** is Sophia's ancestor.
14. **Theresa** is James's ancestor.
15. **Janice** is Theresa's ancestor.
16. **Douglas** is Janice's ancestor.
17. **Douglas** is Brenda's descendant, so **Brenda** is Douglas's ancestor.
18. **Brenda** is Logan's descendant, so **Logan** is Brenda's ancestor.
19. **Logan** is Richard's descendant, so **Richard** is Logan's ancestor.
20. **Richard** is Lauren's descendant, so **Lauren** is Richard's ancestor.
21. **Frank** is Lauren's ancestor.
22. **Frank** is Kelly's descendant, so **Kelly** is Frank's ancestor.
23. **Carolyn** is Kelly's ancestor.
24. **Carolyn** is Sarah's descendant, so **Sarah** is Carolyn's ancestor.
25. **Sarah** is Jack's descendant, so **Jack** is Sarah's ancestor.
26. **Jack** is Madison's descendant, so **Madison** is Jack's ancestor.
27. **Roy** is Madison's ancestor.
28. **Roy** is Julie's descendant, so **Julie** is Roy's ancestor.
29. **Christian** is Julie's ancestor.

This shows that **Christian** is an ancestor of Hannah.
From the trace for Susan, we found that **Jacob** is an ancestor of **Christian** (via the chain: Jacob -> Amber -> Laura -> Victoria -> Isabella -> Nathan -> Christian).

Therefore, **Jacob** is an ancestor of both Susan and Hannah. Since they share a common ancestor (Jacob), the correct relationship is that they share a common ancestor.

<ANSWER>2</ANSWER>"
128,COMMON_DESCENDANT,1,"Given the following lineage relationships:
* Maria is Betty's ancestor.
* Raymond is Walter's ancestor.
* Samuel is Richard's ancestor.
* Jesse is Kelly's ancestor.
* Judith is Betty's descendant.
* Natalie is Janice's ancestor.
* Sandra is Gloria's descendant.
* Megan is Jonathan's descendant.
* Danielle is Lori's descendant.
* Jesse is George's descendant.
* Rachel is Carol's descendant.
* Dorothy is Alice's descendant.
* Amanda is Ruth's descendant.
* Carolyn is Alexander's ancestor.
* Joseph is Gloria's ancestor.
* Benjamin is Ashley's descendant.
* Cheryl is Amber's ancestor.
* Randy is Gary's descendant.
* Pamela is Kenneth's ancestor.
* Janice is Donna's ancestor.
* Stephen is Jose's ancestor.
* Angela is Roger's ancestor.
* Joshua is Amber's descendant.
* Evelyn is George's ancestor.
* Elijah is Stephanie's ancestor.
* Cheryl is Kenneth's descendant.
* Maria is Hannah's descendant.
* Evelyn is Martha's descendant.
* Virginia is Heather's ancestor.
* Victoria is Alexander's descendant.
* Sandra is Charlotte's ancestor.
* Joe is Nathan's ancestor.
* Samuel is Henry's descendant.
* Barbara is Helen's ancestor.
* Randy is Russell's ancestor.
* Michael is Judith's descendant.
* Charlotte is Gary's ancestor.
* Isabella is Joseph's ancestor.
* Doris is Nicole's ancestor.
* Lori is Gregory's descendant.
* Stephen is Donald's descendant.
* Donna is Ralph's ancestor.
* Steven is Beverly's descendant.
* Diane is Cynthia's ancestor.
* Logan is Diana's ancestor.
* Willie is Amy's ancestor.
* David is Sophia's ancestor.
* Timothy is Gerald's descendant.
* Victoria is Beverly's ancestor.
* Roger is Peter's ancestor.
* Sarah is Timothy's descendant.
* Katherine is Catherine's ancestor.
* Natalie is Frank's descendant.
* Shirley is Angela's ancestor.
* Nicholas is Shirley's ancestor.
* Rebecca is Mason's ancestor.
* Douglas is Carol's ancestor.
* Zachary is William's ancestor.
* Isabella is Joshua's descendant.
* Jose is Henry's ancestor.
* Kevin is Ronald's ancestor.
* Ann is Kayla's ancestor.
* Samantha is Joan's descendant.
* Heather is Adam's ancestor.
* Janet is Jeffrey's descendant.
* Kyle is Rebecca's ancestor.
* Jeffrey is Patricia's descendant.
* Jonathan is Sophia's descendant.
* Russell is Joyce's ancestor.
* Virginia is Christopher's descendant.
* Donald is Emily's descendant.
* Mason is Christopher's ancestor.
* Joe is Diana's descendant.
* Ralph is Jerry's ancestor.
* Charles is Gregory's ancestor.
* Peter is Gerald's ancestor.
* Samantha is Willie's ancestor.
* Danielle is Ashley's ancestor.
* Nathan is Doris's ancestor.
* Hannah is Ronald's descendant.
* Austin is Stephanie's descendant.
* Ann is Jerry's descendant.
* Joan is Nicole's descendant.
* Cynthia is Emily's ancestor.
* Richard is Logan's ancestor.
* Mary is Pamela's ancestor.
* Sara is John's descendant.
* Kayla is Zachary's ancestor.
* Kyle is Kelly's descendant.
* James is Ruth's ancestor.
* Robert is John's ancestor.
* Barbara is Patrick's descendant.
* Dorothy is Mary's ancestor.
* Albert is Sarah's descendant.
* Tyler is Patricia's ancestor.
* Michael is Dylan's ancestor.
* Alan is Brandon's descendant.
* Theresa is Tyler's ancestor.
* Austin is Bryan's ancestor.
* Elijah is Christina's descendant.
* Diane is Walter's descendant.
* Patrick is Sara's descendant.
* Douglas is Benjamin's descendant.
* Christine is Raymond's ancestor.
* Nicholas is Steven's descendant.
* Charles is Dylan's descendant.
* Katherine is Grace's descendant.
* Robert is Amanda's descendant.
* Grace is Elizabeth's descendant.
* Martha is Carl's descendant.
* Vincent is Joyce's descendant.
* Janet is Laura's ancestor.
* Frances is Alice's ancestor.
* Vincent is Eugene's ancestor.
* Eugene is Frank's ancestor.
* Elizabeth is Rachel's descendant.
* William is Carl's ancestor.
* Brandon is Thomas's descendant.
* Lauren is Christine's ancestor.
* Christina is Albert's descendant.
* Kevin is Alan's descendant.
* Lauren is Catherine's descendant.
* Adam is Theresa's ancestor.
* Carolyn is Laura's descendant.
* James is Megan's descendant.
* Helen is Frances's ancestor.
* Bryan is Amy's ancestor.
Determine the lineage relationship between David and Thomas.
Select the correct answer:
1. David and Thomas share a common descendant.
2. David and Thomas share a common ancestor.
3. David is Thomas's descendant.
4. David is Thomas's ancestor.
5. None of the above is correct.
Enclose the selected answer number in the <ANSWER> tag, for example: <ANSWER>1</ANSWER>.",z-ai/glm-4.7,Parasail,,,"Based on the provided lineage relationships, we can trace the ancestry of both David and Thomas to find a common descendant.

**Trace for David:**
1.  David is Sophia's ancestor.
2.  Jonathan is Sophia's descendant (Sophia is Jonathan's ancestor).
3.  Megan is Jonathan's descendant.
4.  James is Megan's descendant.
5.  James is Ruth's ancestor.
6.  Amanda is Ruth's descendant.
7.  Robert is Amanda's descendant.
8.  Robert is John's ancestor.
9.  Sara is John's descendant.
10. Patrick is Sara's descendant.
11. Barbara is Patrick's descendant.
12. Barbara is Helen's ancestor.
13. Helen is Frances's ancestor.
14. Frances is Alice's ancestor.
15. Dorothy is Alice's descendant.
16. Dorothy is Mary's ancestor.
17. Mary is Pamela's ancestor.
18. Pamela is Kenneth's ancestor.
19. Cheryl is Kenneth's descendant.
20. Cheryl is Amber's ancestor.
21. Joshua is Amber's descendant.
22. Isabella is Joshua's descendant.
23. Isabella is Joseph's ancestor.
24. Joseph is Gloria's ancestor.
25. Sandra is Gloria's descendant.
26. Sandra is Charlotte's ancestor.
27. Charlotte is Gary's ancestor.
28. Randy is Gary's descendant.
29. Randy is Russell's ancestor.
30. Russell is Joyce's ancestor.
31. Vincent is Joyce's descendant.
32. Vincent is Eugene's ancestor.
33. Eugene is Frank's ancestor.
34. Natalie is Frank's descendant.
35. Natalie is Janice's ancestor.
36. Janice is Donna's ancestor.
37. Donna is Ralph's ancestor.
38. Ralph is Jerry's ancestor.
39. Ann is Jerry's descendant.
40. Ann is Kayla's ancestor.
41. Kayla is Zachary's ancestor.
42. Zachary is William's ancestor.
43. William is Carl's ancestor.
44. Martha is Carl's descendant.
45. Evelyn is Martha's descendant.
46. Evelyn is George's ancestor.
47. Jesse is George's descendant.
48. Jesse is Kelly's ancestor.
49. Kyle is Kelly's descendant.
50. Kyle is Rebecca's ancestor.
51. Rebecca is Mason's ancestor.
52. Mason is Christopher's ancestor.
53. Virginia is Christopher's descendant.
54. Virginia is Heather's ancestor.
55. Heather is Adam's ancestor.
56. Adam is Theresa's ancestor.
57. Theresa is Tyler's ancestor.
58. Tyler is Patricia's ancestor.
59. Jeffrey is Patricia's descendant.
60. Janet is Jeffrey's descendant.
61. Janet is Laura's ancestor.
62. Carolyn is Laura's descendant.
63. Carolyn is Alexander's ancestor.
64. Victoria is Alexander's descendant.
65. Victoria is Beverly's ancestor.
66. Steven is Beverly's descendant.
67. Nicholas is Steven's descendant.
68. Nicholas is Shirley's ancestor.
69. Shirley is Angela's ancestor.
70. Angela is Roger's ancestor.
71. Roger is Peter's ancestor.
72. Peter is Gerald's ancestor.
73. Timothy is Gerald's descendant.
74. Sarah is Timothy's descendant.
75. Albert is Sarah's descendant.
76. Christina is Albert's descendant.
77. Elijah is Christina's descendant.
78. Elijah is Stephanie's ancestor.
79. Austin is Stephanie's descendant.
80. Austin is Bryan's ancestor.
81. Bryan is Amy's ancestor.

**Trace for Thomas:**
1.  Brandon is Thomas's descendant (Thomas is Brandon's ancestor).
2.  Alan is Brandon's descendant.
3.  Kevin is Alan's descendant.
4.  Kevin is Ronald's ancestor.
5.  Hannah is Ronald's descendant.
6.  Maria is Hannah's descendant.
7.  Maria is Betty's ancestor.
8.  Judith is Betty's descendant.
9.  Michael is Judith's descendant.
10. Michael is Dylan's ancestor.
11. Charles is Dylan's descendant.
12. Charles is Gregory's ancestor.
13. Lori is Gregory's descendant.
14. Danielle is Lori's descendant.
15. Danielle is Ashley's ancestor.
16. Benjamin is Ashley's descendant.
17. Douglas is Benjamin's descendant.
18. Douglas is Carol's ancestor.
19. Rachel is Carol's descendant.
20. Elizabeth is Rachel's descendant.
21. Grace is Elizabeth's descendant.
22. Katherine is Grace's descendant.
23. Katherine is Catherine's ancestor.
24. Lauren is Catherine's descendant.
25. Lauren is Christine's ancestor.
26. Christine is Raymond's ancestor.
27. Raymond is Walter's ancestor.
28. Diane is Walter's descendant.
29. Diane is Cynthia's ancestor.
30. Cynthia is Emily's ancestor.
31. Donald is Emily's descendant.
32. Stephen is Donald's descendant.
33. Stephen is Jose's ancestor.
34. Jose is Henry's ancestor.
35. Samuel is Henry's descendant.
36. Samuel is Richard's ancestor.
37. Richard is Logan's ancestor.
38. Logan is Diana's ancestor.
39. Joe is Diana's descendant.
40. Joe is Nathan's ancestor.
41. Nathan is Doris's ancestor.
42. Doris is Nicole's ancestor.
43. Joan is Nicole's descendant.
44. Samantha is Joan's descendant.
45. Samantha is Willie's ancestor.
46. Willie is Amy's ancestor.

Both David and Thomas are ancestors of Amy. Therefore, David and Thomas share a common descendant.

<ANSWER>1</ANSWER>"
128,ANCESTOR,3,"Given the following lineage relationships:
* Jason is Shirley's descendant.
* Hannah is Kenneth's ancestor.
* Zachary is Douglas's ancestor.
* Sarah is Benjamin's descendant.
* Alan is Tyler's descendant.
* Harold is Jordan's descendant.
* Samuel is Pamela's descendant.
* Diane is Cynthia's ancestor.
* Philip is Nathan's descendant.
* Ashley is Brittany's ancestor.
* Jean is Alexander's ancestor.
* Rachel is Janet's descendant.
* Christopher is Martha's ancestor.
* Alexander is Jeffrey's ancestor.
* Alexis is Gerald's descendant.
* Jessica is Gregory's descendant.
* Wayne is Catherine's descendant.
* Christina is Kathleen's descendant.
* Kathryn is Dennis's ancestor.
* Karen is Ashley's ancestor.
* Sean is Bradley's ancestor.
* Sara is Willie's descendant.
* Wayne is Shirley's ancestor.
* Jesse is Christian's descendant.
* Walter is Robert's descendant.
* Steven is Brandon's ancestor.
* Diana is Samantha's ancestor.
* Lisa is Elizabeth's ancestor.
* Austin is Pamela's ancestor.
* Alan is Christian's ancestor.
* Bryan is Cynthia's descendant.
* Brandon is Amber's ancestor.
* Jerry is Roy's descendant.
* Juan is Tyler's ancestor.
* Kevin is Lawrence's ancestor.
* Victoria is Jean's ancestor.
* Linda is Elijah's descendant.
* Timothy is Nathan's ancestor.
* Julie is Bruce's descendant.
* Ann is Nancy's descendant.
* Michael is Carol's ancestor.
* Richard is Frank's ancestor.
* David is Nancy's ancestor.
* Julia is Danielle's ancestor.
* Janet is Gloria's descendant.
* Patricia is Jacqueline's ancestor.
* Michelle is Kathleen's ancestor.
* Robert is Amber's descendant.
* Heather is Peter's descendant.
* Ruth is Danielle's descendant.
* Ruth is Diane's ancestor.
* Jeffrey is Amy's ancestor.
* Samantha is Hannah's ancestor.
* Teresa is Deborah's descendant.
* Dylan is Steven's ancestor.
* Kenneth is Gerald's ancestor.
* Gabriel is Sharon's descendant.
* Kelly is Roger's ancestor.
* Julie is Julia's ancestor.
* Emma is Adam's ancestor.
* Jack is Andrew's ancestor.
* David is Rachel's descendant.
* Lawrence is Laura's ancestor.
* Bradley is Richard's ancestor.
* Randy is Angela's descendant.
* Marilyn is Donna's ancestor.
* Alexis is Ronald's ancestor.
* Walter is Christine's ancestor.
* Jacqueline is Emma's ancestor.
* Lauren is Debra's ancestor.
* Sarah is Timothy's ancestor.
* Carl is Katherine's ancestor.
* Roy is Thomas's descendant.
* Harold is Elijah's ancestor.
* Christopher is Mason's descendant.
* Gloria is Samuel's descendant.
* Douglas is Charlotte's ancestor.
* Amy is Deborah's ancestor.
* Russell is Teresa's descendant.
* Victoria is Christine's descendant.
* Madison is Scott's ancestor.
* John is Jordan's ancestor.
* Sophia is Marilyn's ancestor.
* Gabriel is Sean's ancestor.
* Sharon is Ralph's descendant.
* Sandra is Frank's descendant.
* Stephen is Kelly's ancestor.
* Roger is John's ancestor.
* Aaron is Martha's descendant.
* Bruce is Jessica's descendant.
* Randy is Peter's ancestor.
* Amanda is Adam's descendant.
* Jesse is Kathryn's ancestor.
* Albert is Christina's descendant.
* Helen is Michael's ancestor.
* Russell is Lauren's ancestor.
* Sophia is Amanda's descendant.
* Carl is Charlotte's descendant.
* Jacob is Paul's ancestor.
* Laura is Diana's ancestor.
* Vincent is Kevin's ancestor.
* Jacob is Ronald's descendant.
* Stephen is Dennis's descendant.
* Karen is Albert's descendant.
* Joshua is Vincent's ancestor.
* Terry is Megan's ancestor.
* Charles is Heather's descendant.
* Scott is Patricia's ancestor.
* Catherine is Philip's descendant.
* Dylan is Andrew's descendant.
* Debra is Austin's ancestor.
* Michelle is Charles's descendant.
* Kyle is Terry's ancestor.
* Willie is Donna's descendant.
* Jack is Katherine's descendant.
* Bryan is Thomas's ancestor.
* Kyle is Sandra's descendant.
* Brittany is Lisa's ancestor.
* Mason is Paul's descendant.
* Gregory is Ann's descendant.
* Jason is Zachary's ancestor.
* Linda is Helen's ancestor.
* Sara is Benjamin's ancestor.
* Aaron is Juan's ancestor.
* Elizabeth is Ralph's ancestor.
* Madison is Carol's descendant.
* Megan is Joshua's ancestor.
Determine the lineage relationship between Angela and Jerry.
Select the correct answer:
1. Angela is Jerry's descendant.
2. Angela and Jerry share a common ancestor.
3. Angela is Jerry's ancestor.
4. Angela and Jerry share a common descendant.
5. None of the above is correct.
Enclose the selected answer number in the <ANSWER> tag, for example: <ANSWER>1</ANSWER>.",z-ai/glm-4.7,Parasail,,,"To determine the lineage relationship between Angela and Jerry, I'll trace their family connections using the given information.

Starting with Angela:
- Randy is Angela's descendant
- Randy is Peter's ancestor
- Heather is Peter's descendant
- Charles is Heather's descendant
- Michelle is Charles's descendant
- Michelle is Kathleen's ancestor
- Christina is Kathleen's descendant
- Albert is Christina's descendant
- Karen is Albert's descendant
- Ashley is Brittany's ancestor
- Karen is Ashley's ancestor
- Brittany is Lisa's ancestor
- Lisa is Elizabeth's ancestor
- Elizabeth is Ralph's ancestor
- Sharon is Ralph's descendant
- Gabriel is Sharon's descendant
- Gabriel is Sean's ancestor
- Sean is Bradley's ancestor
- Bradley is Richard's ancestor
- Richard is Frank's ancestor
- Sandra is Frank's descendant
- Kyle is Sandra's descendant
- Kyle is Terry's ancestor
- Terry is Megan's ancestor
- Megan is Joshua's ancestor
- Joshua is Vincent's ancestor
- Vincent is Kevin's ancestor
- Kevin is Lawrence's ancestor
- Lawrence is Laura's ancestor
- Laura is Diana's ancestor
- Diana is Samantha's ancestor
- Samantha is Hannah's ancestor
- Hannah is Kenneth's ancestor
- Kenneth is Gerald's ancestor
- Alexis is Gerald's descendant
- Alexis is Ronald's ancestor
- Jacob is Ronald's descendant
- Jacob is Paul's ancestor
- Mason is Paul's descendant
- Christopher is Mason's descendant
- Christopher is Martha's ancestor
- Aaron is Martha's descendant
- Aaron is Juan's ancestor
- Juan is Tyler's ancestor
- Alan is Tyler's descendant
- Alan is Christian's ancestor
- Jesse is Christian's descendant
- Jesse is Kathryn's ancestor
- Kathryn is Dennis's ancestor
- Stephen is Dennis's descendant
- Stephen is Kelly's ancestor
- Kelly is Roger's ancestor
- Roger is John's ancestor
- John is Jordan's ancestor
- Harold is Jordan's descendant
- Harold is Elijah's ancestor
- Linda is Elijah's descendant
- Linda is Helen's ancestor
- Helen is Michael's ancestor
- Michael is Carol's ancestor
- Madison is Carol's descendant
- Madison is Scott's ancestor
- Scott is Patricia's ancestor
- Patricia is Jacqueline's ancestor
- Jacqueline is Emma's ancestor
- Emma is Adam's ancestor
- Amanda is Adam's descendant
- Sophia is Amanda's descendant
- Sophia is Marilyn's ancestor
- Marilyn is Donna's ancestor
- Willie is Donna's descendant
- Sara is Willie's descendant
- Sara is Benjamin's ancestor
- Sarah is Benjamin's descendant
- Sarah is Timothy's ancestor
- Timothy is Nathan's ancestor
- Philip is Nathan's descendant
- Catherine is Philip's descendant
- Wayne is Catherine's descendant
- Wayne is Shirley's ancestor
- Jason is Shirley's descendant
- Jason is Zachary's ancestor
- Zachary is Douglas's ancestor
- Douglas is Charlotte's ancestor
- Carl is Charlotte's descendant
- Carl is Katherine's ancestor
- Jack is Katherine's descendant
- Dylan is Andrew's descendant
- Jack is Andrew's ancestor
- Dylan is Steven's ancestor
- Steven is Brandon's ancestor
- Brandon is Amber's ancestor
- Robert is Amber's descendant
- Walter is Robert's descendant

This gives us Angela → ... → Walter.

Now starting from Jerry:
- Jerry is Roy's descendant
- Roy is Thomas's descendant
- Bryan is Thomas's ancestor
- Bryan is Cynthia's descendant
- Diane is Cynthia's ancestor

This gives us Jerry ← Roy ← Thomas ← Bryan ← Cynthia ← Diane.

Now I need to connect Walter to Diane:
- Walter is Christine's ancestor
- Victoria is Christine's descendant
- Jean is Victoria's descendant
- Alexander is Jean's descendant
- Jeffrey is Alexander's descendant
- Amy is Jeffrey's descendant
- Deborah is Amy's descendant
- Teresa is Deborah's descendant
- Russell is Teresa's ancestor
- Lauren is Russell's descendant
- Debra is Lauren's ancestor
- Austin is Debra's descendant
- Pamela is Austin's descendant
- Samuel is Pamela's descendant
- Gloria is Samuel's descendant
- Janet is Gloria's descendant
- Rachel is Janet's ancestor
- David is Rachel's ancestor
- Nancy is David's descendant
- Ann is Nancy's descendant
- Gregory is Ann's ancestor
- Jessica is Gregory's descendant
- Bruce is Jessica's descendant
- Julie is Bruce's ancestor
- Julia is Julie's descendant
- Danielle is Julia's descendant
- Ruth is Danielle's descendant
- Ruth is Diane's ancestor

So Walter → ... → Diane.

Putting it all together:
Angela → ... → Walter → ... → Diane → Cynthia → Bryan → Thomas → Roy → Jerry

Therefore, Angela is Jerry's ancestor.

<ANSWER>3</ANSWER>"
128,DESCENDANT,3,"Given the following lineage relationships:
* Isabella is Ashley's ancestor.
* Willie is Jeremy's descendant.
* Raymond is Joe's ancestor.
* Eugene is Timothy's descendant.
* Steven is Robert's ancestor.
* Deborah is Debra's descendant.
* Hannah is Jose's ancestor.
* Billy is Gregory's descendant.
* Andrew is Dorothy's ancestor.
* Karen is Kenneth's ancestor.
* Amber is Joyce's descendant.
* Bobby is Sharon's descendant.
* Abigail is Carolyn's ancestor.
* Elizabeth is Joshua's ancestor.
* Donna is Melissa's ancestor.
* Roy is Brian's descendant.
* Nicole is Natalie's ancestor.
* Frank is Sarah's ancestor.
* Helen is Judith's ancestor.
* Henry is Ralph's ancestor.
* Michelle is Karen's ancestor.
* Ruth is Bradley's descendant.
* Sean is Deborah's descendant.
* Frank is Cheryl's descendant.
* Emily is Jack's descendant.
* Jeremy is Natalie's descendant.
* Megan is Dylan's descendant.
* Kyle is Brandon's descendant.
* Amanda is Stephanie's descendant.
* Jerry is Jacqueline's descendant.
* Gregory is Tyler's descendant.
* Brittany is Margaret's ancestor.
* Andrea is Joshua's descendant.
* Brittany is Sean's descendant.
* Diane is Sophia's descendant.
* Ronald is Carol's ancestor.
* Kathryn is Margaret's descendant.
* Donald is Stephen's descendant.
* Alice is Samantha's ancestor.
* Peter is Richard's ancestor.
* Joyce is Sandra's descendant.
* Carl is Gabriel's descendant.
* Carol is Alice's ancestor.
* Megan is Susan's ancestor.
* Frances is Bradley's ancestor.
* Danielle is Robert's descendant.
* Russell is Scott's ancestor.
* Aaron is Scott's descendant.
* Patrick is Katherine's descendant.
* Madison is Nicholas's descendant.
* Peter is Grace's descendant.
* Andrea is Henry's ancestor.
* Carolyn is Kevin's ancestor.
* Frances is Joe's descendant.
* Gerald is Betty's ancestor.
* Steven is Dorothy's descendant.
* Ruth is Zachary's ancestor.
* Martha is Dennis's descendant.
* Charlotte is Charles's descendant.
* Roy is Gerald's ancestor.
* Jonathan is Carl's descendant.
* Grace is Willie's descendant.
* Marilyn is Olivia's ancestor.
* Shirley is Susan's descendant.
* Austin is Betty's descendant.
* Janice is Julie's descendant.
* Kathryn is Jesse's ancestor.
* Christopher is Noah's descendant.
* Pamela is Amy's descendant.
* Christina is John's ancestor.
* Amber is Noah's ancestor.
* Alan is Sandra's ancestor.
* Bobby is Stephen's ancestor.
* Julie is Ashley's descendant.
* Joan is Stephanie's ancestor.
* Brian is Diane's descendant.
* Sophia is Kyle's descendant.
* Janice is Brandon's ancestor.
* Michelle is Billy's descendant.
* Kevin is Dennis's ancestor.
* Walter is Zachary's descendant.
* Charlotte is Gabriel's ancestor.
* Eugene is Ronald's ancestor.
* Lawrence is Sharon's ancestor.
* Nathan is Abigail's ancestor.
* Larry is Jacqueline's ancestor.
* Samantha is Beverly's ancestor.
* Tyler is Teresa's descendant.
* Jean is Donna's ancestor.
* Anthony is Nicole's ancestor.
* Marilyn is Cynthia's descendant.
* Isabella is Judith's descendant.
* Bryan is Ralph's descendant.
* Jose is Russell's ancestor.
* Patricia is Ethan's descendant.
* Kelly is Emily's descendant.
* Patricia is Elizabeth's ancestor.
* Christian is Nathan's ancestor.
* Amy is Adam's descendant.
* John is Ethan's ancestor.
* Cheryl is Jesse's descendant.
* Jerry is Andrew's ancestor.
* Melissa is Christina's ancestor.
* Jessica is Diana's descendant.
* Jordan is Austin's descendant.
* Anthony is Walter's descendant.
* Cynthia is Kenneth's descendant.
* Jordan is Diana's ancestor.
* Richard is Dylan's ancestor.
* Charles is Shirley's descendant.
* Amanda is Debra's ancestor.
* James is Kelly's descendant.
* Jonathan is Alan's ancestor.
* Aaron is Lawrence's ancestor.
* Beverly is Helen's ancestor.
* Katherine is Olivia's descendant.
* Christopher is Hannah's ancestor.
* Martha is Joan's ancestor.
* Christian is Bryan's descendant.
* Danielle is Raymond's ancestor.
* Teresa is Sarah's descendant.
* Nicholas is George's descendant.
* Madison is Larry's ancestor.
* Jean is Jessica's descendant.
* Pamela is Jack's ancestor.
* Patrick is George's ancestor.
* Timothy is James's descendant.
Determine the lineage relationship between Donald and Adam.
Select the correct answer:
1. Donald is Adam's ancestor.
2. Donald and Adam share a common ancestor.
3. Donald is Adam's descendant.
4. Donald and Adam share a common descendant.
5. None of the above is correct.
Enclose the selected answer number in the <ANSWER> tag, for example: <ANSWER>1</ANSWER>.",z-ai/glm-4.7,Parasail,,,<ANSWER>3</ANSWER>
128,COMMON_ANCESTOR,2,"Given the following lineage relationships:
* Amber is Megan's ancestor.
* Kathleen is Kyle's descendant.
* Emma is Frances's ancestor.
* Gary is Gerald's descendant.
* Victoria is Madison's ancestor.
* Ronald is Bobby's descendant.
* Mason is Karen's ancestor.
* Gerald is Janet's descendant.
* Ruth is Matthew's descendant.
* Cheryl is Richard's descendant.
* Sarah is Amanda's ancestor.
* Alice is Harold's ancestor.
* Logan is Robert's ancestor.
* Stephen is Samuel's descendant.
* Joseph is Matthew's ancestor.
* Brandon is Juan's ancestor.
* Russell is Donald's descendant.
* Jean is Thomas's ancestor.
* Nathan is Dennis's descendant.
* Timothy is Eric's ancestor.
* Stephanie is Mary's descendant.
* Jean is Gabriel's descendant.
* Ann is Kimberly's descendant.
* Brian is Richard's ancestor.
* Albert is Sarah's ancestor.
* Frank is Stephanie's descendant.
* Pamela is John's ancestor.
* Olivia is Victoria's ancestor.
* Danielle is Joshua's descendant.
* Gloria is Grace's ancestor.
* Emma is Paul's descendant.
* Benjamin is Jordan's ancestor.
* Edward is Zachary's ancestor.
* Lawrence is Justin's ancestor.
* Rachel is Sandra's descendant.
* Anthony is Frank's descendant.
* Teresa is Alice's ancestor.
* Mary is Jordan's descendant.
* Jeremy is Tyler's descendant.
* Janet is Melissa's descendant.
* Russell is Arthur's ancestor.
* Ashley is Alexander's ancestor.
* Jeremy is Scott's ancestor.
* Logan is Ralph's descendant.
* Noah is Ruth's descendant.
* Denise is Kimberly's ancestor.
* Evelyn is Henry's descendant.
* Samantha is Frances's descendant.
* Debra is Catherine's descendant.
* Marilyn is Samuel's ancestor.
* Joseph is Kevin's descendant.
* Anthony is Douglas's ancestor.
* Laura is Billy's ancestor.
* Daniel is Kyle's ancestor.
* Rebecca is Henry's ancestor.
* Bobby is Jennifer's descendant.
* Denise is Joyce's descendant.
* Helen is Timothy's ancestor.
* Edward is Patricia's descendant.
* Theresa is Jennifer's ancestor.
* Joshua is Megan's descendant.
* William is Benjamin's descendant.
* Amanda is Wayne's ancestor.
* Melissa is Evelyn's descendant.
* Emily is Bruce's descendant.
* Joyce is Harold's descendant.
* Jason is Christine's descendant.
* Kevin is Martha's descendant.
* Olivia is Zachary's descendant.
* Margaret is Christine's ancestor.
* Brandon is Adam's descendant.
* Debra is Paul's ancestor.
* Mason is Raymond's descendant.
* Janice is Nicholas's descendant.
* Ashley is Keith's descendant.
* Angela is Maria's ancestor.
* Jason is Theresa's ancestor.
* Billy is Gabriel's ancestor.
* Barbara is Daniel's ancestor.
* Scott is Julie's ancestor.
* Ethan is Sophia's ancestor.
* Joe is Virginia's ancestor.
* Jacqueline is Dennis's ancestor.
* Barbara is Bradley's descendant.
* Jesse is Virginia's descendant.
* Anna is Jacqueline's ancestor.
* Sandra is Stephen's descendant.
* Katherine is Isabella's ancestor.
* Jacob is Donna's descendant.
* Albert is Isabella's descendant.
* Cheryl is Keith's ancestor.
* Marilyn is Jesse's descendant.
* Maria is Anna's ancestor.
* John is Patricia's ancestor.
* Douglas is Adam's ancestor.
* Amber is Alexander's descendant.
* Sharon is Ann's descendant.
* Aaron is Abigail's ancestor.
* Juan is Donald's ancestor.
* Catherine is Wayne's descendant.
* Dylan is Angela's ancestor.
* Julie is Bradley's ancestor.
* Danielle is Aaron's ancestor.
* William is Katherine's ancestor.
* Teresa is Thomas's descendant.
* David is Donna's ancestor.
* Brian is Noah's descendant.
* Justin is Bruce's ancestor.
* Martha is Nathan's descendant.
* Dylan is Karen's descendant.
* Rebecca is Arthur's descendant.
* Samantha is Jerry's ancestor.
* David is Abigail's descendant.
* Rachel is Ethan's ancestor.
* Margaret is Sophia's descendant.
* Madison is Shirley's ancestor.
* Gary is Laura's ancestor.
* Joe is Eric's descendant.
* Tyler is Jacob's descendant.
* Raymond is Robert's descendant.
* Ralph is Ronald's descendant.
* Helen is Jerry's descendant.
* Kathleen is Gloria's ancestor.
* Emily is Pamela's ancestor.
* Lawrence is Diana's descendant.
* Sharon is Diana's ancestor.
* Nicholas is Shirley's descendant.
Determine the lineage relationship between Janice and Grace.
Select the correct answer:
1. Janice and Grace share a common descendant.
2. Janice and Grace share a common ancestor.
3. Janice is Grace's descendant.
4. Janice is Grace's ancestor.
5. None of the above is correct.
Enclose the selected answer number in the <ANSWER> tag, for example: <ANSWER>1</ANSWER>.",z-ai/glm-4.7,Parasail,,,"Based on the provided lineage relationships, we can trace the ancestry of both Janice and Grace.

**1. Trace for Janice:**
*   Janice is Nicholas's descendant.
*   Nicholas is Shirley's descendant.
*   Madison is Shirley's ancestor.
*   Victoria is Madison's ancestor.
*   Olivia is Victoria's ancestor.
*   Olivia is Zachary's descendant.
*   Edward is Zachary's ancestor.
*   Edward is Patricia's descendant.
*   John is Patricia's ancestor.
*   Pamela is John's ancestor.
*   Emily is Pamela's ancestor.
*   Emily is Bruce's descendant.
*   Justin is Bruce's ancestor.
*   Lawrence is Justin's ancestor.
*   Lawrence is Diana's descendant.
*   Sharon is Diana's ancestor.
*   Sharon is Ann's descendant.
*   Ann is Kimberly's descendant.
*   Denise is Kimberly's ancestor.
*   Denise is Joyce's descendant.
*   Joyce is Harold's descendant.
*   Alice is Harold's ancestor.
*   Teresa is Alice's ancestor.
*   Teresa is Thomas's descendant.
*   Jean is Thomas's ancestor.
*   Jean is Gabriel's descendant.
*   Billy is Gabriel's ancestor.
*   Laura is Billy's ancestor.
*   Gary is Laura's ancestor.
*   Gary is Gerald's descendant.
*   Gerald is Janet's descendant.
*   Janet is Melissa's descendant.
*   Melissa is Evelyn's descendant.
*   Evelyn is Henry's descendant.
*   Rebecca is Henry's ancestor.
*   Rebecca is Arthur's descendant.
*   Russell is Arthur's ancestor.
*   Russell is Donald's descendant.
*   Juan is Donald's ancestor.
*   Brandon is Juan's ancestor.
*   Brandon is Adam's descendant.
*   Douglas is Adam's ancestor.
*   Anthony is Douglas's ancestor.
*   Anthony is Frank's descendant.
*   Frank is Stephanie's descendant.
*   Stephanie is Mary's descendant.
*   Mary is Jordan's descendant.
*   Benjamin is Jordan's ancestor.

This establishes the chain: **Benjamin** $\rightarrow$ ... $\rightarrow$ Janice. So, Benjamin is an ancestor of Janice.

**2. Trace for Grace:**
*   Gloria is Grace's ancestor.
*   Kathleen is Gloria's ancestor.
*   Kathleen is Kyle's descendant.
*   Daniel is Kyle's ancestor.
*   Barbara is Daniel's ancestor.
*   Barbara is Bradley's descendant.
*   Julie is Bradley's ancestor.
*   Scott is Julie's ancestor.
*   Jeremy is Scott's ancestor.
*   Jeremy is Tyler's descendant.
*   Tyler is Jacob's descendant.
*   David is Donna's ancestor. (Connection to Jacob: Jacob is Donna's descendant, so David $\rightarrow$ Donna $\rightarrow$ Jacob)
*   David is Abigail's descendant.
*   Aaron is Abigail's ancestor.
*   Danielle is Aaron's ancestor.
*   Danielle is Joshua's descendant.
*   Joshua is Megan's descendant.
*   Amber is Megan's ancestor.
*   Amber is Alexander's descendant.
*   Ashley is Alexander's ancestor.
*   Ashley is Keith's descendant.
*   Cheryl is Keith's ancestor.
*   Cheryl is Richard's descendant.
*   Brian is Richard's ancestor.
*   Brian is Noah's descendant.
*   Noah is Ruth's descendant.
*   Ruth is Matthew's descendant.
*   Joseph is Matthew's ancestor.
*   Joseph is Kevin's descendant.
*   Kevin is Martha's descendant.
*   Martha is Nathan's descendant.
*   Nathan is Dennis's descendant.
*   Jacqueline is Dennis's ancestor.
*   Anna is Jacqueline's ancestor.
*   Maria is Anna's ancestor.
*   Angela is Maria's ancestor.
*   Dylan is Angela's ancestor.
*   Dylan is Karen's descendant.
*   Mason is Karen's ancestor.
*   Mason is Raymond's descendant.
*   Raymond is Robert's descendant.
*   Logan is Robert's ancestor.
*   Logan is Ralph's descendant.
*   Ralph is Ronald's descendant.
*   Ronald is Bobby's descendant.
*   Bobby is Jennifer's descendant.
*   Theresa is Jennifer's ancestor.
*   Jason is Theresa's ancestor.
*   Jason is Christine's descendant.
*   Margaret is Christine's ancestor.
*   Margaret is Sophia's descendant.
*   Ethan is Sophia's ancestor.
*   Rachel is Ethan's ancestor.
*   Rachel is Sandra's descendant.
*   Sandra is Stephen's descendant.
*   Stephen is Samuel's descendant.
*   Marilyn is Samuel's ancestor.
*   Marilyn is Jesse's descendant.
*   Jesse is Virginia's descendant.
*   Joe is Virginia's ancestor.
*   Joe is Eric's descendant.
*   Timothy is Eric's ancestor.
*   Helen is Timothy's ancestor.
*   Helen is Jerry's descendant.
*   Samantha is Jerry's ancestor.
*   Samantha is Frances's descendant.
*   Emma is Frances's ancestor.
*   Emma is Paul's descendant.
*   Debra is Paul's ancestor.
*   Debra is Catherine's descendant.
*   Catherine is Wayne's descendant.
*   Amanda is Wayne's ancestor.
*   Sarah is Amanda's ancestor.
*   Albert is Sarah's ancestor.
*   Albert is Isabella's descendant.
*   Katherine is Isabella's ancestor.
*   William is Katherine's ancestor.
*   William is Benjamin's descendant.

This establishes the chain: **Benjamin** $\rightarrow$ ... $\rightarrow$ Grace. So, Benjamin is an ancestor of Grace.

**Conclusion:**
Both Janice and Grace are descendants of Benjamin. Therefore, they share a common ancestor.

The correct answer is 2.

<ANSWER>2</ANSWER>"
128,COMMON_DESCENDANT,3,"Given the following lineage relationships:
* Thomas is Ruth's descendant.
* Russell is Victoria's descendant.
* Eric is Shirley's ancestor.
* Alice is Jeffrey's ancestor.
* Judy is Rebecca's descendant.
* Angela is Joshua's descendant.
* Amber is Stephen's descendant.
* Grace is Wayne's descendant.
* George is Russell's descendant.
* Nathan is Alexander's ancestor.
* Brittany is Jessica's ancestor.
* Frances is Willie's ancestor.
* Joan is Marie's ancestor.
* Kevin is Emma's ancestor.
* Jeffrey is Dennis's ancestor.
* Timothy is Lawrence's descendant.
* Cheryl is Jessica's descendant.
* Ralph is Kimberly's descendant.
* Bradley is Carolyn's ancestor.
* Emily is Lauren's descendant.
* Logan is Denise's descendant.
* Isabella is Lawrence's ancestor.
* Deborah is Noah's ancestor.
* Stephanie is Charlotte's ancestor.
* Ashley is Juan's ancestor.
* Kathleen is Brandon's ancestor.
* Bradley is Sarah's descendant.
* Ralph is Hannah's ancestor.
* Jacob is Christina's ancestor.
* Andrea is Keith's descendant.
* Joyce is Eric's ancestor.
* Wayne is Alexis's descendant.
* Marie is Steven's ancestor.
* Christian is Douglas's ancestor.
* Tyler is Kevin's ancestor.
* Emma is Kathleen's ancestor.
* Justin is Ethan's ancestor.
* Donald is Jacqueline's descendant.
* Billy is Michelle's descendant.
* Keith is George's descendant.
* Ann is Sarah's ancestor.
* Nicholas is Logan's descendant.
* Debra is Anthony's ancestor.
* Joyce is Juan's descendant.
* Bryan is Diane's descendant.
* Ann is Billy's descendant.
* Thomas is Brittany's ancestor.
* Noah is Julia's ancestor.
* Alexis is Edward's descendant.
* Willie is Philip's ancestor.
* Frances is Richard's descendant.
* Ryan is Isabella's ancestor.
* Joshua is Patrick's descendant.
* Jennifer is Theresa's ancestor.
* Lisa is Dorothy's ancestor.
* Olivia is Philip's descendant.
* Ronald is John's descendant.
* Anthony is Joan's ancestor.
* Denise is Laura's descendant.
* Patricia is Bobby's ancestor.
* Raymond is Karen's descendant.
* Alice is Lori's descendant.
* Nancy is Sara's ancestor.
* Jacob is Helen's descendant.
* Steven is Eugene's ancestor.
* Laura is Eugene's descendant.
* Ronald is Lisa's ancestor.
* Robert is Vincent's descendant.
* Doris is Bryan's descendant.
* Larry is Justin's ancestor.
* Larry is Jeremy's descendant.
* Betty is Kayla's ancestor.
* Henry is Ethan's descendant.
* Christina is Melissa's ancestor.
* Patricia is Carol's descendant.
* Albert is Richard's ancestor.
* Cheryl is Jonathan's ancestor.
* Jack is Jennifer's ancestor.
* Debra is Marilyn's descendant.
* Henry is Kimberly's ancestor.
* Ruth is Heather's descendant.
* Roy is Karen's ancestor.
* Abigail is Charlotte's descendant.
* Natalie is Betty's ancestor.
* Susan is Albert's ancestor.
* Vincent is Mark's descendant.
* Alan is Jordan's ancestor.
* Brandon is Barbara's ancestor.
* Carolyn is Jeremy's ancestor.
* Austin is Natalie's ancestor.
* Carol is Douglas's descendant.
* Charles is Harold's ancestor.
* Nathan is Hannah's descendant.
* Stephen is Samuel's descendant.
* Donald is Ryan's ancestor.
* Amber is Nancy's ancestor.
* Bobby is Diana's ancestor.
* Theresa is John's ancestor.
* Pamela is Raymond's descendant.
* Ashley is Julia's descendant.
* Olivia is Madison's ancestor.
* Andrea is Michelle's ancestor.
* Judy is Helen's ancestor.
* Randy is Edward's ancestor.
* Melissa is Heather's ancestor.
* Timothy is Diane's ancestor.
* Kayla is Samuel's ancestor.
* Martha is Abigail's descendant.
* Martha is Christian's ancestor.
* Madison is Patrick's ancestor.
* Alexander is Susan's ancestor.
* Pamela is Austin's ancestor.
* Rebecca is Nicholas's descendant.
* Harold is Dennis's ancestor.
* Sara is Lori's ancestor.
* Jordan is Randy's ancestor.
* Victoria is Shirley's descendant.
* Jack is Grace's descendant.
* Gary is Stephanie's ancestor.
* Marilyn is Angela's descendant.
* Lauren is Robert's descendant.
* Charles is Jonathan's descendant.
* Dorothy is Tyler's ancestor.
* Doris is Deborah's ancestor.
* Barbara is Gary's ancestor.
* Roy is Diana's descendant.
* Emily is Alan's ancestor.
Determine the lineage relationship between Mark and Jacqueline.
Select the correct answer:
1. Mark is Jacqueline's descendant.
2. Mark and Jacqueline share a common ancestor.
3. Mark and Jacqueline share a common descendant.
4. Mark is Jacqueline's ancestor.
5. None of the above is correct.
Enclose the selected answer number in the <ANSWER> tag, for example: <ANSWER>1</ANSWER>.",z-ai/glm-4.7,Parasail,,,"To determine the relationship between Mark and Jacqueline, we trace the lineage from each person as described in the given statements.

**Tracing Mark's lineage:**
1.  **Mark** is an ancestor of Vincent (""Vincent is Mark's descendant"").
2.  Vincent is an ancestor of Robert (""Robert is Vincent's descendant"").
3.  Robert is an ancestor of Lauren (""Lauren is Robert's descendant"").
4.  Lauren is an ancestor of Emily (""Emily is Lauren's descendant"").
5.  Emily is an ancestor of Alan (""Emily is Alan's ancestor"").
6.  Alan is an ancestor of Jordan (""Alan is Jordan's ancestor"").
7.  Jordan is an ancestor of Randy (""Jordan is Randy's ancestor"").
8.  Randy is an ancestor of Edward (""Randy is Edward's ancestor"").
9.  Edward is an ancestor of Alexis (""Alexis is Edward's descendant"").
10. Alexis is an ancestor of Wayne (""Wayne is Alexis's descendant"").
11. Wayne is an ancestor of Grace (""Grace is Wayne's descendant"").
12. Grace is an ancestor of Jack (""Jack is Grace's descendant"").
13. Jack is an ancestor of Jennifer (""Jack is Jennifer's ancestor"").
14. Jennifer is an ancestor of Theresa (""Jennifer is Theresa's ancestor"").
15. Theresa is an ancestor of John (""Theresa is John's ancestor"").
16. John is an ancestor of Ronald (""Ronald is John's descendant"").
17. Ronald is an ancestor of Lisa (""Ronald is Lisa's ancestor"").
18. Lisa is an ancestor of Dorothy (""Lisa is Dorothy's ancestor"").
19. Dorothy is an ancestor of Tyler (""Dorothy is Tyler's ancestor"").
20. Tyler is an ancestor of Kevin (""Tyler is Kevin's ancestor"").
21. Kevin is an ancestor of Emma (""Kevin is Emma's ancestor"").
22. Emma is an ancestor of Kathleen (""Emma is Kathleen's ancestor"").
23. Kathleen is an ancestor of Brandon (""Kathleen is Brandon's ancestor"").
24. Brandon is an ancestor of Barbara (""Brandon is Barbara's ancestor"").
25. Barbara is an ancestor of Gary (""Barbara is Gary's ancestor"").
26. Gary is an ancestor of Stephanie (""Gary is Stephanie's ancestor"").
27. Stephanie is an ancestor of Charlotte (""Stephanie is Charlotte's ancestor"").
28. Charlotte is an ancestor of Abigail (""Abigail is Charlotte's descendant"").
29. Abigail is an ancestor of Martha (""Martha is Abigail's descendant"").
30. Martha is an ancestor of Christian (""Martha is Christian's ancestor"").
31. Christian is an ancestor of Douglas (""Christian is Douglas's ancestor"").
32. Douglas is an ancestor of Carol (""Carol is Douglas's descendant"").
33. Carol is an ancestor of Patricia (""Patricia is Carol's descendant"").
34. Patricia is an ancestor of Bobby (""Patricia is Bobby's ancestor"").
35. Bobby is an ancestor of Diana (""Bobby is Diana's ancestor"").
36. Diana is an ancestor of Roy (""Roy is Diana's descendant"").
37. Roy is an ancestor of Karen (""Roy is Karen's ancestor"").
38. Karen is an ancestor of Raymond (""Raymond is Karen's descendant"").
39. Raymond is an ancestor of Pamela (""Pamela is Raymond's descendant"").
40. Pamela is an ancestor of Austin (""Pamela is Austin's ancestor"").
41. Austin is an ancestor of Natalie (""Austin is Natalie's ancestor"").
42. Natalie is an ancestor of Betty (""Natalie is Betty's ancestor"").
43. Betty is an ancestor of Kayla (""Betty is Kayla's ancestor"").
44. Kayla is an ancestor of Samuel (""Kayla is Samuel's ancestor"").
45. Samuel is an ancestor of Stephen (""Stephen is Samuel's descendant"").
46. Stephen is an ancestor of Amber (""Amber is Stephen's descendant"").
47. Amber is an ancestor of Nancy (""Amber is Nancy's ancestor"").
48. Nancy is an ancestor of Sara (""Nancy is Sara's ancestor"").
49. Sara is an ancestor of Lori (""Sara is Lori's ancestor"").
50. Lori is an ancestor of Alice (""Alice is Lori's descendant"").
51. Alice is an ancestor of Jeffrey (""Alice is Jeffrey's ancestor"").
52. **Jeffrey is an ancestor of Dennis** (""Jeffrey is Dennis's ancestor"").

Therefore, Mark is an ancestor of Dennis.

**Tracing Jacqueline's lineage:**
1.  **Jacqueline** is an ancestor of Donald (""Donald is Jacqueline's descendant"").
2.  Donald is an ancestor of Ryan (""Donald is Ryan's ancestor"").
3.  Ryan is an ancestor of Isabella (""Ryan is Isabella's ancestor"").
4.  Isabella is an ancestor of Lawrence (""Isabella is Lawrence's ancestor"").
5.  Lawrence is an ancestor of Timothy (""Timothy is Lawrence's descendant"").
6.  Timothy is an ancestor of Diane (""Timothy is Diane's ancestor"").
7.  Diane is an ancestor of Bryan (""Bryan is Diane's descendant"").
8.  Bryan is an ancestor of Doris (""Doris is Bryan's descendant"").
9.  Doris is an ancestor of Deborah (""Doris is Deborah's ancestor"").
10. Deborah is an ancestor of Noah (""Deborah is Noah's ancestor"").
11. Noah is an ancestor of Julia (""Noah is Julia's ancestor"").
12. Julia is an ancestor of Ashley (""Ashley is Julia's descendant"").
13. Ashley is an ancestor of Juan (""Ashley is Juan's ancestor"").
14. Juan is an ancestor of Joyce (""Joyce is Juan's descendant"").
15. Joyce is an ancestor of Eric (""Joyce is Eric's ancestor"").
16. Eric is an ancestor of Shirley (""Eric is Shirley's ancestor"").
17. Shirley is an ancestor of Victoria (""Victoria is Shirley's descendant"").
18. Victoria is an ancestor of Russell (""Russell is Victoria's descendant"").
19. Russell is an ancestor of George (""George is Russell's descendant"").
20. George is an ancestor of Keith (""Keith is George's descendant"").
21. Keith is an ancestor of Andrea (""Andrea is Keith's descendant"").
22. Andrea is an ancestor of Michelle (""Andrea is Michelle's ancestor"").
23. Michelle is an ancestor of Billy (""Billy is Michelle's descendant"").
24. Billy is an ancestor of Ann (""Ann is Billy's descendant"").
25. Ann is an ancestor of Sarah (""Ann is Sarah's ancestor"").
26. Sarah is an ancestor of Bradley (""Bradley is Sarah's descendant"").
27. Bradley is an ancestor of Carolyn (""Bradley is Carolyn's ancestor"").
28. Carolyn is an ancestor of Jeremy (""Carolyn is Jeremy's ancestor"").
29. Jeremy is an ancestor of Larry (""Larry is Jeremy's descendant"").
30. Larry is an ancestor of Justin (""Larry is Justin's ancestor"").
31. Justin is an ancestor of Ethan (""Justin is Ethan's ancestor"").
32. Ethan is an ancestor of Henry (""Henry is Ethan's descendant"").
33. Henry is an ancestor of Kimberly (""Henry is Kimberly's ancestor"").
34. Kimberly is an ancestor of Ralph (""Ralph is Kimberly's descendant"").
35. Ralph is an ancestor of Hannah (""Ralph is Hannah's ancestor"").
36. Hannah is an ancestor of Nathan (""Nathan is Hannah's descendant"").
37. Nathan is an ancestor of Alexander (""Nathan is Alexander's ancestor"").
38. Alexander is an ancestor of Susan (""Alexander is Susan's ancestor"").
39. Susan is an ancestor of Albert (""Susan is Albert's ancestor"").
40. Albert is an ancestor of Richard (""Albert is Richard's ancestor"").
41. Richard is an ancestor of Frances (""Frances is Richard's descendant"").
42. Frances is an ancestor of Willie (""Frances is Willie's ancestor"").
43. Willie is an ancestor of Philip (""Willie is Philip's ancestor"").
44. Philip is an ancestor of Olivia (""Olivia is Philip's descendant"").
45. Olivia is an ancestor of Madison (""Olivia is Madison's ancestor"").
46. Madison is an ancestor of Patrick (""Madison is Patrick's ancestor"").
47. Patrick is an ancestor of Joshua (""Joshua is Patrick's descendant"").
48. Joshua is an ancestor of Angela (""Angela is Joshua's descendant"").
49. Angela is an ancestor of Marilyn (""Marilyn is Angela's descendant"").
50. Marilyn is an ancestor of Debra (""Debra is Marilyn's descendant"").
51. Debra is an ancestor of Anthony (""Debra is Anthony's ancestor"").
52. Anthony is an ancestor of Joan (""Anthony is Joan's ancestor"").
53. Joan is an ancestor of Marie (""Joan is Marie's ancestor"").
54. Marie is an ancestor of Steven (""Marie is Steven's ancestor"").
55. Steven is an ancestor of Eugene (""Steven is Eugene's ancestor"").
56. Eugene is an ancestor of Laura (""Laura is Eugene's descendant"").
57. Laura is an ancestor of Denise (""Denise is Laura's descendant"").
58. Denise is an ancestor of Logan (""Logan is Denise's descendant"").
59. Logan is an ancestor of Nicholas (""Nicholas is Logan's descendant"").
60. Nicholas is an ancestor of Rebecca (""Rebecca is Nicholas's descendant"").
61. Rebecca is an ancestor of Judy (""Judy is Rebecca's descendant"").
62. Judy is an ancestor of Helen (""Judy is Helen's ancestor"").
63. Helen is an ancestor of Jacob (""Jacob is Helen's descendant"").
64. Jacob is an ancestor of Christina (""Jacob is Christina's ancestor"").
65. Christina is an ancestor of Melissa (""Christina is Melissa's ancestor"").
66. Melissa is an ancestor of Heather (""Melissa is Heather's ancestor"").
67. Heather is an ancestor of Ruth (""Ruth is Heather's descendant"").
68. Ruth is an ancestor of Thomas (""Thomas is Ruth's descendant"").
69. Thomas is an ancestor of Brittany (""Thomas is Brittany's ancestor"").
70. Brittany is an ancestor of Jessica (""Brittany is Jessica's ancestor"").
71. Jessica is an ancestor of Cheryl (""Cheryl is Jessica's descendant"").
72. Cheryl is an ancestor of Jonathan (""Cheryl is Jonathan's ancestor"").
73. Jonathan is an ancestor of Charles (""Charles is Jonathan's descendant"").
74. Charles is an ancestor of Harold (""Charles is Harold's ancestor"").
75. **Harold is an ancestor of Dennis** (""Harold is Dennis's ancestor"").

Therefore, Jacqueline is an ancestor of Dennis.

Since both Mark and Jacqueline are ancestors of Dennis, they share a common descendant.

<ANSWER>3</ANSWER>"
128,ANCESTOR,4,"Given the following lineage relationships:
* Lisa is Paul's descendant.
* Nathan is Ethan's ancestor.
* Martha is Megan's descendant.
* Marie is Albert's descendant.
* Mark is Kimberly's descendant.
* Daniel is Victoria's ancestor.
* Kathryn is Theresa's descendant.
* Grace is Jesse's descendant.
* Kimberly is Noah's descendant.
* Arthur is Sara's ancestor.
* Gregory is Pamela's ancestor.
* Alexander is Dorothy's descendant.
* Sandra is Laura's descendant.
* Raymond is Sarah's ancestor.
* Nicholas is Teresa's ancestor.
* Charles is Arthur's ancestor.
* Helen is Patricia's descendant.
* Joyce is Madison's descendant.
* Ryan is Betty's ancestor.
* Jennifer is Pamela's descendant.
* Frank is Beverly's ancestor.
* Logan is Gary's ancestor.
* Anna is Nicole's descendant.
* Shirley is Charlotte's ancestor.
* Elijah is Jose's ancestor.
* Samantha is Lawrence's ancestor.
* Sean is Sharon's ancestor.
* Jerry is Adam's ancestor.
* Jose is Hannah's ancestor.
* Denise is Judy's descendant.
* Amy is Jason's descendant.
* Mason is Kevin's ancestor.
* Olivia is Carolyn's descendant.
* Abigail is Andrew's descendant.
* Randy is Justin's descendant.
* Joshua is Vincent's descendant.
* Joseph is Patrick's ancestor.
* Joan is Virginia's descendant.
* Betty is Charles's ancestor.
* Eugene is Margaret's ancestor.
* Ralph is Terry's ancestor.
* Joyce is Raymond's ancestor.
* Evelyn is Abigail's descendant.
* Juan is Jacob's ancestor.
* Carl is Christine's ancestor.
* Andrea is Jesse's ancestor.
* Nicole is Kelly's descendant.
* Gary is Jerry's ancestor.
* Scott is Victoria's descendant.
* Gabriel is Debra's ancestor.
* Justin is Philip's descendant.
* Danielle is Ruth's descendant.
* Hannah is Patricia's ancestor.
* Maria is Nancy's descendant.
* Christine is George's ancestor.
* Alexis is Harold's ancestor.
* Cynthia is Martha's descendant.
* John is Olivia's descendant.
* Peter is Richard's descendant.
* Julia is Alexis's ancestor.
* Joe is Nicholas's ancestor.
* Larry is James's ancestor.
* Gerald is Adam's descendant.
* Walter is Benjamin's descendant.
* Judy is Teresa's descendant.
* Juan is Lauren's descendant.
* Madison is Emma's descendant.
* Julie is Megan's ancestor.
* Kevin is Daniel's ancestor.
* Eugene is Debra's descendant.
* John is Heather's ancestor.
* Ralph is Sharon's descendant.
* Gregory is Helen's descendant.
* Kelly is Maria's descendant.
* Carl is Evelyn's descendant.
* Alexander is Jean's ancestor.
* Larry is Susan's descendant.
* Paul is Charlotte's descendant.
* Virginia is Austin's descendant.
* Dylan is Jacqueline's descendant.
* Scott is Frank's ancestor.
* Barbara is Jessica's descendant.
* Gabriel is Danielle's descendant.
* Andrea is Sarah's descendant.
* Terry is Gloria's ancestor.
* Cynthia is Carolyn's ancestor.
* Beverly is Emma's ancestor.
* George is Joe's ancestor.
* Marie is Shirley's ancestor.
* Margaret is Melissa's ancestor.
* Julia is Jean's descendant.
* Jeffrey is Isabella's descendant.
* Gloria is Diana's ancestor.
* Benjamin is Denise's descendant.
* Lawrence is Jason's ancestor.
* Lisa is Laura's ancestor.
* Mason is Jacob's descendant.
* Philip is Karen's descendant.
* Sara is Nancy's ancestor.
* Wayne is Grace's descendant.
* Joseph is Mark's descendant.
* Noah is Brenda's descendant.
* Dorothy is Jeffrey's descendant.
* Ethan is Elijah's ancestor.
* Melissa is Andrew's ancestor.
* Peter is Karen's ancestor.
* Walter is Nathan's ancestor.
* Logan is Jennifer's descendant.
* Jacqueline is Randy's descendant.
* Heather is Brenda's ancestor.
* Douglas is James's descendant.
* Ann is Wayne's descendant.
* Diana is Ruth's ancestor.
* Albert is Patrick's descendant.
* Susan is Amy's descendant.
* Jessica is Joan's descendant.
* Ann is Sean's ancestor.
* Isabella is Marilyn's descendant.
* Frances is Austin's ancestor.
* Frances is Gerald's descendant.
* Theresa is Dylan's descendant.
* Kathryn is Marilyn's ancestor.
* Barbara is Ryan's ancestor.
* Richard is Douglas's descendant.
* Joshua is Lauren's ancestor.
* Anna is Julie's ancestor.
* Vincent is Harold's descendant.
Determine the lineage relationship between Samantha and Sandra.
Select the correct answer:
1. Samantha and Sandra share a common descendant.
2. Samantha is Sandra's descendant.
3. Samantha and Sandra share a common ancestor.
4. Samantha is Sandra's ancestor.
5. None of the above is correct.
Enclose the selected answer number in the <ANSWER> tag, for example: <ANSWER>1</ANSWER>.",z-ai/glm-4.7,Parasail,,,"Based on the provided lineage relationships, we can construct a chain of connections starting from Samantha and ending at Sandra:

1.  **Samantha** is Lawrence's ancestor.
2.  Lawrence is Jason's ancestor.
3.  Amy is Jason's descendant.
4.  Susan is Amy's descendant.
5.  Larry is Susan's descendant.
6.  Larry is James's ancestor.
7.  Douglas is James's descendant.
8.  Richard is Douglas's descendant.
9.  Peter is Richard's descendant.
10. Peter is Karen's ancestor.
11. Philip is Karen's descendant.
12. Justin is Philip's descendant.
13. Randy is Justin's descendant.
14. Jacqueline is Randy's descendant.
15. Dylan is Jacqueline's descendant.
16. Theresa is Dylan's descendant.
17. Kathryn is Theresa's descendant.
18. Kathryn is Marilyn's ancestor.
19. Isabella is Marilyn's descendant.
20. Jeffrey is Isabella's descendant.
21. Dorothy is Jeffrey's descendant.
22. Alexander is Dorothy's descendant.
23. Alexander is Jean's ancestor.
24. Julia is Jean's descendant.
25. Alexis is Julia's ancestor.
26. Alexis is Harold's ancestor.
27. Vincent is Harold's descendant.
28. Joshua is Vincent's descendant.
29. Joshua is Lauren's ancestor.
30. Juan is Lauren's descendant.
31. Juan is Jacob's ancestor.
32. Mason is Jacob's descendant.
33. Mason is Kevin's ancestor.
34. Kevin is Daniel's ancestor.
35. Daniel is Victoria's ancestor.
36. Scott is Victoria's descendant.
37. Scott is Frank's ancestor.
38. Frank is Beverly's ancestor.
39. Beverly is Emma's ancestor.
40. Madison is Emma's descendant.
41. Joyce is Madison's descendant.
42. Joyce is Raymond's ancestor.
43. Raymond is Sarah's ancestor.
44. Andrea is Sarah's descendant.
45. Andrea is Jesse's ancestor.
46. Grace is Jesse's descendant.
47. Wayne is Grace's descendant.
48. Ann is Wayne's descendant.
49. Ann is Sean's ancestor.
50. Sean is Sharon's ancestor.
51. Ralph is Sharon's descendant.
52. Ralph is Terry's ancestor.
53. Terry is Gloria's ancestor.
54. Gloria is Diana's ancestor.
55. Diana is Ruth's ancestor.
56. Danielle is Ruth's descendant.
57. Gabriel is Danielle's descendant.
58. Gabriel is Debra's ancestor.
59. Eugene is Debra's descendant.
60. Eugene is Margaret's ancestor.
61. Margaret is Melissa's ancestor.
62. Melissa is Andrew's ancestor.
63. Abigail is Andrew's descendant.
64. Evelyn is Abigail's descendant.
65. Carl is Evelyn's descendant.
66. Carl is Christine's ancestor.
67. Christine is George's ancestor.
68. George is Joe's ancestor.
69. Joe is Nicholas's ancestor.
70. Nicholas is Teresa's ancestor.
71. Judy is Teresa's descendant.
72. Denise is Judy's descendant.
73. Benjamin is Denise's descendant.
74. Walter is Benjamin's descendant.
75. Walter is Nathan's ancestor.
76. Ethan is Nathan's descendant.
77. Ethan is Elijah's ancestor.
78. Elijah is Jose's ancestor.
79. Jose is Hannah's ancestor.
80. Hannah is Patricia's ancestor.
81. Helen is Patricia's descendant.
82. Gregory is Helen's descendant.
83. Gregory is Pamela's ancestor.
84. Jennifer is Pamela's descendant.
85. Logan is Jennifer's descendant.
86. Logan is Gary's ancestor.
87. Gary is Jerry's ancestor.
88. Jerry is Adam's ancestor.
89. Gerald is Adam's descendant.
90. Frances is Gerald's descendant.
91. Frances is Austin's ancestor.
92. Virginia is Austin's descendant.
93. Joan is Virginia's descendant.
94. Jessica is Joan's descendant.
95. **Barbara** is Jessica's descendant.
96. Barbara is Ryan's ancestor.
97. Ryan is Betty's ancestor.
98. Betty is Charles's ancestor.
99. Charles is Arthur's ancestor.
100. Arthur is Sara's ancestor.
101. Sara is Nancy's ancestor.
102. Maria is Nancy's descendant.
103. Kelly is Maria's descendant.
104. Nicole is Kelly's descendant.
105. Anna is Nicole's descendant.
106. Anna is Julie's ancestor.
107. Julie is Megan's ancestor.
108. Martha is Megan's descendant.
109. Cynthia is Martha's descendant.
110. Cynthia is Carolyn's ancestor.
111. Olivia is Carolyn's descendant.
112. John is Olivia's descendant.
113. John is Heather's ancestor.
114. Heather is Brenda's ancestor.
115. Noah is Brenda's descendant.
116. Kimberly is Noah's descendant.
117. Mark is Kimberly's descendant.
118. Joseph is Mark's descendant.
119. Joseph is Patrick's ancestor.
120. Albert is Patrick's descendant.
121. Marie is Albert's descendant.
122. Marie is Shirley's ancestor.
123. Shirley is Charlotte's ancestor.
124. Paul is Charlotte's descendant.
125. Lisa is Paul's descendant.
126. Lisa is Laura's ancestor.
127. **Sandra** is Laura's descendant.

This continuous chain shows that Samantha is an ancestor of Sandra.

<ANSWER>4</ANSWER>"
128,DESCENDANT,3,"Given the following lineage relationships:
* Raymond is Nicole's ancestor.
* Jack is Roger's ancestor.
* Jose is Peter's ancestor.
* Andrea is Hannah's descendant.
* Janet is Eugene's descendant.
* Jean is Willie's ancestor.
* Pamela is Kayla's ancestor.
* Mark is Cheryl's ancestor.
* Terry is Shirley's descendant.
* George is Karen's descendant.
* Joe is Justin's ancestor.
* Maria is Bruce's descendant.
* Andrea is Dennis's ancestor.
* Joshua is Catherine's descendant.
* Laura is Jacqueline's ancestor.
* Melissa is Alice's descendant.
* Rebecca is Marie's ancestor.
* Ruth is Amber's descendant.
* Russell is Alice's ancestor.
* Cheryl is Janice's ancestor.
* Sara is Nicole's descendant.
* Daniel is Ann's descendant.
* Matthew is Daniel's descendant.
* Brenda is Diana's descendant.
* Janice is Natalie's ancestor.
* Maria is Grace's ancestor.
* Linda is Kenneth's descendant.
* Amanda is Lisa's ancestor.
* Linda is Gerald's ancestor.
* Brenda is Jessica's ancestor.
* Jacqueline is Amber's ancestor.
* Nancy is Randy's descendant.
* Sarah is Sean's descendant.
* Bruce is Matthew's descendant.
* Jason is Patrick's ancestor.
* Edward is Laura's ancestor.
* Sandra is Vincent's descendant.
* Doris is Anthony's ancestor.
* Stephanie is Alexis's ancestor.
* Evelyn is Cynthia's ancestor.
* Rachel is Victoria's ancestor.
* Sophia is Wayne's ancestor.
* Alexis is Juan's ancestor.
* Logan is Peter's descendant.
* Sharon is Heather's ancestor.
* Victoria is Raymond's ancestor.
* Terry is Elizabeth's ancestor.
* William is Kathryn's descendant.
* Gregory is Jean's ancestor.
* Sarah is Kathryn's ancestor.
* Debra is John's ancestor.
* Nicholas is Frances's ancestor.
* Philip is Dorothy's descendant.
* Brian is Patricia's descendant.
* Sean is Christian's descendant.
* Isabella is Vincent's ancestor.
* Ashley is Jordan's ancestor.
* Denise is Philip's descendant.
* Christian is Judith's descendant.
* Debra is Julie's descendant.
* Abigail is Timothy's descendant.
* Hannah is Beverly's descendant.
* Mary is Denise's descendant.
* Gerald is Andrew's ancestor.
* Michael is Scott's descendant.
* William is Doris's ancestor.
* Christopher is Timothy's ancestor.
* Diana is Gloria's descendant.
* Betty is Marie's descendant.
* Juan is Ann's ancestor.
* Scott is Emily's descendant.
* Jessica is Ashley's ancestor.
* Janet is Randy's ancestor.
* Samuel is Nancy's descendant.
* Nicholas is Abigail's descendant.
* Brandon is Marilyn's descendant.
* Kenneth is Jordan's descendant.
* Amanda is Nathan's descendant.
* Mason is Lisa's descendant.
* Melissa is Isabella's ancestor.
* Albert is Dylan's descendant.
* Marilyn is Betty's descendant.
* Willie is Karen's ancestor.
* Bobby is Sandra's descendant.
* Pamela is Samuel's descendant.
* Tyler is Gregory's ancestor.
* Dylan is Robert's descendant.
* Wayne is Tyler's ancestor.
* Deborah is Sophia's ancestor.
* Russell is Cynthia's descendant.
* Mark is Brian's descendant.
* Julie is Megan's descendant.
* Donald is Mason's descendant.
* Catherine is Justin's descendant.
* Brandon is Rachel's ancestor.
* Albert is Kathleen's ancestor.
* Gabriel is Joe's ancestor.
* Virginia is Ryan's descendant.
* Eugene is John's descendant.
* Andrew is Larry's ancestor.
* Ryan is Elizabeth's descendant.
* Roger is Gloria's ancestor.
* Larry is Kevin's ancestor.
* Joshua is Megan's ancestor.
* Henry is Dennis's descendant.
* Sharon is Virginia's descendant.
* Mary is Jose's ancestor.
* Brittany is George's descendant.
* Brittany is Jack's ancestor.
* Michael is Gabriel's ancestor.
* Patricia is Bobby's descendant.
* Kayla is Deborah's ancestor.
* Robert is Sara's descendant.
* Anthony is Nathan's ancestor.
* Dorothy is Natalie's descendant.
* Beverly is Ruth's descendant.
* Frances is James's ancestor.
* Heather is Emily's ancestor.
* Jason is Kathleen's descendant.
* Judith is Frank's descendant.
* Henry is Christopher's ancestor.
* Grace is Evelyn's ancestor.
* Patrick is Edward's ancestor.
* Walter is Logan's descendant.
* Walter is Rebecca's ancestor.
* Shirley is James's descendant.
* Frank is Kevin's descendant.
Determine the lineage relationship between Donald and Stephanie.
Select the correct answer:
1. Donald and Stephanie share a common descendant.
2. Donald is Stephanie's ancestor.
3. Donald is Stephanie's descendant.
4. Donald and Stephanie share a common ancestor.
5. None of the above is correct.
Enclose the selected answer number in the <ANSWER> tag, for example: <ANSWER>1</ANSWER>.",z-ai/glm-4.7,Parasail,,,"Based on the provided relationships, we can trace the lineage of Donald and Stephanie to determine their connection.

**Tracing Donald's Lineage (Upwards):**
1.  **Donald** is Mason's descendant. (Mason $\to$ Donald)
2.  **Mason** is Lisa's descendant. (Lisa $\to$ Mason)
3.  **Amanda** is Lisa's ancestor. (Amanda $\to$ Lisa)
4.  **Amanda** is Nathan's descendant. (Nathan $\to$ Amanda)
5.  **Anthony** is Nathan's ancestor. (Anthony $\to$ Nathan)
6.  **Doris** is Anthony's ancestor. (Doris $\to$ Anthony)
7.  **William** is Doris's ancestor. (William $\to$ Doris)
8.  **William** is Kathryn's descendant. (Kathryn $\to$ William)
9.  **Sarah** is Kathryn's ancestor. (Sarah $\to$ Kathryn)
10. **Sarah** is Sean's descendant. (Sean $\to$ Sarah)
11. **Sean** is Christian's descendant. (Christian $\to$ Sean)
12. **Christian** is Judith's descendant. (Judith $\to$ Christian)
13. **Judith** is Frank's descendant. (Frank $\to$ Judith)
14. **Frank** is Kevin's descendant. (Kevin $\to$ Frank)
15. **Kevin** is Larry's descendant. (Larry $\to$ Kevin)
16. **Larry** is Andrew's descendant. (Andrew $\to$ Larry)
17. **Gerald** is Andrew's descendant. (Gerald $\to$ Andrew)
18. **Linda** is Gerald's descendant. (Linda $\to$ Gerald)
19. **Linda** is Kenneth's descendant. (Kenneth $\to$ Linda)
20. **Kenneth** is Jordan's descendant. (Jordan $\to$ Kenneth)
21. **Ashley** is Jordan's ancestor. (Ashley $\to$ Jordan)
22. **Jessica** is Ashley's ancestor. (Jessica $\to$ Ashley)
23. **Brenda** is Jessica's ancestor. (Brenda $\to$ Jessica)
24. **Brenda** is Diana's descendant. (Diana $\to$ Brenda)
25. **Diana** is Gloria's descendant. (Gloria $\to$ Diana)
26. **Roger** is Gloria's ancestor. (Roger $\to$ Gloria)
27. **Jack** is Roger's ancestor. (Jack $\to$ Roger)
28. **Brittany** is Jack's ancestor. (Brittany $\to$ Jack)

So, Donald is a descendant of **Brittany**.

**Tracing Stephanie's Lineage (Downwards):**
1.  **Stephanie** is Alexis's ancestor. (Stephanie $\to$ Alexis)
2.  **Alexis** is Juan's ancestor. (Alexis $\to$ Juan)
3.  **Juan** is Ann's ancestor. (Juan $\to$ Ann)
4.  **Daniel** is Ann's descendant. (Ann $\to$ Daniel)
5.  **Matthew** is Daniel's descendant. (Daniel $\to$ Matthew)
6.  **Bruce** is Matthew's descendant. (Matthew $\to$ Bruce)
7.  **Maria** is Bruce's descendant. (Bruce $\to$ Maria)
8.  **Maria** is Grace's ancestor. (Maria $\to$ Grace)
9.  **Grace** is Evelyn's ancestor. (Grace $\to$ Evelyn)
10. **Evelyn** is Cynthia's ancestor. (Evelyn $\to$ Cynthia)
11. **Russell** is Cynthia's descendant. (Cynthia $\to$ Russell)
12. **Russell** is Alice's ancestor. (Russell $\to$ Alice)
13. **Melissa** is Alice's descendant. (Alice $\to$ Melissa)
14. **Melissa** is Isabella's ancestor. (Melissa $\to$ Isabella)
15. **Isabella** is Vincent's ancestor. (Isabella $\to$ Vincent)
16. **Sandra** is Vincent's descendant. (Vincent $\to$ Sandra)
17. **Bobby** is Sandra's descendant. (Sandra $\to$ Bobby)
18. **Patricia** is Bobby's descendant. (Bobby $\to$ Patricia)
19. **Brian** is Patricia's descendant. (Patricia $\to$ Brian)
20. **Mark** is Brian's descendant. (Brian $\to$ Mark)
21. **Mark** is Cheryl's ancestor. (Mark $\to$ Cheryl)
22. **Cheryl** is Janice's ancestor. (Cheryl $\to$ Janice)
23. **Janice** is Natalie's ancestor. (Janice $\to$ Natalie)
24. **Dorothy** is Natalie's descendant. (Natalie $\to$ Dorothy)
25. **Philip** is Dorothy's descendant. (Dorothy $\to$ Philip)
26. **Denise** is Philip's descendant. (Philip $\to$ Denise)
27. **Mary** is Denise's descendant. (Denise $\to$ Mary)
28. **Mary** is Jose's ancestor. (Mary $\to$ Jose)
29. **Jose** is Peter's ancestor. (Jose $\to$ Peter)
30. **Logan** is Peter's descendant. (Peter $\to$ Logan)
31. **Walter** is Logan's descendant. (Logan $\to$ Walter)
32. **Walter** is Rebecca's ancestor. (Walter $\to$ Rebecca)
33. **Rebecca** is Marie's ancestor. (Rebecca $\to$ Marie)
34. **Betty** is Marie's descendant. (Marie $\to$ Betty)
35. **Marilyn** is Betty's descendant. (Betty $\to$ Marilyn)
36. **Brandon** is Marilyn's descendant. (Marilyn $\to$ Brandon)
37. **Brandon** is Rachel's ancestor. (Brandon $\to$ Rachel)
38. **Rachel** is Victoria's ancestor. (Rachel $\to$ Victoria)
39. **Victoria** is Raymond's ancestor. (Victoria $\to$ Raymond)
40. **Raymond** is Nicole's ancestor. (Raymond $\to$ Nicole)
41. **Sara** is Nicole's descendant. (Nicole $\to$ Sara)
42. **Robert** is Sara's descendant. (Sara $\to$ Robert)
43. **Dylan** is Robert's descendant. (Robert $\to$ Dylan)
44. **Albert** is Dylan's descendant. (Dylan $\to$ Albert)
45. **Albert** is Kathleen's ancestor. (Albert $\to$ Kathleen)
46. **Jason** is Kathleen's descendant. (Kathleen $\to$ Jason)
47. **Jason** is Patrick's ancestor. (Jason $\to$ Patrick)
48. **Patrick** is Edward's ancestor. (Patrick $\to$ Edward)
49. **Edward** is Laura's ancestor. (Edward $\to$ Laura)
50. **Laura** is Jacqueline's ancestor. (Laura $\to$ Jacqueline)
51. **Jacqueline** is Amber's ancestor. (Jacqueline $\to$ Amber)
52. **Ruth** is Amber's descendant. (Amber $\to$ Ruth)
53. **Beverly** is Ruth's descendant. (Ruth $\to$ Beverly)
54. **Hannah** is Beverly's descendant. (Beverly $\to$ Hannah)
55. **Andrea** is Hannah's descendant. (Hannah $\to$ Andrea)
56. **Andrea** is Dennis's ancestor. (Andrea $\to$ Dennis)
57. **Henry** is Dennis's descendant. (Dennis $\to$ Henry)
58. **Henry** is Christopher's ancestor. (Henry $\to$ Christopher)
59. **Christopher** is Timothy's ancestor. (Christopher $\to$ Timothy)
60. **Abigail** is Timothy's descendant. (Timothy $\to$ Abigail)
61. **Nicholas** is Abigail's descendant. (Abigail $\to$ Nicholas)
62. **Nicholas** is Frances's ancestor. (Nicholas $\to$ Frances)
63. **Frances** is James's ancestor. (Frances $\to$ James)
64. **Shirley** is James's descendant. (James $\to$ Shirley)
65. **Terry** is Shirley's descendant. (Shirley $\to$ Terry)
66. **Terry** is Elizabeth's ancestor. (Terry $\to$ Elizabeth)
67. **Ryan** is Elizabeth's descendant. (Elizabeth $\to$ Ryan)
68. **Virginia** is Ryan's descendant. (Ryan $\to$ Virginia)
69. **Sharon** is Virginia's descendant. (Virginia $\to$ Sharon)
70. **Sharon** is Heather's ancestor. (Sharon $\to$ Heather)
71. **Heather** is Emily's ancestor. (Heather $\to$ Emily)
72. **Scott** is Emily's descendant. (Emily $\to$ Scott)
73. **Michael** is Scott's descendant. (Scott $\to$ Michael)
74. **Michael** is Gabriel's ancestor. (Michael $\to$ Gabriel)
75. **Gabriel** is Joe's ancestor. (Gabriel $\to$ Joe)
76. **Joe** is Justin's ancestor. (Joe $\to$ Justin)
77. **Catherine** is Justin's descendant. (Justin $\to$ Catherine)
78. **Joshua** is Catherine's descendant. (Catherine $\to$ Joshua)
79. **Joshua** is Megan's ancestor. (Joshua $\to$ Megan)
80. **Julie** is Megan's descendant. (Megan $\to$ Julie)
81. **Debra** is Julie's descendant. (Julie $\to$ Debra)
82. **Debra** is John's ancestor. (Debra $\to$ John)
83. **Eugene** is John's descendant. (John $\to$ Eugene)
84. **Janet** is Eugene's descendant. (Eugene $\to$ Janet)
85. **Janet** is Randy's ancestor. (Janet $\to$ Randy)
86. **Nancy** is Randy's descendant. (Randy $\to$ Nancy)
87. **Samuel** is Nancy's descendant. (Nancy $\to$ Samuel)
88. **Pamela** is Samuel's descendant. (Samuel $\to$ Pamela)
89. **Pamela** is Kayla's ancestor. (Pamela $\to$ Kayla)
90. **Kayla** is Deborah's ancestor. (Kayla $\to$ Deborah)
91. **Deborah** is Sophia's ancestor. (Deborah $\to$ Sophia)
92. **Sophia** is Wayne's ancestor. (Sophia $\to$ Wayne)
93. **Wayne** is Tyler's ancestor. (Wayne $\to$ Tyler)
94. **Tyler** is Gregory's ancestor. (Tyler $\to$ Gregory)
95. **Gregory** is Jean's ancestor. (Gregory $\to$ Jean)
96. **Jean** is Willie's ancestor. (Jean $\to$ Willie)
97. **Willie** is Karen's ancestor. (Willie $\to$ Karen)
98. **George** is Karen's descendant. (Karen $\to$ George)
99. **Brittany** is George's descendant. (George $\to$ Brittany)

So, Stephanie is an ancestor of **Brittany**.

**Conclusion:**
Since Stephanie is an ancestor of Brittany, and Donald is a descendant of Brittany, Stephanie is an ancestor of Donald. Therefore, Donald is Stephanie's descendant.

<ANSWER>3</ANSWER>"
128,COMMON_ANCESTOR,4,"Given the following lineage relationships:
* Kenneth is Jennifer's ancestor.
* Roger is Anthony's ancestor.
* Jonathan is Wayne's descendant.
* Bobby is Natalie's ancestor.
* Ethan is Alan's ancestor.
* Rebecca is Matthew's ancestor.
* Walter is Billy's descendant.
* Tyler is Matthew's descendant.
* Alexander is Ashley's ancestor.
* Gerald is Daniel's ancestor.
* Gerald is Jessica's descendant.
* Gregory is Kelly's descendant.
* Robert is Donna's descendant.
* Kayla is Laura's ancestor.
* Peter is Arthur's ancestor.
* Timothy is Susan's descendant.
* Jason is Bobby's ancestor.
* Scott is Amanda's ancestor.
* Mary is Lori's ancestor.
* Hannah is Julia's descendant.
* Joe is Nancy's descendant.
* Jordan is Mary's ancestor.
* Juan is Karen's descendant.
* Kevin is Wayne's ancestor.
* Emma is Charles's descendant.
* Edward is Kathleen's ancestor.
* Bruce is Helen's ancestor.
* Russell is Paul's ancestor.
* Madison is Justin's descendant.
* Jose is Pamela's ancestor.
* Theresa is Terry's ancestor.
* Janice is Patricia's ancestor.
* Jesse is Susan's ancestor.
* Pamela is Russell's ancestor.
* Frank is Madison's descendant.
* Jacob is Gary's descendant.
* Doris is Jeffrey's descendant.
* Debra is Beverly's descendant.
* Douglas is Julie's descendant.
* Justin is Melissa's descendant.
* Rachel is Walter's descendant.
* Albert is Megan's descendant.
* Sophia is Anthony's descendant.
* Jeffrey is Richard's descendant.
* Patricia is Bryan's ancestor.
* Jesse is Brittany's descendant.
* Joyce is Logan's descendant.
* Gloria is Juan's descendant.
* Katherine is Jeremy's descendant.
* Jacqueline is Kevin's ancestor.
* Logan is Olivia's descendant.
* Ralph is Dennis's ancestor.
* Dylan is Theresa's ancestor.
* Jose is Christina's descendant.
* Jennifer is Elijah's ancestor.
* Ann is Sara's ancestor.
* Jessica is Jacob's descendant.
* Karen is Cynthia's descendant.
* Harold is William's ancestor.
* Deborah is Billy's ancestor.
* Ann is Gregory's descendant.
* Benjamin is Paul's descendant.
* Alice is Megan's ancestor.
* Samantha is Deborah's ancestor.
* Marilyn is Kimberly's ancestor.
* Samuel is Katherine's descendant.
* Anna is Christopher's ancestor.
* Joseph is Douglas's descendant.
* Peter is Donald's descendant.
* Joyce is Alexander's ancestor.
* Roger is Doris's descendant.
* Noah is Maria's descendant.
* Alice is Andrew's descendant.
* Bruce is Alexis's descendant.
* Cynthia is Terry's descendant.
* Frances is Carl's descendant.
* Carolyn is Joe's descendant.
* Daniel is Sharon's ancestor.
* Carol is Andrew's ancestor.
* Donna is Judy's descendant.
* Angela is Kayla's ancestor.
* Rebecca is Sharon's descendant.
* Charles is Albert's descendant.
* Philip is Noah's descendant.
* Steven is Benjamin's descendant.
* Carolyn is Stephen's ancestor.
* David is Harold's ancestor.
* Jeremy is Alan's descendant.
* Shirley is Janice's ancestor.
* Richard is Amanda's descendant.
* Laura is Melissa's ancestor.
* Jacqueline is Arthur's descendant.
* Robert is Julia's ancestor.
* Jason is Joseph's descendant.
* Carol is Timothy's descendant.
* Gary is Ashley's descendant.
* Kathleen is Lawrence's ancestor.
* Marilyn is Natalie's descendant.
* Linda is Eric's ancestor.
* Carl is Frank's descendant.
* Bryan is Kelly's ancestor.
* John is Julie's ancestor.
* Kyle is Lawrence's descendant.
* Lori is Alexis's ancestor.
* Emma is Anna's ancestor.
* Maria is William's descendant.
* Edward is Rachel's descendant.
* Brian is Beverly's ancestor.
* David is Hannah's descendant.
* Shirley is Jonathan's descendant.
* Stephen is John's ancestor.
* Steven is Donald's ancestor.
* Brittany is Gabriel's descendant.
* Frances is Samantha's ancestor.
* Gabriel is Elijah's descendant.
* Angela is Samuel's descendant.
* Dennis is Brian's ancestor.
* Sophia is Ralph's ancestor.
* Christina is Gloria's descendant.
* Sara is Scott's ancestor.
* Ethan is Dylan's ancestor.
* Linda is Christopher's descendant.
* Helen is Kenneth's ancestor.
* Olivia is Philip's descendant.
* Debra is Nancy's ancestor.
* Eric is Judy's ancestor.
* Jordan is Kimberly's descendant.
Determine the lineage relationship between Tyler and Kyle.
Select the correct answer:
1. Tyler and Kyle share a common descendant.
2. Tyler is Kyle's descendant.
3. Tyler is Kyle's ancestor.
4. Tyler and Kyle share a common ancestor.
5. None of the above is correct.
Enclose the selected answer number in the <ANSWER> tag, for example: <ANSWER>1</ANSWER>.",z-ai/glm-4.7,Parasail,,,"The correct answer is 4.

<ANSWER>4</ANSWER>"
128,COMMON_DESCENDANT,2,"Given the following lineage relationships:
* Billy is Patrick's ancestor.
* Jeremy is Frances's ancestor.
* Samantha is Raymond's descendant.
* Grace is Doris's descendant.
* Timothy is Charlotte's ancestor.
* Sandra is Brenda's ancestor.
* Joan is Donna's descendant.
* Patrick is Rachel's ancestor.
* Barbara is Jessica's ancestor.
* Paul is Kayla's ancestor.
* Matthew is Ruth's descendant.
* Abigail is Mark's descendant.
* Karen is Randy's ancestor.
* Aaron is Ann's ancestor.
* Gloria is Lawrence's descendant.
* Andrea is Scott's ancestor.
* Albert is Keith's descendant.
* Gary is Diane's descendant.
* Wayne is Olivia's ancestor.
* Edward is Sean's ancestor.
* Evelyn is Ashley's ancestor.
* Joshua is Scott's descendant.
* Donna is Samantha's descendant.
* Christian is Jonathan's descendant.
* Beverly is Jessica's descendant.
* Thomas is Amy's ancestor.
* Walter is Martha's ancestor.
* Randy is Michelle's ancestor.
* Joyce is Donald's descendant.
* Juan is Edward's ancestor.
* Ralph is Donald's ancestor.
* Virginia is Richard's ancestor.
* Jeffrey is Andrew's ancestor.
* Jason is Wayne's ancestor.
* Kayla is Jason's ancestor.
* Grace is Christine's ancestor.
* Kathryn is Juan's ancestor.
* Rachel is Nancy's descendant.
* Kimberly is Judy's descendant.
* Andrew is Walter's ancestor.
* Kathryn is Matthew's descendant.
* Sara is Barbara's ancestor.
* Noah is Michael's descendant.
* Janice is Nancy's ancestor.
* Beverly is Karen's ancestor.
* Joe is Catherine's descendant.
* Katherine is Abigail's descendant.
* Harold is Ethan's descendant.
* Carolyn is Jordan's ancestor.
* Maria is Bradley's ancestor.
* Victoria is Angela's descendant.
* Mason is James's descendant.
* Elijah is Gregory's descendant.
* Harold is Justin's ancestor.
* Denise is Timothy's ancestor.
* Kevin is Bryan's ancestor.
* Janice is Joe's descendant.
* Sarah is Jennifer's ancestor.
* Hannah is Jeffrey's ancestor.
* Linda is Robert's descendant.
* Debra is Joseph's ancestor.
* Katherine is Emily's ancestor.
* Raymond is Russell's descendant.
* Susan is Jonathan's ancestor.
* Joseph is Sara's ancestor.
* Billy is Julie's descendant.
* Alexis is Amy's descendant.
* Julie is Jesse's descendant.
* Michael is Julia's descendant.
* Jennifer is Ronald's ancestor.
* Lisa is Gregory's ancestor.
* Zachary is Tyler's descendant.
* Anthony is Lawrence's ancestor.
* Laura is Bruce's ancestor.
* Jesse is Roger's descendant.
* Gabriel is Joshua's descendant.
* Bobby is Kathleen's ancestor.
* Kathleen is Jeremy's ancestor.
* Anthony is Mary's descendant.
* Stephen is Ann's descendant.
* Brian is Virginia's ancestor.
* Cheryl is Brian's ancestor.
* Sandra is Bruce's descendant.
* Debra is Richard's descendant.
* Robert is Victoria's descendant.
* Justin is Ruth's ancestor.
* Catherine is Stephen's descendant.
* Albert is Arthur's ancestor.
* Gabriel is Hannah's ancestor.
* Vincent is Laura's ancestor.
* Megan is Noah's descendant.
* Brittany is Mary's ancestor.
* Joan is Carolyn's ancestor.
* Maria is Kimberly's descendant.
* Olivia is Evelyn's ancestor.
* Carl is Paul's ancestor.
* Angela is Emily's descendant.
* Bryan is Doris's ancestor.
* Dorothy is Gary's descendant.
* Alexis is Carol's ancestor.
* Carl is Martha's descendant.
* Bradley is Roy's ancestor.
* Diane is Megan's descendant.
* Ronald is Roger's ancestor.
* Joyce is Lisa's ancestor.
* Christine is Susan's ancestor.
* Bobby is Nicholas's descendant.
* Zachary is Julia's ancestor.
* Thomas is Roy's descendant.
* Ralph is Arthur's descendant.
* Diana is Carol's descendant.
* Nicholas is Gloria's descendant.
* Ashley is Keith's ancestor.
* Elijah is Ethan's ancestor.
* Mason is Brandon's ancestor.
* Brenda is Denise's ancestor.
* Sean is Mark's ancestor.
* Janet is Diana's descendant.
* Janet is James's ancestor.
* Russell is Charlotte's descendant.
* Brandon is Andrea's ancestor.
* Kevin is Jordan's descendant.
* Brittany is Linda's descendant.
* Frances is Cheryl's ancestor.
* Vincent is Michelle's descendant.
* Aaron is Christian's descendant.
* Dorothy is Judy's ancestor.
Determine the lineage relationship between Sarah and Tyler.
Select the correct answer:
1. Sarah and Tyler share a common ancestor.
2. Sarah and Tyler share a common descendant.
3. Sarah is Tyler's descendant.
4. Sarah is Tyler's ancestor.
5. None of the above is correct.
Enclose the selected answer number in the <ANSWER> tag, for example: <ANSWER>1</ANSWER>.",z-ai/glm-4.7,Parasail,,,"Based on the given lineage relationships, we can trace the paths from Sarah and Tyler to find a connection.

**Tracing Sarah's descendants:**
1.  Sarah is Jennifer's ancestor.
2.  Jennifer is Ronald's ancestor.
3.  Ronald is Roger's ancestor.
4.  Jesse is Roger's descendant.
5.  Jesse is Julie's ancestor.
6.  Julie is Billy's ancestor.
7.  Billy is Patrick's ancestor.
8.  Patrick is Rachel's ancestor.
Thus, **Sarah is Rachel's ancestor** (Sarah $\rightarrow$ Jennifer $\rightarrow$ Ronald $\rightarrow$ Roger $\rightarrow$ Jesse $\rightarrow$ Julie $\rightarrow$ Billy $\rightarrow$ Patrick $\rightarrow$ Rachel).

**Tracing Tyler's descendants:**
1.  Zachary is Tyler's descendant (Tyler is Zachary's ancestor).
2.  Zachary is Julia's ancestor.
3.  Michael is Julia's descendant.
4.  Noah is Michael's descendant.
5.  Megan is Noah's descendant.
6.  Diane is Megan's descendant.
Thus, Tyler is an ancestor of Diane (Tyler $\rightarrow$ Zachary $\rightarrow$ Julia $\rightarrow$ Michael $\rightarrow$ Noah $\rightarrow$ Megan $\rightarrow$ Diane).

**Connecting Diane to Rachel:**
We need to see if Diane is an ancestor of Rachel.
1.  Gary is Diane's descendant (Diane $\rightarrow$ Gary).
2.  Dorothy is Gary's descendant (Gary $\rightarrow$ Dorothy).
3.  Dorothy is Judy's ancestor (Dorothy $\rightarrow$ Judy).
4.  Kimberly is Judy's descendant (Judy $\rightarrow$ Kimberly).
5.  Maria is Kimberly's descendant (Kimberly $\rightarrow$ Maria).
6.  Maria is Bradley's descendant (Bradley $\rightarrow$ Maria).
7.  Bradley is Roy's ancestor (Bradley $\rightarrow$ Roy).
8.  Thomas is Roy's descendant (Roy $\rightarrow$ Thomas).
9.  Thomas is Amy's ancestor (Thomas $\rightarrow$ Amy).
10. Amy is Alexis's descendant (Alexis $\rightarrow$ Amy).
11. Alexis is Carol's ancestor (Alexis $\rightarrow$ Carol).
12. Carol is Diane's ancestor (Carol $\rightarrow$ Diane).
    *(This links back to Diane, confirming the chain structure)*.
    
    We need the path from Diane to Rachel. Let's follow the descendants of Diane:
13. Janet is Diana's descendant (Diane $\rightarrow$ Janet).
14. Janet is James's ancestor (Janet $\rightarrow$ James).
15. James is Mason's descendant (Mason $\rightarrow$ James).
16. Mason is Brandon's ancestor (Mason $\rightarrow$ Brandon).
17. Brandon is Andrea's ancestor (Brandon $\rightarrow$ Andrea).
18. Andrea is Scott's ancestor (Andrea $\rightarrow$ Scott).
19. Scott is Joshua's descendant (Scott $\rightarrow$ Joshua).
20. Joshua is Gabriel's ancestor (Joshua $\rightarrow$ Gabriel).
21. Gabriel is Hannah's descendant (Hannah $\rightarrow$ Gabriel).
22. Hannah is Jeffrey's descendant (Jeffrey $\rightarrow$ Hannah).
23. Jeffrey is Andrew's descendant (Andrew $\rightarrow$ Jeffrey).
24. Andrew is Walter's descendant (Walter $\rightarrow$ Andrew).
25. Walter is Martha's ancestor (Walter $\rightarrow$ Martha).
26. Martha is Carl's ancestor (Martha $\rightarrow$ Carl).
27. Carl is Paul's ancestor (Carl $\rightarrow$ Paul).
28. Paul is Kayla's ancestor (Paul $\rightarrow$ Kayla).
29. Kayla is Jason's ancestor (Kayla $\rightarrow$ Jason).
30. Jason is Wayne's ancestor (Jason $\rightarrow$ Wayne).
31. Wayne is Olivia's ancestor (Wayne $\rightarrow$ Olivia).
32. Olivia is Evelyn's ancestor (Olivia $\rightarrow$ Evelyn).
33. Evelyn is Ashley's ancestor (Evelyn $\rightarrow$ Ashley).
34. Ashley is Keith's ancestor (Ashley $\rightarrow$ Keith).
35. Keith is Albert's descendant (Albert $\rightarrow$ Keith).
36. Albert is Arthur's ancestor (Albert $\rightarrow$ Arthur).
37. Arthur is Ralph's ancestor (Arthur $\rightarrow$ Ralph).
38. Ralph is Donald's descendant (Donald $\rightarrow$ Ralph).
39. Donald is Joyce's ancestor (Donald $\rightarrow$ Joyce).
40. Joyce is Lisa's descendant (Lisa $\rightarrow$ Joyce).
41. Lisa is Gregory's ancestor (Lisa $\rightarrow$ Gregory).
42. Gregory is Elijah's ancestor (Gregory $\rightarrow$ Elijah).
43. Elijah is Ethan's ancestor (Elijah $\rightarrow$ Ethan).
44. Harold is Justin's ancestor (Harold $\rightarrow$ Justin).
45. Justin is Ruth's ancestor (Justin $\rightarrow$ Ruth).
46. Ruth is Matthew's descendant (Matthew $\rightarrow$ Ruth).
47. Matthew is Kathryn's descendant (Kathryn $\rightarrow$ Matthew).
48. Kathryn is Juan's ancestor (Kathryn $\rightarrow$ Juan).
49. Juan is Edward's ancestor (Juan $\rightarrow$ Edward).
50. Edward is Sean's ancestor (Edward $\rightarrow$ Sean).
51. Sean is Mark's ancestor (Sean $\rightarrow$ Mark).
52. Mark is Abigail's ancestor (Mark $\rightarrow$ Abigail).
53. Abigail is Katherine's ancestor (Abigail $\rightarrow$ Katherine).
54. Katherine is Emily's ancestor (Katherine $\rightarrow$ Emily).
55. Angela is Emily's descendant (Angela $\rightarrow$ Emily).
56. Angela is Victoria's descendant (Victoria $\rightarrow$ Angela).
57. Robert is Victoria's descendant (Victoria $\rightarrow$ Robert).
58. Robert is Linda's ancestor (Robert $\rightarrow$ Linda).
59. Linda is Brittany's descendant (Brittany $\rightarrow$ Linda).
60. Brittany is Mary's ancestor (Brittany $\rightarrow$ Mary).
61. Mary is Anthony's descendant (Mary $\rightarrow$ Anthony).
62. Anthony is Lawrence's descendant (Lawrence $\rightarrow$ Anthony).
63. Lawrence is Gloria's ancestor (Lawrence $\rightarrow$ Gloria).
64. Gloria is Nicholas's ancestor (Gloria $\rightarrow$ Nicholas).
65. Nicholas is Bobby's ancestor (Nicholas $\rightarrow$ Bobby).
66. Kathleen is Bobby's ancestor (Kathleen $\rightarrow$ Bobby).
67. Jeremy is Kathleen's descendant (Kathleen $\rightarrow$ Jeremy).
68. Frances is Cheryl's ancestor (Cheryl $\rightarrow$ Frances).
69. Cheryl is Brian's descendant (Brian $\rightarrow$ Cheryl).
70. Brian is Virginia's descendant (Virginia $\rightarrow$ Brian).
71. Virginia is Richard's ancestor (Virginia $\rightarrow$ Richard).
72. Richard is Debra's ancestor (Richard $\rightarrow$ Debra).
73. Debra is Joseph's ancestor (Debra $\rightarrow$ Joseph).
74. Joseph is Sara's ancestor (Joseph $\rightarrow$ Sara).
75. Sara is Barbara's ancestor (Sara $\rightarrow$ Barbara).
76. Barbara is Jessica's ancestor (Barbara $\rightarrow$ Jessica).
77. Jessica is Beverly's ancestor (Jessica $\rightarrow$ Beverly).
78. Beverly is Karen's descendant (Karen $\rightarrow$ Beverly).
79. Karen is Randy's ancestor (Karen $\rightarrow$ Randy).
80. Randy is Michelle's ancestor (Randy $\rightarrow$ Michelle).
81. Vincent is Michelle's descendant (Michelle $\rightarrow$ Vincent).
82. Laura is Vincent's ancestor (Laura $\rightarrow$ Vincent).
83. Bruce is Laura's ancestor (Bruce $\rightarrow$ Laura).
84. Sandra is Bruce's descendant (Bruce $\rightarrow$ Sandra).
85. Brenda is Sandra's ancestor (Brenda $\rightarrow$ Sandra).
86. Denise is Brenda's descendant (Brenda $\rightarrow$ Denise).
87. Timothy is Denise's descendant (Denise $\rightarrow$ Timothy).
88. Charlotte is Timothy's descendant (Timothy $\rightarrow$ Charlotte).
89. Russell is Charlotte's descendant (Charlotte $\rightarrow$ Russell).
90. Raymond is Russell's descendant (Russell $\rightarrow$ Raymond).
91. Samantha is Raymond's descendant (Raymond $\rightarrow$ Samantha).
92. Donna is Samantha's descendant (Samantha $\rightarrow$ Donna).
93. Joan is Donna's descendant (Donna $\rightarrow$ Joan).
94. Carolyn is Joan's ancestor (Joan $\rightarrow$ Carolyn).
95. Jordan is Carolyn's descendant (Carolyn $\rightarrow$ Jordan).
96. Kevin is Jordan's descendant (Jordan $\rightarrow$ Kevin).
97. Bryan is Kevin's ancestor (Kevin $\rightarrow$ Bryan).
98. Doris is Bryan's descendant (Bryan $\rightarrow$ Doris).
99. Grace is Doris's descendant (Doris $\rightarrow$ Grace).
100. Christine is Grace's ancestor (Grace $\rightarrow$ Christine).
101. Susan is Christine's descendant (Christine $\rightarrow$ Susan).
102. Jonathan is Susan's descendant (Susan $\rightarrow$ Jonathan).
103. Christian is Jonathan's descendant (Jonathan $\rightarrow$ Christian).
104. Aaron is Christian's descendant (Christian $\rightarrow$ Aaron).
105. Ann is Aaron's descendant (Aaron $\rightarrow$ Ann).
106. Stephen is Ann's descendant (Ann $\rightarrow$ Stephen).
107. Catherine is Stephen's descendant (Stephen $\rightarrow$ Catherine).
108. Joe is Catherine's descendant (Catherine $\rightarrow$ Joe).
109. Janice is Joe's descendant (Joe $\rightarrow$ Janice).
110. Nancy is Janice's ancestor (Janice $\rightarrow$ Nancy).
111. Rachel is Nancy's descendant (Nancy $\rightarrow$ Rachel).

Thus, **Tyler is Rachel's ancestor** (Tyler $\rightarrow$ ... $\rightarrow$ Diane $\rightarrow$ ... $\rightarrow$ Rachel).

**Conclusion:**
Since Sarah is an ancestor of Rachel and Tyler is also an ancestor of Rachel, Sarah and Tyler share a common descendant (Rachel).

<ANSWER>2</ANSWER>"
128,ANCESTOR,1,"Given the following lineage relationships:
* Pamela is Barbara's descendant.
* Elijah is Anthony's descendant.
* Edward is Brittany's descendant.
* Diana is Walter's descendant.
* Stephanie is Denise's descendant.
* Julia is Harold's descendant.
* Jacqueline is Victoria's descendant.
* Mark is Noah's ancestor.
* Marie is Stephen's ancestor.
* Emily is Kimberly's descendant.
* Nancy is Mark's ancestor.
* Barbara is Peter's descendant.
* Marilyn is Judy's ancestor.
* Betty is Raymond's ancestor.
* Mary is Charlotte's ancestor.
* Raymond is Harold's ancestor.
* Charles is Kelly's descendant.
* Gabriel is Austin's descendant.
* Lawrence is Kayla's ancestor.
* Kimberly is Lisa's descendant.
* Julia is Bruce's ancestor.
* Jesse is Roy's ancestor.
* Joshua is Diana's descendant.
* Danielle is Frances's ancestor.
* Andrea is William's ancestor.
* Mason is Brandon's ancestor.
* Evelyn is Jean's descendant.
* Natalie is Bryan's ancestor.
* Alice is Nicholas's ancestor.
* Ralph is Lauren's descendant.
* Julie is Isabella's descendant.
* Brenda is Martha's descendant.
* Rebecca is Jose's descendant.
* Charlotte is Alan's ancestor.
* Zachary is Vincent's descendant.
* Bobby is Larry's ancestor.
* Kenneth is Carl's descendant.
* Megan is Nathan's ancestor.
* Scott is Kayla's descendant.
* Dorothy is Jacob's ancestor.
* Shirley is Stephen's descendant.
* Janet is Henry's descendant.
* Jerry is Willie's ancestor.
* Bradley is Danielle's ancestor.
* Cheryl is Alexander's descendant.
* Diane is George's descendant.
* Kathleen is Abigail's descendant.
* Christian is Samantha's ancestor.
* Carolyn is Pamela's descendant.
* Kyle is George's ancestor.
* Margaret is Brandon's descendant.
* Laura is Nicole's descendant.
* Michael is Walter's ancestor.
* Abigail is Joseph's descendant.
* Susan is Nathan's descendant.
* Helen is Mary's ancestor.
* John is Peter's ancestor.
* Wayne is Victoria's ancestor.
* Beverly is Susan's descendant.
* Amanda is Grace's ancestor.
* Marie is Kenneth's descendant.
* Marilyn is Frances's descendant.
* Anthony is Jason's descendant.
* Kelly is Scott's descendant.
* Dennis is Linda's ancestor.
* Noah is Kyle's ancestor.
* Austin is Brenda's descendant.
* Wayne is Bruce's descendant.
* Stephanie is Carl's ancestor.
* Sandra is Zachary's descendant.
* Sean is Patrick's ancestor.
* Jacob is Gloria's ancestor.
* Jonathan is Virginia's descendant.
* Gloria is Teresa's ancestor.
* Randy is Jerry's ancestor.
* Alan is Henry's ancestor.
* Jason is Laura's descendant.
* Betty is Nicholas's descendant.
* Mason is Richard's descendant.
* Samantha is Jose's ancestor.
* Margaret is Sean's ancestor.
* Evelyn is Christian's ancestor.
* Daniel is Carolyn's descendant.
* Jeffrey is Helen's ancestor.
* Teresa is Logan's ancestor.
* Judy is Jessica's ancestor.
* Arthur is Eric's ancestor.
* Virginia is Jessica's descendant.
* Patricia is Ruth's descendant.
* Jesse is Sandra's descendant.
* Linda is Andrea's ancestor.
* Bradley is Logan's descendant.
* Willie is Nancy's ancestor.
* Martha is Madison's descendant.
* Patrick is Isabella's ancestor.
* Vincent is Rebecca's descendant.
* Jean is Gary's descendant.
* Adam is Judith's ancestor.
* Jeremy is Arthur's ancestor.
* Diane is John's ancestor.
* Jeffrey is William's descendant.
* Lawrence is Maria's descendant.
* Melissa is Patricia's descendant.
* Randy is Ralph's descendant.
* Michael is Daniel's descendant.
* Jeremy is Jacqueline's descendant.
* Lisa is Kathleen's descendant.
* Julie is Alexander's ancestor.
* Roy is Christine's ancestor.
* Joshua is Alice's ancestor.
* Eric is Ruth's ancestor.
* Shirley is Natalie's ancestor.
* Dennis is Emily's descendant.
* David is Larry's descendant.
* Megan is Grace's descendant.
* Dorothy is David's descendant.
* Nicole is Gabriel's descendant.
* Elijah is Denise's ancestor.
* Adam is Bryan's descendant.
* Janet is Richard's ancestor.
* Melissa is Gary's ancestor.
* Maria is Jonathan's descendant.
* Brittany is Cheryl's descendant.
* Joseph is Charles's descendant.
* Edward is Amanda's ancestor.
* Madison is Christine's descendant.
* Bobby is Judith's descendant.
Determine the lineage relationship between Lauren and Beverly.
Select the correct answer:
1. Lauren is Beverly's ancestor.
2. Lauren and Beverly share a common descendant.
3. Lauren is Beverly's descendant.
4. Lauren and Beverly share a common ancestor.
5. None of the above is correct.
Enclose the selected answer number in the <ANSWER> tag, for example: <ANSWER>1</ANSWER>.",z-ai/glm-4.7,Parasail,,,"To determine the lineage relationship between Lauren and Beverly, I'll trace both lineages based on the given information.

**Starting with Lauren:**
- Ralph is Lauren's descendant, meaning Lauren → Ralph
- Randy is Ralph's descendant, meaning Ralph → Randy
- Randy is Jerry's ancestor, meaning Randy → Jerry
- Jerry is Willie's ancestor, meaning Jerry → Willie
- Willie is Nancy's ancestor, meaning Willie → Nancy
- Nancy is Mark's ancestor, meaning Nancy → Mark
- Mark is Noah's ancestor, meaning Mark → Noah
- Noah is Kyle's ancestor, meaning Noah → Kyle
- Kyle is George's ancestor, meaning Kyle → George

**Starting with Beverly:**
- Beverly is Susan's descendant, meaning Beverly ← Susan
- Susan is Nathan's descendant, meaning Susan ← Nathan
- Megan is Nathan's ancestor, meaning Megan → Nathan
- Megan is Grace's descendant, meaning Grace → Megan
- Amanda is Grace's ancestor, meaning Amanda → Grace
- Edward is Amanda's ancestor, meaning Edward → Amanda
- Edward is Brittany's descendant, meaning Brittany → Edward
- Brittany is Cheryl's descendant, meaning Cheryl → Brittany

So we have two separate lineages:
Lauren's lineage: Lauren → Ralph → Randy → Jerry → Willie → Nancy → Mark → Noah → Kyle → George
Beverly's lineage: Cheryl → Brittany → Edward → Amanda → Grace → Megan → Nathan → Susan → Beverly

After analyzing all the relationships, there is no connection between Lauren's lineage and Beverly's lineage. Lauren is not Beverly's ancestor, Lauren is not Beverly's descendant, and they don't share a common ancestor or descendant.

Therefore, the correct answer is option 5: None of the above is correct.

<ANSWER>5</ANSWER>"
128,DESCENDANT,4,"Given the following lineage relationships:
* Harold is Gregory's descendant.
* Steven is Martha's ancestor.
* Kenneth is Randy's ancestor.
* Gary is Andrew's descendant.
* Robert is Dorothy's descendant.
* Maria is Carl's ancestor.
* Frank is Diana's ancestor.
* Anna is Juan's ancestor.
* Isabella is Jeffrey's ancestor.
* Dylan is Gerald's descendant.
* Kelly is Jason's ancestor.
* Thomas is Wayne's descendant.
* Catherine is Theresa's descendant.
* George is Jeremy's ancestor.
* Marilyn is Danielle's descendant.
* Nicole is Kayla's ancestor.
* Gabriel is Ashley's ancestor.
* Jose is Timothy's ancestor.
* Matthew is Donna's descendant.
* Emma is Jacqueline's ancestor.
* Megan is James's ancestor.
* Lisa is Adam's ancestor.
* Jacqueline is Carolyn's ancestor.
* Heather is Sara's descendant.
* Betty is Stephanie's ancestor.
* Janet is Karen's descendant.
* Lawrence is Jeffrey's descendant.
* Cheryl is Grace's descendant.
* Randy is Ryan's ancestor.
* Lauren is Bruce's descendant.
* Hannah is Jeremy's descendant.
* George is Walter's descendant.
* Adam is Danielle's ancestor.
* Roger is Judy's ancestor.
* Amy is Abigail's descendant.
* Frank is Larry's descendant.
* Jerry is Robert's descendant.
* Angela is Carl's descendant.
* Wayne is Susan's descendant.
* Jennifer is Roy's ancestor.
* Debra is Dennis's ancestor.
* Ronald is Elijah's descendant.
* Benjamin is Juan's descendant.
* Maria is Lauren's descendant.
* Emma is Alan's descendant.
* Madison is Stephen's ancestor.
* Ruth is Edward's descendant.
* Terry is Rebecca's ancestor.
* Gerald is Stephanie's descendant.
* Larry is Charles's descendant.
* Logan is Benjamin's descendant.
* Douglas is Betty's ancestor.
* Amber is Laura's descendant.
* Cheryl is Ralph's ancestor.
* Ann is Patricia's ancestor.
* Jacob is Dylan's descendant.
* Peter is Anna's ancestor.
* Eugene is Christopher's descendant.
* Keith is Albert's descendant.
* Virginia is Gary's descendant.
* Ashley is Jean's ancestor.
* Sandra is Shirley's descendant.
* Roger is Ruth's descendant.
* Joshua is Zachary's ancestor.
* Margaret is Laura's ancestor.
* Jason is Susan's ancestor.
* Carolyn is Ann's ancestor.
* Angela is Lisa's ancestor.
* Brittany is Evelyn's descendant.
* Kyle is Edward's ancestor.
* Ryan is Madison's ancestor.
* Amy is Christine's ancestor.
* Gabriel is Elizabeth's descendant.
* Charles is Marilyn's descendant.
* James is Sara's ancestor.
* Nicholas is Shirley's ancestor.
* Debra is Amanda's descendant.
* Amanda is Denise's descendant.
* Elizabeth is Virginia's descendant.
* Gregory is Jacob's descendant.
* Rachel is Dennis's descendant.
* Heather is Daniel's ancestor.
* Matthew is Henry's ancestor.
* Nicole is Pamela's descendant.
* Theresa is Rebecca's descendant.
* Alexander is Douglas's ancestor.
* Alan is Jean's descendant.
* Lawrence is Kimberly's ancestor.
* Steven is Roy's descendant.
* Alexis is Timothy's descendant.
* Pamela is Jerry's descendant.
* Catherine is Isabella's ancestor.
* Kelly is Linda's descendant.
* Abigail is Joseph's descendant.
* Elijah is Harold's descendant.
* Teresa is Kyle's ancestor.
* Ronald is Bruce's ancestor.
* Noah is Hannah's descendant.
* Daniel is Jennifer's ancestor.
* Joshua is Logan's descendant.
* Ralph is Richard's ancestor.
* Keith is Evelyn's ancestor.
* Sandra is Karen's ancestor.
* Thomas is Megan's ancestor.
* Rachel is Andrew's ancestor.
* Eric is Denise's ancestor.
* Brian is Stephen's descendant.
* Henry is David's ancestor.
* Joyce is Joseph's ancestor.
* Teresa is Charlotte's descendant.
* Eric is Noah's descendant.
* Kayla is Joyce's ancestor.
* Walter is Martha's descendant.
* Judy is Alexander's ancestor.
* Margaret is David's descendant.
* Kenneth is Zachary's descendant.
* Brian is Terry's ancestor.
* Dorothy is Richard's descendant.
* Amber is Beverly's ancestor.
* Charlotte is Alexis's descendant.
* Peter is Brittany's descendant.
* Christopher is Beverly's descendant.
* Grace is Janet's descendant.
* Albert is Eugene's descendant.
* Christine is Jose's ancestor.
* Patricia is Donna's ancestor.
* Nicholas is Kimberly's descendant.
Determine the lineage relationship between Diana and Linda.
Select the correct answer:
1. Diana is Linda's ancestor.
2. Diana and Linda share a common descendant.
3. Diana and Linda share a common ancestor.
4. Diana is Linda's descendant.
5. None of the above is correct.
Enclose the selected answer number in the <ANSWER> tag, for example: <ANSWER>1</ANSWER>.",z-ai/glm-4.7,Parasail,,,"Based on the provided lineage relationships, we can trace a path from Linda to Diana.

1.  Start with Linda: **Kelly is Linda's descendant** (Linda $\rightarrow$ ... $\rightarrow$ Kelly).
2.  Follow the chain from Kelly:
    *   **Kelly is Jason's ancestor** (Kelly $\rightarrow$ Jason).
    *   **Wayne is Susan's descendant** and **Jason is Susan's ancestor** (Jason $\rightarrow$ Susan $\rightarrow$ ... $\rightarrow$ Wayne).
    *   **Thomas is Wayne's descendant** (Susan $\rightarrow$ ... $\rightarrow$ Wayne $\rightarrow$ ... $\rightarrow$ Thomas).
    *   **Thomas is Megan's ancestor** (Thomas $\rightarrow$ Megan).
    *   **Megan is James's ancestor** (Megan $\rightarrow$ James).
    *   **James is Sara's ancestor** (James $\rightarrow$ Sara).
    *   **Heather is Sara's descendant** (Sara $\rightarrow$ ... $\rightarrow$ Heather).
    *   **Heather is Daniel's ancestor** (Heather $\rightarrow$ Daniel).
    *   **Daniel is Jennifer's ancestor** (Daniel $\rightarrow$ Jennifer).
    *   **Jennifer is Roy's ancestor** (Jennifer $\rightarrow$ Roy).
    *   **Steven is Roy's descendant** (Roy $\rightarrow$ ... $\rightarrow$ Steven).
    *   **Steven is Martha's ancestor** (Steven $\rightarrow$ Martha).
    *   **Walter is Martha's descendant** (Martha $\rightarrow$ ... $\rightarrow$ Walter).
    *   **George is Walter's descendant** (Walter $\rightarrow$ ... $\rightarrow$ George).
    *   **George is Jeremy's ancestor** (George $\rightarrow$ Jeremy).
    *   **Hannah is Jeremy's descendant** (Jeremy $\rightarrow$ ... $\rightarrow$ Hannah).
    *   **Noah is Hannah's descendant** (Hannah $\rightarrow$ ... $\rightarrow$ Noah).
    *   **Eric is Noah's descendant** (Noah $\rightarrow$ ... $\rightarrow$ Eric).
    *   **Eric is Denise's ancestor** (Eric $\rightarrow$ Denise).
    *   **Amanda is Denise's descendant** (Denise $\rightarrow$ ... $\rightarrow$ Amanda).
    *   **Debra is Amanda's descendant** (Amanda $\rightarrow$ ... $\rightarrow$ Debra).
    *   **Debra is Dennis's ancestor** (Debra $\rightarrow$ Dennis).
    *   **Rachel is Dennis's descendant** (Dennis $\rightarrow$ ... $\rightarrow$ Rachel).
    *   **Rachel is Andrew's ancestor** (Rachel $\rightarrow$ Andrew).
    *   **Gary is Andrew's descendant** (Andrew $\rightarrow$ ... $\rightarrow$ Gary).
    *   **Virginia is Gary's descendant** (Gary $\rightarrow$ ... $\rightarrow$ Virginia).
    *   **Elizabeth is Virginia's descendant** (Virginia $\rightarrow$ ... $\rightarrow$ Elizabeth).
    *   **Gabriel is Elizabeth's descendant** (Elizabeth $\rightarrow$ ... $\rightarrow$ Gabriel).
    *   **Gabriel is Ashley's ancestor** (Gabriel $\rightarrow$ Ashley).
    *   **Ashley is Jean's ancestor** (Ashley $\rightarrow$ Jean).
    *   **Alan is Jean's descendant** (Jean $\rightarrow$ ... $\rightarrow$ Alan).
    *   **Emma is Alan's descendant** (Alan $\rightarrow$ ... $\rightarrow$ Emma).
    *   **Emma is Jacqueline's ancestor** (Emma $\rightarrow$ Jacqueline).
    *   **Jacqueline is Carolyn's ancestor** (Jacqueline $\rightarrow$ Carolyn).
    *   **Carolyn is Ann's ancestor** (Carolyn $\rightarrow$ Ann).
    *   **Ann is Patricia's ancestor** (Ann $\rightarrow$ Patricia).
    *   **Patricia is Donna's ancestor** (Patricia $\rightarrow$ Donna).
    *   **Matthew is Donna's descendant** (Donna $\rightarrow$ ... $\rightarrow$ Matthew).
    *   **Matthew is Henry's ancestor** (Matthew $\rightarrow$ Henry).
    *   **Henry is David's ancestor** (Henry $\rightarrow$ David).
    *   **Margaret is David's descendant** (David $\rightarrow$ ... $\rightarrow$ Margaret).
    *   **Margaret is Laura's ancestor** (Margaret $\rightarrow$ Laura).
    *   **Amber is Laura's descendant** (Laura $\rightarrow$ ... $\rightarrow$ Amber).
    *   **Amber is Beverly's ancestor** (Amber $\rightarrow$ Beverly).
    *   **Christopher is Beverly's descendant** (Beverly $\rightarrow$ ... $\rightarrow$ Christopher).
    *   **Eugene is Christopher's descendant** (Christopher $\rightarrow$ ... $\rightarrow$ Eugene).
    *   **Albert is Eugene's descendant** (Eugene $\rightarrow$ ... $\rightarrow$ Albert).
    *   **Keith is Albert's descendant** (Albert $\rightarrow$ ... $\rightarrow$ Keith).
    *   **Keith is Evelyn's ancestor** (Keith $\rightarrow$ Evelyn).
    *   **Brittany is Evelyn's descendant** (Evelyn $\rightarrow$ ... $\rightarrow$ Brittany).
    *   **Peter is Brittany's descendant** (Brittany $\rightarrow$ ... $\rightarrow$ Peter).
    *   **Peter is Anna's ancestor** (Peter $\rightarrow$ Anna).
    *   **Anna is Juan's ancestor** (Anna $\rightarrow$ Juan).
    *   **Benjamin is Juan's descendant** (Juan $\rightarrow$ ... $\rightarrow$ Benjamin).
    *   **Logan is Benjamin's descendant** (Benjamin $\rightarrow$ ... $\rightarrow$ Logan).
    *   **Joshua is Logan's descendant** (Logan $\rightarrow$ ... $\rightarrow$ Joshua).
    *   **Joshua is Zachary's ancestor** (Joshua $\rightarrow$ Zachary).
    *   **Kenneth is Zachary's descendant** (Zachary $\rightarrow$ ... $\rightarrow$ Kenneth).
    *   **Kenneth is Randy's ancestor** (Kenneth $\rightarrow$ Randy).
    *   **Randy is Ryan's ancestor** (Randy $\rightarrow$ Ryan).
    *   **Ryan is Madison's ancestor** (Ryan $\rightarrow$ Madison).
    *   **Madison is Stephen's ancestor** (Madison $\rightarrow$ Stephen).
    *   **Brian is Stephen's descendant** (Stephen $\rightarrow$ ... $\rightarrow$ Brian).
    *   **Brian is Terry's ancestor** (Brian $\rightarrow$ Terry).
    *   **Terry is Rebecca's ancestor** (Terry $\rightarrow$ Rebecca).
    *   **Theresa is Rebecca's descendant** (Rebecca $\rightarrow$ ... $\rightarrow$ Theresa).
    *   **Catherine is Theresa's descendant** (Theresa $\rightarrow$ ... $\rightarrow$ Catherine).
    *   **Catherine is Isabella's ancestor** (Catherine $\rightarrow$ Isabella).
    *   **Isabella is Jeffrey's ancestor** (Isabella $\rightarrow$ Jeffrey).
    *   **Lawrence is Jeffrey's descendant** (Jeffrey $\rightarrow$ ... $\rightarrow$ Lawrence).
    *   **Lawrence is Kimberly's ancestor** (Lawrence $\rightarrow$ Kimberly).
    *   **Nicholas is Kimberly's descendant** (Kimberly $\rightarrow$ ... $\rightarrow$ Nicholas).
    *   **Nicholas is Shirley's ancestor** (Nicholas $\rightarrow$ Shirley).
    *   **Sandra is Shirley's descendant** (Shirley $\rightarrow$ ... $\rightarrow$ Sandra).
    *   **Sandra is Karen's ancestor** (Sandra $\rightarrow$ Karen).
    *   **Janet is Karen's descendant** (Karen $\rightarrow$ ... $\rightarrow$ Janet).
    *   **Grace is Janet's descendant** (Janet $\rightarrow$ ... $\rightarrow$ Grace).
    *   **Cheryl is Grace's descendant** (Grace $\rightarrow$ ... $\rightarrow$ Cheryl).
    *   **Cheryl is Ralph's ancestor** (Cheryl $\rightarrow$ Ralph).
    *   **Ralph is Richard's ancestor** (Ralph $\rightarrow$ Richard).
    *   **Dorothy is Richard's descendant** (Richard $\rightarrow$ ... $\rightarrow$ Dorothy).
    *   **Robert is Dorothy's descendant** (Dorothy $\rightarrow$ ... $\rightarrow$ Robert).
    *   **Jerry is Robert's descendant** (Robert $\rightarrow$ ... $\rightarrow$ Jerry).
    *   **Pamela is Jerry's descendant** (Jerry $\rightarrow$ ... $\rightarrow$ Pamela).
    *   **Nicole is Pamela's descendant** (Pamela $\rightarrow$ ... $\rightarrow$ Nicole).
    *   **Nicole is Kayla's ancestor** (Nicole $\rightarrow$ Kayla).
    *   **Kayla is Joyce's ancestor** (Kayla $\rightarrow$ Joyce).
    *   **Joyce is Joseph's ancestor** (Joyce $\rightarrow$ Joseph).
    *   **Abigail is Joseph's descendant** (Joseph $\rightarrow$ ... $\rightarrow$ Abigail).
    *   **Amy is Abigail's descendant** (Abigail $\rightarrow$ ... $\rightarrow$ Amy).
    *   **Amy is Christine's ancestor** (Amy $\rightarrow$ Christine).
    *   **Christine is Jose's ancestor** (Christine $\rightarrow$ Jose).
    *   **Jose is Timothy's ancestor** (Jose $\rightarrow$ Timothy).
    *   **Alexis is Timothy's descendant** (Timothy $\rightarrow$ ... $\rightarrow$ Alexis).
    *   **Charlotte is Alexis's descendant** (Alexis $\rightarrow$ ... $\rightarrow$ Charlotte).
    *   **Teresa is Charlotte's descendant** (Charlotte $\rightarrow$ ... $\rightarrow$ Teresa).
    *   **Teresa is Kyle's ancestor** (Teresa $\rightarrow$ Kyle).
    *   **Kyle is Edward's ancestor** (Kyle $\rightarrow$ Edward).
    *   **Ruth is Edward's descendant** (Edward $\rightarrow$ ... $\rightarrow$ Ruth).
    *   **Roger is Ruth's descendant** (Ruth $\rightarrow$ ... $\rightarrow$ Roger).
    *   **Roger is Judy's ancestor** (Roger $\rightarrow$ Judy).
    *   **Judy is Alexander's ancestor** (Judy $\rightarrow$ Alexander).
    *   **Alexander is Douglas's ancestor** (Alexander $\rightarrow$ Douglas).
    *   **Douglas is Betty's ancestor** (Douglas $\rightarrow$ Betty).
    *   **Betty is Stephanie's ancestor** (Betty $\rightarrow$ Stephanie).
    *   **Gerald is Stephanie's descendant** (Stephanie $\rightarrow$ ... $\rightarrow$ Gerald).
    *   **Dylan is Gerald's descendant** (Gerald $\rightarrow$ ... $\rightarrow$ Dylan).
    *   **Jacob is Dylan's descendant** (Dylan $\rightarrow$ ... $\rightarrow$ Jacob).
    *   **Gregory is Jacob's descendant** (Jacob $\rightarrow$ ... $\rightarrow$ Gregory).
    *   **Harold is Gregory's descendant** (Gregory $\rightarrow$ ... $\rightarrow$ Harold).
    *   **Elijah is Harold's descendant** (Harold $\rightarrow$ ... $\rightarrow$ Elijah).
    *   **Ronald is Elijah's descendant** (Elijah $\rightarrow$ ... $\rightarrow$ Ronald).
    *   **Ronald is Bruce's ancestor** (Ronald $\rightarrow$ Bruce).
    *   **Lauren is Bruce's descendant** (Bruce $\rightarrow$ ... $\rightarrow$ Lauren).
    *   **Maria is Lauren's descendant** (Lauren $\rightarrow$ ... $\rightarrow$ Maria).
    *   **Maria is Carl's ancestor** (Maria $\rightarrow$ Carl).
    *   **Angela is Carl's descendant** (Carl $\rightarrow$ ... $\rightarrow$ Angela).
    *   **Angela is Lisa's ancestor** (Angela $\rightarrow$ Lisa).
    *   **Lisa is Adam's ancestor** (Lisa $\rightarrow$ Adam).
    *   **Adam is Danielle's ancestor** (Adam $\rightarrow$ Danielle).
    *   **Marilyn is Danielle's descendant** (Danielle $\rightarrow$ ... $\rightarrow$ Marilyn).
    *   **Charles is Marilyn's descendant** (Marilyn $\rightarrow$ ... $\rightarrow$ Charles).
    *   **Larry is Charles's descendant** (Charles $\rightarrow$ ... $\rightarrow$ Larry).
    *   **Frank is Larry's descendant** (Larry $\rightarrow$ ... $\rightarrow$ Frank).
    *   **Frank is Diana's ancestor** (Frank $\rightarrow$ Diana).

The chain is: Linda $\rightarrow$ ... $\rightarrow$ Diana.
This means Linda is Diana's ancestor, or equivalently, Diana is Linda's descendant.

<ANSWER>4</ANSWER>"
128,COMMON_ANCESTOR,1,"Given the following lineage relationships:
* Cheryl is Paul's ancestor.
* Nicole is Kathryn's ancestor.
* Samuel is Christopher's ancestor.
* Lori is Jeremy's ancestor.
* Rachel is Katherine's descendant.
* Denise is Virginia's descendant.
* Scott is Kayla's ancestor.
* Jacob is Christine's ancestor.
* Theresa is Alice's descendant.
* Gabriel is Susan's ancestor.
* Wayne is Judith's ancestor.
* Nicole is Evelyn's descendant.
* Joyce is Diane's ancestor.
* Christina is Donald's descendant.
* Keith is Linda's descendant.
* Brenda is Julia's ancestor.
* Randy is Lauren's descendant.
* Christina is Michelle's ancestor.
* Douglas is Debra's descendant.
* Sharon is Marie's descendant.
* Theresa is Stephen's ancestor.
* Gloria is Virginia's ancestor.
* Abigail is Tyler's descendant.
* Randy is Danielle's ancestor.
* Ann is Donald's ancestor.
* Katherine is Danielle's descendant.
* Gabriel is John's descendant.
* Janice is Jeremy's descendant.
* Christian is Carol's descendant.
* Grace is Jonathan's ancestor.
* Carl is Henry's descendant.
* Gregory is Jonathan's descendant.
* Margaret is Christopher's descendant.
* Hannah is Richard's descendant.
* Kyle is James's descendant.
* Brandon is Jason's ancestor.
* Pamela is Emily's ancestor.
* Roger is Rachel's descendant.
* Abigail is Lauren's ancestor.
* Julie is Benjamin's ancestor.
* Aaron is Dennis's descendant.
* Debra is Judith's descendant.
* Marilyn is Bruce's descendant.
* Hannah is Joyce's ancestor.
* Harold is Gerald's descendant.
* Billy is Robert's descendant.
* Kimberly is Judy's ancestor.
* Helen is Daniel's ancestor.
* Tyler is Christine's descendant.
* Michael is Jerry's ancestor.
* Patricia is Janice's descendant.
* Scott is Frank's descendant.
* Juan is Jacqueline's ancestor.
* Alan is Natalie's ancestor.
* Andrew is Robert's ancestor.
* Bruce is Patricia's descendant.
* Karen is Heather's ancestor.
* Michael is Elijah's descendant.
* Ann is Diana's descendant.
* Alexander is Brittany's descendant.
* Cynthia is Nancy's descendant.
* Sharon is Eugene's ancestor.
* Philip is Shirley's descendant.
* Kathryn is Joshua's ancestor.
* Brenda is Gregory's descendant.
* Susan is Frank's ancestor.
* Doris is Jennifer's ancestor.
* Andrew is Kayla's descendant.
* Noah is Kevin's descendant.
* Madison is Bradley's descendant.
* Juan is Nathan's descendant.
* Amanda is John's ancestor.
* Alexander is James's ancestor.
* Marie is Stephen's descendant.
* Brian is Patrick's descendant.
* Nicholas is Shirley's ancestor.
* Isabella is Carl's descendant.
* Eugene is Lori's ancestor.
* Terry is Catherine's ancestor.
* Carol is Donna's descendant.
* Doris is Daniel's descendant.
* Grace is Natalie's descendant.
* Nancy is Noah's descendant.
* Zachary is Diane's descendant.
* Alexis is Bradley's ancestor.
* Alan is Adam's descendant.
* Evelyn is Keith's descendant.
* Nicholas is Catherine's descendant.
* Nathan is Zachary's descendant.
* Wayne is Jean's descendant.
* Samuel is Cynthia's descendant.
* Donna is Adam's ancestor.
* Benjamin is Jean's ancestor.
* Paul is Melissa's ancestor.
* Megan is Roger's descendant.
* Gloria is Philip's descendant.
* Julie is Michelle's descendant.
* Jesse is Charles's descendant.
* Julia is Amanda's ancestor.
* Jerry is Gerald's ancestor.
* Douglas is Elijah's ancestor.
* Cheryl is Jennifer's descendant.
* Victoria is Angela's ancestor.
* Edward is Alice's ancestor.
* Denise is Brittany's ancestor.
* Patrick is Marilyn's descendant.
* Jason is Henry's ancestor.
* Timothy is Pamela's ancestor.
* Victoria is Christian's descendant.
* Judy is Alexis's ancestor.
* Dennis is Billy's descendant.
* Ralph is Bryan's descendant.
* Linda is Ralph's descendant.
* Aaron is Timothy's ancestor.
* Edward is Jesse's descendant.
* Kyle is Helen's ancestor.
* Melissa is Kevin's ancestor.
* Emily is Diana's ancestor.
* Joshua is Brandon's ancestor.
* Kimberly is Jacqueline's descendant.
* Karen is Harold's descendant.
* Margaret is Richard's ancestor.
* Madison is Jacob's ancestor.
* Isabella is Terry's ancestor.
* Megan is Samantha's ancestor.
* Bryan is Heather's descendant.
* Samantha is Charles's ancestor.
Determine the lineage relationship between Angela and Brian.
Select the correct answer:
1. Angela and Brian share a common ancestor.
2. Angela and Brian share a common descendant.
3. Angela is Brian's ancestor.
4. Angela is Brian's descendant.
5. None of the above is correct.
Enclose the selected answer number in the <ANSWER> tag, for example: <ANSWER>1</ANSWER>.",z-ai/glm-4.7,Parasail,,,"The lineage of Angela is traced as follows:
1. Victoria is Angela's ancestor.
2. Victoria is Christian's descendant.
3. Christian is Carol's descendant.
4. Carol is Donna's descendant.
Thus, Donna is an ancestor of Angela.

The lineage of Brian is traced as follows:
1. Brian is Patrick's descendant.
2. Through a long chain of relationships (Patrick <- Marilyn <- Bruce <- Patricia <- Janice <- Jeremy <- Lori <- Eugene <- Sharon <- Marie <- Stephen <- Theresa <- Alice <- Edward <- Jesse <- Charles <- Samantha <- Megan <- Roger <- Rachel <- Katherine <- Danielle <- Randy <- Lauren <- Abigail <- Tyler <- Christine <- Jacob <- Madison <- Bradley <- Alexis <- Judy <- Kimberly <- Jacqueline <- Juan <- Nathan <- Zachary <- Diane <- Joyce <- Hannah <- Richard <- Margaret <- Christopher <- Samuel <- Cynthia <- Nancy <- Noah <- Kevin <- Melissa <- Paul <- Cheryl <- Jennifer <- Doris <- Daniel <- Helen <- Kyle <- James <- Alexander <- Brittany <- Denise <- Virginia <- Gloria <- Philip <- Shirley <- Nicholas <- Catherine <- Terry <- Isabella <- Carl <- Henry <- Jason <- Brandon <- Joshua <- Kathryn <- Nicole <- Evelyn <- Keith <- Linda <- Ralph <- Bryan <- Heather <- Karen <- Harold <- Gerald <- Jerry <- Michael <- Elijah <- Douglas <- Debra <- Judith <- Wayne <- Jean <- Benjamin <- Julie <- Michelle <- Christina <- Donald <- Ann <- Diana <- Emily <- Pamela <- Timothy <- Aaron <- Dennis <- Billy <- Robert <- Andrew <- Kayla <- Scott <- Frank <- Susan <- Gabriel <- John <- Amanda <- Julia <- Brenda <- Gregory <- Jonathan <- Grace <- Natalie <- Alan), we find that Alan is an ancestor of Brian.

Regarding Alan:
1. Alan is Adam's descendant.
2. Donna is Adam's ancestor.
Thus, Donna is an ancestor of Alan, and consequently an ancestor of Brian.

Since Donna is an ancestor of both Angela and Brian, they share a common ancestor.

<ANSWER>1</ANSWER>"
128,COMMON_DESCENDANT,3,"Given the following lineage relationships:
* Brian is Lori's ancestor.
* Eugene is Timothy's descendant.
* Emma is Ann's ancestor.
* Evelyn is Jack's ancestor.
* Jonathan is Gabriel's descendant.
* Jacqueline is Andrea's descendant.
* Kayla is Paul's descendant.
* Paul is Anna's descendant.
* Thomas is Deborah's descendant.
* Juan is Marilyn's descendant.
* Sarah is Julie's ancestor.
* Christian is Dylan's descendant.
* Patrick is Charles's descendant.
* Anna is Natalie's descendant.
* Melissa is Robert's descendant.
* Jesse is Beverly's descendant.
* Victoria is Edward's ancestor.
* Mark is Janet's descendant.
* Mason is Ralph's descendant.
* Douglas is Janet's ancestor.
* Eric is Joan's ancestor.
* Kenneth is Marie's descendant.
* James is Laura's descendant.
* Rebecca is Sophia's descendant.
* Edward is Michelle's ancestor.
* Mary is Frances's ancestor.
* Donna is Russell's descendant.
* Cynthia is Samantha's descendant.
* Julia is Marilyn's ancestor.
* Diane is Richard's ancestor.
* Jerry is Christian's descendant.
* Harold is Logan's descendant.
* Eric is Cynthia's descendant.
* Bradley is Debra's descendant.
* Samantha is Megan's descendant.
* Kelly is Patrick's descendant.
* Sharon is Dennis's ancestor.
* Linda is Charles's ancestor.
* Jacqueline is Karen's ancestor.
* Lisa is Abigail's descendant.
* Mary is Kathryn's descendant.
* Sharon is Stephen's descendant.
* Juan is Amber's ancestor.
* Jessica is Roger's descendant.
* Doris is Keith's descendant.
* Brittany is Gloria's ancestor.
* Benjamin is Melissa's descendant.
* Sara is Sarah's ancestor.
* Natalie is Julie's descendant.
* Nicholas is Gabriel's ancestor.
* Thomas is Roger's ancestor.
* Theresa is Scott's descendant.
* Jonathan is Jennifer's ancestor.
* Lisa is Aaron's ancestor.
* Theresa is Billy's ancestor.
* Douglas is Cheryl's descendant.
* Harold is Sara's ancestor.
* Austin is Gregory's ancestor.
* Philip is Albert's descendant.
* Beverly is Daniel's descendant.
* Willie is Mason's descendant.
* Christine is Austin's ancestor.
* Ashley is Ann's descendant.
* Matthew is Roy's descendant.
* Jean is Mark's descendant.
* Cheryl is Jack's descendant.
* Doris is Denise's ancestor.
* Nathan is Frances's descendant.
* Debra is Karen's descendant.
* Michelle is Linda's ancestor.
* Judith is Jessica's descendant.
* Marie is Rebecca's descendant.
* Christine is Lori's descendant.
* Patricia is Joyce's descendant.
* Ruth is Zachary's descendant.
* Alexander is Virginia's ancestor.
* Judy is Deborah's ancestor.
* Nicholas is Eugene's descendant.
* Timothy is Jeremy's descendant.
* Gloria is Russell's ancestor.
* Alexis is Kenneth's descendant.
* Brittany is Nathan's descendant.
* Helen is Megan's ancestor.
* Kayla is Dorothy's ancestor.
* Daniel is Dennis's descendant.
* Samuel is Judith's descendant.
* Emma is Jerry's descendant.
* Maria is Amber's descendant.
* Donna is Alice's ancestor.
* Bradley is Brian's ancestor.
* Ronald is Carol's ancestor.
* Aaron is Sophia's ancestor.
* Noah is Ralph's ancestor.
* Laura is Willie's descendant.
* Philip is Raymond's ancestor.
* Elijah is Benjamin's descendant.
* Jesse is Nancy's ancestor.
* Patricia is Joshua's ancestor.
* Jean is Joan's descendant.
* Jennifer is Logan's ancestor.
* Zachary is Richard's descendant.
* Samuel is Victoria's ancestor.
* Ronald is Elijah's descendant.
* Maria is Helen's ancestor.
* Frank is Noah's ancestor.
* Steven is Alexis's descendant.
* Joyce is James's descendant.
* Nancy is George's ancestor.
* Dorothy is Diane's ancestor.
* Stephen is Peter's descendant.
* Steven is Dylan's ancestor.
* Roy is Kelly's descendant.
* Virginia is Andrea's ancestor.
* Peter is Joshua's descendant.
* Lawrence is Alexander's ancestor.
* Billy is Judy's ancestor.
* Denise is Lawrence's ancestor.
* Jeremy is Alice's descendant.
* Katherine is Carol's descendant.
* Ruth is Frank's ancestor.
* Scott is Janice's descendant.
* Katherine is Kathryn's ancestor.
* George is Albert's ancestor.
* Janice is Raymond's descendant.
* Gregory is Evelyn's ancestor.
* Julia is Ashley's descendant.
* Matthew is Abigail's ancestor.
Determine the lineage relationship between Robert and Keith.
Select the correct answer:
1. Robert and Keith share a common ancestor.
2. Robert is Keith's ancestor.
3. Robert and Keith share a common descendant.
4. Robert is Keith's descendant.
5. None of the above is correct.
Enclose the selected answer number in the <ANSWER> tag, for example: <ANSWER>1</ANSWER>.",z-ai/glm-4.7,Parasail,,,"Based on the provided lineage statements, we can construct the relationships between Robert and Keith by tracing their respective family lines.

1.  **Trace Robert's Lineage:**
    *   From statement 15: **Robert** is an ancestor of **Melissa**.
    *   Following the chain of descendants: Melissa $\to$ Benjamin $\to$ Elijah $\to$ Ronald $\to$ Carol $\to$ Katherine $\to$ Kathryn $\to$ Mary $\to$ Frances $\to$ Nathan $\to$ Brittany $\to$ Gloria $\to$ Russell $\to$ Donna $\to$ Alice $\to$ Jeremy $\to$ Timothy $\to$ Eugene $\to$ Nicholas $\to$ Gabriel $\to$ Jonathan $\to$ Jennifer $\to$ Logan $\to$ Harold $\to$ Sara $\to$ Sarah $\to$ Julie $\to$ Natalie $\to$ Anna $\to$ Paul $\to$ Kayla $\to$ Dorothy $\to$ Diane $\to$ Richard $\to$ Zachary $\to$ Ruth $\to$ Frank $\to$ Noah $\to$ Ralph $\to$ Mason $\to$ Willie $\to$ Laura $\to$ James $\to$ Joyce $\to$ Patricia $\to$ Joshua $\to$ Peter $\to$ Stephen $\to$ Sharon $\to$ Dennis $\to$ Daniel $\to$ Beverly $\to$ Jesse $\to$ Nancy $\to$ George $\to$ Albert $\to$ Philip $\to$ Raymond $\to$ Janice $\to$ Scott $\to$ Theresa $\to$ Billy $\to$ Judy $\to$ Deborah $\to$ Thomas $\to$ Roger $\to$ Jessica $\to$ Judith $\to$ Samuel $\to$ Victoria $\to$ Edward $\to$ Michelle $\to$ Linda $\to$ Charles $\to$ Patrick $\to$ Kelly $\to$ Roy $\to$ Matthew $\to$ Abigail $\to$ Lisa $\to$ Aaron $\to$ Sophia $\to$ Rebecca $\to$ Marie $\to$ Kenneth $\to$ Alexis $\to$ Steven $\to$ Dylan $\to$ Christian $\to$ Jerry $\to$ Emma $\to$ Ann $\to$ Ashley $\to$ Julia $\to$ Marilyn $\to$ Juan $\to$ Amber $\to$ Maria $\to$ Helen $\to$ Megan $\to$ Samantha $\to$ Cynthia $\to$ Eric $\to$ Joan $\to$ Jean $\to$ Mark $\to$ Janet $\to$ Douglas $\to$ Cheryl $\to$ Jack $\to$ Evelyn.
    *   From statement 125: **Gregory** is **Evelyn**'s descendant.
    *   So, **Robert is an ancestor of Gregory**.

2.  **Trace Keith's Lineage:**
    *   From statement 45: **Keith** is an ancestor of **Doris**.
    *   Following the chain: Doris $\to$ Denise $\to$ Lawrence $\to$ Alexander $\to$ Virginia $\to$ Andrea $\to$ Jacqueline $\to$ Karen $\to$ Debra $\to$ Bradley.
    *   From statement 90: **Bradley** is **Brian**'s descendant. This means **Brian is an ancestor of Bradley**.
    *   From statement 1: **Brian** is an ancestor of **Lori**.
    *   From statement 73: **Christine** is **Lori**'s descendant.
    *   From statement 62: **Christine** is **Austin**'s ancestor.
    *   From statement 58: **Austin** is **Gregory**'s ancestor.
    *   So, **Brian is an ancestor of Gregory**.

3.  **Analyze the Relationship:**
    *   We have established that **Robert** is an ancestor of **Gregory**.
    *   We have established that **Brian** is an ancestor of **Gregory**.
    *   We know **Keith** is an ancestor of **Bradley**, and **Brian** is an ancestor of **Bradley**.
    *   The sets of names in Robert's lineage (excluding Gregory) and Keith's lineage (excluding Brian and Gregory) are disjoint. There is no path linking Robert to Keith, or Keith to Robert, directly.
    *   While Robert and Brian share a common descendant (Gregory), and Keith and Brian share a common descendant (Bradley), there is no evidence that Keith is an ancestor of Robert, Robert is an ancestor of Keith, or that they share a common descendant (since Keith connects to the Robert/Brian tree at Brian/Bradley, and does not necessarily link to the branch leading to Gregory).
    *   Specifically, while Brian is an ancestor of both Gregory and Bradley, and Keith is an ancestor of Bradley, there is no statement or chain linking Keith to the ""Gregory branch"" (Brian $\to$ Lori $\to$ Christine $\to$ Austin $\to$ Gregory). Consequently, Keith is not proven to be an ancestor of Gregory.
    *   Therefore, Robert and Keith do not share a common ancestor, nor is one the ancestor of the other. Without a proven common descendant (Gregory is only a descendant of Robert and Brian, not Keith), none of the positive relationships hold.

Thus, none of the provided options (1-4) are correct.

<ANSWER>5</ANSWER>"
128,ANCESTOR,3,"Given the following lineage relationships:
* Andrea is Timothy's ancestor.
* Eric is Raymond's ancestor.
* Janet is Dennis's descendant.
* Deborah is Donald's ancestor.
* Noah is Brandon's descendant.
* Edward is Michael's descendant.
* Ann is Thomas's descendant.
* Alan is Charlotte's ancestor.
* Paul is Susan's ancestor.
* Lauren is Emma's ancestor.
* Eric is Marie's descendant.
* Harold is Kenneth's descendant.
* Katherine is Debra's ancestor.
* Anna is Megan's descendant.
* Aaron is Samantha's descendant.
* Barbara is Albert's ancestor.
* Kimberly is Jerry's ancestor.
* Edward is Laura's ancestor.
* Terry is Catherine's ancestor.
* Steven is Heather's ancestor.
* Stephen is Christopher's descendant.
* Grace is Dorothy's descendant.
* Willie is Marilyn's descendant.
* Dennis is Jack's descendant.
* Anna is Richard's ancestor.
* Alexander is Jeffrey's descendant.
* Willie is Lawrence's ancestor.
* Diana is Dylan's ancestor.
* Bryan is Abigail's descendant.
* Heather is Jesse's ancestor.
* Vincent is Kenneth's ancestor.
* Julie is Martha's descendant.
* Jennifer is Amy's ancestor.
* Robert is Natalie's ancestor.
* Gerald is Christopher's ancestor.
* Vincent is Theresa's descendant.
* Carolyn is Ashley's descendant.
* Emily is Charlotte's descendant.
* Nicholas is Jerry's descendant.
* Aaron is Ethan's ancestor.
* Frances is Jeremy's descendant.
* Mason is Ralph's descendant.
* Jack is Gloria's descendant.
* Cynthia is Raymond's descendant.
* Grace is Marilyn's ancestor.
* Kimberly is Jesse's descendant.
* Katherine is Joe's descendant.
* Barbara is Doris's descendant.
* Deborah is Betty's descendant.
* Gerald is Carolyn's descendant.
* Kevin is Billy's descendant.
* Carol is Shirley's descendant.
* Maria is Noah's descendant.
* Jean is Cheryl's descendant.
* Lawrence is Sandra's ancestor.
* Alan is Timothy's descendant.
* Catherine is Jeffrey's ancestor.
* Patrick is Kevin's descendant.
* Danielle is Jacob's descendant.
* Pamela is Jacob's ancestor.
* Janice is Ann's descendant.
* Gloria is Benjamin's descendant.
* Gary is Jason's ancestor.
* Ruth is Megan's ancestor.
* Elijah is Steven's ancestor.
* Charles is Patricia's descendant.
* Julia is Roger's descendant.
* Benjamin is Christian's descendant.
* Linda is Elijah's ancestor.
* Shirley is Elizabeth's descendant.
* Arthur is Donald's descendant.
* Samantha is Keith's descendant.
* Scott is Laura's descendant.
* Harold is Gabriel's ancestor.
* Arthur is Patricia's ancestor.
* Gary is Karen's descendant.
* Christian is Debra's descendant.
* Jean is Karen's ancestor.
* Dylan is Alice's ancestor.
* Cynthia is Keith's ancestor.
* Sandra is Diane's ancestor.
* Philip is Carol's descendant.
* Roger is Susan's descendant.
* Bobby is Joshua's descendant.
* Zachary is Ralph's ancestor.
* Abigail is Mason's descendant.
* Justin is Jason's descendant.
* Julie is Randy's ancestor.
* Diana is Hannah's descendant.
* Larry is Albert's descendant.
* Julia is Pamela's ancestor.
* Maria is Kathleen's ancestor.
* Emily is Dorothy's ancestor.
* Elizabeth is Janice's descendant.
* Christine is Brian's descendant.
* Andrea is Adam's descendant.
* Billy is Ethan's descendant.
* Ryan is Melissa's descendant.
* Evelyn is Cheryl's ancestor.
* Zachary is Alice's descendant.
* Patrick is Joe's ancestor.
* Lisa is Kathryn's ancestor.
* Michael is Ryan's descendant.
* Wayne is Christine's descendant.
* Kathleen is Lauren's ancestor.
* Bryan is Theresa's ancestor.
* Ashley is Diane's descendant.
* Stephen is Hannah's ancestor.
* Frances is Adam's ancestor.
* Roy is Charles's descendant.
* Emma is Joshua's ancestor.
* Ruth is Danielle's descendant.
* Marie is Kathryn's descendant.
* Melissa is Nicholas's descendant.
* Scott is Lisa's ancestor.
* Gabriel is Brandon's ancestor.
* Justin is Terry's ancestor.
* Betty is Richard's descendant.
* Brian is Randy's descendant.
* Jennifer is Roy's descendant.
* Alexander is Doris's ancestor.
* Amy is Evelyn's ancestor.
* Jeremy is Larry's descendant.
* Paul is Philip's descendant.
* Janet is Martha's ancestor.
* Linda is Bobby's descendant.
* Thomas is Natalie's descendant.
Determine the lineage relationship between Robert and Wayne.
Select the correct answer:
1. Robert and Wayne share a common descendant.
2. Robert is Wayne's descendant.
3. Robert is Wayne's ancestor.
4. Robert and Wayne share a common ancestor.
5. None of the above is correct.
Enclose the selected answer number in the <ANSWER> tag, for example: <ANSWER>1</ANSWER>.",z-ai/glm-4.7,Parasail,,,"Based on the provided lineage relationships, we can construct a directed path from Robert to Wayne.

1.  **Robert** is Natalie's ancestor.
2.  **Natalie** is Thomas's ancestor (Thomas is Natalie's descendant).
3.  **Thomas** is Ann's ancestor (Ann is Thomas's descendant).
4.  **Ann** is Janice's ancestor (Janice is Ann's descendant).
5.  **Janice** is Elizabeth's ancestor (Elizabeth is Janice's descendant).
6.  **Elizabeth** is Shirley's ancestor (Shirley is Elizabeth's descendant).
7.  **Shirley** is Carol's ancestor (Carol is Shirley's descendant).
8.  **Carol** is Philip's ancestor (Philip is Carol's descendant).
9.  **Philip** is Paul's ancestor (Paul is Philip's descendant).
10. **Paul** is Susan's ancestor.
11. **Susan** is Roger's ancestor (Roger is Susan's descendant).
12. **Roger** is Julia's ancestor (Julia is Roger's descendant).
13. **Julia** is Pamela's ancestor.
14. **Pamela** is Jacob's ancestor.
15. **Jacob** is Danielle's ancestor (Danielle is Jacob's descendant).
16. **Danielle** is Ruth's ancestor (Ruth is Danielle's descendant).
17. **Ruth** is Megan's ancestor.
18. **Megan** is Anna's ancestor (Anna is Megan's descendant).
19. **Anna** is Richard's ancestor.
20. **Richard** is Betty's ancestor (Betty is Richard's descendant).
21. **Betty** is Deborah's descendant (Deborah is Betty's ancestor).
22. **Deborah** is Donald's ancestor.
23. **Donald** is Arthur's ancestor (Arthur is Donald's descendant).
24. **Arthur** is Patricia's ancestor.
25. **Patricia** is Charles's ancestor (Charles is Patricia's descendant).
26. **Charles** is Roy's ancestor (Roy is Charles's descendant).
27. **Roy** is Jennifer's ancestor (Jennifer is Roy's descendant).
28. **Jennifer** is Amy's ancestor.
29. **Amy** is Evelyn's descendant (Evelyn is Amy's ancestor).
30. **Evelyn** is Cheryl's ancestor.
31. **Cheryl** is Jean's descendant (Jean is Cheryl's ancestor).
32. **Jean** is Karen's ancestor.
33. **Karen** is Gary's descendant (Gary is Karen's ancestor). Wait, let's re-verify. ""Jean is Karen's ancestor"" and ""Gary is Jason's descendant"" and ""Gary is Karen's descendant"" and ""Karen is Jean's ancestor"".
    Let's trace: Jean -> Karen -> Gary -> Jason -> Justin -> Terry -> Catherine -> Jeffrey -> Alexander -> Doris -> Barbara -> Albert -> Larry -> Jeremy -> Frances -> Adam -> Andrea -> Timothy -> Alan -> Charlotte -> Emily -> Dorothy -> Grace -> Marilyn -> Willie -> Lawrence -> Sandra -> Diane -> Ashley -> Carolyn -> Gerald -> Christopher -> Stephen -> Hannah -> Diana -> Dylan -> Alice -> Zachary -> Ralph -> Mason -> Abigail -> Bryan -> Theresa -> Vincent -> Kenneth -> Harold -> Gabriel -> Brandon -> Noah -> Maria -> Kathleen -> Lauren -> Emma -> Joshua -> Bobby -> Linda -> Elijah -> Steven -> Heather -> Jesse -> Kimberly -> Jerry -> Nicholas -> Melissa -> Ryan -> Michael -> Edward -> Laura -> Scott -> Lisa -> Kathryn -> Marie -> Eric -> Raymond -> Cynthia -> Keith -> Samantha -> Aaron -> Ethan -> Billy -> Kevin -> Patrick -> Joe -> Katherine -> Debra -> Christian -> Benjamin -> Gloria -> Jack -> Dennis -> Janet -> Martha -> Julie -> Randy -> Brian -> Christine -> **Wayne**.

Following this continuous chain of ancestors and descendants, we find that **Robert** is at the start of the chain leading to **Wayne**. Therefore, Robert is Wayne's ancestor.

<ANSWER>3</ANSWER>"
128,DESCENDANT,4,"Given the following lineage relationships:
* Robert is Eugene's descendant.
* Teresa is Timothy's descendant.
* Timothy is Philip's descendant.
* Diane is Jason's descendant.
* Michael is Marilyn's ancestor.
* Denise is Kelly's descendant.
* Michael is Austin's descendant.
* Debra is Sarah's ancestor.
* Gerald is Joan's descendant.
* Lisa is Gerald's descendant.
* Betty is Margaret's ancestor.
* Barbara is Hannah's ancestor.
* Gloria is Sandra's ancestor.
* Andrew is Judith's ancestor.
* Ronald is Jean's ancestor.
* Steven is Samantha's ancestor.
* Ryan is Diana's ancestor.
* Stephen is William's ancestor.
* Charlotte is Edward's descendant.
* Judy is Dylan's descendant.
* Brian is Amber's ancestor.
* Lawrence is Jennifer's ancestor.
* Patrick is Sean's ancestor.
* Roger is Megan's descendant.
* George is Isabella's ancestor.
* Zachary is Denise's descendant.
* Ronald is Shirley's descendant.
* Brian is Janet's descendant.
* Sharon is Elijah's descendant.
* Richard is Catherine's ancestor.
* Andrew is Joshua's descendant.
* Raymond is Ann's descendant.
* Logan is Pamela's descendant.
* Benjamin is Anna's ancestor.
* Mary is Andrea's ancestor.
* Mary is Laura's descendant.
* Aaron is Emily's ancestor.
* Carolyn is Amy's ancestor.
* Juan is Maria's ancestor.
* Frances is Megan's ancestor.
* Kathleen is Donald's ancestor.
* Willie is Carolyn's ancestor.
* Randy is Aaron's ancestor.
* Christina is Danielle's ancestor.
* Jonathan is Charlotte's descendant.
* Olivia is Jean's descendant.
* Madison is Elijah's ancestor.
* Frances is Emily's descendant.
* Kenneth is Nathan's descendant.
* Patricia is Stephanie's descendant.
* Anna is Jeffrey's ancestor.
* Willie is Daniel's descendant.
* Edward is Frank's descendant.
* Jennifer is Kayla's ancestor.
* Martha is Marilyn's descendant.
* Albert is Kimberly's descendant.
* Douglas is Joe's descendant.
* Samantha is Debra's ancestor.
* Dorothy is Harold's descendant.
* Vincent is Judy's descendant.
* Paul is Lisa's descendant.
* Alan is Scott's ancestor.
* Jesse is Sarah's descendant.
* Frank is Sandra's descendant.
* Barbara is Karen's descendant.
* Stephen is Jacob's descendant.
* Diane is Philip's ancestor.
* Rachel is Nancy's descendant.
* Thomas is Cynthia's descendant.
* Amy is Lori's ancestor.
* David is Rachel's descendant.
* Victoria is Natalie's descendant.
* Margaret is Randy's ancestor.
* Dorothy is Pamela's ancestor.
* Helen is George's ancestor.
* Thomas is Nancy's ancestor.
* Jacob is Hannah's descendant.
* Paul is Dennis's ancestor.
* Amber is Benjamin's ancestor.
* Ryan is Olivia's descendant.
* Julia is Eugene's ancestor.
* Lauren is Raymond's descendant.
* Jason is Brandon's descendant.
* Austin is Jesse's descendant.
* Stephanie is Matthew's descendant.
* Isabella is Joshua's ancestor.
* Michelle is Janet's ancestor.
* Brandon is Martha's descendant.
* Kayla is Christina's ancestor.
* Patricia is Karen's ancestor.
* Virginia is Michelle's ancestor.
* Jonathan is Nathan's ancestor.
* Sharon is Kelly's ancestor.
* Emma is Donald's descendant.
* Albert is Ann's ancestor.
* Zachary is Gloria's ancestor.
* Alan is Lauren's descendant.
* Victoria is Keith's ancestor.
* William is Natalie's ancestor.
* Lawrence is Robert's descendant.
* Bobby is Kathleen's ancestor.
* Julie is Alexis's ancestor.
* Jeffrey is Helen's ancestor.
* John is Julia's ancestor.
* Scott is Ashley's ancestor.
* Daniel is Sara's descendant.
* Kenneth is Shirley's ancestor.
* Matthew is Emma's descendant.
* Andrea is Richard's ancestor.
* Harold is Maria's descendant.
* Kimberly is Danielle's descendant.
* Virginia is Dennis's descendant.
* Alice is Samuel's descendant.
* Joan is Ashley's descendant.
* Dylan is Teresa's descendant.
* Patrick is Alice's descendant.
* Douglas is John's ancestor.
* Laura is Lori's descendant.
* Judith is Juan's ancestor.
* Diana is Samuel's ancestor.
* Cynthia is Logan's descendant.
* Bobby is David's descendant.
* Roger is Julie's ancestor.
* Sean is Steven's ancestor.
* Vincent is Betty's ancestor.
* Madison is Catherine's descendant.
* Alexis is Joe's ancestor.
Determine the lineage relationship between Keith and Sara.
Select the correct answer:
1. Keith and Sara share a common ancestor.
2. Keith is Sara's ancestor.
3. Keith and Sara share a common descendant.
4. Keith is Sara's descendant.
5. None of the above is correct.
Enclose the selected answer number in the <ANSWER> tag, for example: <ANSWER>1</ANSWER>.",z-ai/glm-4.7,Parasail,,,<ANSWER>4</ANSWER>
128,COMMON_ANCESTOR,3,"Given the following lineage relationships:
* Michelle is Jeffrey's ancestor.
* Jennifer is Gary's descendant.
* Robert is Julie's descendant.
* Melissa is Joe's descendant.
* Zachary is Peter's ancestor.
* Jacob is Shirley's descendant.
* Arthur is Stephanie's ancestor.
* Gerald is Stephen's descendant.
* Roger is Elizabeth's descendant.
* Kyle is Betty's descendant.
* Carl is Kathryn's descendant.
* Matthew is Robert's descendant.
* Billy is Brenda's descendant.
* Heather is Sara's descendant.
* Doris is Jeremy's descendant.
* Carl is Christine's ancestor.
* Lawrence is Isabella's descendant.
* Christian is Alan's descendant.
* Rebecca is Ethan's ancestor.
* Jennifer is Stephen's ancestor.
* Mason is Ethan's descendant.
* Paul is Wayne's ancestor.
* Benjamin is Mary's ancestor.
* Patrick is Zachary's ancestor.
* Gloria is Donald's descendant.
* Anna is Patricia's descendant.
* Adam is Tyler's ancestor.
* Jesse is Harold's ancestor.
* Frank is Dorothy's descendant.
* Jacob is Andrea's ancestor.
* Theresa is Tyler's descendant.
* Denise is Logan's descendant.
* Walter is Jerry's ancestor.
* Mark is Christine's descendant.
* Anthony is Jonathan's descendant.
* Keith is Jeffrey's descendant.
* Julie is Frank's descendant.
* Wayne is Walter's ancestor.
* Heather is Gary's ancestor.
* Bradley is Charles's ancestor.
* Jordan is Julia's descendant.
* Lawrence is Henry's ancestor.
* Jessica is Alexis's descendant.
* Brian is Mason's descendant.
* Jessica is Megan's ancestor.
* Danielle is Arthur's ancestor.
* Lori is Linda's descendant.
* Angela is Jesse's ancestor.
* Vincent is Matthew's descendant.
* Joyce is Carol's descendant.
* Stephanie is Alexander's ancestor.
* Amy is Dorothy's descendant.
* Sara is Scott's descendant.
* Margaret is Joe's ancestor.
* Randy is Barbara's descendant.
* Randy is Catherine's ancestor.
* Emily is Raymond's descendant.
* Scott is Jose's descendant.
* Amanda is Peter's descendant.
* Isabella is Charlotte's descendant.
* Jerry is Olivia's ancestor.
* Jeremy is Mary's descendant.
* Mark is Brittany's ancestor.
* Sandra is Larry's descendant.
* Harold is Dennis's ancestor.
* Charles is Sean's ancestor.
* Danielle is Teresa's descendant.
* Marilyn is Brandon's ancestor.
* Roger is Judith's ancestor.
* Lisa is Rebecca's ancestor.
* Elizabeth is Dennis's descendant.
* John is Logan's ancestor.
* Keith is Bradley's ancestor.
* Michael is Edward's ancestor.
* Samantha is Donald's ancestor.
* Aaron is Frances's ancestor.
* Eugene is Barbara's ancestor.
* Juan is Henry's descendant.
* David is Aaron's ancestor.
* Julia is Nicole's descendant.
* Virginia is Nicole's ancestor.
* Billy is Shirley's ancestor.
* Kathryn is Christian's descendant.
* Linda is Vincent's descendant.
* Dylan is Melissa's descendant.
* David is Diana's descendant.
* Paul is Douglas's descendant.
* Brittany is Lisa's ancestor.
* Larry is Judy's descendant.
* Emily is Russell's ancestor.
* Karen is Michelle's ancestor.
* William is Grace's descendant.
* Charlotte is Rachel's descendant.
* Emma is Alan's ancestor.
* Emma is Amy's descendant.
* John is Andrea's descendant.
* Jose is Sandra's descendant.
* Joyce is Joan's ancestor.
* Cheryl is Rachel's ancestor.
* Eugene is Anthony's descendant.
* Adam is Russell's descendant.
* Kimberly is Virginia's ancestor.
* Olivia is Alexis's ancestor.
* Grace is Judith's descendant.
* Jacqueline is Teresa's ancestor.
* Carol is Kyle's descendant.
* Brenda is Jason's descendant.
* Gloria is Raymond's ancestor.
* Marilyn is Willie's descendant.
* Juan is Jonathan's ancestor.
* Anna is Margaret's ancestor.
* Sean is Willie's ancestor.
* Jason is Joan's descendant.
* Dylan is Samantha's ancestor.
* Brian is Jacqueline's ancestor.
* Catherine is Angela's ancestor.
* Frances is Michael's ancestor.
* William is Patricia's ancestor.
* Karen is Alexander's descendant.
* Patrick is Theresa's descendant.
* Betty is Jordan's descendant.
* Gerald is Douglas's ancestor.
* Kimberly is Brandon's descendant.
* Amanda is Diana's ancestor.
* Lori is Cheryl's ancestor.
* Megan is Benjamin's ancestor.
* Judy is Denise's descendant.
Determine the lineage relationship between Doris and Edward.
Select the correct answer:
1. Doris and Edward share a common descendant.
2. Doris is Edward's ancestor.
3. Doris and Edward share a common ancestor.
4. Doris is Edward's descendant.
5. None of the above is correct.
Enclose the selected answer number in the <ANSWER> tag, for example: <ANSWER>1</ANSWER>.",z-ai/glm-4.7,Parasail,,,<ANSWER>3</ANSWER>
128,COMMON_DESCENDANT,4,"Given the following lineage relationships:
* Peter is Matthew's ancestor.
* Pamela is Jacob's ancestor.
* Anna is Brenda's descendant.
* Emily is Elizabeth's descendant.
* Jean is Karen's ancestor.
* Raymond is Alexis's descendant.
* Christina is Christopher's ancestor.
* Edward is Wayne's ancestor.
* Emily is Danielle's ancestor.
* Gregory is Ronald's ancestor.
* Mary is Rachel's descendant.
* Joyce is Brandon's descendant.
* Karen is Diane's ancestor.
* Ryan is Margaret's descendant.
* Anna is Rachel's ancestor.
* Sean is Dylan's ancestor.
* Emma is Benjamin's descendant.
* Joyce is Bobby's ancestor.
* Jeffrey is Debra's ancestor.
* Jonathan is Helen's descendant.
* Brittany is Lawrence's ancestor.
* Sandra is Joseph's ancestor.
* Michael is Julie's ancestor.
* Brian is Emma's descendant.
* Stephanie is Austin's ancestor.
* Anthony is Samuel's ancestor.
* William is Lori's descendant.
* Ralph is Richard's descendant.
* Sophia is Amber's ancestor.
* Philip is Martha's ancestor.
* Jeremy is Michael's ancestor.
* Evelyn is Tyler's ancestor.
* Shirley is George's ancestor.
* Dorothy is Ethan's descendant.
* Steven is Megan's ancestor.
* Danielle is Ruth's ancestor.
* Brandon is Ann's descendant.
* Susan is Terry's ancestor.
* Frances is Barbara's ancestor.
* George is Joe's ancestor.
* Daniel is Lori's ancestor.
* Bradley is Jessica's ancestor.
* Heather is Russell's descendant.
* Sandra is Scott's descendant.
* Bradley is Teresa's descendant.
* Betty is Frank's descendant.
* Frank is Janet's descendant.
* Nancy is Russell's ancestor.
* Eugene is Katherine's descendant.
* Sophia is Willie's descendant.
* Beverly is Mason's descendant.
* Aaron is Mary's descendant.
* Hannah is Lawrence's descendant.
* Olivia is Angela's ancestor.
* Larry is Roy's descendant.
* Ethan is Larry's descendant.
* Walter is Roy's ancestor.
* Diane is Nancy's ancestor.
* Sean is Brian's descendant.
* Theresa is Cynthia's ancestor.
* Evelyn is Jonathan's descendant.
* Stephanie is Ruth's descendant.
* Cynthia is Scott's ancestor.
* Alice is Betty's descendant.
* Hannah is Daniel's ancestor.
* Edward is Arthur's descendant.
* Jean is Tyler's descendant.
* Beverly is Elizabeth's ancestor.
* Debra is Peter's ancestor.
* Sharon is Ronald's descendant.
* Pamela is Christopher's descendant.
* Joe is Brenda's ancestor.
* Brittany is Dylan's descendant.
* Charles is Vincent's ancestor.
* Jacqueline is Madison's descendant.
* Kayla is Virginia's ancestor.
* Harold is Aaron's descendant.
* Olivia is Raymond's descendant.
* Katherine is Kimberly's descendant.
* Randy is Henry's descendant.
* Susan is William's descendant.
* Gloria is Melissa's descendant.
* Keith is Jessica's descendant.
* Melissa is Donald's descendant.
* Kimberly is Albert's descendant.
* Cheryl is Jacqueline's descendant.
* Mason is Randy's descendant.
* Christine is Ryan's descendant.
* Doris is Bryan's ancestor.
* Jack is Teresa's ancestor.
* Martha is Denise's ancestor.
* Gloria is Shirley's ancestor.
* Virginia is Albert's ancestor.
* Nicole is Philip's ancestor.
* Doris is Carl's descendant.
* Kayla is Victoria's descendant.
* Anthony is Julie's descendant.
* Billy is Jacob's descendant.
* Arthur is Billy's descendant.
* Keith is Henry's ancestor.
* Donald is Vincent's descendant.
* Dorothy is Dennis's ancestor.
* Jerry is Sharon's descendant.
* Linda is Charles's ancestor.
* Alexis is Wayne's descendant.
* Walter is Megan's descendant.
* Richard is Austin's descendant.
* Ralph is Benjamin's ancestor.
* Cheryl is Nicole's ancestor.
* Jerry is Victoria's ancestor.
* Timothy is Elijah's descendant.
* Eugene is Margaret's ancestor.
* Christina is Joseph's descendant.
* Willie is Denise's descendant.
* Barbara is Jack's ancestor.
* Linda is Dennis's descendant.
* Bobby is Janet's ancestor.
* Timothy is Ann's ancestor.
* Carl is Samuel's descendant.
* Bryan is Madison's ancestor.
* Jeremy is Heather's descendant.
* Matthew is Frances's ancestor.
* Helen is Harold's descendant.
* Angela is Gregory's ancestor.
* Amber is Terry's ancestor.
* Theresa is Alice's descendant.
* Steven is Christine's descendant.
Determine the lineage relationship between Elijah and Jeffrey.
Select the correct answer:
1. Elijah is Jeffrey's descendant.
2. Elijah and Jeffrey share a common ancestor.
3. Elijah is Jeffrey's ancestor.
4. Elijah and Jeffrey share a common descendant.
5. None of the above is correct.
Enclose the selected answer number in the <ANSWER> tag, for example: <ANSWER>1</ANSWER>.",z-ai/glm-4.7,Parasail,,,<ANSWER>5</ANSWER>
