64,ANCESTOR,4,"Given the following lineage relationships:
* Victoria is Alexis's ancestor.
* Zachary is Margaret's ancestor.
* Andrea is Jeffrey's ancestor.
* Gary is Pamela's descendant.
* Kyle is Cynthia's ancestor.
* Natalie is Cheryl's descendant.
* Richard is Jeffrey's descendant.
* Douglas is Jeremy's descendant.
* Charlotte is Albert's descendant.
* Mason is Jerry's ancestor.
* Jason is Janice's ancestor.
* George is Joseph's descendant.
* Peter is Julie's descendant.
* Terry is Daniel's ancestor.
* Brian is Samantha's descendant.
* Marilyn is Stephen's descendant.
* Natalie is Jessica's ancestor.
* Terry is Elijah's descendant.
* Daniel is Emily's ancestor.
* Amber is Benjamin's descendant.
* Diane is Carl's ancestor.
* Kenneth is Christine's ancestor.
* Robert is Carl's descendant.
* Jessica is Zachary's ancestor.
* Emily is Pamela's ancestor.
* Mason is Lawrence's descendant.
* Henry is Kyle's ancestor.
* Douglas is Stephen's ancestor.
* Benjamin is Robert's descendant.
* Jason is Marilyn's descendant.
* Brian is Olivia's ancestor.
* Brandon is Judy's ancestor.
* Beverly is Richard's descendant.
* Brandon is Martha's descendant.
* Beverly is Gerald's ancestor.
* Cynthia is Victoria's ancestor.
* Sarah is Thomas's ancestor.
* Willie is Martha's ancestor.
* Russell is Kenneth's ancestor.
* Ronald is Alice's descendant.
* Arthur is Maria's ancestor.
* Gary is Russell's ancestor.
* Thomas is Joseph's ancestor.
* Willie is Amber's descendant.
* Jerry is Andrew's ancestor.
* Arthur is Peter's descendant.
* Albert is Judy's descendant.
* Gerald is Jeremy's ancestor.
* Isabella is Bradley's ancestor.
* Vincent is Timothy's descendant.
* Elijah is Vincent's descendant.
* Alice is Maria's descendant.
* Timothy is Bradley's descendant.
* Sarah is Olivia's descendant.
* Alexis is Debra's ancestor.
* Andrew is Julie's ancestor.
* Janice is Samantha's ancestor.
* Debra is Tyler's ancestor.
* Lawrence is Christine's descendant.
* Charlotte is Isabella's ancestor.
* Margaret is Diane's ancestor.
* George is Henry's ancestor.
* Tyler is Cheryl's ancestor.
Determine the lineage relationship between Andrea and Ronald.
Select the correct answer:
1. Andrea is Ronald's descendant.
2. Andrea and Ronald share a common descendant.
3. Andrea and Ronald share a common ancestor.
4. Andrea is Ronald's ancestor.
5. None of the above is correct.
Enclose the selected answer number in the <ANSWER> tag, for example: <ANSWER>1</ANSWER>.",z-ai/glm-4.7,Parasail,,,"Based on the given lineage relationships, we can trace the paths from Andrea and Ronald to find their connection.

**1. Trace from Andrea downwards:**
*   Andrea is Jeffrey's ancestor.
*   Richard is Jeffrey's descendant. (Andrea $\to$ Jeffrey $\to$ Richard)
*   Beverly is Richard's descendant. ($\to$ Richard $\to$ Beverly)
*   Beverly is Gerald's ancestor. ($\to$ Beverly $\to$ Gerald)
*   Gerald is Jeremy's ancestor. ($\to$ Gerald $\to$ Jeremy)
*   Douglas is Jeremy's descendant. ($\to$ Jeremy $\to$ Douglas)
*   Douglas is Stephen's ancestor. ($\to$ Douglas $\to$ Stephen)
*   Marilyn is Stephen's descendant. ($\to$ Stephen $\to$ Marilyn)
*   Jason is Marilyn's descendant. ($\to$ Marilyn $\to$ Jason)
*   Jason is Janice's ancestor. ($\to$ Jason $\to$ Janice)
*   Janice is Samantha's ancestor. ($\to$ Janice $\to$ Samantha)
*   Brian is Samantha's descendant. ($\to$ Samantha $\to$ Brian)
*   Brian is Olivia's ancestor. ($\to$ Brian $\to$ Olivia)
*   Sarah is Olivia's descendant. ($\to$ Olivia $\to$ Sarah)
*   Sarah is Thomas's ancestor. ($\to$ Sarah $\to$ Thomas)
*   Thomas is Joseph's ancestor. ($\to$ Thomas $\to$ Joseph)
*   George is Joseph's descendant. ($\to$ Joseph $\to$ George)
*   George is Henry's descendant. ($\to$ Henry $\to$ George)
*   Henry is Kyle's ancestor. ($\to$ Henry $\to$ Kyle)
*   Kyle is Cynthia's ancestor. ($\to$ Kyle $\to$ Cynthia)
*   Cynthia is Victoria's ancestor. ($\to$ Cynthia $\to$ Victoria)
*   Victoria is Alexis's ancestor. ($\to$ Victoria $\to$ Alexis)
*   Alexis is Debra's ancestor. ($\to$ Alexis $\to$ Debra)
*   Debra is Tyler's ancestor. ($\to$ Debra $\to$ Tyler)
*   Tyler is Cheryl's ancestor. ($\to$ Tyler $\to$ Cheryl)
*   Natalie is Cheryl's descendant. ($\to$ Cheryl $\to$ Natalie)
*   Natalie is Jessica's ancestor. ($\to$ Natalie $\to$ Jessica)
*   Jessica is Zachary's ancestor. ($\to$ Jessica $\to$ Zachary)
*   Zachary is Margaret's ancestor. ($\to$ Zachary $\to$ Margaret)
*   Margaret is Diane's ancestor. ($\to$ Margaret $\to$ Diane)
*   Diane is Carl's ancestor. ($\to$ Diane $\to$ Carl)
*   Robert is Carl's descendant. ($\to$ Carl $\to$ Robert)
*   Benjamin is Robert's descendant. ($\to$ Robert $\to$ Benjamin)
*   Amber is Benjamin's descendant. ($\to$ Benjamin $\to$ Amber)
*   Willie is Amber's descendant. ($\to$ Amber $\to$ **Willie**)

So, Andrea is an ancestor of Willie.

**2. Trace from Ronald upwards:**
*   Ronald is Alice's descendant. (Alice $\to$ Ronald)
*   Alice is Maria's descendant. (Maria $\to$ Alice $\to$ Ronald)
*   Arthur is Maria's ancestor. (Arthur $\to$ Maria $\to$ Alice $\to$ Ronald)
*   Arthur is Peter's descendant. (Peter $\to$ Arthur $\to$ ... $\to$ Ronald)
*   Peter is Julie's descendant. (Julie $\to$ Peter $\to$ ... $\to$ Ronald)
*   Andrew is Julie's ancestor. (Andrew $\to$ Julie $\to$ ... $\to$ Ronald)
*   Jerry is Andrew's ancestor. (Jerry $\to$ Andrew $\to$ ... $\to$ Ronald)
*   Mason is Jerry's ancestor. (Mason $\to$ Jerry $\to$ ... $\to$ Ronald)
*   Mason is Lawrence's descendant. (Lawrence $\to$ Mason $\to$ ... $\to$ Ronald)
*   Lawrence is Christine's descendant. (Christine $\to$ Lawrence $\to$ ... $\to$ Ronald)
*   Kenneth is Christine's ancestor. (Kenneth $\to$ Christine $\to$ ... $\to$ Ronald)
*   Russell is Kenneth's ancestor. (Russell $\to$ Kenneth $\to$ ... $\to$ Ronald)
*   Gary is Russell's ancestor. (Gary $\to$ Russell $\to$ ... $\to$ Ronald)
*   Gary is Pamela's descendant. (Pamela $\to$ Gary $\to$ ... $\to$ Ronald)
*   Emily is Pamela's ancestor. (Emily $\to$ Pamela $\to$ ... $\to$ Ronald)
*   Daniel is Emily's ancestor. (Daniel $\to$ Emily $\to$ ... $\to$ Ronald)
*   Terry is Daniel's ancestor. (Terry $\to$ Daniel $\to$ ... $\to$ Ronald)
*   Terry is Elijah's descendant. (Elijah $\to$ Terry $\to$ ... $\to$ Ronald)
*   Elijah is Vincent's descendant. (Vincent $\to$ Elijah $\to$ ... $\to$ Ronald)
*   Vincent is Timothy's descendant. (Timothy $\to$ Vincent $\to$ ... $\to$ Ronald)
*   Timothy is Bradley's descendant. (Bradley $\to$ Timothy $\to$ ... $\to$ Ronald)
*   Isabella is Bradley's ancestor. (Isabella $\to$ Bradley $\to$ ... $\to$ Ronald)
*   Charlotte is Isabella's ancestor. (Charlotte $\to$ Isabella $\to$ ... $\to$ Ronald)
*   Charlotte is Albert's descendant. (Albert $\to$ Charlotte $\to$ ... $\to$ Ronald)
*   Albert is Judy's descendant. (Judy $\to$ Albert $\to$ ... $\to$ Ronald)
*   Brandon is Judy's ancestor. (Brandon $\to$ Judy $\to$ ... $\to$ Ronald)
*   Brandon is Martha's descendant. (Martha $\to$ Brandon $\to$ ... $\to$ Ronald)
*   Willie is Martha's ancestor. (**Willie** $\to$ Martha $\to$ ... $\to$ Ronald)

So, Willie is an ancestor of Ronald.

**3. Combine the paths:**
Andrea $\to$ ... $\to$ Willie $\to$ ... $\to$ Ronald

Since Andrea is an ancestor of Willie, and Willie is an ancestor of Ronald, it follows that Andrea is an ancestor of Ronald.

The correct option is 4.

<ANSWER>4</ANSWER>"
64,DESCENDANT,4,"Given the following lineage relationships:
* Beverly is Deborah's ancestor.
* Joshua is Sandra's descendant.
* Jeremy is Julia's descendant.
* George is Diana's descendant.
* Amanda is Maria's ancestor.
* Maria is Janet's ancestor.
* Nicole is Eric's descendant.
* Deborah is Charlotte's ancestor.
* Kathleen is Paul's ancestor.
* Barbara is Sarah's ancestor.
* Gloria is Stephanie's descendant.
* Margaret is Pamela's ancestor.
* Judith is Joshua's descendant.
* Linda is Donald's ancestor.
* Carl is Noah's ancestor.
* Martha is Lisa's descendant.
* Andrew is Thomas's descendant.
* Martha is Frances's ancestor.
* Janice is Raymond's descendant.
* Madison is Matthew's descendant.
* Marilyn is Matthew's ancestor.
* Carl is Gloria's descendant.
* Frances is Timothy's ancestor.
* Sarah is Randy's ancestor.
* Elizabeth is Dennis's descendant.
* Anthony is Michelle's ancestor.
* Noah is Kathleen's ancestor.
* Michael is Marilyn's ancestor.
* Thomas is Alan's descendant.
* Alice is Charlotte's descendant.
* Pamela is Jean's ancestor.
* Sandra is Katherine's descendant.
* Cheryl is Jennifer's ancestor.
* Ronald is Donald's descendant.
* Jacqueline is Megan's descendant.
* Edward is Walter's descendant.
* Jean is Jerry's ancestor.
* Timothy is Dennis's ancestor.
* Margaret is Stephen's descendant.
* Linda is Albert's descendant.
* Jerry is Walter's ancestor.
* Paul is Alan's ancestor.
* Amber is Janet's descendant.
* George is Michael's ancestor.
* Eric is Amber's descendant.
* Nathan is Stephanie's ancestor.
* Megan is Ronald's descendant.
* Theresa is Donna's descendant.
* Janice is Stephen's ancestor.
* Edward is Albert's ancestor.
* Gregory is Diana's ancestor.
* Judith is Donna's ancestor.
* Theresa is Raymond's ancestor.
* Barbara is Michelle's descendant.
* Elizabeth is Julia's ancestor.
* Anthony is Jacqueline's descendant.
* Alice is Gregory's ancestor.
* Madison is Katherine's ancestor.
* Amanda is Jeremy's descendant.
* Beverly is Jennifer's descendant.
* Andrew is Peter's ancestor.
* Lisa is Randy's descendant.
* Nicole is Nathan's ancestor.
Determine the lineage relationship between Peter and Cheryl.
Select the correct answer:
1. Peter and Cheryl share a common descendant.
2. Peter is Cheryl's ancestor.
3. Peter and Cheryl share a common ancestor.
4. Peter is Cheryl's descendant.
5. None of the above is correct.
Enclose the selected answer number in the <ANSWER> tag, for example: <ANSWER>1</ANSWER>.",z-ai/glm-4.7,Parasail,,,"The problem asks for the lineage relationship between Peter and Cheryl.

1.  **Trace Peter's lineage:**
    *   Peter is a descendant of Andrew (Fact 61).
    *   Andrew is a descendant of Thomas (Fact 17).
    *   Thomas is a descendant of Alan (Fact 29).
    *   Alan is a descendant of Paul (Fact 42).
    *   Paul is a descendant of Kathleen (Fact 9).
    *   Kathleen is a descendant of Noah (Fact 27).
    *   Noah is a descendant of Carl (Fact 15).
    *   Carl is a descendant of Gloria (Fact 22).
    *   Gloria is a descendant of Stephanie (Fact 11).
    *   Stephanie is a descendant of Nathan (Fact 46).
    *   Nathan is a descendant of Nicole (Fact 63).
    *   Nicole is a descendant of Eric (Fact 7).
    *   Eric is a descendant of Amber (Fact 45).
    *   Amber is a descendant of Janet (Fact 43).
    *   Janet is a descendant of Maria (Fact 6).
    *   Maria is a descendant of Amanda (Fact 5).
    *   Amanda is a descendant of Jeremy (Fact 59).
    *   Jeremy is a descendant of Julia (Fact 3).
    *   Julia is an ancestor of Elizabeth (Fact 55).
    *   Elizabeth is a descendant of Dennis (Fact 25).
    *   Dennis is a descendant of Timothy (Fact 38).
    *   Timothy is a descendant of Frances (Fact 23).
    *   Frances is a descendant of Martha (Fact 18).
    *   Martha is a descendant of Lisa (Fact 16).
    *   Lisa is a descendant of Randy (Fact 62).
    *   Randy is a descendant of Sarah (Fact 24).
    *   Sarah is a descendant of Barbara (Fact 10).
    *   Barbara is a descendant of Michelle (Fact 54).
    *   Michelle is a descendant of Anthony (Fact 26).
    *   Anthony is a descendant of Jacqueline (Fact 56).
    *   Jacqueline is a descendant of Megan (Fact 35).
    *   Megan is a descendant of Ronald (Fact 47).
    *   Ronald is a descendant of Donald (Fact 34).
    *   Donald is a descendant of Linda (Fact 14).
    *   Linda is a descendant of Albert (Fact 40).
    *   Albert is an ancestor of Edward (Fact 50).
    *   Edward is a descendant of Walter (Fact 36).
    *   Walter is a descendant of Jerry (Fact 41).
    *   Jerry is a descendant of Jean (Fact 37).
    *   Jean is a descendant of Pamela (Fact 31).
    *   Pamela is a descendant of Margaret (Fact 12).
    *   Margaret is a descendant of Stephen (Fact 39).
    *   Stephen is an ancestor of Janice (Fact 49).
    *   Janice is a descendant of Raymond (Fact 19).
    *   Raymond is a descendant of Theresa (Fact 53).
    *   Theresa is a descendant of Donna (Fact 48).
    *   Donna is a descendant of Judith (Fact 52).
    *   Judith is a descendant of Joshua (Fact 13).
    *   Joshua is a descendant of Sandra (Fact 2).
    *   Sandra is a descendant of Katherine (Fact 32).
    *   Katherine is a descendant of Madison (Fact 58).
    *   Madison is a descendant of Matthew (Fact 20).
    *   Matthew is a descendant of Marilyn (Fact 21).
    *   Marilyn is a descendant of Michael (Fact 28).
    *   Michael is an ancestor of George (Fact 44).
    *   George is a descendant of Diana (Fact 4).
    *   Diana is a descendant of Gregory (Fact 51).

    So, the ancestral chain of Peter includes Michael and ends (in this direction) with George (where Diana and Michael's lines converge) and goes up to Gregory.

    **Path segment:** Michael -> ... -> Peter.

2.  **Trace Cheryl's lineage:**
    *   Cheryl is an ancestor of Jennifer (Fact 33).
    *   Jennifer is an ancestor of Beverly (Fact 60).
    *   Beverly is an ancestor of Deborah (Fact 1).
    *   Deborah is an ancestor of Charlotte (Fact 8).
    *   Charlotte is an ancestor of Alice (Fact 30).
    *   Alice is a descendant of Gregory (Fact 57).

    So, Cheryl is an ancestor of Alice, and Gregory is an ancestor of Alice.

3.  **Analyze the connection:**
    *   From Peter's side, we have Michael as an ancestor.
    *   From Cheryl's side, we have Gregory as an ancestor of Alice (who is Cheryl's descendant).
    *   Michael and Gregory are connected through George:
        *   Gregory -> Diana -> George
        *   Michael -> George
    *   This structure (Gregory and Michael are both ancestors of George) implies that Gregory and Michael share a common descendant (George). However, it does **not** establish an ancestor-descendant relationship between Gregory and Michael. We do not know if Gregory is Michael's ancestor or vice versa.
    *   Since there is no link from Michael to Gregory or Gregory to Michael, and no link from the {Cheryl, Alice} group to the {Michael, Peter} group (other than the downstream merge at George), we cannot establish a relationship between Cheryl and Peter.
    *   Specifically:
        *   Peter is not Cheryl's descendant (no path from Cheryl to Peter).
        *   Peter is not Cheryl's ancestor (no path from Peter to Cheryl).
        *   They do not share a common descendant (Peter has no listed descendants).
        *   They do not share a common ancestor (Cheryl's ancestors are unknown; Peter's ancestors include Michael, but Michael is not necessarily Cheryl's ancestor).

Therefore, none of the specific relationships listed are correct.

<ANSWER>5</ANSWER>"
64,COMMON_ANCESTOR,1,"Given the following lineage relationships:
* Natalie is Kelly's ancestor.
* Benjamin is Austin's ancestor.
* Austin is Walter's ancestor.
* Julie is Joan's descendant.
* Nancy is Alice's ancestor.
* Frances is Alice's descendant.
* Bruce is Julie's descendant.
* Noah is Brandon's ancestor.
* Elijah is Bruce's descendant.
* Debra is Elizabeth's descendant.
* Elizabeth is Kelly's descendant.
* Roger is Ryan's ancestor.
* Martha is Beverly's ancestor.
* Daniel is Keith's ancestor.
* Hannah is Andrew's ancestor.
* Jennifer is Alan's descendant.
* Beverly is Douglas's ancestor.
* Zachary is Carol's ancestor.
* Gloria is Walter's descendant.
* Doris is Richard's ancestor.
* Pamela is Cheryl's ancestor.
* Jerry is Martha's ancestor.
* Janice is Amy's descendant.
* Gloria is Charlotte's ancestor.
* Noah is Samuel's descendant.
* Peter is Douglas's descendant.
* Barbara is Richard's descendant.
* Randy is Debra's descendant.
* James is Carolyn's descendant.
* Jean is Benjamin's ancestor.
* Hannah is Janice's descendant.
* Carolyn is Daniel's descendant.
* Doris is Juan's descendant.
* Emily is Aaron's ancestor.
* Pamela is Megan's descendant.
* Joan is Ruth's descendant.
* Barbara is Frank's ancestor.
* Carl is Andrew's descendant.
* Jean is Edward's descendant.
* Wayne is Emily's ancestor.
* Terry is Frances's descendant.
* Bryan is Wayne's ancestor.
* Philip is Dennis's descendant.
* Roger is Marilyn's descendant.
* Jerry is Jennifer's descendant.
* Bradley is Edward's ancestor.
* Frank is Samuel's ancestor.
* James is Shirley's ancestor.
* Christopher is Bradley's ancestor.
* Amy is Cheryl's descendant.
* Carol is Christopher's ancestor.
* Philip is Ruth's ancestor.
* Brandon is Natalie's ancestor.
* Bryan is Peter's descendant.
* Zachary is Aaron's descendant.
* Juan is Charlotte's descendant.
* Megan is Joseph's descendant.
* Dennis is Keith's descendant.
* Terry is Catherine's ancestor.
* Catherine is Marilyn's ancestor.
* Joseph is Ryan's descendant.
* Alan is Carl's descendant.
* Elijah is Nancy's ancestor.
Determine the lineage relationship between Randy and Shirley.
Select the correct answer:
1. Randy and Shirley share a common ancestor.
2. Randy is Shirley's ancestor.
3. Randy is Shirley's descendant.
4. Randy and Shirley share a common descendant.
5. None of the above is correct.
Enclose the selected answer number in the <ANSWER> tag, for example: <ANSWER>1</ANSWER>.",z-ai/glm-4.7,Parasail,,,"Based on the provided lineage relationships, we can trace the ancestry of both Randy and Shirley to find their connection.

**Tracing Randy's Lineage:**
1.  Randy is Debra's descendant.
2.  Debra is Elizabeth's descendant.
3.  Elizabeth is Kelly's descendant.
4.  Natalie is Kelly's ancestor.
5.  Brandon is Natalie's ancestor.
6.  Noah is Brandon's ancestor.
7.  Noah is Samuel's descendant.
8.  Frank is Samuel's ancestor.
9.  Barbara is Frank's ancestor.
10. Barbara is Richard's descendant.
11. Doris is Richard's ancestor.
12. Doris is Juan's descendant.
13. Juan is Charlotte's descendant.
14. Gloria is Charlotte's ancestor.
15. Gloria is Walter's descendant.
16. Austin is Walter's ancestor.
17. Benjamin is Austin's ancestor.
18. Jean is Benjamin's ancestor.
19. Jean is Edward's descendant.
20. Bradley is Edward's ancestor.
21. Christopher is Bradley's ancestor.
22. Carol is Christopher's ancestor.
23. Zachary is Carol's ancestor.
24. Zachary is Aaron's descendant.
25. Emily is Aaron's ancestor.
26. Wayne is Emily's ancestor.
27. Bryan is Wayne's ancestor.
28. Bryan is Peter's descendant.
29. Peter is Douglas's descendant.
30. Beverly is Douglas's ancestor.
31. Martha is Beverly's ancestor.
32. Jerry is Martha's ancestor.
33. Jerry is Jennifer's descendant.
34. Jennifer is Alan's descendant.
35. Alan is Carl's descendant.
36. Carl is Andrew's descendant.
37. Hannah is Andrew's ancestor.
38. Hannah is Janice's descendant.
39. Janice is Amy's descendant.
40. Amy is Cheryl's descendant.
41. Pamela is Cheryl's ancestor.
42. Pamela is Megan's descendant.
43. Megan is Joseph's descendant.
44. Joseph is Ryan's descendant.
45. Roger is Ryan's ancestor.
46. Roger is Marilyn's descendant.
47. Catherine is Marilyn's ancestor.
48. Terry is Catherine's ancestor.
49. Terry is Frances's descendant.
50. Frances is Alice's descendant.
51. Nancy is Alice's ancestor.
52. Elijah is Nancy's ancestor.
53. Elijah is Bruce's descendant.
54. Bruce is Julie's descendant.
55. Julie is Joan's descendant.
56. Joan is Ruth's descendant.
57. Philip is Ruth's ancestor.
58. Philip is Dennis's descendant.
59. Dennis is Keith's descendant.
60. Daniel is Keith's ancestor.

Putting this chain together:
**Daniel** $\rightarrow$ Keith $\rightarrow$ ... $\rightarrow$ Randy.

**Tracing Shirley's Lineage:**
1.  James is Shirley's ancestor.
2.  James is Carolyn's descendant.
3.  Carolyn is Daniel's descendant.

Putting this chain together:
**Daniel** $\rightarrow$ Carolyn $\rightarrow$ James $\rightarrow$ Shirley.

**Conclusion:**
Both Randy and Shirley are descendants of Daniel. Therefore, Randy and Shirley share a common ancestor (Daniel).

<ANSWER>1</ANSWER>"
64,COMMON_DESCENDANT,3,"Given the following lineage relationships:
* Douglas is Andrew's descendant.
* Brandon is William's ancestor.
* Mary is Richard's ancestor.
* Mary is Olivia's descendant.
* Janice is Linda's descendant.
* Victoria is Zachary's ancestor.
* Gregory is Michelle's descendant.
* Jonathan is Donna's descendant.
* Roger is Bradley's descendant.
* Nancy is Alexis's ancestor.
* David is Nicole's descendant.
* Sara is Kevin's descendant.
* Hannah is Kevin's ancestor.
* Natalie is Pamela's descendant.
* Karen is Hannah's ancestor.
* Jessica is Eugene's descendant.
* Karen is Jonathan's descendant.
* Nicole is Anthony's descendant.
* Jordan is Randy's descendant.
* Doris is Christian's descendant.
* Wayne is Anthony's ancestor.
* Theresa is Eugene's ancestor.
* Richard is Anna's ancestor.
* Gregory is Linda's ancestor.
* Andrew is Charles's descendant.
* Kayla is Albert's descendant.
* Stephanie is Beverly's ancestor.
* Logan is Nathan's descendant.
* Aaron is William's descendant.
* Albert is Gloria's descendant.
* Aaron is Walter's ancestor.
* Carl is Ann's ancestor.
* Bradley is Logan's descendant.
* Kelly is Kimberly's ancestor.
* Joseph is Alexis's descendant.
* Jessica is Pamela's ancestor.
* Sean is Beverly's descendant.
* Christina is Anna's descendant.
* Nicholas is Christina's descendant.
* Charles is Julia's descendant.
* Wayne is Douglas's descendant.
* Theresa is Jordan's descendant.
* Raymond is Matthew's descendant.
* Marilyn is Natalie's descendant.
* Gloria is Janice's descendant.
* Carol is David's descendant.
* Julia is Walter's descendant.
* Ann is Judy's ancestor.
* Doris is Carl's ancestor.
* Carol is Kenneth's ancestor.
* Matthew is Roger's descendant.
* Zachary is Stephanie's ancestor.
* Nicholas is Michelle's ancestor.
* Kenneth is Christian's ancestor.
* Kayla is Joseph's ancestor.
* Kelly is Judy's descendant.
* Olivia is Rachel's descendant.
* Nancy is Sean's descendant.
* Raymond is Donna's ancestor.
* Marilyn is Samantha's ancestor.
* Nathan is Kimberly's descendant.
* Sara is Rachel's ancestor.
* Victoria is Samantha's descendant.
Determine the lineage relationship between Randy and Brandon.
Select the correct answer:
1. Randy and Brandon share a common ancestor.
2. Randy is Brandon's ancestor.
3. Randy and Brandon share a common descendant.
4. Randy is Brandon's descendant.
5. None of the above is correct.
Enclose the selected answer number in the <ANSWER> tag, for example: <ANSWER>1</ANSWER>.",z-ai/glm-4.7,Parasail,,,"Based on the provided lineage relationships, we can trace the ancestry of both Randy and Brandon to find a connection.

**Tracing Brandon's lineage:**
1.  Brandon is William's ancestor.
2.  Aaron is William's descendant and Walter's ancestor.
3.  Julia is Walter's descendant.
4.  Charles is Julia's descendant.
5.  Andrew is Charles's descendant.
6.  Douglas is Andrew's descendant.
7.  Wayne is Douglas's descendant and Anthony's ancestor.
8.  Nicole is Anthony's descendant.
9.  David is Nicole's descendant.
10. Carol is David's descendant and Kenneth's ancestor.
11. Kenneth is Christian's ancestor.
12. Doris is Christian's descendant and Carl's ancestor.
13. Carl is Ann's ancestor.
14. Ann is Judy's ancestor.
15. Kelly is Judy's descendant and Kimberly's ancestor.
16. Nathan is Kimberly's descendant.
17. Logan is Nathan's descendant.
18. Bradley is Logan's descendant.
19. Roger is Bradley's descendant.
20. Matthew is Roger's descendant.
21. Raymond is Matthew's descendant and Donna's ancestor.
22. Jonathan is Donna's descendant.
23. Karen is Jonathan's descendant and Hannah's ancestor.
24. Hannah is Kevin's ancestor.
25. Sara is Kevin's descendant and Rachel's ancestor.
26. Olivia is Rachel's descendant.
27. Mary is Olivia's descendant and Richard's ancestor.
28. Richard is Anna's ancestor.
29. Christina is Anna's descendant.
30. Nicholas is Christina's descendant and Michelle's ancestor.
31. Gregory is Michelle's descendant and Linda's ancestor.
32. Janice is Linda's descendant.
33. Gloria is Janice's descendant.
34. Albert is Gloria's descendant.
35. Kayla is Albert's descendant and Joseph's ancestor.

Chain: Brandon $\rightarrow \dots \rightarrow$ Kayla $\rightarrow$ Joseph.

**Tracing Randy's lineage:**
1.  Jordan is Randy's descendant.
2.  Theresa is Jordan's descendant and Eugene's ancestor.
3.  Jessica is Eugene's descendant and Pamela's ancestor.
4.  Natalie is Pamela's descendant.
5.  Marilyn is Natalie's descendant and Samantha's ancestor.
6.  Victoria is Samantha's descendant and Zachary's ancestor.
7.  Zachary is Stephanie's ancestor.
8.  Stephanie is Beverly's ancestor.
9.  Sean is Beverly's descendant.
10. Nancy is Sean's descendant and Alexis's ancestor.
11. Joseph is Alexis's descendant.

Chain: Randy $\rightarrow \dots \rightarrow$ Alexis $\rightarrow$ Joseph.

Both lineages converge at **Joseph**. Brandon is an ancestor of Joseph, and Randy is also an ancestor of Joseph. Therefore, Randy and Brandon share a common descendant.

The correct option is:
<ANSWER>3</ANSWER>"
64,ANCESTOR,2,"Given the following lineage relationships:
* Christian is Isabella's ancestor.
* Natalie is Scott's ancestor.
* Nathan is Adam's descendant.
* Jason is Dorothy's descendant.
* Kenneth is Terry's descendant.
* Jesse is Kevin's ancestor.
* Susan is Helen's descendant.
* Patrick is Ethan's descendant.
* Jacqueline is Rachel's ancestor.
* Janet is Michael's descendant.
* Christine is Anthony's descendant.
* Arthur is Christine's descendant.
* Katherine is Joshua's descendant.
* Brittany is Jack's descendant.
* Anna is Nicholas's ancestor.
* Brittany is Christian's ancestor.
* Carol is Harold's descendant.
* Donald is Carolyn's descendant.
* Alexis is Frances's descendant.
* Julie is Ruth's descendant.
* Steven is Ryan's descendant.
* Karen is Bryan's ancestor.
* Jacqueline is Scott's descendant.
* Sandra is Jordan's ancestor.
* Karen is Diane's descendant.
* Carolyn is Bryan's descendant.
* Joshua is Patrick's descendant.
* Isabella is Ryan's ancestor.
* Jack is Willie's descendant.
* Kenneth is Benjamin's ancestor.
* Jennifer is Steven's descendant.
* Dorothy is Andrea's descendant.
* Gerald is Daniel's ancestor.
* Jordan is Diane's ancestor.
* Walter is Kevin's descendant.
* Betty is Melissa's descendant.
* Andrea is Alexis's descendant.
* Ashley is Sandra's ancestor.
* Rachel is Jesse's ancestor.
* Frances is Arthur's descendant.
* Marilyn is Paul's ancestor.
* Michael is Jason's descendant.
* Douglas is Julie's descendant.
* Jacob is Walter's descendant.
* Susan is Ruth's ancestor.
* Carol is Melissa's ancestor.
* Ronald is Adam's ancestor.
* Douglas is Shirley's ancestor.
* Anthony is Daniel's descendant.
* Maria is Evelyn's ancestor.
* Ethan is Benjamin's descendant.
* Donald is Ronald's ancestor.
* Bradley is Ashley's ancestor.
* Nathan is Terry's ancestor.
* Harold is Janet's descendant.
* Nicholas is Gerald's ancestor.
* Betty is Willie's ancestor.
* Natalie is Evelyn's descendant.
* Helen is Jacob's descendant.
* Bradley is Shirley's descendant.
* Maria is Paul's descendant.
* Marilyn is Jennifer's descendant.
* Anna is Judy's descendant.
Determine the lineage relationship between Judy and Katherine.
Select the correct answer:
1. Judy and Katherine share a common ancestor.
2. Judy is Katherine's ancestor.
3. Judy and Katherine share a common descendant.
4. Judy is Katherine's descendant.
5. None of the above is correct.
Enclose the selected answer number in the <ANSWER> tag, for example: <ANSWER>1</ANSWER>.",z-ai/glm-4.7,Parasail,,,"To determine the lineage relationship between Judy and Katherine, we need to trace the ancestral and descendant lines of both individuals to find a connecting path.

1.  **Trace Katherine's line upwards (towards ancestors):**
    *   Katherine is Joshua's descendant. (Joshua $\rightarrow$ Katherine)
    *   Joshua is Patrick's descendant. (Patrick $\rightarrow$ Joshua)
    *   Patrick is Ethan's descendant. (Ethan $\rightarrow$ Patrick)
    *   Ethan is Benjamin's descendant. (Benjamin $\rightarrow$ Ethan)
    *   Kenneth is Benjamin's ancestor. (Kenneth $\rightarrow$ Benjamin)
    *   Kenneth is Terry's descendant. (Terry $\rightarrow$ Kenneth)
    *   Nathan is Terry's ancestor. (Nathan $\rightarrow$ Terry)
    *   Nathan is Adam's descendant. (Adam $\rightarrow$ Nathan)
    *   Ronald is Adam's ancestor. (Ronald $\rightarrow$ Adam)
    *   Donald is Ronald's ancestor. (Donald $\rightarrow$ Ronald)
    *   Donald is Carolyn's descendant. (Carolyn $\rightarrow$ Donald)
    *   Carolyn is Bryan's descendant. (Bryan $\rightarrow$ Carolyn)
    *   Karen is Bryan's ancestor. (Karen $\rightarrow$ Bryan)
    *   Karen is Diane's descendant. (Diane $\rightarrow$ Karen)
    *   Jordan is Diane's ancestor. (Jordan $\rightarrow$ Diane)
    *   Sandra is Jordan's ancestor. (Sandra $\rightarrow$ Jordan)
    *   Ashley is Sandra's ancestor. (Ashley $\rightarrow$ Sandra)
    *   Bradley is Ashley's ancestor. (Bradley $\rightarrow$ Ashley)
    *   Bradley is Shirley's descendant. (Shirley $\rightarrow$ Bradley)
    *   Douglas is Shirley's ancestor. (Douglas $\rightarrow$ Shirley)
    *   Douglas is Julie's descendant. (Julie $\rightarrow$ Douglas)
    *   Julie is Ruth's descendant. (Ruth $\rightarrow$ Julie)
    *   Susan is Ruth's ancestor. (Susan $\rightarrow$ Ruth)
    *   Susan is Helen's descendant. (Helen $\rightarrow$ Susan)
    *   Helen is Jacob's descendant. (Jacob $\rightarrow$ Helen)
    *   Jacob is Walter's descendant. (Walter $\rightarrow$ Jacob)
    *   Walter is Kevin's descendant. (Kevin $\rightarrow$ Walter)
    *   Jesse is Kevin's ancestor. (Jesse $\rightarrow$ Kevin)
    *   Rachel is Jesse's ancestor. (Rachel $\rightarrow$ Jesse)
    *   Jacqueline is Rachel's ancestor. (Jacqueline $\rightarrow$ Rachel)
    *   Jacqueline is Scott's descendant. (Scott $\rightarrow$ Jacqueline)
    *   Natalie is Scott's ancestor. (Natalie $\rightarrow$ Scott)
    *   Natalie is Evelyn's descendant. (Evelyn $\rightarrow$ Natalie)
    *   Maria is Evelyn's ancestor. (Maria $\rightarrow$ Evelyn)
    *   Maria is Paul's descendant. (Paul $\rightarrow$ Maria)
    *   Marilyn is Paul's ancestor. (Marilyn $\rightarrow$ Paul)
    *   Marilyn is Jennifer's descendant. (Jennifer $\rightarrow$ Marilyn)
    *   Jennifer is Steven's descendant. (Steven $\rightarrow$ Jennifer)
    *   Steven is Ryan's descendant. (Ryan $\rightarrow$ Steven)
    *   Isabella is Ryan's ancestor. (Isabella $\rightarrow$ Ryan)
    *   Christian is Isabella's ancestor. (Christian $\rightarrow$ Isabella)
    *   Brittany is Christian's ancestor. (Brittany $\rightarrow$ Christian)
    *   Brittany is Jack's descendant. (Jack $\rightarrow$ Brittany)
    *   Jack is Willie's descendant. (Willie $\rightarrow$ Jack)
    *   Betty is Willie's ancestor. (Betty $\rightarrow$ Willie)
    *   Betty is Melissa's descendant. (Melissa $\rightarrow$ Betty)
    *   Carol is Melissa's ancestor. (Carol $\rightarrow$ Melissa)
    *   Carol is Harold's descendant. (Harold $\rightarrow$ Carol)
    *   Harold is Janet's descendant. (Janet $\rightarrow$ Harold)
    *   Janet is Michael's descendant. (Michael $\rightarrow$ Janet)
    *   Michael is Jason's descendant. (Jason $\rightarrow$ Michael)
    *   Jason is Dorothy's descendant. (Dorothy $\rightarrow$ Jason)
    *   Dorothy is Andrea's descendant. (Andrea $\rightarrow$ Dorothy)
    *   Andrea is Alexis's descendant. (Alexis $\rightarrow$ Andrea)
    *   Alexis is Frances's descendant. (Frances $\rightarrow$ Alexis)
    *   Frances is Arthur's descendant. (Arthur $\rightarrow$ Frances)
    *   Arthur is Christine's descendant. (Christine $\rightarrow$ Arthur)
    *   Christine is Anthony's descendant. (Anthony $\rightarrow$ Christine)
    *   Anthony is Daniel's descendant. (Daniel $\rightarrow$ Anthony)
    *   Gerald is Daniel's ancestor. (Gerald $\rightarrow$ Daniel)
    *   Nicholas is Gerald's ancestor. (Nicholas $\rightarrow$ Gerald)
    *   Anna is Nicholas's ancestor. (Anna $\rightarrow$ Nicholas)
    *   Anna is Judy's descendant. (Judy $\rightarrow$ Anna)

2.  **Connect the lines:**
    By following the chain derived from Katherine up to Judy, we establish the following direct lineage:
    Judy $\rightarrow$ Anna $\rightarrow$ Nicholas $\rightarrow$ Gerald $\rightarrow$ Daniel $\rightarrow$ Anthony $\rightarrow$ Christine $\rightarrow$ Arthur $\rightarrow$ Frances $\rightarrow$ Alexis $\rightarrow$ Andrea $\rightarrow$ Dorothy $\rightarrow$ Jason $\rightarrow$ Michael $\rightarrow$ Janet $\rightarrow$ Harold $\rightarrow$ Carol $\rightarrow$ Melissa $\rightarrow$ Betty $\rightarrow$ Willie $\rightarrow$ Jack $\rightarrow$ Brittany $\rightarrow$ Christian $\rightarrow$ Isabella $\rightarrow$ Ryan $\rightarrow$ Steven $\rightarrow$ Jennifer $\rightarrow$ Marilyn $\rightarrow$ Paul $\rightarrow$ Maria $\rightarrow$ Evelyn $\rightarrow$ Natalie $\rightarrow$ Scott $\rightarrow$ Jacqueline $\rightarrow$ Rachel $\rightarrow$ Jesse $\rightarrow$ Kevin $\rightarrow$ Walter $\rightarrow$ Jacob $\rightarrow$ Helen $\rightarrow$ Susan $\rightarrow$ Ruth $\rightarrow$ Julie $\rightarrow$ Douglas $\rightarrow$ Shirley $\rightarrow$ Bradley $\rightarrow$ Ashley $\rightarrow$ Sandra $\rightarrow$ Jordan $\rightarrow$ Diane $\rightarrow$ Karen $\rightarrow$ Bryan $\rightarrow$ Carolyn $\rightarrow$ Donald $\rightarrow$ Ronald $\rightarrow$ Adam $\rightarrow$ Nathan $\rightarrow$ Terry $\rightarrow$ Kenneth $\rightarrow$ Benjamin $\rightarrow$ Ethan $\rightarrow$ Patrick $\rightarrow$ Joshua $\rightarrow$ Katherine.

    This chain confirms that Judy is an ancestor of Katherine.

3.  **Evaluate the options:**
    1.  Judy and Katherine share a common ancestor. (While true in the sense that Judy is an ancestor of herself and Katherine, option 2 is more specific).
    2.  Judy is Katherine's ancestor. (This matches the finding).
    3.  Judy and Katherine share a common descendant. (False, they are in an ancestor-descendant relationship).
    4.  Judy is Katherine's descendant. (False, it is the opposite).
    5.  None of the above is correct. (False).

    Therefore, the correct relationship is that Judy is Katherine's ancestor.

<ANSWER>2</ANSWER>"
64,DESCENDANT,3,"Given the following lineage relationships:
* Julia is Betty's ancestor.
* Gabriel is Amanda's descendant.
* Susan is Willie's descendant.
* Elizabeth is Brandon's descendant.
* Daniel is Gabriel's descendant.
* Philip is Dennis's descendant.
* Pamela is Deborah's descendant.
* Deborah is Elijah's descendant.
* Daniel is Barbara's ancestor.
* Christine is Samantha's descendant.
* Jean is Rebecca's descendant.
* Brenda is Julia's ancestor.
* Martha is Catherine's ancestor.
* Joe is Lori's descendant.
* Laura is Olivia's descendant.
* Juan is Christine's descendant.
* James is Harold's descendant.
* Marie is Janet's ancestor.
* Kyle is Barbara's descendant.
* Ethan is Janet's descendant.
* Jean is Megan's ancestor.
* Patricia is Albert's ancestor.
* Christopher is Nicholas's descendant.
* Teresa is Michael's descendant.
* Catherine is Diane's ancestor.
* Gerald is Susan's descendant.
* Alan is Olivia's ancestor.
* Amber is Harold's ancestor.
* Kimberly is Joe's descendant.
* James is Austin's ancestor.
* Cynthia is Willie's ancestor.
* Natalie is Amy's ancestor.
* Larry is Elizabeth's descendant.
* Ronald is Betty's descendant.
* Joyce is Dennis's ancestor.
* Dorothy is Scott's descendant.
* Austin is Cynthia's ancestor.
* Kimberly is Russell's ancestor.
* Brenda is Teresa's descendant.
* Andrew is Gerald's descendant.
* Samantha is Russell's descendant.
* Andrew is Jonathan's ancestor.
* Jordan is Amber's ancestor.
* Dorothy is Martha's ancestor.
* Carol is Terry's descendant.
* Joshua is Carol's descendant.
* Diane is Jordan's ancestor.
* Natalie is Jonathan's descendant.
* Amanda is Bradley's descendant.
* Joyce is Amy's descendant.
* Brandon is Joshua's descendant.
* Ethan is Lori's ancestor.
* Alan is Ronald's descendant.
* Laura is Nicholas's ancestor.
* Megan is Bradley's ancestor.
* Margaret is Scott's ancestor.
* Elijah is Juan's descendant.
* Marie is Kyle's descendant.
* Albert is Terry's ancestor.
* Rebecca is Christopher's descendant.
* Kenneth is Patricia's ancestor.
* Margaret is Pamela's descendant.
* Larry is Michael's ancestor.
Determine the lineage relationship between Philip and Kenneth.
Select the correct answer:
1. Philip is Kenneth's ancestor.
2. Philip and Kenneth share a common ancestor.
3. Philip is Kenneth's descendant.
4. Philip and Kenneth share a common descendant.
5. None of the above is correct.
Enclose the selected answer number in the <ANSWER> tag, for example: <ANSWER>1</ANSWER>.",z-ai/glm-4.7,Parasail,,,"Based on the lineage relationships provided, we can construct a single continuous chain of ancestry starting from Kenneth and ending with Philip.

1.  **Kenneth is Patricia's ancestor.** (Kenneth $\rightarrow$ Patricia)
2.  **Patricia is Albert's ancestor.** ($\rightarrow$ Albert)
3.  **Albert is Terry's ancestor.** ($\rightarrow$ Terry)
4.  **Carol is Terry's descendant.** ($\rightarrow$ Carol)
5.  **Joshua is Carol's descendant.** ($\rightarrow$ Joshua)
6.  **Brandon is Joshua's descendant.** ($\rightarrow$ Brandon)
7.  **Elizabeth is Brandon's descendant.** ($\rightarrow$ Elizabeth)
8.  **Larry is Elizabeth's descendant.** ($\rightarrow$ Larry)
9.  **Larry is Michael's ancestor.** ($\rightarrow$ Michael)
10. **Teresa is Michael's descendant.** ($\rightarrow$ Teresa)
11. **Brenda is Teresa's descendant.** ($\rightarrow$ Brenda)
12. **Brenda is Julia's ancestor.** ($\rightarrow$ Julia)
13. **Julia is Betty's ancestor.** ($\rightarrow$ Betty)
14. **Ronald is Betty's descendant.** ($\rightarrow$ Ronald)
15. **Alan is Ronald's descendant.** ($\rightarrow$ Alan)
16. **Alan is Olivia's ancestor.** ($\rightarrow$ Olivia)
17. **Laura is Olivia's descendant.** ($\rightarrow$ Laura)
18. **Laura is Nicholas's ancestor.** ($\rightarrow$ Nicholas)
19. **Christopher is Nicholas's descendant.** ($\rightarrow$ Christopher)
20. **Rebecca is Christopher's descendant.** ($\rightarrow$ Rebecca)
21. **Jean is Rebecca's descendant.** ($\rightarrow$ Jean)
22. **Jean is Megan's ancestor.** ($\rightarrow$ Megan)
23. **Megan is Bradley's ancestor.** ($\rightarrow$ Bradley)
24. **Amanda is Bradley's descendant.** ($\rightarrow$ Amanda)
25. **Gabriel is Amanda's descendant.** ($\rightarrow$ Gabriel)
26. **Daniel is Gabriel's descendant.** ($\rightarrow$ Daniel)
27. **Daniel is Barbara's ancestor.** ($\rightarrow$ Barbara)
28. **Kyle is Barbara's descendant.** ($\rightarrow$ Kyle)
29. **Marie is Kyle's descendant.** ($\rightarrow$ Marie)
30. **Marie is Janet's ancestor.** ($\rightarrow$ Janet)
31. **Ethan is Janet's descendant.** ($\rightarrow$ Ethan)
32. **Ethan is Lori's ancestor.** ($\rightarrow$ Lori)
33. **Joe is Lori's descendant.** ($\rightarrow$ Joe)
34. **Kimberly is Joe's descendant.** ($\rightarrow$ Kimberly)
35. **Kimberly is Russell's ancestor.** ($\rightarrow$ Russell)
36. **Samantha is Russell's descendant.** ($\rightarrow$ Samantha)
37. **Christine is Samantha's descendant.** ($\rightarrow$ Christine)
38. **Juan is Christine's descendant.** ($\rightarrow$ Juan)
39. **Elijah is Juan's descendant.** ($\rightarrow$ Elijah)
40. **Deborah is Elijah's descendant.** ($\rightarrow$ Deborah)
41. **Pamela is Deborah's descendant.** ($\rightarrow$ Pamela)
42. **Margaret is Pamela's descendant.** ($\rightarrow$ Margaret)
43. **Margaret is Scott's ancestor.** ($\rightarrow$ Scott)
44. **Dorothy is Scott's descendant.** ($\rightarrow$ Dorothy)
45. **Dorothy is Martha's ancestor.** ($\rightarrow$ Martha)
46. **Martha is Catherine's ancestor.** ($\rightarrow$ Catherine)
47. **Catherine is Diane's ancestor.** ($\rightarrow$ Diane)
48. **Diane is Jordan's ancestor.** ($\rightarrow$ Jordan)
49. **Jordan is Amber's ancestor.** ($\rightarrow$ Amber)
50. **Amber is Harold's ancestor.** ($\rightarrow$ Harold)
51. **James is Harold's descendant.** ($\rightarrow$ James)
52. **James is Austin's ancestor.** ($\rightarrow$ Austin)
53. **Austin is Cynthia's ancestor.** ($\rightarrow$ Cynthia)
54. **Cynthia is Willie's ancestor.** ($\rightarrow$ Willie)
55. **Susan is Willie's descendant.** ($\rightarrow$ Susan)
56. **Gerald is Susan's descendant.** ($\rightarrow$ Gerald)
57. **Andrew is Gerald's descendant.** ($\rightarrow$ Andrew)
58. **Andrew is Jonathan's ancestor.** ($\rightarrow$ Jonathan)
59. **Natalie is Jonathan's descendant.** ($\rightarrow$ Natalie)
60. **Natalie is Amy's ancestor.** ($\rightarrow$ Amy)
61. **Joyce is Amy's descendant.** ($\rightarrow$ Joyce)
62. **Joyce is Dennis's ancestor.** ($\rightarrow$ Dennis)
63. **Philip is Dennis's descendant.** ($\rightarrow$ Philip)

The complete chain shows that Kenneth is a distant ancestor of Philip. Therefore, Philip is Kenneth's descendant.

<ANSWER>3</ANSWER>"
64,COMMON_ANCESTOR,4,"Given the following lineage relationships:
* Pamela is Noah's ancestor.
* Jesse is Cheryl's descendant.
* Sophia is Timothy's descendant.
* Alice is Rebecca's descendant.
* Carol is Kyle's ancestor.
* Daniel is Christopher's descendant.
* Cheryl is Elizabeth's descendant.
* George is Nathan's ancestor.
* Thomas is Hannah's ancestor.
* Thomas is Carl's descendant.
* Susan is Brandon's ancestor.
* Stephen is Ryan's ancestor.
* Daniel is Stephen's ancestor.
* Virginia is Zachary's descendant.
* Rebecca is Sophia's descendant.
* Patricia is Donald's descendant.
* Andrea is Bobby's descendant.
* Gary is Dennis's descendant.
* Samantha is Joyce's descendant.
* Hannah is Henry's ancestor.
* Mason is Charlotte's ancestor.
* Kimberly is Eugene's ancestor.
* Jonathan is Eugene's descendant.
* Sara is Kyle's descendant.
* Jonathan is Pamela's ancestor.
* Debra is Logan's descendant.
* Jean is Jesse's descendant.
* Sandra is Henry's descendant.
* Timothy is Noah's descendant.
* Christopher is Alice's descendant.
* Olivia is Madison's ancestor.
* Ronald is Dorothy's descendant.
* Frances is Dorothy's descendant.
* Amber is Gary's descendant.
* Carol is Richard's descendant.
* Logan is Virginia's descendant.
* Donna is Judith's ancestor.
* Kimberly is Ralph's descendant.
* Vincent is Donald's ancestor.
* Frances is Carl's ancestor.
* Jean is Donna's ancestor.
* Bradley is Heather's ancestor.
* George is Amber's descendant.
* Debra is Kelly's ancestor.
* Gerald is Patricia's descendant.
* Steven is Megan's ancestor.
* Samantha is Vincent's ancestor.
* Jessica is Diane's descendant.
* Charlotte is Joyce's ancestor.
* Ralph is Nicole's descendant.
* Olivia is Sandra's descendant.
* Edward is Sara's descendant.
* Megan is Zachary's ancestor.
* Nicole is Jessica's descendant.
* Dennis is Gerald's descendant.
* Richard is Kelly's descendant.
* Judith is Steven's ancestor.
* Ryan is Elizabeth's ancestor.
* Madison is Mason's ancestor.
* Bobby is Edward's descendant.
* Andrea is Bradley's ancestor.
* Brandon is Diane's ancestor.
* Susan is Ronald's descendant.
Determine the lineage relationship between Heather and Nathan.
Select the correct answer:
1. Heather and Nathan share a common descendant.
2. Heather is Nathan's descendant.
3. Heather is Nathan's ancestor.
4. Heather and Nathan share a common ancestor.
5. None of the above is correct.
Enclose the selected answer number in the <ANSWER> tag, for example: <ANSWER>1</ANSWER>.",z-ai/glm-4.7,Parasail,,,"Based on the lineage statements provided, we can construct the ancestry paths for both Heather and Nathan.

**Path for Nathan:**
Starting from Nathan and moving upwards (to ancestors):
*   George is Nathan's ancestor $\rightarrow$ George $\rightarrow$ Nathan
*   George is Amber's descendant $\rightarrow$ Amber $\rightarrow$ George
*   Amber is Gary's descendant $\rightarrow$ Gary $\rightarrow$ Amber
*   Gary is Dennis's descendant $\rightarrow$ Dennis $\rightarrow$ Gary
*   Dennis is Gerald's descendant $\rightarrow$ Gerald $\rightarrow$ Dennis
*   Gerald is Patricia's descendant $\rightarrow$ Patricia $\rightarrow$ Gerald
*   Patricia is Donald's descendant $\rightarrow$ Donald $\rightarrow$ Patricia
*   Vincent is Donald's ancestor $\rightarrow$ Vincent $\rightarrow$ Donald
*   Samantha is Vincent's ancestor $\rightarrow$ Samantha $\rightarrow$ Vincent
*   Samantha is Joyce's descendant $\rightarrow$ Joyce $\rightarrow$ Samantha
*   Charlotte is Joyce's ancestor $\rightarrow$ Charlotte $\rightarrow$ Joyce
*   Mason is Charlotte's ancestor $\rightarrow$ Mason $\rightarrow$ Charlotte
*   Madison is Mason's ancestor $\rightarrow$ Madison $\rightarrow$ Mason
*   Olivia is Madison's ancestor $\rightarrow$ Olivia $\rightarrow$ Madison
*   Olivia is Sandra's descendant $\rightarrow$ Sandra $\rightarrow$ Olivia
*   Sandra is Henry's descendant $\rightarrow$ Henry $\rightarrow$ Sandra
*   Hannah is Henry's ancestor $\rightarrow$ Hannah $\rightarrow$ Henry
*   Thomas is Hannah's ancestor $\rightarrow$ Thomas $\rightarrow$ Hannah
*   Thomas is Carl's descendant $\rightarrow$ Carl $\rightarrow$ Thomas
*   Frances is Carl's ancestor $\rightarrow$ Frances $\rightarrow$ Carl

Chain for Nathan: **Frances $\rightarrow$ Carl $\rightarrow$ Thomas $\rightarrow$ Hannah $\rightarrow$ Henry $\rightarrow$ Sandra $\rightarrow$ Olivia $\rightarrow$ Madison $\rightarrow$ Mason $\rightarrow$ Charlotte $\rightarrow$ Joyce $\rightarrow$ Samantha $\rightarrow$ Vincent $\rightarrow$ Donald $\rightarrow$ Patricia $\rightarrow$ Gerald $\rightarrow$ Dennis $\rightarrow$ Gary $\rightarrow$ Amber $\rightarrow$ George $\rightarrow$ Nathan**.

**Path for Heather:**
Starting from Heather and moving upwards:
*   Bradley is Heather's ancestor $\rightarrow$ Bradley $\rightarrow$ Heather
*   Andrea is Bradley's ancestor $\rightarrow$ Andrea $\rightarrow$ Bradley
*   Andrea is Bobby's descendant $\rightarrow$ Bobby $\rightarrow$ Andrea
*   Bobby is Edward's descendant $\rightarrow$ Edward $\rightarrow$ Bobby
*   Edward is Sara's descendant $\rightarrow$ Sara $\rightarrow$ Edward
*   Sara is Kyle's descendant $\rightarrow$ Kyle $\rightarrow$ Sara
*   Carol is Kyle's ancestor $\rightarrow$ Carol $\rightarrow$ Kyle
*   Carol is Richard's descendant $\rightarrow$ Richard $\rightarrow$ Carol
*   Richard is Kelly's descendant $\rightarrow$ Kelly $\rightarrow$ Richard
*   Debra is Kelly's ancestor $\rightarrow$ Debra $\rightarrow$ Kelly
*   Debra is Logan's descendant $\rightarrow$ Logan $\rightarrow$ Debra
*   Logan is Virginia's descendant $\rightarrow$ Virginia $\rightarrow$ Logan
*   Virginia is Zachary's descendant $\rightarrow$ Zachary $\rightarrow$ Virginia
*   Megan is Zachary's ancestor $\rightarrow$ Megan $\rightarrow$ Zachary
*   Steven is Megan's ancestor $\rightarrow$ Steven $\rightarrow$ Megan
*   Judith is Steven's ancestor $\rightarrow$ Judith $\rightarrow$ Steven
*   Donna is Judith's ancestor $\rightarrow$ Donna $\rightarrow$ Judith
*   Jean is Donna's ancestor $\rightarrow$ Jean $\rightarrow$ Donna
*   Jean is Jesse's descendant $\rightarrow$ Jesse $\rightarrow$ Jean
*   Jesse is Cheryl's descendant $\rightarrow$ Cheryl $\rightarrow$ Jesse
*   Cheryl is Elizabeth's descendant $\rightarrow$ Elizabeth $\rightarrow$ Cheryl
*   Ryan is Elizabeth's ancestor $\rightarrow$ Ryan $\rightarrow$ Elizabeth
*   Stephen is Ryan's ancestor $\rightarrow$ Stephen $\rightarrow$ Ryan
*   Daniel is Stephen's ancestor $\rightarrow$ Daniel $\rightarrow$ Stephen
*   Daniel is Christopher's descendant $\rightarrow$ Christopher $\rightarrow$ Daniel
*   Christopher is Alice's descendant $\rightarrow$ Alice $\rightarrow$ Christopher
*   Alice is Rebecca's descendant $\rightarrow$ Rebecca $\rightarrow$ Alice
*   Rebecca is Sophia's descendant $\rightarrow$ Sophia $\rightarrow$ Rebecca
*   Sophia is Timothy's descendant $\rightarrow$ Timothy $\rightarrow$ Sophia
*   Timothy is Noah's descendant $\rightarrow$ Noah $\rightarrow$ Timothy
*   Jonathan is Pamela's ancestor $\rightarrow$ Jonathan $\rightarrow$ Pamela
*   Pamela is Noah's ancestor $\rightarrow$ Pamela $\rightarrow$ Noah (Consistent)
*   Jonathan is Eugene's descendant $\rightarrow$ Eugene $\rightarrow$ Jonathan
*   Kimberly is Eugene's ancestor $\rightarrow$ Kimberly $\rightarrow$ Eugene
*   Kimberly is Ralph's descendant $\rightarrow$ Ralph $\rightarrow$ Kimberly
*   Ralph is Nicole's descendant $\rightarrow$ Nicole $\rightarrow$ Ralph
*   Nicole is Jessica's descendant $\rightarrow$ Jessica $\rightarrow$ Nicole
*   Jessica is Diane's descendant $\rightarrow$ Diane $\rightarrow$ Jessica
*   Brandon is Diane's ancestor $\rightarrow$ Brandon $\rightarrow$ Diane
*   Susan is Brandon's ancestor $\rightarrow$ Susan $\rightarrow$ Brandon
*   Susan is Ronald's descendant $\rightarrow$ Ronald $\rightarrow$ Susan
*   Ronald is Dorothy's descendant $\rightarrow$ Dorothy $\rightarrow$ Ronald
*   Frances is Dorothy's ancestor $\rightarrow$ Frances $\rightarrow$ Dorothy

Chain for Heather: **Frances $\rightarrow$ Dorothy $\rightarrow$ Ronald $\rightarrow$ Susan $\rightarrow$ Brandon $\rightarrow$ Diane $\rightarrow$ Jessica $\rightarrow$ Nicole $\rightarrow$ Ralph $\rightarrow$ Kimberly $\rightarrow$ Eugene $\rightarrow$ Jonathan $\rightarrow$ Pamela $\rightarrow$ Noah $\rightarrow$ Timothy $\rightarrow$ Sophia $\rightarrow$ Rebecca $\rightarrow$ Alice $\rightarrow$ Christopher $\rightarrow$ Daniel $\rightarrow$ Stephen $\rightarrow$ Ryan $\rightarrow$ Elizabeth $\rightarrow$ Cheryl $\rightarrow$ Jesse $\rightarrow$ Jean $\rightarrow$ Donna $\rightarrow$ Judith $\rightarrow$ Steven $\rightarrow$ Megan $\rightarrow$ Zachary $\rightarrow$ Virginia $\rightarrow$ Logan $\rightarrow$ Debra $\rightarrow$ Kelly $\rightarrow$ Richard $\rightarrow$ Carol $\rightarrow$ Kyle $\rightarrow$ Sara $\rightarrow$ Edward $\rightarrow$ Bobby $\rightarrow$ Andrea $\rightarrow$ Bradley $\rightarrow$ Heather**.

**Conclusion:**
Both ancestry chains begin with **Frances**. Therefore, Frances is a common ancestor of Heather and Nathan. Consequently, Heather and Nathan share a common ancestor.

<ANSWER>4</ANSWER>"
64,COMMON_DESCENDANT,4,"Given the following lineage relationships:
* Ralph is Judy's ancestor.
* Willie is Kimberly's descendant.
* Sean is Raymond's descendant.
* Brandon is Evelyn's descendant.
* Catherine is Stephanie's ancestor.
* Carolyn is Logan's descendant.
* Judith is Amber's ancestor.
* Sara is Hannah's ancestor.
* Abigail is Judith's ancestor.
* Anthony is Kevin's ancestor.
* Jeffrey is Harold's descendant.
* Billy is Jean's descendant.
* Jeffrey is Lisa's ancestor.
* Lauren is Sara's ancestor.
* Jennifer is Andrew's ancestor.
* Julia is Kenneth's ancestor.
* Sarah is Stephanie's descendant.
* Richard is Ruth's ancestor.
* Robert is Grace's ancestor.
* Sophia is Austin's ancestor.
* Elijah is Ryan's ancestor.
* Amber is George's ancestor.
* Anthony is Brandon's descendant.
* Martha is Ruth's descendant.
* Heather is Cheryl's descendant.
* Kimberly is Jessica's descendant.
* Kathleen is Ryan's descendant.
* Kenneth is Matthew's ancestor.
* Karen is Douglas's descendant.
* Larry is Rachel's ancestor.
* Logan is Judy's descendant.
* Catherine is Susan's descendant.
* Lauren is Christina's descendant.
* Larry is Grace's descendant.
* Emma is Henry's ancestor.
* Susan is Heather's descendant.
* Russell is Jessica's ancestor.
* Marilyn is Rachel's descendant.
* Evelyn is Matthew's descendant.
* Sophia is Martha's descendant.
* Andrew is Abigail's ancestor.
* Lisa is Elijah's ancestor.
* Sandra is Sarah's descendant.
* Helen is Hannah's descendant.
* Wayne is Robert's ancestor.
* Billy is Albert's ancestor.
* Jean is Sean's descendant.
* Richard is Helen's descendant.
* Sandra is Julia's ancestor.
* Cheryl is Kathleen's descendant.
* Austin is Joseph's ancestor.
* Douglas is Janet's descendant.
* Christina is Debra's descendant.
* Benjamin is Ralph's ancestor.
* Marilyn is Jennifer's ancestor.
* Raymond is Joseph's descendant.
* Karen is Debra's ancestor.
* Wayne is Albert's descendant.
* Carolyn is Julie's ancestor.
* Henry is Russell's ancestor.
* George is Emma's ancestor.
* Willie is Benjamin's ancestor.
* Kevin is Julie's descendant.
Determine the lineage relationship between Janet and Harold.
Select the correct answer:
1. Janet is Harold's descendant.
2. Janet is Harold's ancestor.
3. Janet and Harold share a common ancestor.
4. Janet and Harold share a common descendant.
5. None of the above is correct.
Enclose the selected answer number in the <ANSWER> tag, for example: <ANSWER>1</ANSWER>.",z-ai/glm-4.7,Parasail,,,"The problem provides a set of lineage relationships defining a directed graph where ""A is B's ancestor"" means $A \to B$ and ""A is B's descendant"" means $B \to A$.

We can trace the lineage from **Janet** and **Harold** to see how they are connected.

Starting from **Janet**:
1.  ""Douglas is Janet's descendant"" $\rightarrow$ **Janet $\rightarrow$ Douglas**.
2.  ""Karen is Douglas's descendant"" $\rightarrow$ **Douglas $\rightarrow$ Karen**.
3.  ""Karen is Debra's ancestor"" $\rightarrow$ **Karen $\rightarrow$ Debra**.
4.  ""Christina is Debra's descendant"" $\rightarrow$ **Debra $\rightarrow$ Christina**.
5.  ""Lauren is Christina's descendant"" $\rightarrow$ **Christina $\rightarrow$ Lauren**.
6.  ""Lauren is Sara's descendant"" $\rightarrow$ **Sara $\rightarrow$ Lauren**.
7.  ""Sara is Hannah's ancestor"" $\rightarrow$ **Sara $\rightarrow$ Hannah**.
8.  ""Helen is Hannah's descendant"" $\rightarrow$ **Hannah $\rightarrow$ Helen**.
9.  ""Richard is Helen's descendant"" $\rightarrow$ **Helen $\rightarrow$ Richard**.
10. ""Richard is Ruth's ancestor"" $\rightarrow$ **Richard $\rightarrow$ Ruth**.
11. ""Martha is Ruth's descendant"" $\rightarrow$ **Ruth $\rightarrow$ Martha**.
12. ""Sophia is Martha's descendant"" $\rightarrow$ **Martha $\rightarrow$ Sophia**.
13. ""Sophia is Austin's ancestor"" $\rightarrow$ **Sophia $\rightarrow$ Austin**.
14. ""Austin is Joseph's ancestor"" $\rightarrow$ **Austin $\rightarrow$ Joseph**.
15. ""Raymond is Joseph's descendant"" $\rightarrow$ **Joseph $\rightarrow$ Raymond**.
16. ""Sean is Raymond's descendant"" $\rightarrow$ **Raymond $\rightarrow$ Sean**.
17. ""Jean is Sean's descendant"" $\rightarrow$ **Sean $\rightarrow$ Jean**.
18. ""Billy is Jean's descendant"" $\rightarrow$ **Jean $\rightarrow$ Billy**.
19. ""Billy is Albert's ancestor"" $\rightarrow$ **Billy $\rightarrow$ Albert**.
20. ""Wayne is Albert's descendant"" $\rightarrow$ **Albert $\rightarrow$ Wayne**.
21. ""Wayne is Robert's ancestor"" $\rightarrow$ **Wayne $\rightarrow$ Robert**.
22. ""Robert is Grace's ancestor"" $\rightarrow$ **Robert $\rightarrow$ Grace**.
23. ""Larry is Grace's descendant"" $\rightarrow$ **Grace $\rightarrow$ Larry**.
24. ""Larry is Rachel's ancestor"" $\rightarrow$ **Larry $\rightarrow$ Rachel**.
25. ""Marilyn is Rachel's descendant"" $\rightarrow$ **Rachel $\rightarrow$ Marilyn**.
26. ""Marilyn is Jennifer's descendant"" $\rightarrow$ **Jennifer $\rightarrow$ Marilyn**.
27. ""Jennifer is Andrew's ancestor"" $\rightarrow$ **Jennifer $\rightarrow$ Andrew**.
28. ""Andrew is Abigail's ancestor"" $\rightarrow$ **Andrew $\rightarrow$ Abigail**.
29. ""Abigail is Judith's ancestor"" $\rightarrow$ **Abigail $\rightarrow$ Judith**.
30. ""Judith is Amber's ancestor"" $\rightarrow$ **Judith $\rightarrow$ Amber**.
31. ""Amber is George's ancestor"" $\rightarrow$ **Amber $\rightarrow$ George**.
32. ""George is Emma's ancestor"" $\rightarrow$ **George $\rightarrow$ Emma**.
33. ""Emma is Henry's ancestor"" $\rightarrow$ **Emma $\rightarrow$ Henry**.
34. ""Henry is Russell's ancestor"" $\rightarrow$ **Henry $\rightarrow$ Russell**.
35. ""Russell is Jessica's ancestor"" $\rightarrow$ **Russell $\rightarrow$ Jessica**.
36. ""Kimberly is Jessica's descendant"" $\rightarrow$ **Jessica $\rightarrow$ Kimberly**.
37. ""Willie is Kimberly's descendant"" $\rightarrow$ **Kimberly $\rightarrow$ Willie**.
38. ""Willie is Benjamin's ancestor"" $\rightarrow$ **Willie $\rightarrow$ Benjamin**.
39. ""Benjamin is Ralph's ancestor"" $\rightarrow$ **Benjamin $\rightarrow$ Ralph**.
40. ""Ralph is Judy's ancestor"" $\rightarrow$ **Ralph $\rightarrow$ Judy**.
41. ""Logan is Judy's descendant"" $\rightarrow$ **Judy $\rightarrow$ Logan**.
42. ""Carolyn is Logan's descendant"" $\rightarrow$ **Logan $\rightarrow$ Carolyn**.
43. ""Carolyn is Julie's ancestor"" $\rightarrow$ **Carolyn $\rightarrow$ Julie**.
44. ""Kevin is Julie's descendant"" $\rightarrow$ **Julie $\rightarrow$ Kevin**.
45. ""Anthony is Kevin's ancestor"" $\rightarrow$ **Anthony $\rightarrow$ Kevin**.
46. ""Anthony is Brandon's descendant"" $\rightarrow$ **Brandon $\rightarrow$ Anthony**.
47. ""Brandon is Evelyn's descendant"" $\rightarrow$ **Evelyn $\rightarrow$ Brandon**.
48. ""Evelyn is Matthew's descendant"" $\rightarrow$ **Matthew $\rightarrow$ Evelyn**.
49. ""Kenneth is Matthew's ancestor"" $\rightarrow$ **Kenneth $\rightarrow$ Matthew**.
50. ""Julia is Kenneth's ancestor"" $\rightarrow$ **Julia $\rightarrow$ Kenneth**.
51. ""Sandra is Julia's ancestor"" $\rightarrow$ **Sandra $\rightarrow$ Julia**.
52. ""Sandra is Sarah's descendant"" $\rightarrow$ **Sarah $\rightarrow$ Sandra**.
53. ""Sarah is Stephanie's descendant"" $\rightarrow$ **Stephanie $\rightarrow$ Sarah**.
54. ""Catherine is Stephanie's ancestor"" $\rightarrow$ **Catherine $\rightarrow$ Stephanie**.
55. ""Catherine is Susan's descendant"" $\rightarrow$ **Susan $\rightarrow$ Catherine**.
56. ""Susan is Heather's descendant"" $\rightarrow$ **Heather $\rightarrow$ Susan**.
57. ""Heather is Cheryl's descendant"" $\rightarrow$ **Cheryl $\rightarrow$ Heather**.
58. ""Cheryl is Kathleen's descendant"" $\rightarrow$ **Kathleen $\rightarrow$ Cheryl**.
59. ""Kathleen is Ryan's descendant"" $\rightarrow$ **Ryan $\rightarrow$ Kathleen**.
60. ""Elijah is Ryan's ancestor"" $\rightarrow$ **Elijah $\rightarrow$ Ryan**.
61. ""Lisa is Elijah's ancestor"" $\rightarrow$ **Lisa $\rightarrow$ Elijah**.
62. ""Jeffrey is Lisa's ancestor"" $\rightarrow$ **Jeffrey $\rightarrow$ Lisa**.
63. ""Jeffrey is Harold's descendant"" $\rightarrow$ **Harold $\rightarrow$ Jeffrey**.

The complete chain is:
**Janet $\rightarrow$ Douglas $\rightarrow$ Karen $\rightarrow$ Debra $\rightarrow$ Christina $\rightarrow$ Lauren $\rightarrow$ Sara $\rightarrow$ Hannah $\rightarrow$ Helen $\rightarrow$ Richard $\rightarrow$ Ruth $\rightarrow$ Martha $\rightarrow$ Sophia $\rightarrow$ Austin $\rightarrow$ Joseph $\rightarrow$ Raymond $\rightarrow$ Sean $\rightarrow$ Jean $\rightarrow$ Billy $\rightarrow$ Albert $\rightarrow$ Wayne $\rightarrow$ Robert $\rightarrow$ Grace $\rightarrow$ Larry $\rightarrow$ Rachel $\rightarrow$ Marilyn $\rightarrow$ Jennifer $\rightarrow$ Andrew $\rightarrow$ Abigail $\rightarrow$ Judith $\rightarrow$ Amber $\rightarrow$ George $\rightarrow$ Emma $\rightarrow$ Henry $\rightarrow$ Russell $\rightarrow$ Jessica $\rightarrow$ Kimberly $\rightarrow$ Willie $\rightarrow$ Benjamin $\rightarrow$ Ralph $\rightarrow$ Judy $\rightarrow$ Logan $\rightarrow$ Carolyn $\rightarrow$ Julie $\rightarrow$ Kevin $\rightarrow$ Anthony $\rightarrow$ Brandon $\rightarrow$ Evelyn $\rightarrow$ Matthew $\rightarrow$ Kenneth $\rightarrow$ Julia $\rightarrow$ Sandra $\rightarrow$ Sarah $\rightarrow$ Stephanie $\rightarrow$ Catherine $\rightarrow$ Susan $\rightarrow$ Heather $\rightarrow$ Cheryl $\rightarrow$ Kathleen $\rightarrow$ Ryan $\rightarrow$ Elijah $\rightarrow$ Lisa $\rightarrow$ Jeffrey $\rightarrow$ Harold**.

Based on this unbroken chain, Janet is an ancestor of Harold.

<ANSWER>2</ANSWER>"
64,ANCESTOR,1,"Given the following lineage relationships:
* Eric is Mary's descendant.
* Billy is Jacqueline's ancestor.
* Martha is Victoria's ancestor.
* Elizabeth is Eugene's descendant.
* Nathan is Raymond's descendant.
* Heather is Madison's ancestor.
* Bobby is Roy's descendant.
* Philip is Alexis's ancestor.
* Wayne is Larry's descendant.
* Brandon is Stephen's descendant.
* Teresa is Debra's ancestor.
* Kevin is Julie's descendant.
* Debra is Russell's ancestor.
* Anthony is Joyce's descendant.
* Stephanie is Jerry's ancestor.
* Bobby is Harold's ancestor.
* Nicole is Cynthia's descendant.
* Elizabeth is Albert's ancestor.
* Joyce is Janice's descendant.
* Albert is Janice's ancestor.
* Alan is Timothy's ancestor.
* Scott is Marilyn's ancestor.
* Philip is Diana's descendant.
* Julie is Eric's descendant.
* David is Ruth's ancestor.
* Brittany is Christopher's descendant.
* Ronald is Lawrence's descendant.
* Ronald is Cynthia's ancestor.
* Russell is Denise's ancestor.
* Brenda is George's ancestor.
* Scott is Victoria's descendant.
* Jerry is Douglas's ancestor.
* Steven is Alan's ancestor.
* Mary is Jacqueline's descendant.
* Christian is Martha's ancestor.
* Amy is Sarah's descendant.
* Kevin is Teresa's ancestor.
* Helen is Timothy's descendant.
* George is Sarah's ancestor.
* Alexis is Christian's ancestor.
* Willie is Stephanie's ancestor.
* Raymond is Hannah's descendant.
* Diana is Helen's descendant.
* Amy is Mason's ancestor.
* Marilyn is Kenneth's ancestor.
* Larry is Madison's descendant.
* Harold is Eugene's ancestor.
* Wayne is Billy's ancestor.
* Ruth is Hannah's ancestor.
* Joshua is Brandon's descendant.
* Christina is Nicole's descendant.
* Christina is Christopher's ancestor.
* David is Mason's descendant.
* Douglas is Stephen's ancestor.
* Steven is Juan's descendant.
* Megan is Juan's ancestor.
* Evelyn is Megan's ancestor.
* Heather is Kenneth's descendant.
* Denise is Nicholas's ancestor.
* Anthony is Evelyn's ancestor.
* Brenda is Nicholas's descendant.
* Willie is Nathan's descendant.
* Joshua is Lawrence's ancestor.
Determine the lineage relationship between Roy and Brittany.
Select the correct answer:
1. Roy is Brittany's ancestor.
2. Roy and Brittany share a common ancestor.
3. Roy is Brittany's descendant.
4. Roy and Brittany share a common descendant.
5. None of the above is correct.
Enclose the selected answer number in the <ANSWER> tag, for example: <ANSWER>1</ANSWER>.",z-ai/glm-4.7,Parasail,,,<ANSWER>1</ANSWER>
64,DESCENDANT,2,"Given the following lineage relationships:
* Sharon is Jack's ancestor.
* Randy is Samantha's descendant.
* Lawrence is Aaron's descendant.
* Catherine is Jason's ancestor.
* Raymond is Denise's descendant.
* Joan is Jason's descendant.
* Kathleen is Patricia's descendant.
* Betty is Jennifer's ancestor.
* Diane is Angela's descendant.
* Samantha is Albert's descendant.
* Daniel is Jonathan's ancestor.
* Julia is Patricia's ancestor.
* Jack is Isabella's ancestor.
* Isabella is Philip's ancestor.
* Amber is Madison's descendant.
* Christian is Amanda's ancestor.
* Charles is Bruce's descendant.
* Jonathan is Juan's ancestor.
* Steven is Emily's descendant.
* Angela is Austin's descendant.
* Joan is Martha's ancestor.
* Christian is Gloria's descendant.
* Gloria is Dennis's descendant.
* Vincent is David's ancestor.
* Randy is Daniel's ancestor.
* Donna is Melissa's descendant.
* Jennifer is Nancy's ancestor.
* Ralph is Gary's ancestor.
* Kathleen is Billy's ancestor.
* David is Natalie's ancestor.
* Amber is Aaron's ancestor.
* Sean is Gary's descendant.
* Charles is Madison's ancestor.
* Evelyn is Raymond's descendant.
* Denise is Steven's descendant.
* Elijah is Ethan's descendant.
* Elijah is Andrew's ancestor.
* Hannah is Albert's ancestor.
* Sean is Alan's ancestor.
* Austin is Kevin's descendant.
* Vincent is Andrew's descendant.
* Dylan is Alexis's descendant.
* Melissa is Evelyn's descendant.
* Ralph is Nancy's descendant.
* Matthew is Alexis's ancestor.
* Marilyn is Catherine's ancestor.
* Sarah is Kenneth's descendant.
* Alan is Matthew's ancestor.
* Kevin is Sarah's descendant.
* Christopher is Lawrence's descendant.
* Patrick is Kathryn's descendant.
* Diane is Debra's ancestor.
* Dylan is Dennis's ancestor.
* Debra is Sharon's ancestor.
* Ethan is Danielle's descendant.
* Martha is Danielle's ancestor.
* Donna is Kathryn's ancestor.
* Patrick is Hannah's ancestor.
* Bruce is Billy's descendant.
* Juan is Marilyn's ancestor.
* Philip is Betty's ancestor.
* Julia is Amanda's descendant.
* Christopher is Emily's ancestor.
Determine the lineage relationship between Natalie and Kenneth.
Select the correct answer:
1. Natalie is Kenneth's ancestor.
2. Natalie is Kenneth's descendant.
3. Natalie and Kenneth share a common descendant.
4. Natalie and Kenneth share a common ancestor.
5. None of the above is correct.
Enclose the selected answer number in the <ANSWER> tag, for example: <ANSWER>1</ANSWER>.",z-ai/glm-4.7,Parasail,,,"The lineage relationships form a single continuous chain from Kenneth to Natalie:

1.  **Kenneth** is the ancestor of **Sarah** (""Sarah is Kenneth's descendant"").
2.  **Sarah** is the ancestor of **Kevin** (""Kevin is Sarah's descendant"").
3.  **Kevin** is the ancestor of **Austin** (""Austin is Kevin's descendant"").
4.  **Austin** is the ancestor of **Angela** (""Angela is Austin's descendant"").
5.  **Angela** is the ancestor of **Diane** (""Diane is Angela's descendant"").
6.  **Diane** is the ancestor of **Debra** (""Diane is Debra's ancestor"").
7.  **Debra** is the ancestor of **Sharon** (""Debra is Sharon's ancestor"").
8.  **Sharon** is the ancestor of **Jack** (""Sharon is Jack's ancestor"").
9.  **Jack** is the ancestor of **Isabella** (""Jack is Isabella's ancestor"").
10. **Isabella** is the ancestor of **Philip** (""Isabella is Philip's ancestor"").
11. **Philip** is the ancestor of **Betty** (""Philip is Betty's ancestor"").
12. **Betty** is the ancestor of **Jennifer** (""Betty is Jennifer's ancestor"").
13. **Jennifer** is the ancestor of **Nancy** (""Jennifer is Nancy's ancestor"").
14. **Nancy** is the ancestor of **Ralph** (""Ralph is Nancy's descendant"").
15. **Ralph** is the ancestor of **Gary** (""Ralph is Gary's ancestor"").
16. **Gary** is the ancestor of **Sean** (""Sean is Gary's descendant"").
17. **Sean** is the ancestor of **Alan** (""Sean is Alan's ancestor"").
18. **Alan** is the ancestor of **Matthew** (""Alan is Matthew's ancestor"").
19. **Matthew** is the ancestor of **Alexis** (""Matthew is Alexis's ancestor"").
20. **Alexis** is the ancestor of **Dylan** (""Dylan is Alexis's descendant"").
21. **Dylan** is the ancestor of **Dennis** (""Dylan is Dennis's ancestor"").
22. **Dennis** is the ancestor of **Gloria** (""Gloria is Dennis's descendant"").
23. **Gloria** is the ancestor of **Christian** (""Christian is Gloria's descendant"").
24. **Christian** is the ancestor of **Amanda** (""Christian is Amanda's ancestor"").
25. **Amanda** is the ancestor of **Julia** (""Julia is Amanda's descendant"").
26. **Julia** is the ancestor of **Patricia** (""Julia is Patricia's ancestor"").
27. **Patricia** is the ancestor of **Kathleen** (""Kathleen is Patricia's descendant"").
28. **Kathleen** is the ancestor of **Billy** (""Kathleen is Billy's ancestor"").
29. **Billy** is the ancestor of **Bruce** (""Bruce is Billy's descendant"").
30. **Bruce** is the ancestor of **Charles** (""Charles is Bruce's descendant"").
31. **Charles** is the ancestor of **Madison** (""Charles is Madison's ancestor"").
32. **Madison** is the ancestor of **Amber** (""Amber is Madison's descendant"").
33. **Amber** is the ancestor of **Aaron** (""Amber is Aaron's ancestor"").
34. **Aaron** is the ancestor of **Lawrence** (""Lawrence is Aaron's descendant"").
35. **Lawrence** is the ancestor of **Christopher** (""Christopher is Lawrence's descendant"").
36. **Christopher** is the ancestor of **Emily** (""Christopher is Emily's ancestor"").
37. **Emily** is the ancestor of **Steven** (""Steven is Emily's descendant"").
38. **Steven** is the ancestor of **Denise** (""Denise is Steven's descendant"").
39. **Denise** is the ancestor of **Raymond** (""Raymond is Denise's descendant"").
40. **Raymond** is the ancestor of **Evelyn** (""Evelyn is Raymond's descendant"").
41. **Evelyn** is the ancestor of **Melissa** (""Melissa is Evelyn's descendant"").
42. **Melissa** is the ancestor of **Donna** (""Donna is Melissa's descendant"").
43. **Donna** is the ancestor of **Kathryn** (""Donna is Kathryn's ancestor"").
44. **Kathryn** is the ancestor of **Patrick** (""Patrick is Kathryn's descendant"").
45. **Patrick** is the ancestor of **Hannah** (""Patrick is Hannah's ancestor"").
46. **Hannah** is the ancestor of **Albert** (""Hannah is Albert's ancestor"").
47. **Albert** is the ancestor of **Samantha** (""Samantha is Albert's descendant"").
48. **Samantha** is the ancestor of **Randy** (""Randy is Samantha's descendant"").
49. **Randy** is the ancestor of **Daniel** (""Randy is Daniel's ancestor"").
50. **Daniel** is the ancestor of **Jonathan** (""Daniel is Jonathan's ancestor"").
51. **Jonathan** is the ancestor of **Juan** (""Jonathan is Juan's ancestor"").
52. **Juan** is the ancestor of **Marilyn** (""Juan is Marilyn's ancestor"").
53. **Marilyn** is the ancestor of **Catherine** (""Marilyn is Catherine's ancestor"").
54. **Catherine** is the ancestor of **Jason** (""Catherine is Jason's ancestor"").
55. **Jason** is the ancestor of **Joan** (""Joan is Jason's descendant"").
56. **Joan** is the ancestor of **Martha** (""Joan is Martha's ancestor"").
57. **Martha** is the ancestor of **Danielle** (""Martha is Danielle's ancestor"").
58. **Danielle** is the ancestor of **Ethan** (""Ethan is Danielle's descendant"").
59. **Ethan** is the ancestor of **Elijah** (""Elijah is Ethan's descendant"").
60. **Elijah** is the ancestor of **Andrew** (""Elijah is Andrew's ancestor"").
61. **Andrew** is the ancestor of **Vincent** (""Vincent is Andrew's descendant"").
62. **Vincent** is the ancestor of **David** (""Vincent is David's ancestor"").
63. **David** is the ancestor of **Natalie** (""David is Natalie's ancestor"").

Since Kenneth is at the beginning of this chain and Natalie is at the end, Kenneth is the ancestor of Natalie. Therefore, Natalie is Kenneth's descendant.

<ANSWER>2</ANSWER>"
64,COMMON_ANCESTOR,4,"Given the following lineage relationships:
* Lauren is Jesse's ancestor.
* Hannah is Alexander's descendant.
* Paul is Kimberly's descendant.
* Rachel is Charles's descendant.
* Arthur is Natalie's ancestor.
* Jose is Willie's ancestor.
* Natalie is Deborah's ancestor.
* Terry is Cheryl's descendant.
* Arthur is Samantha's descendant.
* Sharon is Ann's descendant.
* Theresa is Sharon's descendant.
* Susan is Kelly's ancestor.
* Gerald is Christine's ancestor.
* Tyler is Judith's descendant.
* Denise is Daniel's ancestor.
* Betty is Megan's ancestor.
* Christian is Kenneth's ancestor.
* Willie is Larry's ancestor.
* Albert is Rachel's descendant.
* Victoria is Albert's descendant.
* Ralph is Eric's descendant.
* Jordan is Kimberly's ancestor.
* Virginia is Donna's ancestor.
* Benjamin is Donald's descendant.
* Susan is Janet's descendant.
* Laura is George's ancestor.
* Betty is Benjamin's descendant.
* Virginia is Megan's descendant.
* Bruce is Larry's descendant.
* Alexander is Olivia's descendant.
* Catherine is Brandon's descendant.
* Joseph is Marie's descendant.
* Nicholas is Gerald's ancestor.
* Christian is Tyler's descendant.
* Jeremy is Deborah's descendant.
* Christina is Martha's ancestor.
* Donald is Paul's descendant.
* Gabriel is Bruce's descendant.
* Janet is Adam's ancestor.
* Cheryl is Adam's descendant.
* Jordan is Linda's descendant.
* Hannah is Laura's ancestor.
* Jeremy is Linda's ancestor.
* Ann is Andrea's descendant.
* Elijah is Jennifer's ancestor.
* Anna is George's descendant.
* Donna is Jose's ancestor.
* Daniel is Marie's ancestor.
* Theresa is Samantha's ancestor.
* Joseph is Charles's ancestor.
* Martha is Amber's ancestor.
* Christine is Judith's ancestor.
* Eric is Jennifer's descendant.
* Lauren is Anna's descendant.
* Elijah is Gabriel's descendant.
* Maria is Denise's ancestor.
* Brandon is Amber's descendant.
* Jesse is Joan's ancestor.
* Maria is Terry's descendant.
* Olivia is Catherine's descendant.
* Victoria is Christina's ancestor.
* Joan is Nicholas's ancestor.
* Kelly is Andrea's ancestor.
Determine the lineage relationship between Kenneth and Ralph.
Select the correct answer:
1. Kenneth is Ralph's ancestor.
2. Kenneth is Ralph's descendant.
3. Kenneth and Ralph share a common descendant.
4. Kenneth and Ralph share a common ancestor.
5. None of the above is correct.
Enclose the selected answer number in the <ANSWER> tag, for example: <ANSWER>1</ANSWER>.",z-ai/glm-4.7,Parasail,,,"Based on the provided lineage relationships, we can construct the ancestral paths for both Kenneth and Ralph.

**Path to Kenneth:**
1.  **Kenneth** is a descendant of **Christian**.
2.  **Christian** is a descendant of **Tyler**.
3.  **Tyler** is a descendant of **Judith**.
4.  **Judith** is a descendant of **Christine**.
5.  **Christine** is a descendant of **Gerald**.
6.  **Gerald** is a descendant of **Nicholas**.
7.  **Nicholas** is a descendant of **Joan**.
8.  **Joan** is a descendant of **Jesse**.
9.  **Jesse** is a descendant of **Lauren**.
10. **Lauren** is a descendant of **Anna**.
11. **Anna** is a descendant of **George**.
12. **George** is a descendant of **Laura**.
13. **Laura** is a descendant of **Hannah**.
14. **Hannah** is a descendant of **Alexander**.
15. **Alexander** is a descendant of **Olivia**.
16. **Olivia** is a descendant of **Catherine**.
17. **Catherine** is a descendant of **Brandon**.
18. **Brandon** is a descendant of **Amber**.
19. **Amber** is a descendant of **Martha**.
20. **Martha** is a descendant of **Christina**.
21. **Christina** is a descendant of **Victoria**.
22. **Victoria** is a descendant of **Albert**.
23. **Albert** is a descendant of **Rachel**.
24. **Rachel** is a descendant of **Charles**.
25. **Charles** is a descendant of **Joseph**.
26. **Joseph** is a descendant of **Marie**.
27. **Marie** is a descendant of **Daniel**.
28. **Daniel** is a descendant of **Denise**.
29. **Denise** is a descendant of **Maria**.
30. **Maria** is a descendant of **Terry**.
31. **Terry** is a descendant of **Cheryl**.
32. **Cheryl** is a descendant of **Adam**.

Thus, the full line is: **Adam** $\rightarrow$ ... $\rightarrow$ **Kenneth**.

**Path to Ralph:**
1.  **Ralph** is a descendant of **Eric**.
2.  **Eric** is a descendant of **Jennifer**.
3.  **Jennifer** is a descendant of **Elijah**.
4.  **Elijah** is a descendant of **Gabriel**.
5.  **Gabriel** is a descendant of **Bruce**.
6.  **Bruce** is a descendant of **Larry**.
7.  **Larry** is a descendant of **Willie**.
8.  **Willie** is a descendant of **Jose**.
9.  **Jose** is a descendant of **Donna**.
10. **Donna** is a descendant of **Virginia**.
11. **Virginia** is a descendant of **Megan**.
12. **Megan** is a descendant of **Betty**.
13. **Betty** is a descendant of **Benjamin**.
14. **Benjamin** is a descendant of **Donald**.
15. **Donald** is a descendant of **Paul**.
16. **Paul** is a descendant of **Kimberly**.
17. **Kimberly** is a descendant of **Jordan**.
18. **Jordan** is a descendant of **Linda**.
19. **Linda** is a descendant of **Jeremy**.
20. **Jeremy** is a descendant of **Deborah**.
21. **Deborah** is a descendant of **Natalie**.
22. **Natalie** is a descendant of **Arthur**.
23. **Arthur** is a descendant of **Samantha**.
24. **Samantha** is a descendant of **Theresa**.
25. **Theresa** is a descendant of **Sharon**.
26. **Sharon** is a descendant of **Ann**.
27. **Ann** is a descendant of **Andrea**.
28. **Andrea** is a descendant of **Kelly**.
29. **Kelly** is a descendant of **Susan**.
30. **Susan** is a descendant of **Janet**.

Thus, the full line is: **Janet** $\rightarrow$ ... $\rightarrow$ **Ralph**.

**Connecting the Paths:**
The statement ""**Janet is Adam's ancestor**"" provides the link between the two lines. This means **Janet** $\rightarrow$ ... $\rightarrow$ **Adam**.

Since Janet is an ancestor of Adam, and Adam is an ancestor of Kenneth, **Janet is an ancestor of Kenneth**. We also established that Janet is an ancestor of Ralph. Therefore, Kenneth and Ralph share a common ancestor (Janet).

*   Kenneth is not Ralph's ancestor.
*   Kenneth is not Ralph's descendant.
*   There is no information to suggest they share a common descendant.
*   They share a common ancestor.

<ANSWER>4</ANSWER>"
64,COMMON_DESCENDANT,1,"Given the following lineage relationships:
* Denise is Emma's ancestor.
* Adam is Dylan's descendant.
* Anthony is Ronald's descendant.
* Sophia is Terry's ancestor.
* Douglas is Frances's ancestor.
* Elijah is Justin's descendant.
* Gloria is Nathan's descendant.
* Jeremy is Matthew's descendant.
* Gary is Kathryn's ancestor.
* Kyle is Anthony's descendant.
* Emily is Anna's ancestor.
* Samantha is Randy's ancestor.
* Jeremy is Ethan's ancestor.
* Gary is Janet's descendant.
* Walter is Jerry's descendant.
* Virginia is Deborah's ancestor.
* Deborah is Jerry's ancestor.
* Justin is Arthur's descendant.
* Melissa is Wayne's descendant.
* Stephen is Catherine's ancestor.
* Jacqueline is Kenneth's descendant.
* Helen is Carl's descendant.
* Evelyn is Sandra's descendant.
* Stephen is Edward's descendant.
* Ethan is Edward's ancestor.
* Bruce is Russell's descendant.
* Grace is Janice's descendant.
* Melissa is Gabriel's ancestor.
* Frances is Dylan's ancestor.
* Debra is Wayne's ancestor.
* Matthew is Emma's descendant.
* Gerald is Kathryn's descendant.
* Adam is Dorothy's ancestor.
* Patricia is Elijah's descendant.
* Arthur is Charles's descendant.
* Catherine is Madison's ancestor.
* Hannah is Ann's descendant.
* Patrick is Bruce's descendant.
* Theresa is Janet's ancestor.
* Terry is Virginia's ancestor.
* Patricia is Bradley's ancestor.
* Willie is Anna's descendant.
* Patrick is Emily's ancestor.
* Nathan is Aaron's descendant.
* Keith is Gloria's descendant.
* Jordan is Helen's descendant.
* Carl is Walter's descendant.
* Hannah is Sophia's ancestor.
* Madison is Sean's ancestor.
* Sean is Pamela's ancestor.
* Denise is Kyle's descendant.
* Charles is Jacqueline's descendant.
* Dorothy is Gabriel's ancestor.
* Grace is Ann's ancestor.
* Bradley is Theresa's ancestor.
* Brenda is Russell's ancestor.
* Randy is Janice's ancestor.
* Pamela is Aaron's ancestor.
* Kenneth is Evelyn's descendant.
* Samantha is Willie's descendant.
* Gerald is Debra's ancestor.
* Keith is Sandra's ancestor.
* Douglas is Jordan's descendant.
Determine the lineage relationship between Brenda and Ronald.
Select the correct answer:
1. Brenda and Ronald share a common descendant.
2. Brenda is Ronald's descendant.
3. Brenda and Ronald share a common ancestor.
4. Brenda is Ronald's ancestor.
5. None of the above is correct.
Enclose the selected answer number in the <ANSWER> tag, for example: <ANSWER>1</ANSWER>.",z-ai/glm-4.7,Parasail,,,"To determine the lineage relationship between Brenda and Ronald, we can trace the ancestries of both individuals forward to see if they converge.

**1. Trace lineage from Brenda:**
*   Brenda is Russell's ancestor.
*   Bruce is Russell's descendant. $\rightarrow$ Brenda $\rightarrow$ ... $\rightarrow$ Russell $\rightarrow$ ... $\rightarrow$ Bruce.
*   Patrick is Bruce's descendant. $\rightarrow$ ... $\rightarrow$ Patrick.
*   Patrick is Emily's ancestor. $\rightarrow$ ... $\rightarrow$ Emily.
*   Emily is Anna's ancestor. $\rightarrow$ ... $\rightarrow$ Anna.
*   Willie is Anna's descendant. $\rightarrow$ ... $\rightarrow$ Willie.
*   Samantha is Willie's descendant. $\rightarrow$ ... $\rightarrow$ Samantha.
*   Samantha is Randy's ancestor. $\rightarrow$ ... $\rightarrow$ Randy.
*   Randy is Janice's ancestor. $\rightarrow$ ... $\rightarrow$ Janice.
*   Grace is Janice's descendant. $\rightarrow$ ... $\rightarrow$ Grace.
*   Grace is Ann's ancestor. $\rightarrow$ ... $\rightarrow$ Ann.
*   Hannah is Ann's descendant. $\rightarrow$ ... $\rightarrow$ Hannah.
*   Hannah is Sophia's ancestor. $\rightarrow$ ... $\rightarrow$ Sophia.
*   Sophia is Terry's ancestor. $\rightarrow$ ... $\rightarrow$ Terry.
*   Terry is Virginia's ancestor. $\rightarrow$ ... $\rightarrow$ Virginia.
*   Virginia is Deborah's ancestor. $\rightarrow$ ... $\rightarrow$ Deborah.
*   Deborah is Jerry's ancestor. $\rightarrow$ ... $\rightarrow$ Jerry.
*   Walter is Jerry's descendant. $\rightarrow$ ... $\rightarrow$ Walter.
*   Carl is Walter's descendant. $\rightarrow$ ... $\rightarrow$ Carl.
*   Helen is Carl's descendant. $\rightarrow$ ... $\rightarrow$ Helen.
*   Jordan is Helen's descendant. $\rightarrow$ ... $\rightarrow$ Jordan.
*   Douglas is Jordan's descendant. $\rightarrow$ ... $\rightarrow$ Douglas.
*   Douglas is Frances's ancestor. $\rightarrow$ ... $\rightarrow$ Frances.
*   Frances is Dylan's ancestor. $\rightarrow$ ... $\rightarrow$ Dylan.
*   Adam is Dylan's descendant. $\rightarrow$ ... $\rightarrow$ Adam.
*   Adam is Dorothy's ancestor. $\rightarrow$ ... $\rightarrow$ Dorothy.
*   Dorothy is Gabriel's ancestor. $\rightarrow$ ... $\rightarrow$ Gabriel.

**Path from Brenda:** Brenda $\rightarrow$ ... $\rightarrow$ Gabriel.

**2. Trace lineage from Ronald:**
*   Anthony is Ronald's descendant. $\rightarrow$ Ronald $\rightarrow$ ... $\rightarrow$ Anthony.
*   Kyle is Anthony's descendant. $\rightarrow$ ... $\rightarrow$ Kyle.
*   Denise is Kyle's descendant. $\rightarrow$ ... $\rightarrow$ Denise.
*   Denise is Emma's ancestor. $\rightarrow$ ... $\rightarrow$ Emma.
*   Matthew is Emma's descendant. $\rightarrow$ ... $\rightarrow$ Matthew.
*   Jeremy is Matthew's descendant. $\rightarrow$ ... $\rightarrow$ Jeremy.
*   Jeremy is Ethan's ancestor. $\rightarrow$ ... $\rightarrow$ Ethan.
*   Ethan is Edward's ancestor. $\rightarrow$ ... $\rightarrow$ Edward.
*   Stephen is Edward's descendant. $\rightarrow$ ... $\rightarrow$ Stephen.
*   Stephen is Catherine's ancestor. $\rightarrow$ ... $\rightarrow$ Catherine.
*   Catherine is Madison's ancestor. $\rightarrow$ ... $\rightarrow$ Madison.
*   Madison is Sean's ancestor. $\rightarrow$ ... $\rightarrow$ Sean.
*   Sean is Pamela's ancestor. $\rightarrow$ ... $\rightarrow$ Pamela.
*   Pamela is Aaron's ancestor. $\rightarrow$ ... $\rightarrow$ Aaron.
*   Nathan is Aaron's descendant. $\rightarrow$ ... $\rightarrow$ Nathan.
*   Gloria is Nathan's descendant. $\rightarrow$ ... $\rightarrow$ Gloria.
*   Keith is Gloria's descendant. $\rightarrow$ ... $\rightarrow$ Keith.
*   Keith is Sandra's ancestor. $\rightarrow$ ... $\rightarrow$ Sandra.
*   Evelyn is Sandra's descendant. $\rightarrow$ ... $\rightarrow$ Evelyn.
*   Kenneth is Evelyn's descendant. $\rightarrow$ ... $\rightarrow$ Kenneth.
*   Jacqueline is Kenneth's descendant. $\rightarrow$ ... $\rightarrow$ Jacqueline.
*   Charles is Jacqueline's descendant. $\rightarrow$ ... $\rightarrow$ Charles.
*   Arthur is Charles's descendant. $\rightarrow$ ... $\rightarrow$ Arthur.
*   Justin is Arthur's descendant. $\rightarrow$ ... $\rightarrow$ Justin.
*   Elijah is Justin's descendant. $\rightarrow$ ... $\rightarrow$ Elijah.
*   Patricia is Elijah's descendant. $\rightarrow$ ... $\rightarrow$ Patricia.
*   Patricia is Bradley's ancestor. $\rightarrow$ ... $\rightarrow$ Bradley.
*   Bradley is Theresa's ancestor. $\rightarrow$ ... $\rightarrow$ Theresa.
*   Theresa is Janet's ancestor. $\rightarrow$ ... $\rightarrow$ Janet.
*   Gary is Janet's descendant. $\rightarrow$ ... $\rightarrow$ Gary.
*   Gary is Kathryn's ancestor. $\rightarrow$ ... $\rightarrow$ Kathryn.
*   Gerald is Kathryn's descendant. $\rightarrow$ ... $\rightarrow$ Gerald.
*   Gerald is Debra's ancestor. $\rightarrow$ ... $\rightarrow$ Debra.
*   Debra is Wayne's ancestor. $\rightarrow$ ... $\rightarrow$ Wayne.
*   Melissa is Wayne's descendant. $\rightarrow$ ... $\rightarrow$ Melissa.
*   Melissa is Gabriel's ancestor. $\rightarrow$ ... $\rightarrow$ Gabriel.

**Path from Ronald:** Ronald $\rightarrow$ ... $\rightarrow$ Gabriel.

**3. Analyze the relationship:**
Both Brenda and Ronald are ancestors of Gabriel. Therefore, they share a common descendant. Since neither Brenda nor Ronald appears in the other's ancestry path, they are not ancestors/descendants of each other. The text provides no information regarding their own ancestors, so we cannot determine if they share a common ancestor.

Based on the provided information, the correct statement is that Brenda and Ronald share a common descendant.

<ANSWER>1</ANSWER>"
64,ANCESTOR,3,"Given the following lineage relationships:
* Kenneth is Joan's descendant.
* Judith is Anna's descendant.
* Rachel is Lori's descendant.
* Daniel is Sarah's ancestor.
* Amber is Bryan's descendant.
* Hannah is Jonathan's descendant.
* Peter is Walter's ancestor.
* Jessica is Megan's descendant.
* Bradley is Margaret's ancestor.
* Carol is Thomas's ancestor.
* Jonathan is Raymond's descendant.
* Mark is Kimberly's ancestor.
* Megan is Hannah's descendant.
* Walter is Emily's ancestor.
* Jacob is Wayne's descendant.
* Steven is Elijah's descendant.
* Elizabeth is Raymond's ancestor.
* Frank is Jacob's descendant.
* Dylan is Elizabeth's ancestor.
* Bobby is Jessica's descendant.
* Nicole is Donald's ancestor.
* Elijah is Sarah's descendant.
* Paul is Daniel's ancestor.
* Bradley is Bobby's descendant.
* Bryan is Sara's descendant.
* Catherine is Paul's ancestor.
* Steven is Nicole's ancestor.
* Denise is Jordan's ancestor.
* Samantha is Charlotte's descendant.
* Sophia is Emily's descendant.
* James is Henry's ancestor.
* Debra is Donna's ancestor.
* Nicholas is Douglas's ancestor.
* Frances is Anna's ancestor.
* Keith is Patricia's descendant.
* Kenneth is Kathryn's ancestor.
* Andrew is Donald's descendant.
* Denise is Julia's descendant.
* Pamela is Mary's ancestor.
* Kathleen is Susan's ancestor.
* Jacqueline is Wayne's ancestor.
* Thomas is Dylan's ancestor.
* Charlotte is Jordan's descendant.
* Margaret is Russell's ancestor.
* Rachel is Marie's ancestor.
* Lori is Susan's descendant.
* William is Patricia's ancestor.
* James is Keith's descendant.
* Eric is Kimberly's descendant.
* Nicholas is Emma's descendant.
* Joan is Russell's descendant.
* Carol is Andrew's descendant.
* Jacqueline is Kathryn's descendant.
* Julia is Douglas's descendant.
* Kathleen is Eric's descendant.
* Debra is Marie's descendant.
* Emma is Mary's descendant.
* Frank is Pamela's ancestor.
* Frances is Samantha's descendant.
* Peter is Judith's descendant.
* Amber is William's ancestor.
* Catherine is Henry's descendant.
* Sara is Donna's descendant.
Determine the lineage relationship between Mark and Sophia.
Select the correct answer:
1. Mark is Sophia's descendant.
2. Mark and Sophia share a common ancestor.
3. Mark is Sophia's ancestor.
4. Mark and Sophia share a common descendant.
5. None of the above is correct.
Enclose the selected answer number in the <ANSWER> tag, for example: <ANSWER>1</ANSWER>.",z-ai/glm-4.7,Parasail,,,"Based on the provided lineage relationships, we can trace the ancestry for both Mark and Sophia to find their connection.

**Path 1: From Mark downwards**
1.  **Mark** is Kimberly's ancestor.
2.  Eric is Kimberly's descendant.
3.  Kathleen is Eric's descendant.
4.  Kathleen is Susan's ancestor.
5.  Lori is Susan's descendant.
6.  Rachel is Lori's descendant.
7.  Rachel is Marie's ancestor.
8.  Debra is Marie's descendant.
9.  Debra is Donna's ancestor.
10. Sara is Donna's descendant.
11. Bryan is Sara's descendant.
12. Amber is Bryan's descendant.
13. Amber is William's ancestor.
14. William is Patricia's ancestor.
15. Keith is Patricia's descendant.
16. James is Keith's descendant.
17. James is Henry's ancestor.
18. Catherine is Henry's descendant.
19. Catherine is Paul's ancestor.
20. Paul is Daniel's ancestor.
21. Daniel is Sarah's ancestor.
22. Elijah is Sarah's descendant.
23. **Steven** is Elijah's descendant.

This establishes that Mark is an ancestor of Steven.

**Path 2: From Sophia upwards**
1.  **Sophia** is Emily's descendant.
2.  Walter is Emily's ancestor.
3.  Peter is Walter's ancestor.
4.  Peter is Judith's descendant.
5.  Judith is Anna's descendant.
6.  Frances is Anna's ancestor.
7.  Frances is Samantha's descendant.
8.  Samantha is Charlotte's descendant.
9.  Charlotte is Jordan's descendant.
10. Denise is Jordan's ancestor.
11. Denise is Julia's descendant.
12. Julia is Douglas's descendant.
13. Nicholas is Douglas's ancestor.
14. Nicholas is Emma's descendant.
15. Emma is Mary's descendant.
16. Pamela is Mary's ancestor.
17. Frank is Pamela's ancestor.
18. Frank is Jacob's descendant.
19. Jacob is Wayne's descendant.
20. Jacqueline is Wayne's ancestor.
21. Jacqueline is Kathryn's descendant.
22. Kenneth is Kathryn's ancestor.
23. Kenneth is Joan's descendant.
24. Joan is Russell's descendant.
25. Margaret is Russell's ancestor.
26. Bradley is Margaret's ancestor.
27. Bradley is Bobby's descendant.
28. Bobby is Jessica's descendant.
29. Jessica is Megan's descendant.
30. Megan is Hannah's descendant.
31. Hannah is Jonathan's descendant.
32. Jonathan is Raymond's descendant.
33. Elizabeth is Raymond's ancestor.
34. Dylan is Elizabeth's ancestor.
35. Thomas is Dylan's ancestor.
36. Carol is Thomas's ancestor.
37. Carol is Andrew's descendant.
38. Andrew is Donald's descendant.
39. Nicole is Donald's ancestor.
40. **Steven** is Nicole's ancestor.

This establishes that Steven is an ancestor of Sophia.

**Conclusion**
Connecting the two paths: Mark is an ancestor of Steven, and Steven is an ancestor of Sophia. Therefore, Mark is an ancestor of Sophia.

<ANSWER>3</ANSWER>"
64,DESCENDANT,3,"Given the following lineage relationships:
* Alexis is Stephanie's ancestor.
* Alexander is Emily's ancestor.
* Emma is Rachel's ancestor.
* Susan is Lawrence's descendant.
* Kelly is Alexis's ancestor.
* Scott is John's descendant.
* Keith is Albert's ancestor.
* Scott is Andrew's ancestor.
* Kelly is Anna's descendant.
* Christine is Heather's descendant.
* Grace is Susan's descendant.
* Kimberly is Cynthia's ancestor.
* Stephanie is Deborah's ancestor.
* Emma is Gerald's descendant.
* Doris is Anna's ancestor.
* Abigail is Hannah's ancestor.
* Roger is Christine's descendant.
* Tyler is Brandon's ancestor.
* Bradley is Peter's ancestor.
* Thomas is Joshua's descendant.
* Stephen is Samantha's descendant.
* Lauren is Michael's descendant.
* Justin is Beverly's ancestor.
* Kathryn is Albert's descendant.
* Michael is Rachel's descendant.
* Jean is Donald's descendant.
* Madison is Barbara's ancestor.
* Randy is Sara's descendant.
* Brenda is Thomas's descendant.
* John is Henry's descendant.
* Ann is Samantha's ancestor.
* David is Roger's descendant.
* Robert is Matthew's ancestor.
* Jacqueline is Kathryn's descendant.
* Carolyn is Bradley's ancestor.
* Cynthia is Henry's ancestor.
* Brenda is Donald's ancestor.
* Sara is Stephen's descendant.
* Barbara is Robert's ancestor.
* Dorothy is Hannah's descendant.
* Catherine is Heather's ancestor.
* Abigail is Emily's descendant.
* Sharon is Katherine's descendant.
* Keith is Dorothy's descendant.
* Sharon is Jeremy's ancestor.
* Bobby is Kimberly's ancestor.
* Matthew is Joshua's ancestor.
* Alan is Peter's descendant.
* Carolyn is Jeremy's descendant.
* Lawrence is Brandon's descendant.
* Jack is Nicole's descendant.
* Lauren is Doris's ancestor.
* Grace is Catherine's ancestor.
* Alan is Tyler's ancestor.
* Andrea is Bobby's ancestor.
* Alexander is Randy's descendant.
* Madison is Kyle's descendant.
* Kyle is Andrew's descendant.
* Deborah is Andrea's ancestor.
* Jack is Ann's ancestor.
* David is Justin's ancestor.
* Katherine is Jacqueline's descendant.
* Jean is Nicole's ancestor.
Determine the lineage relationship between Beverly and Gerald.
Select the correct answer:
1. Beverly and Gerald share a common descendant.
2. Beverly is Gerald's ancestor.
3. Beverly is Gerald's descendant.
4. Beverly and Gerald share a common ancestor.
5. None of the above is correct.
Enclose the selected answer number in the <ANSWER> tag, for example: <ANSWER>1</ANSWER>.",z-ai/glm-4.7,Parasail,,,"To determine the lineage relationship between Beverly and Gerald, we trace the chain of ancestors and descendants provided in the statements.

1.  **Statement 23:** Justin is Beverly's ancestor.
    *   Justin $\rightarrow$ Beverly

2.  **Statement 61:** David is Justin's ancestor.
    *   David $\rightarrow$ Justin $\rightarrow$ Beverly

3.  **Statement 32:** David is Roger's descendant.
    *   Roger $\rightarrow$ David $\rightarrow$ Justin $\rightarrow$ Beverly

4.  **Statement 17:** Roger is Christine's descendant.
    *   Christine $\rightarrow$ Roger $\rightarrow$ David $\rightarrow$ Justin $\rightarrow$ Beverly

5.  **Statement 10:** Christine is Heather's descendant.
    *   Heather $\rightarrow$ Christine $\rightarrow$ Roger $\rightarrow$ David $\rightarrow$ Justin $\rightarrow$ Beverly

6.  **Statement 41:** Catherine is Heather's ancestor.
    *   Catherine $\rightarrow$ Heather $\rightarrow$ Christine $\rightarrow$ Roger $\rightarrow$ David $\rightarrow$ Justin $\rightarrow$ Beverly

7.  **Statement 53:** Grace is Catherine's ancestor.
    *   Grace $\rightarrow$ Catherine $\rightarrow$ Heather $\rightarrow$ Christine $\rightarrow$ Roger $\rightarrow$ David $\rightarrow$ Justin $\rightarrow$ Beverly

8.  **Statement 11:** Grace is Susan's descendant.
    *   Susan $\rightarrow$ Grace $\rightarrow$ Catherine $\rightarrow$ Heather $\rightarrow$ Christine $\rightarrow$ Roger $\rightarrow$ David $\rightarrow$ Justin $\rightarrow$ Beverly

9.  **Statement 4:** Susan is Lawrence's descendant.
    *   Lawrence $\rightarrow$ Susan $\rightarrow$ Grace $\rightarrow$ Catherine $\rightarrow$ Heather $\rightarrow$ Christine $\rightarrow$ Roger $\rightarrow$ David $\rightarrow$ Justin $\rightarrow$ Beverly

10. **Statement 50:** Lawrence is Brandon's descendant.
    *   Brandon $\rightarrow$ Lawrence $\rightarrow$ Susan $\rightarrow$ Grace $\rightarrow$ Catherine $\rightarrow$ Heather $\rightarrow$ Christine $\rightarrow$ Roger $\rightarrow$ David $\rightarrow$ Justin $\rightarrow$ Beverly

11. **Statement 18:** Tyler is Brandon's ancestor.
    *   Tyler $\rightarrow$ Brandon $\rightarrow$ Lawrence $\rightarrow$ Susan $\rightarrow$ Grace $\rightarrow$ Catherine $\rightarrow$ Heather $\rightarrow$ Christine $\rightarrow$ Roger $\rightarrow$ David $\rightarrow$ Justin $\rightarrow$ Beverly

12. **Statement 54:** Alan is Tyler's ancestor.
    *   Alan $\rightarrow$ Tyler $\rightarrow$ Brandon $\rightarrow$ Lawrence $\rightarrow$ Susan $\rightarrow$ Grace $\rightarrow$ Catherine $\rightarrow$ Heather $\rightarrow$ Christine $\rightarrow$ Roger $\rightarrow$ David $\rightarrow$ Justin $\rightarrow$ Beverly

13. **Statement 48:** Alan is Peter's descendant.
    *   Peter $\rightarrow$ Alan $\rightarrow$ Tyler $\rightarrow$ Brandon $\rightarrow$ Lawrence $\rightarrow$ Susan $\rightarrow$ Grace $\rightarrow$ Catherine $\rightarrow$ Heather $\rightarrow$ Christine $\rightarrow$ Roger $\rightarrow$ David $\rightarrow$ Justin $\rightarrow$ Beverly

14. **Statement 19:** Bradley is Peter's ancestor.
    *   Bradley $\rightarrow$ Peter $\rightarrow$ Alan $\rightarrow$ Tyler $\rightarrow$ Brandon $\rightarrow$ Lawrence $\rightarrow$ Susan $\rightarrow$ Grace $\rightarrow$ Catherine $\rightarrow$ Heather $\rightarrow$ Christine $\rightarrow$ Roger $\rightarrow$ David $\rightarrow$ Justin $\rightarrow$ Beverly

15. **Statement 35:** Carolyn is Bradley's ancestor.
    *   Carolyn $\rightarrow$ Bradley $\rightarrow$ Peter $\rightarrow$ Alan $\rightarrow$ Tyler $\rightarrow$ Brandon $\rightarrow$ Lawrence $\rightarrow$ Susan $\rightarrow$ Grace $\rightarrow$ Catherine $\rightarrow$ Heather $\rightarrow$ Christine $\rightarrow$ Roger $\rightarrow$ David $\rightarrow$ Justin $\rightarrow$ Beverly

16. **Statement 49:** Carolyn is Jeremy's descendant.
    *   Jeremy $\rightarrow$ Carolyn $\rightarrow$ Bradley $\rightarrow$ Peter $\rightarrow$ Alan $\rightarrow$ Tyler $\rightarrow$ Brandon $\rightarrow$ Lawrence $\rightarrow$ Susan $\rightarrow$ Grace $\rightarrow$ Catherine $\rightarrow$ Heather $\rightarrow$ Christine $\rightarrow$ Roger $\rightarrow$ David $\rightarrow$ Justin $\rightarrow$ Beverly

17. **Statement 45:** Sharon is Jeremy's ancestor.
    *   Sharon $\rightarrow$ Jeremy $\rightarrow$ Carolyn $\rightarrow$ Bradley $\rightarrow$ Peter $\rightarrow$ Alan $\rightarrow$ Tyler $\rightarrow$ Brandon $\rightarrow$ Lawrence $\rightarrow$ Susan $\rightarrow$ Grace $\rightarrow$ Catherine $\rightarrow$ Heather $\rightarrow$ Christine $\rightarrow$ Roger $\rightarrow$ David $\rightarrow$ Justin $\rightarrow$ Beverly

18. **Statement 43:** Sharon is Katherine's descendant.
    *   Katherine $\rightarrow$ Sharon $\rightarrow$ Jeremy $\rightarrow$ Carolyn $\rightarrow$ Bradley $\rightarrow$ Peter $\rightarrow$ Alan $\rightarrow$ Tyler $\rightarrow$ Brandon $\rightarrow$ Lawrence $\rightarrow$ Susan $\rightarrow$ Grace $\rightarrow$ Catherine $\rightarrow$ Heather $\rightarrow$ Christine $\rightarrow$ Roger $\rightarrow$ David $\rightarrow$ Justin $\rightarrow$ Beverly

19. **Statement 62:** Katherine is Jacqueline's descendant.
    *   Jacqueline $\rightarrow$ Katherine $\rightarrow$ Sharon $\rightarrow$ Jeremy $\rightarrow$ Carolyn $\rightarrow$ Bradley $\rightarrow$ Peter $\rightarrow$ Alan $\rightarrow$ Tyler $\rightarrow$ Brandon $\rightarrow$ Lawrence $\rightarrow$ Susan $\rightarrow$ Grace $\rightarrow$ Catherine $\rightarrow$ Heather $\rightarrow$ Christine $\rightarrow$ Roger $\rightarrow$ David $\rightarrow$ Justin $\rightarrow$ Beverly

20. **Statement 34:** Jacqueline is Kathryn's descendant.
    *   Kathryn $\rightarrow$ Jacqueline $\rightarrow$ Katherine $\rightarrow$ Sharon $\rightarrow$ Jeremy $\rightarrow$ Carolyn $\rightarrow$ Bradley $\rightarrow$ Peter $\rightarrow$ Alan $\rightarrow$ Tyler $\rightarrow$ Brandon $\rightarrow$ Lawrence $\rightarrow$ Susan $\rightarrow$ Grace $\rightarrow$ Catherine $\rightarrow$ Heather $\rightarrow$ Christine $\rightarrow$ Roger $\rightarrow$ David $\rightarrow$ Justin $\rightarrow$ Beverly

21. **Statement 24:** Kathryn is Albert's descendant.
    *   Albert $\rightarrow$ Kathryn $\rightarrow$ Jacqueline $\rightarrow$ Katherine $\rightarrow$ Sharon $\rightarrow$ Jeremy $\rightarrow$ Carolyn $\rightarrow$ Bradley $\rightarrow$ Peter $\rightarrow$ Alan $\rightarrow$ Tyler $\rightarrow$ Brandon $\rightarrow$ Lawrence $\rightarrow$ Susan $\rightarrow$ Grace $\rightarrow$ Catherine $\rightarrow$ Heather $\rightarrow$ Christine $\rightarrow$ Roger $\rightarrow$ David $\rightarrow$ Justin $\rightarrow$ Beverly

22. **Statement 7:** Keith is Albert's ancestor.
    *   Keith $\rightarrow$ Albert $\rightarrow$ Kathryn $\rightarrow$ Jacqueline $\rightarrow$ Katherine $\rightarrow$ Sharon $\rightarrow$ Jeremy $\rightarrow$ Carolyn $\rightarrow$ Bradley $\rightarrow$ Peter $\rightarrow$ Alan $\rightarrow$ Tyler $\rightarrow$ Brandon $\rightarrow$ Lawrence $\rightarrow$ Susan $\rightarrow$ Grace $\rightarrow$ Catherine $\rightarrow$ Heather $\rightarrow$ Christine $\rightarrow$ Roger $\rightarrow$ David $\rightarrow$ Justin $\rightarrow$ Beverly

23. **Statement 44:** Keith is Dorothy's descendant.
    *   Dorothy $\rightarrow$ Keith $\rightarrow$ Albert $\rightarrow$ Kathryn $\rightarrow$ Jacqueline $\rightarrow$ Katherine $\rightarrow$ Sharon $\rightarrow$ Jeremy $\rightarrow$ Carolyn $\rightarrow$ Bradley $\rightarrow$ Peter $\rightarrow$ Alan $\rightarrow$ Tyler $\rightarrow$ Brandon $\rightarrow$ Lawrence $\rightarrow$ Susan $\rightarrow$ Grace $\rightarrow$ Catherine $\rightarrow$ Heather $\rightarrow$ Christine $\rightarrow$ Roger $\rightarrow$ David $\rightarrow$ Justin $\rightarrow$ Beverly

24. **Statement 40:** Dorothy is Hannah's descendant.
    *   Hannah $\rightarrow$ Dorothy $\rightarrow$ Keith $\rightarrow$ Albert $\rightarrow$ Kathryn $\rightarrow$ Jacqueline $\rightarrow$ Katherine $\rightarrow$ Sharon $\rightarrow$ Jeremy $\rightarrow$ Carolyn $\rightarrow$ Bradley $\rightarrow$ Peter $\rightarrow$ Alan $\rightarrow$ Tyler $\rightarrow$ Brandon $\rightarrow$ Lawrence $\rightarrow$ Susan $\rightarrow$ Grace $\rightarrow$ Catherine $\rightarrow$ Heather $\rightarrow$ Christine $\rightarrow$ Roger $\rightarrow$ David $\rightarrow$ Justin $\rightarrow$ Beverly

25. **Statement 16:** Abigail is Hannah's ancestor.
    *   Abigail $\rightarrow$ Hannah $\rightarrow$ Dorothy $\rightarrow$ Keith $\rightarrow$ Albert $\rightarrow$ Kathryn $\rightarrow$ Jacqueline $\rightarrow$ Katherine $\rightarrow$ Sharon $\rightarrow$ Jeremy $\rightarrow$ Carolyn $\rightarrow$ Bradley $\rightarrow$ Peter $\rightarrow$ Alan $\rightarrow$ Tyler $\rightarrow$ Brandon $\rightarrow$ Lawrence $\rightarrow$ Susan $\rightarrow$ Grace $\rightarrow$ Catherine $\rightarrow$ Heather $\rightarrow$ Christine $\rightarrow$ Roger $\rightarrow$ David $\rightarrow$ Justin $\rightarrow$ Beverly

26. **Statement 42:** Abigail is Emily's descendant.
    *   Emily $\rightarrow$ Abigail $\rightarrow$ Hannah $\rightarrow$ Dorothy $\rightarrow$ Keith $\rightarrow$ Albert $\rightarrow$ Kathryn $\rightarrow$ Jacqueline $\rightarrow$ Katherine $\rightarrow$ Sharon $\rightarrow$ Jeremy $\rightarrow$ Carolyn $\rightarrow$ Bradley $\rightarrow$ Peter $\rightarrow$ Alan $\rightarrow$ Tyler $\rightarrow$ Brandon $\rightarrow$ Lawrence $\rightarrow$ Susan $\rightarrow$ Grace $\rightarrow$ Catherine $\rightarrow$ Heather $\rightarrow$ Christine $\rightarrow$ Roger $\rightarrow$ David $\rightarrow$ Justin $\rightarrow$ Beverly

27. **Statement 2:** Alexander is Emily's ancestor.
    *   Alexander $\rightarrow$ Emily $\rightarrow$ Abigail $\rightarrow$ Hannah $\rightarrow$ Dorothy $\rightarrow$ Keith $\rightarrow$ Albert $\rightarrow$ Kathryn $\rightarrow$ Jacqueline $\rightarrow$ Katherine $\rightarrow$ Sharon $\rightarrow$ Jeremy $\rightarrow$ Carolyn $\rightarrow$ Bradley $\rightarrow$ Peter $\rightarrow$ Alan $\rightarrow$ Tyler $\rightarrow$ Brandon $\rightarrow$ Lawrence $\rightarrow$ Susan $\rightarrow$ Grace $\rightarrow$ Catherine $\rightarrow$ Heather $\rightarrow$ Christine $\rightarrow$ Roger $\rightarrow$ David $\rightarrow$ Justin $\rightarrow$ Beverly

28. **Statement 56:** Alexander is Randy's descendant.
    *   Randy $\rightarrow$ Alexander $\rightarrow$ Emily $\rightarrow$ Abigail $\rightarrow$ Hannah $\rightarrow$ Dorothy $\rightarrow$ Keith $\rightarrow$ Albert $\rightarrow$ Kathryn $\rightarrow$ Jacqueline $\rightarrow$ Katherine $\rightarrow$ Sharon $\rightarrow$ Jeremy $\rightarrow$ Carolyn $\rightarrow$ Bradley $\rightarrow$ Peter $\rightarrow$ Alan $\rightarrow$ Tyler $\rightarrow$ Brandon $\rightarrow$ Lawrence $\rightarrow$ Susan $\rightarrow$ Grace $\rightarrow$ Catherine $\rightarrow$ Heather $\rightarrow$ Christine $\rightarrow$ Roger $\rightarrow$ David $\rightarrow$ Justin $\rightarrow$ Beverly

29. **Statement 28:** Randy is Sara's descendant.
    *   Sara $\rightarrow$ Randy $\rightarrow$ Alexander $\rightarrow$ Emily $\rightarrow$ Abigail $\rightarrow$ Hannah $\rightarrow$ Dorothy $\rightarrow$ Keith $\rightarrow$ Albert $\rightarrow$ Kathryn $\rightarrow$ Jacqueline $\rightarrow$ Katherine $\rightarrow$ Sharon $\rightarrow$ Jeremy $\rightarrow$ Carolyn $\rightarrow$ Bradley $\rightarrow$ Peter $\rightarrow$ Alan $\rightarrow$ Tyler $\rightarrow$ Brandon $\rightarrow$ Lawrence $\rightarrow$ Susan $\rightarrow$ Grace $\rightarrow$ Catherine $\rightarrow$ Heather $\rightarrow$ Christine $\rightarrow$ Roger $\rightarrow$ David $\rightarrow$ Justin $\rightarrow$ Beverly

30. **Statement 38:** Sara is Stephen's descendant.
    *   Stephen $\rightarrow$ Sara $\rightarrow$ Randy $\rightarrow$ Alexander $\rightarrow$ Emily $\rightarrow$ Abigail $\rightarrow$ Hannah $\rightarrow$ Dorothy $\rightarrow$ Keith $\rightarrow$ Albert $\rightarrow$ Kathryn $\rightarrow$ Jacqueline $\rightarrow$ Katherine $\rightarrow$ Sharon $\rightarrow$ Jeremy $\rightarrow$ Carolyn $\rightarrow$ Bradley $\rightarrow$ Peter $\rightarrow$ Alan $\rightarrow$ Tyler $\rightarrow$ Brandon $\rightarrow$ Lawrence $\rightarrow$ Susan $\rightarrow$ Grace $\rightarrow$ Catherine $\rightarrow$ Heather $\rightarrow$ Christine $\rightarrow$ Roger $\rightarrow$ David $\rightarrow$ Justin $\rightarrow$ Beverly

31. **Statement 21:** Stephen is Samantha's descendant.
    *   Samantha $\rightarrow$ Stephen $\rightarrow$ Sara $\rightarrow$ Randy $\rightarrow$ Alexander $\rightarrow$ Emily $\rightarrow$ Abigail $\rightarrow$ Hannah $\rightarrow$ Dorothy $\rightarrow$ Keith $\rightarrow$ Albert $\rightarrow$ Kathryn $\rightarrow$ Jacqueline $\rightarrow$ Katherine $\rightarrow$ Sharon $\rightarrow$ Jeremy $\rightarrow$ Carolyn $\rightarrow$ Bradley $\rightarrow$ Peter $\rightarrow$ Alan $\rightarrow$ Tyler $\rightarrow$ Brandon $\rightarrow$ Lawrence $\rightarrow$ Susan $\rightarrow$ Grace $\rightarrow$ Catherine $\rightarrow$ Heather $\rightarrow$ Christine $\rightarrow$ Roger $\rightarrow$ David $\rightarrow$ Justin $\rightarrow$ Beverly

32. **Statement 31:** Ann is Samantha's ancestor.
    *   Ann $\rightarrow$ Samantha $\rightarrow$ Stephen $\rightarrow$ Sara $\rightarrow$ Randy $\rightarrow$ Alexander $\rightarrow$ Emily $\rightarrow$ Abigail $\rightarrow$ Hannah $\rightarrow$ Dorothy $\rightarrow$ Keith $\rightarrow$ Albert $\rightarrow$ Kathryn $\rightarrow$ Jacqueline $\rightarrow$ Katherine $\rightarrow$ Sharon $\rightarrow$ Jeremy $\rightarrow$ Carolyn $\rightarrow$ Bradley $\rightarrow$ Peter $\rightarrow$ Alan $\rightarrow$ Tyler $\rightarrow$ Brandon $\rightarrow$ Lawrence $\rightarrow$ Susan $\rightarrow$ Grace $\rightarrow$ Catherine $\rightarrow$ Heather $\rightarrow$ Christine $\rightarrow$ Roger $\rightarrow$ David $\rightarrow$ Justin $\rightarrow$ Beverly

33. **Statement 60:** Jack is Ann's ancestor.
    *   Jack $\rightarrow$ Ann $\rightarrow$ Samantha $\rightarrow$ Stephen $\rightarrow$ Sara $\rightarrow$ Randy $\rightarrow$ Alexander $\rightarrow$ Emily $\rightarrow$ Abigail $\rightarrow$ Hannah $\rightarrow$ Dorothy $\rightarrow$ Keith $\rightarrow$ Albert $\rightarrow$ Kathryn $\rightarrow$ Jacqueline $\rightarrow$ Katherine $\rightarrow$ Sharon $\rightarrow$ Jeremy $\rightarrow$ Carolyn $\rightarrow$ Bradley $\rightarrow$ Peter $\rightarrow$ Alan $\rightarrow$ Tyler $\rightarrow$ Brandon $\rightarrow$ Lawrence $\rightarrow$ Susan $\rightarrow$ Grace $\rightarrow$ Catherine $\rightarrow$ Heather $\rightarrow$ Christine $\rightarrow$ Roger $\rightarrow$ David $\rightarrow$ Justin $\rightarrow$ Beverly

34. **Statement 51:** Jack is Nicole's descendant.
    *   Nicole $\rightarrow$ Jack $\rightarrow$ Ann $\rightarrow$ Samantha $\rightarrow$ Stephen $\rightarrow$ Sara $\rightarrow$ Randy $\rightarrow$ Alexander $\rightarrow$ Emily $\rightarrow$ Abigail $\rightarrow$ Hannah $\rightarrow$ Dorothy $\rightarrow$ Keith $\rightarrow$ Albert $\rightarrow$ Kathryn $\rightarrow$ Jacqueline $\rightarrow$ Katherine $\rightarrow$ Sharon $\rightarrow$ Jeremy $\rightarrow$ Carolyn $\rightarrow$ Bradley $\rightarrow$ Peter $\rightarrow$ Alan $\rightarrow$ Tyler $\rightarrow$ Brandon $\rightarrow$ Lawrence $\rightarrow$ Susan $\rightarrow$ Grace $\rightarrow$ Catherine $\rightarrow$ Heather $\rightarrow$ Christine $\rightarrow$ Roger $\rightarrow$ David $\rightarrow$ Justin $\rightarrow$ Beverly

35. **Statement 63:** Jean is Nicole's ancestor.
    *   Jean $\rightarrow$ Nicole $\rightarrow$ Jack $\rightarrow$ Ann $\rightarrow$ Samantha $\rightarrow$ Stephen $\rightarrow$ Sara $\rightarrow$ Randy $\rightarrow$ Alexander $\rightarrow$ Emily $\rightarrow$ Abigail $\rightarrow$ Hannah $\rightarrow$ Dorothy $\rightarrow$ Keith $\rightarrow$ Albert $\rightarrow$ Kathryn $\rightarrow$ Jacqueline $\rightarrow$ Katherine $\rightarrow$ Sharon $\rightarrow$ Jeremy $\rightarrow$ Carolyn $\rightarrow$ Bradley $\rightarrow$ Peter $\rightarrow$ Alan $\rightarrow$ Tyler $\rightarrow$ Brandon $\rightarrow$ Lawrence $\rightarrow$ Susan $\rightarrow$ Grace $\rightarrow$ Catherine $\rightarrow$ Heather $\rightarrow$ Christine $\rightarrow$ Roger $\rightarrow$ David $\rightarrow$ Justin $\rightarrow$ Beverly

36. **Statement 26:** Jean is Donald's descendant.
    *   Donald $\rightarrow$ Jean $\rightarrow$ Nicole $\rightarrow$ Jack $\rightarrow$ Ann $\rightarrow$ Samantha $\rightarrow$ Stephen $\rightarrow$ Sara $\rightarrow$ Randy $\rightarrow$ Alexander $\rightarrow$ Emily $\rightarrow$ Abigail $\rightarrow$ Hannah $\rightarrow$ Dorothy $\rightarrow$ Keith $\rightarrow$ Albert $\rightarrow$ Kathryn $\rightarrow$ Jacqueline $\rightarrow$ Katherine $\rightarrow$ Sharon $\rightarrow$ Jeremy $\rightarrow$ Carolyn $\rightarrow$ Bradley $\rightarrow$ Peter $\rightarrow$ Alan $\rightarrow$ Tyler $\rightarrow$ Brandon $\rightarrow$ Lawrence $\rightarrow$ Susan $\rightarrow$ Grace $\rightarrow$ Catherine $\rightarrow$ Heather $\rightarrow$ Christine $\rightarrow$ Roger $\rightarrow$ David $\rightarrow$ Justin $\rightarrow$ Beverly

37. **Statement 37:** Brenda is Donald's ancestor.
    *   Brenda $\rightarrow$ Donald $\rightarrow$ Jean $\rightarrow$ Nicole $\rightarrow$ Jack $\rightarrow$ Ann $\rightarrow$ Samantha $\rightarrow$ Stephen $\rightarrow$ Sara $\rightarrow$ Randy $\rightarrow$ Alexander $\rightarrow$ Emily $\rightarrow$ Abigail $\rightarrow$ Hannah $\rightarrow$ Dorothy $\rightarrow$ Keith $\rightarrow$ Albert $\rightarrow$ Kathryn $\rightarrow$ Jacqueline $\rightarrow$ Katherine $\rightarrow$ Sharon $\rightarrow$ Jeremy $\rightarrow$ Carolyn $\rightarrow$ Bradley $\rightarrow$ Peter $\rightarrow$ Alan $\rightarrow$ Tyler $\rightarrow$ Brandon $\rightarrow$ Lawrence $\rightarrow$ Susan $\rightarrow$ Grace $\rightarrow$ Catherine $\rightarrow$ Heather $\rightarrow$ Christine $\rightarrow$ Roger $\rightarrow$ David $\rightarrow$ Justin $\rightarrow$ Beverly

38. **Statement 29:** Brenda is Thomas's descendant.
    *   Thomas $\rightarrow$ Brenda $\rightarrow$ Donald $\rightarrow$ Jean $\rightarrow$ Nicole $\rightarrow$ Jack $\rightarrow$ Ann $\rightarrow$ Samantha $\rightarrow$ Stephen $\rightarrow$ Sara $\rightarrow$ Randy $\rightarrow$ Alexander $\rightarrow$ Emily $\rightarrow$ Abigail $\rightarrow$ Hannah $\rightarrow$ Dorothy $\rightarrow$ Keith $\rightarrow$ Albert $\rightarrow$ Kathryn $\rightarrow$ Jacqueline $\rightarrow$ Katherine $\rightarrow$ Sharon $\rightarrow$ Jeremy $\rightarrow$ Carolyn $\rightarrow$ Bradley $\rightarrow$ Peter $\rightarrow$ Alan $\rightarrow$ Tyler $\rightarrow$ Brandon $\rightarrow$ Lawrence $\rightarrow$ Susan $\rightarrow$ Grace $\rightarrow$ Catherine $\rightarrow$ Heather $\rightarrow$ Christine $\rightarrow$ Roger $\rightarrow$ David $\rightarrow$ Justin $\rightarrow$ Beverly

39. **Statement 20:** Thomas is Joshua's descendant.
    *   Joshua $\rightarrow$ Thomas $\rightarrow$ Brenda $\rightarrow$ Donald $\rightarrow$ Jean $\rightarrow$ Nicole $\rightarrow$ Jack $\rightarrow$ Ann $\rightarrow$ Samantha $\rightarrow$ Stephen $\rightarrow$ Sara $\rightarrow$ Randy $\rightarrow$ Alexander $\rightarrow$ Emily $\rightarrow$ Abigail $\rightarrow$ Hannah $\rightarrow$ Dorothy $\rightarrow$ Keith $\rightarrow$ Albert $\rightarrow$ Kathryn $\rightarrow$ Jacqueline $\rightarrow$ Katherine $\rightarrow$ Sharon $\rightarrow$ Jeremy $\rightarrow$ Carolyn $\rightarrow$ Bradley $\rightarrow$ Peter $\rightarrow$ Alan $\rightarrow$ Tyler $\rightarrow$ Brandon $\rightarrow$ Lawrence $\rightarrow$ Susan $\rightarrow$ Grace $\rightarrow$ Catherine $\rightarrow$ Heather $\rightarrow$ Christine $\rightarrow$ Roger $\rightarrow$ David $\rightarrow$ Justin $\rightarrow$ Beverly

40. **Statement 47:** Matthew is Joshua's ancestor.
    *   Matthew $\rightarrow$ Joshua $\rightarrow$ Thomas $\rightarrow$ Brenda $\rightarrow$ Donald $\rightarrow$ Jean $\rightarrow$ Nicole $\rightarrow$ Jack $\rightarrow$ Ann $\rightarrow$ Samantha $\rightarrow$ Stephen $\rightarrow$ Sara $\rightarrow$ Randy $\rightarrow$ Alexander $\rightarrow$ Emily $\rightarrow$ Abigail $\rightarrow$ Hannah $\rightarrow$ Dorothy $\rightarrow$ Keith $\rightarrow$ Albert $\rightarrow$ Kathryn $\rightarrow$ Jacqueline $\rightarrow$ Katherine $\rightarrow$ Sharon $\rightarrow$ Jeremy $\rightarrow$ Carolyn $\rightarrow$ Bradley $\rightarrow$ Peter $\rightarrow$ Alan $\rightarrow$ Tyler $\rightarrow$ Brandon $\rightarrow$ Lawrence $\rightarrow$ Susan $\rightarrow$ Grace $\rightarrow$ Catherine $\rightarrow$ Heather $\rightarrow$ Christine $\rightarrow$ Roger $\rightarrow$ David $\rightarrow$ Justin $\rightarrow$ Beverly

41. **Statement 33:** Robert is Matthew's ancestor.
    *   Robert $\rightarrow$ Matthew $\rightarrow$ Joshua $\rightarrow$ Thomas $\rightarrow$ Brenda $\rightarrow$ Donald $\rightarrow$ Jean $\rightarrow$ Nicole $\rightarrow$ Jack $\rightarrow$ Ann $\rightarrow$ Samantha $\rightarrow$ Stephen $\rightarrow$ Sara $\rightarrow$ Randy $\rightarrow$ Alexander $\rightarrow$ Emily $\rightarrow$ Abigail $\rightarrow$ Hannah $\rightarrow$ Dorothy $\rightarrow$ Keith $\rightarrow$ Albert $\rightarrow$ Kathryn $\rightarrow$ Jacqueline $\rightarrow$ Katherine $\rightarrow$ Sharon $\rightarrow$ Jeremy $\rightarrow$ Carolyn $\rightarrow$ Bradley $\rightarrow$ Peter $\rightarrow$ Alan $\rightarrow$ Tyler $\rightarrow$ Brandon $\rightarrow$ Lawrence $\rightarrow$ Susan $\rightarrow$ Grace $\rightarrow$ Catherine $\rightarrow$ Heather $\rightarrow$ Christine $\rightarrow$ Roger $\rightarrow$ David $\rightarrow$ Justin $\rightarrow$ Beverly

42. **Statement 39:** Barbara is Robert's ancestor.
    *   Barbara $\rightarrow$ Robert $\rightarrow$ Matthew $\rightarrow$ Joshua $\rightarrow$ Thomas $\rightarrow$ Brenda $\rightarrow$ Donald $\rightarrow$ Jean $\rightarrow$ Nicole $\rightarrow$ Jack $\rightarrow$ Ann $\rightarrow$ Samantha $\rightarrow$ Stephen $\rightarrow$ Sara $\rightarrow$ Randy $\rightarrow$ Alexander $\rightarrow$ Emily $\rightarrow$ Abigail $\rightarrow$ Hannah $\rightarrow$ Dorothy $\rightarrow$ Keith $\rightarrow$ Albert $\rightarrow$ Kathryn $\rightarrow$ Jacqueline $\rightarrow$ Katherine $\rightarrow$ Sharon $\rightarrow$ Jeremy $\rightarrow$ Carolyn $\rightarrow$ Bradley $\rightarrow$ Peter $\rightarrow$ Alan $\rightarrow$ Tyler $\rightarrow$ Brandon $\rightarrow$ Lawrence $\rightarrow$ Susan $\rightarrow$ Grace $\rightarrow$ Catherine $\rightarrow$ Heather $\rightarrow$ Christine $\rightarrow$ Roger $\rightarrow$ David $\rightarrow$ Justin $\rightarrow$ Beverly

43. **Statement 27:** Madison is Barbara's ancestor.
    *   Madison $\rightarrow$ Barbara $\rightarrow$ Robert $\rightarrow$ Matthew $\rightarrow$ Joshua $\rightarrow$ Thomas $\rightarrow$ Brenda $\rightarrow$ Donald $\rightarrow$ Jean $\rightarrow$ Nicole $\rightarrow$ Jack $\rightarrow$ Ann $\rightarrow$ Samantha $\rightarrow$ Stephen $\rightarrow$ Sara $\rightarrow$ Randy $\rightarrow$ Alexander $\rightarrow$ Emily $\rightarrow$ Abigail $\rightarrow$ Hannah $\rightarrow$ Dorothy $\rightarrow$ Keith $\rightarrow$ Albert $\rightarrow$ Kathryn $\rightarrow$ Jacqueline $\rightarrow$ Katherine $\rightarrow$ Sharon $\rightarrow$ Jeremy $\rightarrow$ Carolyn $\rightarrow$ Bradley $\rightarrow$ Peter $\rightarrow$ Alan $\rightarrow$ Tyler $\rightarrow$ Brandon $\rightarrow$ Lawrence $\rightarrow$ Susan $\rightarrow$ Grace $\rightarrow$ Catherine $\rightarrow$ Heather $\rightarrow$ Christine $\rightarrow$ Roger $\rightarrow$ David $\rightarrow$ Justin $\rightarrow$ Beverly

44. **Statement 57:** Madison is Kyle's descendant.
    *   Kyle $\rightarrow$ Madison $\rightarrow$ Barbara $\rightarrow$ Robert $\rightarrow$ Matthew $\rightarrow$ Joshua $\rightarrow$ Thomas $\rightarrow$ Brenda $\rightarrow$ Donald $\rightarrow$ Jean $\rightarrow$ Nicole $\rightarrow$ Jack $\rightarrow$ Ann $\rightarrow$ Samantha $\rightarrow$ Stephen $\rightarrow$ Sara $\rightarrow$ Randy $\rightarrow$ Alexander $\rightarrow$ Emily $\rightarrow$ Abigail $\rightarrow$ Hannah $\rightarrow$ Dorothy $\rightarrow$ Keith $\rightarrow$ Albert $\rightarrow$ Kathryn $\rightarrow$ Jacqueline $\rightarrow$ Katherine $\rightarrow$ Sharon $\rightarrow$ Jeremy $\rightarrow$ Carolyn $\rightarrow$ Bradley $\rightarrow$ Peter $\rightarrow$ Alan $\rightarrow$ Tyler $\rightarrow$ Brandon $\rightarrow$ Lawrence $\rightarrow$ Susan $\rightarrow$ Grace $\rightarrow$ Catherine $\rightarrow$ Heather $\rightarrow$ Christine $\rightarrow$ Roger $\rightarrow$ David $\rightarrow$ Justin $\rightarrow$ Beverly

45. **Statement 58:** Kyle is Andrew's descendant.
    *   Andrew $\rightarrow$ Kyle $\rightarrow$ Madison $\rightarrow$ Barbara $\rightarrow$ Robert $\rightarrow$ Matthew $\rightarrow$ Joshua $\rightarrow$ Thomas $\rightarrow$ Brenda $\rightarrow$ Donald $\rightarrow$ Jean $\rightarrow$ Nicole $\rightarrow$ Jack $\rightarrow$ Ann $\rightarrow$ Samantha $\rightarrow$ Stephen $\rightarrow$ Sara $\rightarrow$ Randy $\rightarrow$ Alexander $\rightarrow$ Emily $\rightarrow$ Abigail $\rightarrow$ Hannah $\rightarrow$ Dorothy $\rightarrow$ Keith $\rightarrow$ Albert $\rightarrow$ Kathryn $\rightarrow$ Jacqueline $\rightarrow$ Katherine $\rightarrow$ Sharon $\rightarrow$ Jeremy $\rightarrow$ Carolyn $\rightarrow$ Bradley $\rightarrow$ Peter $\rightarrow$ Alan $\rightarrow$ Tyler $\rightarrow$ Brandon $\rightarrow$ Lawrence $\rightarrow$ Susan $\rightarrow$ Grace $\rightarrow$ Catherine $\rightarrow$ Heather $\rightarrow$ Christine $\rightarrow$ Roger $\rightarrow$ David $\rightarrow$ Justin $\rightarrow$ Beverly

46. **Statement 8:** Scott is Andrew's ancestor.
    *   Scott $\rightarrow$ Andrew $\rightarrow$ Kyle $\rightarrow$ Madison $\rightarrow$ Barbara $\rightarrow$ Robert $\rightarrow$ Matthew $\rightarrow$ Joshua $\rightarrow$ Thomas $\rightarrow$ Brenda $\rightarrow$ Donald $\rightarrow$ Jean $\rightarrow$ Nicole $\rightarrow$ Jack $\rightarrow$ Ann $\rightarrow$ Samantha $\rightarrow$ Stephen $\rightarrow$ Sara $\rightarrow$ Randy $\rightarrow$ Alexander $\rightarrow$ Emily $\rightarrow$ Abigail $\rightarrow$ Hannah $\rightarrow$ Dorothy $\rightarrow$ Keith $\rightarrow$ Albert $\rightarrow$ Kathryn $\rightarrow$ Jacqueline $\rightarrow$ Katherine $\rightarrow$ Sharon $\rightarrow$ Jeremy $\rightarrow$ Carolyn $\rightarrow$ Bradley $\rightarrow$ Peter $\rightarrow$ Alan $\rightarrow$ Tyler $\rightarrow$ Brandon $\rightarrow$ Lawrence $\rightarrow$ Susan $\rightarrow$ Grace $\rightarrow$ Catherine $\rightarrow$ Heather $\rightarrow$ Christine $\rightarrow$ Roger $\rightarrow$ David $\rightarrow$ Justin $\rightarrow$ Beverly

47. **Statement 6:** Scott is John's descendant.
    *   John $\rightarrow$ Scott $\rightarrow$ Andrew $\rightarrow$ Kyle $\rightarrow$ Madison $\rightarrow$ Barbara $\rightarrow$ Robert $\rightarrow$ Matthew $\rightarrow$ Joshua $\rightarrow$ Thomas $\rightarrow$ Brenda $\rightarrow$ Donald $\rightarrow$ Jean $\rightarrow$ Nicole $\rightarrow$ Jack $\rightarrow$ Ann $\rightarrow$ Samantha $\rightarrow$ Stephen $\rightarrow$ Sara $\rightarrow$ Randy $\rightarrow$ Alexander $\rightarrow$ Emily $\rightarrow$ Abigail $\rightarrow$ Hannah $\rightarrow$ Dorothy $\rightarrow$ Keith $\rightarrow$ Albert $\rightarrow$ Kathryn $\rightarrow$ Jacqueline $\rightarrow$ Katherine $\rightarrow$ Sharon $\rightarrow$ Jeremy $\rightarrow$ Carolyn $\rightarrow$ Bradley $\rightarrow$ Peter $\rightarrow$ Alan $\rightarrow$ Tyler $\rightarrow$ Brandon $\rightarrow$ Lawrence $\rightarrow$ Susan $\rightarrow$ Grace $\rightarrow$ Catherine $\rightarrow$ Heather $\rightarrow$ Christine $\rightarrow$ Roger $\rightarrow$ David $\rightarrow$ Justin $\rightarrow$ Beverly

48. **Statement 30:** John is Henry's descendant.
    *   Henry $\rightarrow$ John $\rightarrow$ Scott $\rightarrow$ Andrew $\rightarrow$ Kyle $\rightarrow$ Madison $\rightarrow$ Barbara $\rightarrow$ Robert $\rightarrow$ Matthew $\rightarrow$ Joshua $\rightarrow$ Thomas $\rightarrow$ Brenda $\rightarrow$ Donald $\rightarrow$ Jean $\rightarrow$ Nicole $\rightarrow$ Jack $\rightarrow$ Ann $\rightarrow$ Samantha $\rightarrow$ Stephen $\rightarrow$ Sara $\rightarrow$ Randy $\rightarrow$ Alexander $\rightarrow$ Emily $\rightarrow$ Abigail $\rightarrow$ Hannah $\rightarrow$ Dorothy $\rightarrow$ Keith $\rightarrow$ Albert $\rightarrow$ Kathryn $\rightarrow$ Jacqueline $\rightarrow$ Katherine $\rightarrow$ Sharon $\rightarrow$ Jeremy $\rightarrow$ Carolyn $\rightarrow$ Bradley $\rightarrow$ Peter $\rightarrow$ Alan $\rightarrow$ Tyler $\rightarrow$ Brandon $\rightarrow$ Lawrence $\rightarrow$ Susan $\rightarrow$ Grace $\rightarrow$ Catherine $\rightarrow$ Heather $\rightarrow$ Christine $\rightarrow$ Roger $\rightarrow$ David $\rightarrow$ Justin $\rightarrow$ Beverly

49. **Statement 36:** Cynthia is Henry's ancestor.
    *   Cynthia $\rightarrow$ Henry $\rightarrow$ John $\rightarrow$ Scott $\rightarrow$ Andrew $\rightarrow$ Kyle $\rightarrow$ Madison $\rightarrow$ Barbara $\rightarrow$ Robert $\rightarrow$ Matthew $\rightarrow$ Joshua $\rightarrow$ Thomas $\rightarrow$ Brenda $\rightarrow$ Donald $\rightarrow$ Jean $\rightarrow$ Nicole $\rightarrow$ Jack $\rightarrow$ Ann $\rightarrow$ Samantha $\rightarrow$ Stephen $\rightarrow$ Sara $\rightarrow$ Randy $\rightarrow$ Alexander $\rightarrow$ Emily $\rightarrow$ Abigail $\rightarrow$ Hannah $\rightarrow$ Dorothy $\rightarrow$ Keith $\rightarrow$ Albert $\rightarrow$ Kathryn $\rightarrow$ Jacqueline $\rightarrow$ Katherine $\rightarrow$ Sharon $\rightarrow$ Jeremy $\rightarrow$ Carolyn $\rightarrow$ Bradley $\rightarrow$ Peter $\rightarrow$ Alan $\rightarrow$ Tyler $\rightarrow$ Brandon $\rightarrow$ Lawrence $\rightarrow$ Susan $\rightarrow$ Grace $\rightarrow$ Catherine $\rightarrow$ Heather $\rightarrow$ Christine $\rightarrow$ Roger $\rightarrow$ David $\rightarrow$ Justin $\rightarrow$ Beverly

50. **Statement 12:** Kimberly is Cynthia's ancestor.
    *   Kimberly $\rightarrow$ Cynthia $\rightarrow$ Henry $\rightarrow$ John $\rightarrow$ Scott $\rightarrow$ Andrew $\rightarrow$ Kyle $\rightarrow$ Madison $\rightarrow$ Barbara $\rightarrow$ Robert $\rightarrow$ Matthew $\rightarrow$ Joshua $\rightarrow$ Thomas $\rightarrow$ Brenda $\rightarrow$ Donald $\rightarrow$ Jean $\rightarrow$ Nicole $\rightarrow$ Jack $\rightarrow$ Ann $\rightarrow$ Samantha $\rightarrow$ Stephen $\rightarrow$ Sara $\rightarrow$ Randy $\rightarrow$ Alexander $\rightarrow$ Emily $\rightarrow$ Abigail $\rightarrow$ Hannah $\rightarrow$ Dorothy $\rightarrow$ Keith $\rightarrow$ Albert $\rightarrow$ Kathryn $\rightarrow$ Jacqueline $\rightarrow$ Katherine $\rightarrow$ Sharon $\rightarrow$ Jeremy $\rightarrow$ Carolyn $\rightarrow$ Bradley $\rightarrow$ Peter $\rightarrow$ Alan $\rightarrow$ Tyler $\rightarrow$ Brandon $\rightarrow$ Lawrence $\rightarrow$ Susan $\rightarrow$ Grace $\rightarrow$ Catherine $\rightarrow$ Heather $\rightarrow$ Christine $\rightarrow$ Roger $\rightarrow$ David $\rightarrow$ Justin $\rightarrow$ Beverly

51. **Statement 46:** Bobby is Kimberly's ancestor.
    *   Bobby $\rightarrow$ Kimberly $\rightarrow$ Cynthia $\rightarrow$ Henry $\rightarrow$ John $\rightarrow$ Scott $\rightarrow$ Andrew $\rightarrow$ Kyle $\rightarrow$ Madison $\rightarrow$ Barbara $\rightarrow$ Robert $\rightarrow$ Matthew $\rightarrow$ Joshua $\rightarrow$ Thomas $\rightarrow$ Brenda $\rightarrow$ Donald $\rightarrow$ Jean $\rightarrow$ Nicole $\rightarrow$ Jack $\rightarrow$ Ann $\rightarrow$ Samantha $\rightarrow$ Stephen $\rightarrow$ Sara $\rightarrow$ Randy $\rightarrow$ Alexander $\rightarrow$ Emily $\rightarrow$ Abigail $\rightarrow$ Hannah $\rightarrow$ Dorothy $\rightarrow$ Keith $\rightarrow$ Albert $\rightarrow$ Kathryn $\rightarrow$ Jacqueline $\rightarrow$ Katherine $\rightarrow$ Sharon $\rightarrow$ Jeremy $\rightarrow$ Carolyn $\rightarrow$ Bradley $\rightarrow$ Peter $\rightarrow$ Alan $\rightarrow$ Tyler $\rightarrow$ Brandon $\rightarrow$ Lawrence $\rightarrow$ Susan $\rightarrow$ Grace $\rightarrow$ Catherine $\rightarrow$ Heather $\rightarrow$ Christine $\rightarrow$ Roger $\rightarrow$ David $\rightarrow$ Justin $\rightarrow$ Beverly

52. **Statement 55:** Andrea is Bobby's ancestor.
    *   Andrea $\rightarrow$ Bobby $\rightarrow$ Kimberly $\rightarrow$ Cynthia $\rightarrow$ Henry $\rightarrow$ John $\rightarrow$ Scott $\rightarrow$ Andrew $\rightarrow$ Kyle $\rightarrow$ Madison $\rightarrow$ Barbara $\rightarrow$ Robert $\rightarrow$ Matthew $\rightarrow$ Joshua $\rightarrow$ Thomas $\rightarrow$ Brenda $\rightarrow$ Donald $\rightarrow$ Jean $\rightarrow$ Nicole $\rightarrow$ Jack $\rightarrow$ Ann $\rightarrow$ Samantha $\rightarrow$ Stephen $\rightarrow$ Sara $\rightarrow$ Randy $\rightarrow$ Alexander $\rightarrow$ Emily $\rightarrow$ Abigail $\rightarrow$ Hannah $\rightarrow$ Dorothy $\rightarrow$ Keith $\rightarrow$ Albert $\rightarrow$ Kathryn $\rightarrow$ Jacqueline $\rightarrow$ Katherine $\rightarrow$ Sharon $\rightarrow$ Jeremy $\rightarrow$ Carolyn $\rightarrow$ Bradley $\rightarrow$ Peter $\rightarrow$ Alan $\rightarrow$ Tyler $\rightarrow$ Brandon $\rightarrow$ Lawrence $\rightarrow$ Susan $\rightarrow$ Grace $\rightarrow$ Catherine $\rightarrow$ Heather $\rightarrow$ Christine $\rightarrow$ Roger $\rightarrow$ David $\rightarrow$ Justin $\rightarrow$ Beverly

53. **Statement 59:** Deborah is Andrea's ancestor.
    *   Deborah $\rightarrow$ Andrea $\rightarrow$ Bobby $\rightarrow$ Kimberly $\rightarrow$ Cynthia $\rightarrow$ Henry $\rightarrow$ John $\rightarrow$ Scott $\rightarrow$ Andrew $\rightarrow$ Kyle $\rightarrow$ Madison $\rightarrow$ Barbara $\rightarrow$ Robert $\rightarrow$ Matthew $\rightarrow$ Joshua $\rightarrow$ Thomas $\rightarrow$ Brenda $\rightarrow$ Donald $\rightarrow$ Jean $\rightarrow$ Nicole $\rightarrow$ Jack $\rightarrow$ Ann $\rightarrow$ Samantha $\rightarrow$ Stephen $\rightarrow$ Sara $\rightarrow$ Randy $\rightarrow$ Alexander $\rightarrow$ Emily $\rightarrow$ Abigail $\rightarrow$ Hannah $\rightarrow$ Dorothy $\rightarrow$ Keith $\rightarrow$ Albert $\rightarrow$ Kathryn $\rightarrow$ Jacqueline $\rightarrow$ Katherine $\rightarrow$ Sharon $\rightarrow$ Jeremy $\rightarrow$ Carolyn $\rightarrow$ Bradley $\rightarrow$ Peter $\rightarrow$ Alan $\rightarrow$ Tyler $\rightarrow$ Brandon $\rightarrow$ Lawrence $\rightarrow$ Susan $\rightarrow$ Grace $\rightarrow$ Catherine $\rightarrow$ Heather $\rightarrow$ Christine $\rightarrow$ Roger $\rightarrow$ David $\rightarrow$ Justin $\rightarrow$ Beverly

54. **Statement 13:** Stephanie is Deborah's ancestor.
    *   Stephanie $\rightarrow$ Deborah $\rightarrow$ Andrea $\rightarrow$ Bobby $\rightarrow$ Kimberly $\rightarrow$ Cynthia $\rightarrow$ Henry $\rightarrow$ John $\rightarrow$ Scott $\rightarrow$ Andrew $\rightarrow$ Kyle $\rightarrow$ Madison $\rightarrow$ Barbara $\rightarrow$ Robert $\rightarrow$ Matthew $\rightarrow$ Joshua $\rightarrow$ Thomas $\rightarrow$ Brenda $\rightarrow$ Donald $\rightarrow$ Jean $\rightarrow$ Nicole $\rightarrow$ Jack $\rightarrow$ Ann $\rightarrow$ Samantha $\rightarrow$ Stephen $\rightarrow$ Sara $\rightarrow$ Randy $\rightarrow$ Alexander $\rightarrow$ Emily $\rightarrow$ Abigail $\rightarrow$ Hannah $\rightarrow$ Dorothy $\rightarrow$ Keith $\rightarrow$ Albert $\rightarrow$ Kathryn $\rightarrow$ Jacqueline $\rightarrow$ Katherine $\rightarrow$ Sharon $\rightarrow$ Jeremy $\rightarrow$ Carolyn $\rightarrow$ Bradley $\rightarrow$ Peter $\rightarrow$ Alan $\rightarrow$ Tyler $\rightarrow$ Brandon $\rightarrow$ Lawrence $\rightarrow$ Susan $\rightarrow$ Grace $\rightarrow$ Catherine $\rightarrow$ Heather $\rightarrow$ Christine $\rightarrow$ Roger $\rightarrow$ David $\rightarrow$ Justin $\rightarrow$ Beverly

55. **Statement 1:** Alexis is Stephanie's ancestor.
    *   Alexis $\rightarrow$ Stephanie $\rightarrow$ Deborah $\rightarrow$ Andrea $\rightarrow$ Bobby $\rightarrow$ Kimberly $\rightarrow$ Cynthia $\rightarrow$ Henry $\rightarrow$ John $\rightarrow$ Scott $\rightarrow$ Andrew $\rightarrow$ Kyle $\rightarrow$ Madison $\rightarrow$ Barbara $\rightarrow$ Robert $\rightarrow$ Matthew $\rightarrow$ Joshua $\rightarrow$ Thomas $\rightarrow$ Brenda $\rightarrow$ Donald $\rightarrow$ Jean $\rightarrow$ Nicole $\rightarrow$ Jack $\rightarrow$ Ann $\rightarrow$ Samantha $\rightarrow$ Stephen $\rightarrow$ Sara $\rightarrow$ Randy $\rightarrow$ Alexander $\rightarrow$ Emily $\rightarrow$ Abigail $\rightarrow$ Hannah $\rightarrow$ Dorothy $\rightarrow$ Keith $\rightarrow$ Albert $\rightarrow$ Kathryn $\rightarrow$ Jacqueline $\rightarrow$ Katherine $\rightarrow$ Sharon $\rightarrow$ Jeremy $\rightarrow$ Carolyn $\rightarrow$ Bradley $\rightarrow$ Peter $\rightarrow$ Alan $\rightarrow$ Tyler $\rightarrow$ Brandon $\rightarrow$ Lawrence $\rightarrow$ Susan $\rightarrow$ Grace $\rightarrow$ Catherine $\rightarrow$ Heather $\rightarrow$ Christine $\rightarrow$ Roger $\rightarrow$ David $\rightarrow$ Justin $\rightarrow$ Beverly

56. **Statement 5:** Kelly is Alexis's ancestor.
    *   Kelly $\rightarrow$ Alexis $\rightarrow$ Stephanie $\rightarrow$ Deborah $\rightarrow$ Andrea $\rightarrow$ Bobby $\rightarrow$ Kimberly $\rightarrow$ Cynthia $\rightarrow$ Henry $\rightarrow$ John $\rightarrow$ Scott $\rightarrow$ Andrew $\rightarrow$ Kyle $\rightarrow$ Madison $\rightarrow$ Barbara $\rightarrow$ Robert $\rightarrow$ Matthew $\rightarrow$ Joshua $\rightarrow$ Thomas $\rightarrow$ Brenda $\rightarrow$ Donald $\rightarrow$ Jean $\rightarrow$ Nicole $\rightarrow$ Jack $\rightarrow$ Ann $\rightarrow$ Samantha $\rightarrow$ Stephen $\rightarrow$ Sara $\rightarrow$ Randy $\rightarrow$ Alexander $\rightarrow$ Emily $\rightarrow$ Abigail $\rightarrow$ Hannah $\rightarrow$ Dorothy $\rightarrow$ Keith $\rightarrow$ Albert $\rightarrow$ Kathryn $\rightarrow$ Jacqueline $\rightarrow$ Katherine $\rightarrow$ Sharon $\rightarrow$ Jeremy $\rightarrow$ Carolyn $\rightarrow$ Bradley $\rightarrow$ Peter $\rightarrow$ Alan $\rightarrow$ Tyler $\rightarrow$ Brandon $\rightarrow$ Lawrence $\rightarrow$ Susan $\rightarrow$ Grace $\rightarrow$ Catherine $\rightarrow$ Heather $\rightarrow$ Christine $\rightarrow$ Roger $\rightarrow$ David $\rightarrow$ Justin $\rightarrow$ Beverly

57. **Statement 9:** Kelly is Anna's descendant.
    *   Anna $\rightarrow$ Kelly $\rightarrow$ Alexis $\rightarrow$ Stephanie $\rightarrow$ Deborah $\rightarrow$ Andrea $\rightarrow$ Bobby $\rightarrow$ Kimberly $\rightarrow$ Cynthia $\rightarrow$ Henry $\rightarrow$ John $\rightarrow$ Scott $\rightarrow$ Andrew $\rightarrow$ Kyle $\rightarrow$ Madison $\rightarrow$ Barbara $\rightarrow$ Robert $\rightarrow$ Matthew $\rightarrow$ Joshua $\rightarrow$ Thomas $\rightarrow$ Brenda $\rightarrow$ Donald $\rightarrow$ Jean $\rightarrow$ Nicole $\rightarrow$ Jack $\rightarrow$ Ann $\rightarrow$ Samantha $\rightarrow$ Stephen $\rightarrow$ Sara $\rightarrow$ Randy $\rightarrow$ Alexander $\rightarrow$ Emily $\rightarrow$ Abigail $\rightarrow$ Hannah $\rightarrow$ Dorothy $\rightarrow$ Keith $\rightarrow$ Albert $\rightarrow$ Kathryn $\rightarrow$ Jacqueline $\rightarrow$ Katherine $\rightarrow$ Sharon $\rightarrow$ Jeremy $\rightarrow$ Carolyn $\rightarrow$ Bradley $\rightarrow$ Peter $\rightarrow$ Alan $\rightarrow$ Tyler $\rightarrow$ Brandon $\rightarrow$ Lawrence $\rightarrow$ Susan $\rightarrow$ Grace $\rightarrow$ Catherine $\rightarrow$ Heather $\rightarrow$ Christine $\rightarrow$ Roger $\rightarrow$ David $\rightarrow$ Justin $\rightarrow$ Beverly

58. **Statement 15:** Doris is Anna's ancestor.
    *   Doris $\rightarrow$ Anna $\rightarrow$ Kelly $\rightarrow$ Alexis $\rightarrow$ Stephanie $\rightarrow$ Deborah $\rightarrow$ Andrea $\rightarrow$ Bobby $\rightarrow$ Kimberly $\rightarrow$ Cynthia $\rightarrow$ Henry $\rightarrow$ John $\rightarrow$ Scott $\rightarrow$ Andrew $\rightarrow$ Kyle $\rightarrow$ Madison $\rightarrow$ Barbara $\rightarrow$ Robert $\rightarrow$ Matthew $\rightarrow$ Joshua $\rightarrow$ Thomas $\rightarrow$ Brenda $\rightarrow$ Donald $\rightarrow$ Jean $\rightarrow$ Nicole $\rightarrow$ Jack $\rightarrow$ Ann $\rightarrow$ Samantha $\rightarrow$ Stephen $\rightarrow$ Sara $\rightarrow$ Randy $\rightarrow$ Alexander $\rightarrow$ Emily $\rightarrow$ Abigail $\rightarrow$ Hannah $\rightarrow$ Dorothy $\rightarrow$ Keith $\rightarrow$ Albert $\rightarrow$ Kathryn $\rightarrow$ Jacqueline $\rightarrow$ Katherine $\rightarrow$ Sharon $\rightarrow$ Jeremy $\rightarrow$ Carolyn $\rightarrow$ Bradley $\rightarrow$ Peter $\rightarrow$ Alan $\rightarrow$ Tyler $\rightarrow$ Brandon $\rightarrow$ Lawrence $\rightarrow$ Susan $\rightarrow$ Grace $\rightarrow$ Catherine $\rightarrow$ Heather $\rightarrow$ Christine $\rightarrow$ Roger $\rightarrow$ David $\rightarrow$ Justin $\rightarrow$ Beverly

59. **Statement 52:** Lauren is Doris's ancestor.
    *   Lauren $\rightarrow$ Doris $\rightarrow$ Anna $\rightarrow$ Kelly $\rightarrow$ Alexis $\rightarrow$ Stephanie $\rightarrow$ Deborah $\rightarrow$ Andrea $\rightarrow$ Bobby $\rightarrow$ Kimberly $\rightarrow$ Cynthia $\rightarrow$ Henry $\rightarrow$ John $\rightarrow$ Scott $\rightarrow$ Andrew $\rightarrow$ Kyle $\rightarrow$ Madison $\rightarrow$ Barbara $\rightarrow$ Robert $\rightarrow$ Matthew $\rightarrow$ Joshua $\rightarrow$ Thomas $\rightarrow$ Brenda $\rightarrow$ Donald $\rightarrow$ Jean $\rightarrow$ Nicole $\rightarrow$ Jack $\rightarrow$ Ann $\rightarrow$ Samantha $\rightarrow$ Stephen $\rightarrow$ Sara $\rightarrow$ Randy $\rightarrow$ Alexander $\rightarrow$ Emily $\rightarrow$ Abigail $\rightarrow$ Hannah $\rightarrow$ Dorothy $\rightarrow$ Keith $\rightarrow$ Albert $\rightarrow$ Kathryn $\rightarrow$ Jacqueline $\rightarrow$ Katherine $\rightarrow$ Sharon $\rightarrow$ Jeremy $\rightarrow$ Carolyn $\rightarrow$ Bradley $\rightarrow$ Peter $\rightarrow$ Alan $\rightarrow$ Tyler $\rightarrow$ Brandon $\rightarrow$ Lawrence $\rightarrow$ Susan $\rightarrow$ Grace $\rightarrow$ Catherine $\rightarrow$ Heather $\rightarrow$ Christine $\rightarrow$ Roger $\rightarrow$ David $\rightarrow$ Justin $\rightarrow$ Beverly

60. **Statement 22:** Lauren is Michael's descendant.
    *   Michael $\rightarrow$ Lauren $\rightarrow$ Doris $\rightarrow$ Anna $\rightarrow$ Kelly $\rightarrow$ Alexis $\rightarrow$ Stephanie $\rightarrow$ Deborah $\rightarrow$ Andrea $\rightarrow$ Bobby $\rightarrow$ Kimberly $\rightarrow$ Cynthia $\rightarrow$ Henry $\rightarrow$ John $\rightarrow$ Scott $\rightarrow$ Andrew $\rightarrow$ Kyle $\rightarrow$ Madison $\rightarrow$ Barbara $\rightarrow$ Robert $\rightarrow$ Matthew $\rightarrow$ Joshua $\rightarrow$ Thomas $\rightarrow$ Brenda $\rightarrow$ Donald $\rightarrow$ Jean $\rightarrow$ Nicole $\rightarrow$ Jack $\rightarrow$ Ann $\rightarrow$ Samantha $\rightarrow$ Stephen $\rightarrow$ Sara $\rightarrow$ Randy $\rightarrow$ Alexander $\rightarrow$ Emily $\rightarrow$ Abigail $\rightarrow$ Hannah $\rightarrow$ Dorothy $\rightarrow$ Keith $\rightarrow$ Albert $\rightarrow$ Kathryn $\rightarrow$ Jacqueline $\rightarrow$ Katherine $\rightarrow$ Sharon $\rightarrow$ Jeremy $\rightarrow$ Carolyn $\rightarrow$ Bradley $\rightarrow$ Peter $\rightarrow$ Alan $\rightarrow$ Tyler $\rightarrow$ Brandon $\rightarrow$ Lawrence $\rightarrow$ Susan $\rightarrow$ Grace $\rightarrow$ Catherine $\rightarrow$ Heather $\rightarrow$ Christine $\rightarrow$ Roger $\rightarrow$ David $\rightarrow$ Justin $\rightarrow$ Beverly

61. **Statement 25:** Michael is Rachel's descendant.
    *   Rachel $\rightarrow$ Michael $\rightarrow$ Lauren $\rightarrow$ Doris $\rightarrow$ Anna $\rightarrow$ Kelly $\rightarrow$ Alexis $\rightarrow$ Stephanie $\rightarrow$ Deborah $\rightarrow$ Andrea $\rightarrow$ Bobby $\rightarrow$ Kimberly $\rightarrow$ Cynthia $\rightarrow$ Henry $\rightarrow$ John $\rightarrow$ Scott $\rightarrow$ Andrew $\rightarrow$ Kyle $\rightarrow$ Madison $\rightarrow$ Barbara $\rightarrow$ Robert $\rightarrow$ Matthew $\rightarrow$ Joshua $\rightarrow$ Thomas $\rightarrow$ Brenda $\rightarrow$ Donald $\rightarrow$ Jean $\rightarrow$ Nicole $\rightarrow$ Jack $\rightarrow$ Ann $\rightarrow$ Samantha $\rightarrow$ Stephen $\rightarrow$ Sara $\rightarrow$ Randy $\rightarrow$ Alexander $\rightarrow$ Emily $\rightarrow$ Abigail $\rightarrow$ Hannah $\rightarrow$ Dorothy $\rightarrow$ Keith $\rightarrow$ Albert $\rightarrow$ Kathryn $\rightarrow$ Jacqueline $\rightarrow$ Katherine $\rightarrow$ Sharon $\rightarrow$ Jeremy $\rightarrow$ Carolyn $\rightarrow$ Bradley $\rightarrow$ Peter $\rightarrow$ Alan $\rightarrow$ Tyler $\rightarrow$ Brandon $\rightarrow$ Lawrence $\rightarrow$ Susan $\rightarrow$ Grace $\rightarrow$ Catherine $\rightarrow$ Heather $\rightarrow$ Christine $\rightarrow$ Roger $\rightarrow$ David $\rightarrow$ Justin $\rightarrow$ Beverly

62. **Statement 3:** Emma is Rachel's ancestor.
    *   Emma $\rightarrow$ Rachel $\rightarrow$ Michael $\rightarrow$ Lauren $\rightarrow$ Doris $\rightarrow$ Anna $\rightarrow$ Kelly $\rightarrow$ Alexis $\rightarrow$ Stephanie $\rightarrow$ Deborah $\rightarrow$ Andrea $\rightarrow$ Bobby $\rightarrow$ Kimberly $\rightarrow$ Cynthia $\rightarrow$ Henry $\rightarrow$ John $\rightarrow$ Scott $\rightarrow$ Andrew $\rightarrow$ Kyle $\rightarrow$ Madison $\rightarrow$ Barbara $\rightarrow$ Robert $\rightarrow$ Matthew $\rightarrow$ Joshua $\rightarrow$ Thomas $\rightarrow$ Brenda $\rightarrow$ Donald $\rightarrow$ Jean $\rightarrow$ Nicole $\rightarrow$ Jack $\rightarrow$ Ann $\rightarrow$ Samantha $\rightarrow$ Stephen $\rightarrow$ Sara $\rightarrow$ Randy $\rightarrow$ Alexander $\rightarrow$ Emily $\rightarrow$ Abigail $\rightarrow$ Hannah $\rightarrow$ Dorothy $\rightarrow$ Keith $\rightarrow$ Albert $\rightarrow$ Kathryn $\rightarrow$ Jacqueline $\rightarrow$ Katherine $\rightarrow$ Sharon $\rightarrow$ Jeremy $\rightarrow$ Carolyn $\rightarrow$ Bradley $\rightarrow$ Peter $\rightarrow$ Alan $\rightarrow$ Tyler $\rightarrow$ Brandon $\rightarrow$ Lawrence $\rightarrow$ Susan $\rightarrow$ Grace $\rightarrow$ Catherine $\rightarrow$ Heather $\rightarrow$ Christine $\rightarrow$ Roger $\rightarrow$ David $\rightarrow$ Justin $\rightarrow$ Beverly

63. **Statement 14:** Emma is Gerald's descendant.
    *   Gerald $\rightarrow$ Emma $\rightarrow$ Rachel $\rightarrow$ Michael $\rightarrow$ Lauren $\rightarrow$ Doris $\rightarrow$ Anna $\rightarrow$ Kelly $\rightarrow$ Alexis $\rightarrow$ Stephanie $\rightarrow$ Deborah $\rightarrow$ Andrea $\rightarrow$ Bobby $\rightarrow$ Kimberly $\rightarrow$ Cynthia $\rightarrow$ Henry $\rightarrow$ John $\rightarrow$ Scott $\rightarrow$ Andrew $\rightarrow$ Kyle $\rightarrow$ Madison $\rightarrow$ Barbara $\rightarrow$ Robert $\rightarrow$ Matthew $\rightarrow$ Joshua $\rightarrow$ Thomas $\rightarrow$ Brenda $\rightarrow$ Donald $\rightarrow$ Jean $\rightarrow$ Nicole $\rightarrow$ Jack $\rightarrow$ Ann $\rightarrow$ Samantha $\rightarrow$ Stephen $\rightarrow$ Sara $\rightarrow$ Randy $\rightarrow$ Alexander $\rightarrow$ Emily $\rightarrow$ Abigail $\rightarrow$ Hannah $\rightarrow$ Dorothy $\rightarrow$ Keith $\rightarrow$ Albert $\rightarrow$ Kathryn $\rightarrow$ Jacqueline $\rightarrow$ Katherine $\rightarrow$ Sharon $\rightarrow$ Jeremy $\rightarrow$ Carolyn $\rightarrow$ Bradley $\rightarrow$ Peter $\rightarrow$ Alan $\rightarrow$ Tyler $\rightarrow$ Brandon $\rightarrow$ Lawrence $\rightarrow$ Susan $\rightarrow$ Grace $\rightarrow$ Catherine $\rightarrow$ Heather $\rightarrow$ Christine $\rightarrow$ Roger $\rightarrow$ David $\rightarrow$ Justin $\rightarrow$ Beverly

We have established the full lineage chain from Gerald to Beverly. Gerald is an ancestor of Beverly. Therefore, Beverly is Gerald's descendant.

The correct answer is 3. Beverly is Gerald's descendant.

<ANSWER>3</ANSWER>"
64,COMMON_ANCESTOR,4,"Given the following lineage relationships:
* Jessica is Jordan's descendant.
* Alan is Marilyn's descendant.
* Tyler is Lauren's descendant.
* Gregory is Nancy's descendant.
* Juan is Marilyn's ancestor.
* Nancy is Gerald's descendant.
* Joe is Aaron's ancestor.
* Frank is Bruce's descendant.
* Grace is Robert's ancestor.
* Jeremy is Janet's descendant.
* Austin is Jesse's descendant.
* Deborah is Joshua's ancestor.
* Barbara is Arthur's ancestor.
* Logan is Russell's ancestor.
* Kathryn is Bradley's descendant.
* Debra is Jeremy's descendant.
* Gabriel is Christina's descendant.
* Mary is Carl's descendant.
* Amber is Kevin's ancestor.
* Eugene is Kevin's descendant.
* Patricia is Robert's descendant.
* Dorothy is Marie's descendant.
* Gabriel is Marie's ancestor.
* Bruce is Melissa's descendant.
* Lauren is Julie's descendant.
* Beverly is Judith's descendant.
* Jessica is Gerald's ancestor.
* Diana is Dorothy's descendant.
* Justin is Rebecca's ancestor.
* Russell is Carl's ancestor.
* Aaron is Melissa's ancestor.
* Isabella is Joan's descendant.
* Jacqueline is Judith's ancestor.
* Frank is Christina's ancestor.
* Jordan is Deborah's ancestor.
* Mason is Christian's ancestor.
* Kathryn is Alexander's ancestor.
* Doris is Rebecca's descendant.
* Jesse is Doris's descendant.
* Steven is Gregory's descendant.
* Patricia is Juan's ancestor.
* Shirley is Alexander's descendant.
* Isabella is Julie's ancestor.
* Joshua is Mason's ancestor.
* Amber is Debra's descendant.
* Kelly is Betty's descendant.
* Steven is Justin's ancestor.
* Christian is Walter's ancestor.
* Stephen is Austin's descendant.
* Lisa is Kelly's descendant.
* Joan is Walter's descendant.
* Lisa is Jacqueline's ancestor.
* Eugene is Barbara's ancestor.
* Emily is Edward's ancestor.
* Joe is Beverly's descendant.
* Alan is Betty's ancestor.
* Charlotte is Bradley's ancestor.
* Tyler is Emily's ancestor.
* Grace is Jonathan's descendant.
* Charlotte is Stephen's descendant.
* Edward is Jonathan's ancestor.
* Logan is Diana's descendant.
* Shirley is Janet's ancestor.
Determine the lineage relationship between Arthur and Mary.
Select the correct answer:
1. Arthur is Mary's ancestor.
2. Arthur is Mary's descendant.
3. Arthur and Mary share a common descendant.
4. Arthur and Mary share a common ancestor.
5. None of the above is correct.
Enclose the selected answer number in the <ANSWER> tag, for example: <ANSWER>1</ANSWER>.",z-ai/glm-4.7,Parasail,,,"The problem asks to determine the lineage relationship between Arthur and Mary.

First, we trace the lineage of **Arthur** starting from the facts provided:
1.  ""Barbara is Arthur's ancestor"" -> Barbara -> Arthur
2.  ""Eugene is Barbara's ancestor"" -> Eugene -> Barbara -> Arthur
3.  ""Eugene is Kevin's descendant"" -> Kevin -> Eugene -> Barbara -> Arthur
4.  ""Amber is Kevin's ancestor"" -> Amber -> Kevin -> Eugene -> Barbara -> Arthur
5.  ""Amber is Debra's descendant"" -> Debra -> Amber -> Kevin -> Eugene -> Barbara -> Arthur
6.  ""Debra is Jeremy's descendant"" -> Jeremy -> Debra -> Amber -> Kevin -> Eugene -> Barbara -> Arthur
7.  ""Jeremy is Janet's descendant"" -> Janet -> Jeremy -> Debra -> Amber -> Kevin -> Eugene -> Barbara -> Arthur
8.  ""Shirley is Janet's ancestor"" -> Shirley -> Janet -> Jeremy -> Debra -> Amber -> Kevin -> Eugene -> Barbara -> Arthur
9.  ""Shirley is Alexander's descendant"" -> Alexander -> Shirley -> Janet -> Jeremy -> Debra -> Amber -> Kevin -> Eugene -> Barbara -> Arthur
10. ""Kathryn is Alexander's ancestor"" -> Kathryn -> Alexander -> Shirley -> Janet -> Jeremy -> Debra -> Amber -> Kevin -> Eugene -> Barbara -> Arthur
11. ""Kathryn is Bradley's descendant"" -> Bradley -> Kathryn -> Alexander -> Shirley -> Janet -> Jeremy -> Debra -> Amber -> Kevin -> Eugene -> Barbara -> Arthur
12. ""Charlotte is Bradley's ancestor"" -> Charlotte -> Bradley -> Kathryn -> Alexander -> Shirley -> Janet -> Jeremy -> Debra -> Amber -> Kevin -> Eugene -> Barbara -> Arthur
13. ""Charlotte is Stephen's descendant"" -> Stephen -> Charlotte -> Bradley -> Kathryn -> Alexander -> Shirley -> Janet -> Jeremy -> Debra -> Amber -> Kevin -> Eugene -> Barbara -> Arthur
14. ""Stephen is Austin's descendant"" -> Austin -> Stephen -> Charlotte -> Bradley -> Kathryn -> Alexander -> Shirley -> Janet -> Jeremy -> Debra -> Amber -> Kevin -> Eugene -> Barbara -> Arthur
15. ""Austin is Jesse's descendant"" -> Jesse -> Austin -> Stephen -> Charlotte -> Bradley -> Kathryn -> Alexander -> Shirley -> Janet -> Jeremy -> Debra -> Amber -> Kevin -> Eugene -> Barbara -> Arthur
16. ""Jesse is Doris's descendant"" -> Doris -> Jesse -> Austin -> Stephen -> Charlotte -> Bradley -> Kathryn -> Alexander -> Shirley -> Janet -> Jeremy -> Debra -> Amber -> Kevin -> Eugene -> Barbara -> Arthur
17. ""Doris is Rebecca's descendant"" -> Rebecca -> Doris -> Jesse -> Austin -> Stephen -> Charlotte -> Bradley -> Kathryn -> Alexander -> Shirley -> Janet -> Jeremy -> Debra -> Amber -> Kevin -> Eugene -> Barbara -> Arthur
18. ""Justin is Rebecca's ancestor"" -> Justin -> Rebecca -> Doris -> Jesse -> Austin -> Stephen -> Charlotte -> Bradley -> Kathryn -> Alexander -> Shirley -> Janet -> Jeremy -> Debra -> Amber -> Kevin -> Eugene -> Barbara -> Arthur
19. ""Steven is Justin's ancestor"" -> Steven -> Justin -> Rebecca -> Doris -> Jesse -> Austin -> Stephen -> Charlotte -> Bradley -> Kathryn -> Alexander -> Shirley -> Janet -> Jeremy -> Debra -> Amber -> Kevin -> Eugene -> Barbara -> Arthur
20. ""Steven is Gregory's descendant"" -> Gregory -> Steven -> Justin -> Rebecca -> Doris -> Jesse -> Austin -> Stephen -> Charlotte -> Bradley -> Kathryn -> Alexander -> Shirley -> Janet -> Jeremy -> Debra -> Amber -> Kevin -> Eugene -> Barbara -> Arthur
21. ""Gregory is Nancy's descendant"" -> Nancy -> Gregory -> Steven -> Justin -> Rebecca -> Doris -> Jesse -> Austin -> Stephen -> Charlotte -> Bradley -> Kathryn -> Alexander -> Shirley -> Janet -> Jeremy -> Debra -> Amber -> Kevin -> Eugene -> Barbara -> Arthur
22. ""Nancy is Gerald's descendant"" -> Gerald -> Nancy -> Gregory -> Steven -> Justin -> Rebecca -> Doris -> Jesse -> Austin -> Stephen -> Charlotte -> Bradley -> Kathryn -> Alexander -> Shirley -> Janet -> Jeremy -> Debra -> Amber -> Kevin -> Eugene -> Barbara -> Arthur
23. ""Jessica is Gerald's ancestor"" -> Jessica -> Gerald -> Nancy -> Gregory -> Steven -> Justin -> Rebecca -> Doris -> Jesse -> Austin -> Stephen -> Charlotte -> Bradley -> Kathryn -> Alexander -> Shirley -> Janet -> Jeremy -> Debra -> Amber -> Kevin -> Eugene -> Barbara -> Arthur
24. ""Jessica is Jordan's descendant"" -> Jordan -> Jessica -> Gerald -> Nancy -> Gregory -> Steven -> Justin -> Rebecca -> Doris -> Jesse -> Austin -> Stephen -> Charlotte -> Bradley -> Kathryn -> Alexander -> Shirley -> Janet -> Jeremy -> Debra -> Amber -> Kevin -> Eugene -> Barbara -> Arthur

So, **Jordan is an ancestor of Arthur**.

Next, we trace the lineage of **Mary**:
1.  ""Mary is Carl's descendant"" -> Carl -> Mary
2.  ""Russell is Carl's ancestor"" -> Russell -> Carl -> Mary
3.  ""Logan is Russell's ancestor"" -> Logan -> Russell -> Carl -> Mary
4.  ""Logan is Diana's descendant"" -> Diana -> Logan -> Russell -> Carl -> Mary
5.  ""Diana is Dorothy's descendant"" -> Dorothy -> Diana -> Logan -> Russell -> Carl -> Mary
6.  ""Dorothy is Marie's descendant"" -> Marie -> Dorothy -> Diana -> Logan -> Russell -> Carl -> Mary
7.  ""Gabriel is Marie's ancestor"" -> Gabriel -> Marie -> Dorothy -> Diana -> Logan -> Russell -> Carl -> Mary
8.  ""Gabriel is Christina's descendant"" -> Christina -> Gabriel -> Marie -> Dorothy -> Diana -> Logan -> Russell -> Carl -> Mary
9.  ""Frank is Christina's ancestor"" -> Frank -> Christina -> Gabriel -> Marie -> Dorothy -> Diana -> Logan -> Russell -> Carl -> Mary
10. ""Frank is Bruce's descendant"" -> Bruce -> Frank -> Christina -> Gabriel -> Marie -> Dorothy -> Diana -> Logan -> Russell -> Carl -> Mary
11. ""Bruce is Melissa's descendant"" -> Melissa -> Bruce -> Frank -> Christina -> Gabriel -> Marie -> Dorothy -> Diana -> Logan -> Russell -> Carl -> Mary
12. ""Aaron is Melissa's ancestor"" -> Aaron -> Melissa -> Bruce -> Frank -> Christina -> Gabriel -> Marie -> Dorothy -> Diana -> Logan -> Russell -> Carl -> Mary
13. ""Joe is Aaron's ancestor"" -> Joe -> Aaron -> Melissa -> Bruce -> Frank -> Christina -> Gabriel -> Marie -> Dorothy -> Diana -> Logan -> Russell -> Carl -> Mary
14. ""Joe is Beverly's descendant"" -> Beverly -> Joe -> Aaron -> Melissa -> Bruce -> Frank -> Christina -> Gabriel -> Marie -> Dorothy -> Diana -> Logan -> Russell -> Carl -> Mary
15. ""Beverly is Judith's descendant"" -> Judith -> Beverly -> Joe -> Aaron -> Melissa -> Bruce -> Frank -> Christina -> Gabriel -> Marie -> Dorothy -> Diana -> Logan -> Russell -> Carl -> Mary
16. ""Jacqueline is Judith's ancestor"" -> Jacqueline -> Judith -> Beverly -> Joe -> Aaron -> Melissa -> Bruce -> Frank -> Christina -> Gabriel -> Marie -> Dorothy -> Diana -> Logan -> Russell -> Carl -> Mary
17. ""Lisa is Jacqueline's ancestor"" -> Lisa -> Jacqueline -> Judith -> Beverly -> Joe -> Aaron -> Melissa -> Bruce -> Frank -> Christina -> Gabriel -> Marie -> Dorothy -> Diana -> Logan -> Russell -> Carl -> Mary
18. ""Lisa is Kelly's descendant"" -> Kelly -> Lisa -> Jacqueline -> Judith -> Beverly -> Joe -> Aaron -> Melissa -> Bruce -> Frank -> Christina -> Gabriel -> Marie -> Dorothy -> Diana -> Logan -> Russell -> Carl -> Mary
19. ""Kelly is Betty's descendant"" -> Betty -> Kelly -> Lisa -> Jacqueline -> Judith -> Beverly -> Joe -> Aaron -> Melissa -> Bruce -> Frank -> Christina -> Gabriel -> Marie -> Dorothy -> Diana -> Logan -> Russell -> Carl -> Mary
20. ""Alan is Betty's ancestor"" -> Alan -> Betty -> Kelly -> Lisa -> Jacqueline -> Judith -> Beverly -> Joe -> Aaron -> Melissa -> Bruce -> Frank -> Christina -> Gabriel -> Marie -> Dorothy -> Diana -> Logan -> Russell -> Carl -> Mary
21. ""Alan is Marilyn's descendant"" -> Marilyn -> Alan -> Betty -> Kelly -> Lisa -> Jacqueline -> Judith -> Beverly -> Joe -> Aaron -> Melissa -> Bruce -> Frank -> Christina -> Gabriel -> Marie -> Dorothy -> Diana -> Logan -> Russell -> Carl -> Mary
22. ""Juan is Marilyn's ancestor"" -> Juan -> Marilyn -> Alan -> Betty -> Kelly -> Lisa -> Jacqueline -> Judith -> Beverly -> Joe -> Aaron -> Melissa -> Bruce -> Frank -> Christina -> Gabriel -> Marie -> Dorothy -> Diana -> Logan -> Russell -> Carl -> Mary
23. ""Patricia is Juan's ancestor"" -> Patricia -> Juan -> Marilyn -> Alan -> Betty -> Kelly -> Lisa -> Jacqueline -> Judith -> Beverly -> Joe -> Aaron -> Melissa -> Bruce -> Frank -> Christina -> Gabriel -> Marie -> Dorothy -> Diana -> Logan -> Russell -> Carl -> Mary
24. ""Patricia is Robert's descendant"" -> Robert -> Patricia -> Juan -> Marilyn -> Alan -> Betty -> Kelly -> Lisa -> Jacqueline -> Judith -> Beverly -> Joe -> Aaron -> Melissa -> Bruce -> Frank -> Christina -> Gabriel -> Marie -> Dorothy -> Diana -> Logan -> Russell -> Carl -> Mary
25. ""Grace is Robert's ancestor"" -> Grace -> Robert -> Patricia -> Juan -> Marilyn -> Alan -> Betty -> Kelly -> Lisa -> Jacqueline -> Judith -> Beverly -> Joe -> Aaron -> Melissa -> Bruce -> Frank -> Christina -> Gabriel -> Marie -> Dorothy -> Diana -> Logan -> Russell -> Carl -> Mary
26. ""Grace is Jonathan's descendant"" -> Jonathan -> Grace -> Robert -> Patricia -> Juan -> Marilyn -> Alan -> Betty -> Kelly -> Lisa -> Jacqueline -> Judith -> Beverly -> Joe -> Aaron -> Melissa -> Bruce -> Frank -> Christina -> Gabriel -> Marie -> Dorothy -> Diana -> Logan -> Russell -> Carl -> Mary
27. ""Edward is Jonathan's ancestor"" -> Edward -> Jonathan -> Grace -> Robert -> Patricia -> Juan -> Marilyn -> Alan -> Betty -> Kelly -> Lisa -> Jacqueline -> Judith -> Beverly -> Joe -> Aaron -> Melissa -> Bruce -> Frank -> Christina -> Gabriel -> Marie -> Dorothy -> Diana -> Logan -> Russell -> Carl -> Mary
28. ""Emily is Edward's ancestor"" -> Emily -> Edward -> Jonathan -> Grace -> Robert -> Patricia -> Juan -> Marilyn -> Alan -> Betty -> Kelly -> Lisa -> Jacqueline -> Judith -> Beverly -> Joe -> Aaron -> Melissa -> Bruce -> Frank -> Christina -> Gabriel -> Marie -> Dorothy -> Diana -> Logan -> Russell -> Carl -> Mary
29. ""Tyler is Emily's ancestor"" -> Tyler -> Emily -> Edward -> Jonathan -> Grace -> Robert -> Patricia -> Juan -> Marilyn -> Alan -> Betty -> Kelly -> Lisa -> Jacqueline -> Judith -> Beverly -> Joe -> Aaron -> Melissa -> Bruce -> Frank -> Christina -> Gabriel -> Marie -> Dorothy -> Diana -> Logan -> Russell -> Carl -> Mary
30. ""Tyler is Lauren's descendant"" -> Lauren -> Tyler -> Emily -> Edward -> Jonathan -> Grace -> Robert -> Patricia -> Juan -> Marilyn -> Alan -> Betty -> Kelly -> Lisa -> Jacqueline -> Judith -> Beverly -> Joe -> Aaron -> Melissa -> Bruce -> Frank -> Christina -> Gabriel -> Marie -> Dorothy -> Diana -> Logan -> Russell -> Carl -> Mary
31. ""Lauren is Julie's descendant"" -> Julie -> Lauren -> Tyler -> Emily -> Edward -> Jonathan -> Grace -> Robert -> Patricia -> Juan -> Marilyn -> Alan -> Betty -> Kelly -> Lisa -> Jacqueline -> Judith -> Beverly -> Joe -> Aaron -> Melissa -> Bruce -> Frank -> Christina -> Gabriel -> Marie -> Dorothy -> Diana -> Logan -> Russell -> Carl -> Mary
32. ""Isabella is Julie's ancestor"" -> Isabella -> Julie -> Lauren -> Tyler -> Emily -> Edward -> Jonathan -> Grace -> Robert -> Patricia -> Juan -> Marilyn -> Alan -> Betty -> Kelly -> Lisa -> Jacqueline -> Judith -> Beverly -> Joe -> Aaron -> Melissa -> Bruce -> Frank -> Christina -> Gabriel -> Marie -> Dorothy -> Diana -> Logan -> Russell -> Carl -> Mary
33. ""Isabella is Joan's descendant"" -> Joan -> Isabella -> Julie -> Lauren -> Tyler -> Emily -> Edward -> Jonathan -> Grace -> Robert -> Patricia -> Juan -> Marilyn -> Alan -> Betty -> Kelly -> Lisa -> Jacqueline -> Judith -> Beverly -> Joe -> Aaron -> Melissa -> Bruce -> Frank -> Christina -> Gabriel -> Marie -> Dorothy -> Diana -> Logan -> Russell -> Carl -> Mary
34. ""Joan is Walter's descendant"" -> Walter -> Joan -> Isabella -> Julie -> Lauren -> Tyler -> Emily -> Edward -> Jonathan -> Grace -> Robert -> Patricia -> Juan -> Marilyn -> Alan -> Betty -> Kelly -> Lisa -> Jacqueline -> Judith -> Beverly -> Joe -> Aaron -> Melissa -> Bruce -> Frank -> Christina -> Gabriel -> Marie -> Dorothy -> Diana -> Logan -> Russell -> Carl -> Mary
35. ""Christian is Walter's ancestor"" -> Christian -> Walter -> Joan -> Isabella -> Julie -> Lauren -> Tyler -> Emily -> Edward -> Jonathan -> Grace -> Robert -> Patricia -> Juan -> Marilyn -> Alan -> Betty -> Kelly -> Lisa -> Jacqueline -> Judith -> Beverly -> Joe -> Aaron -> Melissa -> Bruce -> Frank -> Christina -> Gabriel -> Marie -> Dorothy -> Diana -> Logan -> Russell -> Carl -> Mary
36. ""Mason is Christian's ancestor"" -> Mason -> Christian -> Walter -> Joan -> Isabella -> Julie -> Lauren -> Tyler -> Emily -> Edward -> Jonathan -> Grace -> Robert -> Patricia -> Juan -> Marilyn -> Alan -> Betty -> Kelly -> Lisa -> Jacqueline -> Judith -> Beverly -> Joe -> Aaron -> Melissa -> Bruce -> Frank -> Christina -> Gabriel -> Marie -> Dorothy -> Diana -> Logan -> Russell -> Carl -> Mary
37. ""Joshua is Mason's ancestor"" -> Joshua -> Mason -> Christian -> Walter -> Joan -> Isabella -> Julie -> Lauren -> Tyler -> Emily -> Edward -> Jonathan -> Grace -> Robert -> Patricia -> Juan -> Marilyn -> Alan -> Betty -> Kelly -> Lisa -> Jacqueline -> Judith -> Beverly -> Joe -> Aaron -> Melissa -> Bruce -> Frank -> Christina -> Gabriel -> Marie -> Dorothy -> Diana -> Logan -> Russell -> Carl -> Mary
38. ""Deborah is Joshua's ancestor"" -> Deborah -> Joshua -> Mason -> Christian -> Walter -> Joan -> Isabella -> Julie -> Lauren -> Tyler -> Emily -> Edward -> Jonathan -> Grace -> Robert -> Patricia -> Juan -> Marilyn -> Alan -> Betty -> Kelly -> Lisa -> Jacqueline -> Judith -> Beverly -> Joe -> Aaron -> Melissa -> Bruce -> Frank -> Christina -> Gabriel -> Marie -> Dorothy -> Diana -> Logan -> Russell -> Carl -> Mary
39. ""Jordan is Deborah's ancestor"" -> Jordan -> Deborah -> Joshua -> Mason -> Christian -> Walter -> Joan -> Isabella -> Julie -> Lauren -> Tyler -> Emily -> Edward -> Jonathan -> Grace -> Robert -> Patricia -> Juan -> Marilyn -> Alan -> Betty -> Kelly -> Lisa -> Jacqueline -> Judith -> Beverly -> Joe -> Aaron -> Melissa -> Bruce -> Frank -> Christina -> Gabriel -> Marie -> Dorothy -> Diana -> Logan -> Russell -> Carl -> Mary

So, **Jordan is an ancestor of Mary**.

Since Jordan is an ancestor of both Arthur and Mary, Arthur and Mary share a common ancestor.

<ANSWER>4</ANSWER>"
64,COMMON_DESCENDANT,1,"Given the following lineage relationships:
* Eugene is Virginia's ancestor.
* Sandra is Samantha's descendant.
* Pamela is Denise's descendant.
* Alexis is Jacob's descendant.
* Andrea is Emma's descendant.
* Dylan is Dorothy's ancestor.
* Amber is Kevin's ancestor.
* Vincent is John's descendant.
* Patrick is Kelly's ancestor.
* Dylan is Megan's descendant.
* Lauren is Jordan's ancestor.
* Ruth is Elizabeth's ancestor.
* Natalie is Bryan's ancestor.
* Jordan is Alice's ancestor.
* Kayla is Stephen's descendant.
* Alexis is Jonathan's ancestor.
* Megan is Evelyn's descendant.
* Rebecca is Elizabeth's descendant.
* Julie is Eugene's ancestor.
* Amy is Doris's descendant.
* Helen is Gregory's descendant.
* Emily is Kelly's descendant.
* Wayne is Ryan's descendant.
* Frances is Joan's ancestor.
* Susan is Ruth's ancestor.
* Randy is Wayne's descendant.
* Denise is Helen's descendant.
* Ethan is Bryan's descendant.
* Amber is Jonathan's descendant.
* Natalie is Raymond's descendant.
* Jack is Stephanie's descendant.
* Mary is Diane's ancestor.
* Bobby is Raymond's ancestor.
* Patrick is Sara's descendant.
* Sarah is Jack's descendant.
* Larry is Bobby's ancestor.
* Jerry is Lori's descendant.
* Pamela is Stephanie's ancestor.
* Jacob is Ethan's descendant.
* Joan is John's ancestor.
* Frances is Jerry's descendant.
* Gregory is Dorothy's descendant.
* Evelyn is Sophia's descendant.
* Ryan is Diane's descendant.
* Jessica is Kayla's descendant.
* Philip is Maria's ancestor.
* Doris is Jessica's descendant.
* Susan is Sandra's descendant.
* Amy is Larry's ancestor.
* Anthony is Ashley's ancestor.
* Randy is Emily's ancestor.
* Lori is Cynthia's descendant.
* Maria is Stephen's ancestor.
* Rebecca is Cynthia's ancestor.
* Olivia is Lauren's ancestor.
* Julie is Bruce's descendant.
* Olivia is Kevin's descendant.
* Alice is Sara's ancestor.
* Sophia is Ashley's descendant.
* Vincent is Anthony's ancestor.
* Andrea is Bruce's ancestor.
* Philip is Sarah's descendant.
* Virginia is Mary's ancestor.
Determine the lineage relationship between Emma and Samantha.
Select the correct answer:
1. Emma and Samantha share a common descendant.
2. Emma is Samantha's descendant.
3. Emma is Samantha's ancestor.
4. Emma and Samantha share a common ancestor.
5. None of the above is correct.
Enclose the selected answer number in the <ANSWER> tag, for example: <ANSWER>1</ANSWER>.",z-ai/glm-4.7,Parasail,,,"Based on the lineage relationships provided, we can construct two family trees starting from Emma and Samantha to find a common connection.

**Path from Emma:**
1.  Andrea is Emma's descendant. (Emma $\rightarrow$ Andrea)
2.  Andrea is Bruce's ancestor. (Emma $\rightarrow$ Andrea $\rightarrow$ Bruce)
3.  Julie is Bruce's descendant. (Emma $\rightarrow$ Andrea $\rightarrow$ Bruce $\rightarrow$ Julie)
4.  Julie is Eugene's ancestor. (Emma $\rightarrow$ Andrea $\rightarrow$ Bruce $\rightarrow$ Julie $\rightarrow$ Eugene)
5.  Eugene is Virginia's ancestor. (Emma $\rightarrow$ ... $\rightarrow$ Eugene $\rightarrow$ Virginia)
6.  Virginia is Mary's ancestor. (Emma $\rightarrow$ ... $\rightarrow$ Virginia $\rightarrow$ Mary)
7.  Mary is Diane's ancestor. (Emma $\rightarrow$ ... $\rightarrow$ Mary $\rightarrow$ Diane)
8.  Ryan is Diane's descendant. (Emma $\rightarrow$ ... $\rightarrow$ Diane $\rightarrow$ Ryan)
9.  Wayne is Ryan's descendant. (Emma $\rightarrow$ ... $\rightarrow$ Ryan $\rightarrow$ Wayne)
10. Randy is Wayne's descendant. (Emma $\rightarrow$ ... $\rightarrow$ Wayne $\rightarrow$ Randy)
11. Randy is Emily's ancestor. (Emma $\rightarrow$ ... $\rightarrow$ Randy $\rightarrow$ Emily)

So, **Emma is an ancestor of Emily.**

**Path from Samantha:**
1.  Sandra is Samantha's descendant. (Samantha $\rightarrow$ Sandra)
2.  Susan is Sandra's descendant. (Samantha $\rightarrow$ Sandra $\rightarrow$ Susan)
3.  Susan is Ruth's ancestor. (Samantha $\rightarrow$ ... $\rightarrow$ Susan $\rightarrow$ Ruth)
4.  Ruth is Elizabeth's ancestor. (Samantha $\rightarrow$ ... $\rightarrow$ Ruth $\rightarrow$ Elizabeth)
5.  Rebecca is Elizabeth's descendant. (Samantha $\rightarrow$ ... $\rightarrow$ Elizabeth $\rightarrow$ Rebecca)
6.  Rebecca is Cynthia's ancestor. (Samantha $\rightarrow$ ... $\rightarrow$ Rebecca $\rightarrow$ Cynthia)
7.  Lori is Cynthia's descendant. (Samantha $\rightarrow$ ... $\rightarrow$ Cynthia $\rightarrow$ Lori)
8.  Jerry is Lori's descendant. (Samantha $\rightarrow$ ... $\rightarrow$ Lori $\rightarrow$ Jerry)
9.  Frances is Jerry's descendant. (Samantha $\rightarrow$ ... $\rightarrow$ Jerry $\rightarrow$ Frances)
10. Frances is Joan's ancestor. (Samantha $\rightarrow$ ... $\rightarrow$ Frances $\rightarrow$ Joan)
11. Joan is John's ancestor. (Samantha $\rightarrow$ ... $\rightarrow$ Joan $\rightarrow$ John)
12. Vincent is John's descendant. (Samantha $\rightarrow$ ... $\rightarrow$ John $\rightarrow$ Vincent)
13. Vincent is Anthony's ancestor. (Samantha $\rightarrow$ ... $\rightarrow$ Vincent $\rightarrow$ Anthony)
14. Anthony is Ashley's ancestor. (Samantha $\rightarrow$ ... $\rightarrow$ Anthony $\rightarrow$ Ashley)
15. Sophia is Ashley's descendant. (Samantha $\rightarrow$ ... $\rightarrow$ Ashley $\rightarrow$ Sophia)
16. Evelyn is Sophia's descendant. (Samantha $\rightarrow$ ... $\rightarrow$ Sophia $\rightarrow$ Evelyn)
17. Megan is Evelyn's descendant. (Samantha $\rightarrow$ ... $\rightarrow$ Evelyn $\rightarrow$ Megan)
18. Dylan is Megan's descendant. (Samantha $\rightarrow$ ... $\rightarrow$ Megan $\rightarrow$ Dylan)
19. Dylan is Dorothy's ancestor. (Samantha $\rightarrow$ ... $\rightarrow$ Dylan $\rightarrow$ Dorothy)
20. Gregory is Dorothy's descendant. (Samantha $\rightarrow$ ... $\rightarrow$ Dorothy $\rightarrow$ Gregory)
21. Helen is Gregory's descendant. (Samantha $\rightarrow$ ... $\rightarrow$ Gregory $\rightarrow$ Helen)
22. Denise is Helen's descendant. (Samantha $\rightarrow$ ... $\rightarrow$ Helen $\rightarrow$ Denise)
23. Pamela is Denise's descendant. (Samantha $\rightarrow$ ... $\rightarrow$ Denise $\rightarrow$ Pamela)
24. Pamela is Stephanie's ancestor. (Samantha $\rightarrow$ ... $\rightarrow$ Pamela $\rightarrow$ Stephanie)
25. Jack is Stephanie's descendant. (Samantha $\rightarrow$ ... $\rightarrow$ Stephanie $\rightarrow$ Jack)
26. Sarah is Jack's descendant. (Samantha $\rightarrow$ ... $\rightarrow$ Jack $\rightarrow$ Sarah)
27. Philip is Sarah's descendant. (Samantha $\rightarrow$ ... $\rightarrow$ Sarah $\rightarrow$ Philip)
28. Philip is Maria's ancestor. (Samantha $\rightarrow$ ... $\rightarrow$ Philip $\rightarrow$ Maria)
29. Maria is Stephen's ancestor. (Samantha $\rightarrow$ ... $\rightarrow$ Maria $\rightarrow$ Stephen)
30. Kayla is Stephen's descendant. (Samantha $\rightarrow$ ... $\rightarrow$ Stephen $\rightarrow$ Kayla)
31. Jessica is Kayla's descendant. (Samantha $\rightarrow$ ... $\rightarrow$ Kayla $\rightarrow$ Jessica)
32. Doris is Jessica's descendant. (Samantha $\rightarrow$ ... $\rightarrow$ Jessica $\rightarrow$ Doris)
33. Amy is Doris's descendant. (Samantha $\rightarrow$ ... $\rightarrow$ Doris $\rightarrow$ Amy)
34. Amy is Larry's ancestor. (Samantha $\rightarrow$ ... $\rightarrow$ Amy $\rightarrow$ Larry)
35. Larry is Bobby's ancestor. (Samantha $\rightarrow$ ... $\rightarrow$ Larry $\rightarrow$ Bobby)
36. Bobby is Raymond's ancestor. (Samantha $\rightarrow$ ... $\rightarrow$ Bobby $\rightarrow$ Raymond)
37. Natalie is Raymond's descendant. (Samantha $\rightarrow$ ... $\rightarrow$ Raymond $\rightarrow$ Natalie)
38. Natalie is Bryan's ancestor. (Samantha $\rightarrow$ ... $\rightarrow$ Natalie $\rightarrow$ Bryan)
39. Ethan is Bryan's descendant. (Samantha $\rightarrow$ ... $\rightarrow$ Bryan $\rightarrow$ Ethan)
40. Jacob is Ethan's descendant. (Samantha $\rightarrow$ ... $\rightarrow$ Ethan $\rightarrow$ Jacob)
41. Alexis is Jacob's descendant. (Samantha $\rightarrow$ ... $\rightarrow$ Jacob $\rightarrow$ Alexis)
42. Alexis is Jonathan's ancestor. (Samantha $\rightarrow$ ... $\rightarrow$ Alexis $\rightarrow$ Jonathan)
43. Amber is Jonathan's descendant. (Samantha $\rightarrow$ ... $\rightarrow$ Jonathan $\rightarrow$ Amber)
44. Amber is Kevin's ancestor. (Samantha $\rightarrow$ ... $\rightarrow$ Amber $\rightarrow$ Kevin)
45. Olivia is Kevin's descendant. (Samantha $\rightarrow$ ... $\rightarrow$ Kevin $\rightarrow$ Olivia)
46. Olivia is Lauren's ancestor. (Samantha $\rightarrow$ ... $\rightarrow$ Olivia $\rightarrow$ Lauren)
47. Lauren is Jordan's ancestor. (Samantha $\rightarrow$ ... $\rightarrow$ Lauren $\rightarrow$ Jordan)
48. Jordan is Alice's ancestor. (Samantha $\rightarrow$ ... $\rightarrow$ Jordan $\rightarrow$ Alice)
49. Alice is Sara's ancestor. (Samantha $\rightarrow$ ... $\rightarrow$ Alice $\rightarrow$ Sara)
50. Patrick is Sara's descendant. (Samantha $\rightarrow$ ... $\rightarrow$ Sara $\rightarrow$ Patrick)
51. Patrick is Kelly's ancestor. (Samantha $\rightarrow$ ... $\rightarrow$ Patrick $\rightarrow$ Kelly)
52. Emily is Kelly's descendant. (Samantha $\rightarrow$ ... $\rightarrow$ Kelly $\rightarrow$ Emily)

So, **Samantha is an ancestor of Emily.**

Since both Emma and Samantha are ancestors of Emily, they share a common descendant.

<ANSWER>1</ANSWER>"
64,ANCESTOR,1,"Given the following lineage relationships:
* Sarah is Jacob's descendant.
* Patricia is Anthony's descendant.
* Willie is Sara's descendant.
* Ronald is Virginia's ancestor.
* Scott is Barbara's ancestor.
* Henry is Janice's descendant.
* Philip is Brian's ancestor.
* Eric is Joshua's descendant.
* Evelyn is Bruce's ancestor.
* Bryan is Amber's ancestor.
* Olivia is Douglas's ancestor.
* Larry is Jonathan's descendant.
* George is Jacqueline's descendant.
* Willie is Jacob's ancestor.
* John is Sandra's descendant.
* Julia is Wayne's descendant.
* Gary is Andrea's ancestor.
* Julia is Scott's ancestor.
* Brittany is Betty's ancestor.
* Brian is Jason's ancestor.
* Gregory is Cheryl's descendant.
* Amber is Jean's ancestor.
* Kyle is Jean's descendant.
* Christian is Kevin's ancestor.
* Timothy is Alice's descendant.
* Bobby is Teresa's ancestor.
* Stephen is Bradley's ancestor.
* Judith is Ronald's ancestor.
* Bruce is Ralph's ancestor.
* Patricia is Joan's ancestor.
* Paul is Peter's ancestor.
* Angela is Douglas's descendant.
* Sophia is Sarah's descendant.
* Wayne is Betty's descendant.
* Teresa is Cheryl's ancestor.
* Rachel is Emma's descendant.
* Angela is Sandra's ancestor.
* Karen is Kyle's descendant.
* Sophia is Marilyn's ancestor.
* Andrew is Emma's ancestor.
* Paul is Marilyn's descendant.
* Jacqueline is Karen's descendant.
* Melissa is Nathan's descendant.
* Jordan is Stephen's ancestor.
* Bobby is Kevin's descendant.
* Bradley is Jonathan's ancestor.
* Nathan is James's descendant.
* Gloria is Rachel's descendant.
* Andrew is Larry's descendant.
* Henry is Judith's ancestor.
* Evelyn is Jason's descendant.
* Peter is Philip's ancestor.
* Janice is Barbara's descendant.
* Gregory is Anthony's ancestor.
* Jordan is Ralph's descendant.
* Timothy is James's ancestor.
* George is Alice's ancestor.
* Joan is Bryan's ancestor.
* Gloria is Brittany's ancestor.
* Melissa is Joshua's ancestor.
* John is Sara's ancestor.
* Virginia is Gary's ancestor.
* Eric is Olivia's ancestor.
Determine the lineage relationship between Christian and Andrea.
Select the correct answer:
1. Christian is Andrea's ancestor.
2. Christian and Andrea share a common ancestor.
3. Christian is Andrea's descendant.
4. Christian and Andrea share a common descendant.
5. None of the above is correct.
Enclose the selected answer number in the <ANSWER> tag, for example: <ANSWER>1</ANSWER>.",z-ai/glm-4.7,Parasail,,,"Based on the provided lineage relationships, we can construct a single continuous chain of ancestry. Let's trace the path connecting Christian and Andrea:

1.  **Christian** is Kevin's ancestor.
2.  **Bobby** is Kevin's descendant, so: Christian $\rightarrow$ Kevin $\rightarrow$ Bobby.
3.  **Bobby** is Teresa's ancestor, so: $\rightarrow$ Bobby $\rightarrow$ Teresa.
4.  **Teresa** is Cheryl's ancestor, so: $\rightarrow$ Teresa $\rightarrow$ Cheryl.
5.  **Gregory** is Cheryl's descendant, so: $\rightarrow$ Cheryl $\rightarrow$ Gregory.
6.  **Gregory** is Anthony's ancestor, so: $\rightarrow$ Gregory $\rightarrow$ Anthony.
7.  **Patricia** is Anthony's descendant, so: $\rightarrow$ Anthony $\rightarrow$ Patricia.
8.  **Patricia** is Joan's ancestor, so: $\rightarrow$ Patricia $\rightarrow$ Joan.
9.  **Joan** is Bryan's ancestor, so: $\rightarrow$ Joan $\rightarrow$ Bryan.
10. **Bryan** is Amber's ancestor, so: $\rightarrow$ Bryan $\rightarrow$ Amber.
11. **Amber** is Jean's ancestor, so: $\rightarrow$ Amber $\rightarrow$ Jean.
12. **Kyle** is Jean's descendant, so: $\rightarrow$ Jean $\rightarrow$ Kyle.
13. **Karen** is Kyle's descendant, so: $\rightarrow$ Kyle $\rightarrow$ Karen.
14. **Jacqueline** is Karen's descendant, so: $\rightarrow$ Karen $\rightarrow$ Jacqueline.
15. **George** is Jacqueline's descendant, so: $\rightarrow$ Jacqueline $\rightarrow$ George.
16. **George** is Alice's ancestor, so: $\rightarrow$ George $\rightarrow$ Alice.
17. **Timothy** is Alice's descendant, so: $\rightarrow$ Alice $\rightarrow$ Timothy.
18. **Timothy** is James's ancestor, so: $\rightarrow$ Timothy $\rightarrow$ James.
19. **Nathan** is James's descendant, so: $\rightarrow$ James $\rightarrow$ Nathan.
20. **Melissa** is Nathan's descendant, so: $\rightarrow$ Nathan $\rightarrow$ Melissa.
21. **Melissa** is Joshua's ancestor, so: $\rightarrow$ Melissa $\rightarrow$ Joshua.
22. **Eric** is Joshua's descendant, so: $\rightarrow$ Joshua $\rightarrow$ Eric.
23. **Eric** is Olivia's ancestor, so: $\rightarrow$ Eric $\rightarrow$ Olivia.
24. **Olivia** is Douglas's ancestor, so: $\rightarrow$ Olivia $\rightarrow$ Douglas.
25. **Angela** is Douglas's descendant, so: $\rightarrow$ Douglas $\rightarrow$ Angela.
26. **Angela** is Sandra's ancestor, so: $\rightarrow$ Angela $\rightarrow$ Sandra.
27. **John** is Sandra's descendant, so: $\rightarrow$ Sandra $\rightarrow$ John.
28. **John** is Sara's ancestor, so: $\rightarrow$ John $\rightarrow$ Sara.
29. **Willie** is Sara's descendant, so: $\rightarrow$ Sara $\rightarrow$ Willie.
30. **Willie** is Jacob's ancestor, so: $\rightarrow$ Willie $\rightarrow$ Jacob.
31. **Sarah** is Jacob's descendant, so: $\rightarrow$ Jacob $\rightarrow$ Sarah.
32. **Sophia** is Sarah's descendant, so: $\rightarrow$ Sarah $\rightarrow$ Sophia.
33. **Sophia** is Marilyn's ancestor, so: $\rightarrow$ Sophia $\rightarrow$ Marilyn.
34. **Paul** is Marilyn's descendant, so: $\rightarrow$ Marilyn $\rightarrow$ Paul.
35. **Paul** is Peter's ancestor, so: $\rightarrow$ Paul $\rightarrow$ Peter.
36. **Peter** is Philip's ancestor, so: $\rightarrow$ Peter $\rightarrow$ Philip.
37. **Philip** is Brian's ancestor, so: $\rightarrow$ Philip $\rightarrow$ Brian.
38. **Brian** is Jason's ancestor, so: $\rightarrow$ Brian $\rightarrow$ Jason.
39. **Evelyn** is Jason's descendant, so: $\rightarrow$ Jason $\rightarrow$ Evelyn.
40. **Evelyn** is Bruce's ancestor, so: $\rightarrow$ Evelyn $\rightarrow$ Bruce.
41. **Bruce** is Ralph's ancestor, so: $\rightarrow$ Bruce $\rightarrow$ Ralph.
42. **Jordan** is Ralph's descendant, so: $\rightarrow$ Ralph $\rightarrow$ Jordan.
43. **Jordan** is Stephen's ancestor, so: $\rightarrow$ Jordan $\rightarrow$ Stephen.
44. **Stephen** is Bradley's ancestor, so: $\rightarrow$ Stephen $\rightarrow$ Bradley.
45. **Bradley** is Jonathan's ancestor, so: $\rightarrow$ Bradley $\rightarrow$ Jonathan.
46. **Larry** is Jonathan's descendant, so: $\rightarrow$ Jonathan $\rightarrow$ Larry.
47. **Andrew** is Larry's descendant, so: $\rightarrow$ Larry $\rightarrow$ Andrew.
48. **Andrew** is Emma's ancestor, so: $\rightarrow$ Andrew $\rightarrow$ Emma.
49. **Rachel** is Emma's descendant, so: $\rightarrow$ Emma $\rightarrow$ Rachel.
50. **Gloria** is Rachel's descendant, so: $\rightarrow$ Rachel $\rightarrow$ Gloria.
51. **Gloria** is Brittany's ancestor, so: $\rightarrow$ Gloria $\rightarrow$ Brittany.
52. **Brittany** is Betty's ancestor, so: $\rightarrow$ Brittany $\rightarrow$ Betty.
53. **Wayne** is Betty's descendant, so: $\rightarrow$ Betty $\rightarrow$ Wayne.
54. **Julia** is Wayne's descendant, so: $\rightarrow$ Wayne $\rightarrow$ Julia.
55. **Julia** is Scott's ancestor, so: $\rightarrow$ Julia $\rightarrow$ Scott.
56. **Scott** is Barbara's ancestor, so: $\rightarrow$ Scott $\rightarrow$ Barbara.
57. **Janice** is Barbara's descendant, so: $\rightarrow$ Barbara $\rightarrow$ Janice.
58. **Henry** is Janice's descendant, so: $\rightarrow$ Janice $\rightarrow$ Henry.
59. **Henry** is Judith's ancestor, so: $\rightarrow$ Henry $\rightarrow$ Judith.
60. **Judith** is Ronald's ancestor, so: $\rightarrow$ Judith $\rightarrow$ Ronald.
61. **Ronald** is Virginia's ancestor, so: $\rightarrow$ Ronald $\rightarrow$ Virginia.
62. **Virginia** is Gary's ancestor, so: $\rightarrow$ Virginia $\rightarrow$ Gary.
63. **Gary** is Andrea's ancestor, so: $\rightarrow$ Gary $\rightarrow$ Andrea.

The complete lineage is: Christian $\rightarrow$ ... $\rightarrow$ Andrea.
Therefore, Christian is Andrea's ancestor.

<ANSWER>1</ANSWER>"
64,DESCENDANT,3,"Given the following lineage relationships:
* Frank is Scott's ancestor.
* Richard is Elizabeth's ancestor.
* Grace is Susan's ancestor.
* Gabriel is Sean's descendant.
* Bryan is Russell's ancestor.
* Lori is Anthony's ancestor.
* Juan is James's descendant.
* Harold is Michelle's ancestor.
* Elizabeth is Robert's ancestor.
* Olivia is Andrea's ancestor.
* Tyler is Samantha's descendant.
* Billy is Logan's descendant.
* Anthony is Sara's ancestor.
* Laura is Sara's descendant.
* Frank is Christopher's descendant.
* Hannah is Elijah's ancestor.
* Rachel is Arthur's ancestor.
* Rachel is Jesse's descendant.
* Marie is Robert's descendant.
* Nicole is Kyle's ancestor.
* Douglas is Jessica's ancestor.
* Kimberly is John's descendant.
* Kyle is Richard's ancestor.
* Daniel is Angela's ancestor.
* Kelly is Samantha's ancestor.
* Marie is Kelly's ancestor.
* Natalie is Lori's ancestor.
* Gabriel is Grace's ancestor.
* Donna is Jeremy's ancestor.
* Susan is Walter's ancestor.
* John is Ralph's descendant.
* Janet is Bobby's descendant.
* Laura is Jacob's ancestor.
* Jason is Jose's descendant.
* Andrea is Donna's ancestor.
* Michelle is Andrew's ancestor.
* Russell is James's ancestor.
* Aaron is Ralph's ancestor.
* Hannah is Juan's descendant.
* Beverly is Isabella's ancestor.
* Jennifer is Daniel's ancestor.
* Jesse is Jeremy's descendant.
* Joe is Douglas's ancestor.
* Kayla is Brian's ancestor.
* Jacqueline is Jessica's descendant.
* Arthur is Aaron's ancestor.
* Elijah is Nicole's ancestor.
* Harold is Billy's descendant.
* Natalie is Angela's descendant.
* Olivia is Rebecca's descendant.
* Jason is Bryan's ancestor.
* Kayla is Kimberly's descendant.
* Sean is Joshua's descendant.
* Christine is Christopher's ancestor.
* Beverly is Jacqueline's descendant.
* Jacob is Bobby's ancestor.
* Tyler is Rebecca's ancestor.
* Joe is Walter's descendant.
* Christine is Isabella's descendant.
* Logan is Brian's descendant.
* Andrew is Jennifer's ancestor.
* Janet is Joshua's ancestor.
* Emma is Jose's ancestor.
Determine the lineage relationship between Scott and Emma.
Select the correct answer:
1. Scott is Emma's ancestor.
2. Scott and Emma share a common descendant.
3. Scott is Emma's descendant.
4. Scott and Emma share a common ancestor.
5. None of the above is correct.
Enclose the selected answer number in the <ANSWER> tag, for example: <ANSWER>1</ANSWER>.",z-ai/glm-4.7,Parasail,,,<ANSWER>3</ANSWER>
64,COMMON_ANCESTOR,3,"Given the following lineage relationships:
* Vincent is Isabella's ancestor.
* Austin is Anna's ancestor.
* Ronald is Benjamin's descendant.
* Ethan is Austin's ancestor.
* Randy is Ann's descendant.
* Richard is Raymond's ancestor.
* Joseph is Zachary's ancestor.
* Dennis is Larry's descendant.
* Teresa is Noah's descendant.
* Joseph is Doris's ancestor.
* Billy is Catherine's ancestor.
* Larry is Danielle's descendant.
* Sean is Raymond's descendant.
* Denise is Lori's ancestor.
* Gabriel is Julie's descendant.
* Randy is Patrick's ancestor.
* Laura is Rachel's ancestor.
* Patrick is Frank's ancestor.
* Martha is Megan's descendant.
* Vincent is Lori's descendant.
* Gabriel is Richard's ancestor.
* Teresa is Judith's ancestor.
* Eugene is Joe's ancestor.
* Bradley is Isabella's descendant.
* Maria is Martha's descendant.
* Carol is Mark's descendant.
* David is Samantha's ancestor.
* Emma is Carol's descendant.
* Billy is Nicole's descendant.
* Julia is Emma's descendant.
* Brenda is Walter's descendant.
* Denise is Stephanie's descendant.
* Maria is Ann's ancestor.
* Stephen is Jessica's descendant.
* Sean is Eugene's ancestor.
* Ronald is Marilyn's ancestor.
* Carl is Philip's descendant.
* Joe is Laura's ancestor.
* Judith is Jacqueline's ancestor.
* Jessica is Aaron's descendant.
* Marilyn is Ethan's ancestor.
* Heather is Julia's descendant.
* Hannah is Brenda's descendant.
* Jacqueline is Danielle's ancestor.
* Rebecca is Nicole's ancestor.
* Stephanie is Elijah's descendant.
* Evelyn is Walter's ancestor.
* Megan is Anna's descendant.
* Frank is Noah's ancestor.
* Hannah is Aaron's ancestor.
* Samantha is Evelyn's ancestor.
* Benjamin is Kyle's descendant.
* Elijah is Rachel's descendant.
* Melissa is Katherine's ancestor.
* Julie is Zachary's descendant.
* Doris is Mark's ancestor.
* Melissa is Donald's descendant.
* Dennis is Rebecca's ancestor.
* Heather is Kyle's ancestor.
* Bradley is David's ancestor.
* Brian is Carl's descendant.
* Stephen is Philip's ancestor.
* Brian is Donald's ancestor.
Determine the lineage relationship between Katherine and Catherine.
Select the correct answer:
1. Katherine is Catherine's ancestor.
2. Katherine is Catherine's descendant.
3. Katherine and Catherine share a common ancestor.
4. Katherine and Catherine share a common descendant.
5. None of the above is correct.
Enclose the selected answer number in the <ANSWER> tag, for example: <ANSWER>1</ANSWER>.",z-ai/glm-4.7,Parasail,,,"Based on the provided lineage relationships, we can trace the ancestry of both Catherine and Katherine to determine their connection.

**Tracing Catherine's Lineage:**
1.  **Billy** is Catherine's ancestor.
2.  Billy is **Nicole**'s descendant.
3.  **Rebecca** is Nicole's ancestor.
4.  **Dennis** is Rebecca's ancestor.
5.  Dennis is **Larry**'s descendant.
6.  Larry is **Danielle**'s descendant.
7.  **Jacqueline** is Danielle's ancestor.
8.  **Judith** is Jacqueline's ancestor.
9.  **Teresa** is Judith's ancestor.
10. Teresa is **Noah**'s descendant.
11. **Frank** is Noah's ancestor.
12. **Patrick** is Frank's ancestor.
13. **Randy** is Patrick's ancestor.
14. Randy is **Ann**'s descendant.
15. **Maria** is Ann's ancestor.
16. Maria is **Martha**'s descendant.
17. Martha is **Megan**'s descendant.
18. Megan is **Anna**'s descendant.
19. **Austin** is Anna's ancestor.
20. **Ethan** is Austin's ancestor.
21. **Marilyn** is Ethan's ancestor.
22. **Ronald** is Marilyn's ancestor.
23. Ronald is **Benjamin**'s descendant.
24. Benjamin is **Kyle**'s descendant.
25. **Heather** is Kyle's ancestor.
26. Heather is **Julia**'s descendant.
27. Julia is **Emma**'s descendant.
28. Emma is **Carol**'s descendant.
29. Carol is **Mark**'s descendant.
30. **Doris** is Mark's ancestor.
31. **Joseph** is Doris's ancestor.

Ancestral chain for Catherine: **Joseph** $\to$ Doris $\to$ Mark $\to$ Carol $\to$ Emma $\to$ Julia $\to$ Heather $\to$ Kyle $\to$ Benjamin $\to$ Ronald $\to$ Marilyn $\to$ Ethan $\to$ Austin $\to$ Anna $\to$ Megan $\to$ Martha $\to$ Maria $\to$ Ann $\to$ Randy $\to$ Patrick $\to$ Frank $\to$ Noah $\to$ Teresa $\to$ Judith $\to$ Jacqueline $\to$ Danielle $\to$ Larry $\to$ Dennis $\to$ Rebecca $\to$ Nicole $\to$ Billy $\to$ **Catherine**.

**Tracing Katherine's Lineage:**
1.  **Melissa** is Katherine's ancestor.
2.  Melissa is **Donald**'s descendant.
3.  **Brian** is Donald's ancestor.
4.  Brian is **Carl**'s descendant.
5.  Carl is **Philip**'s descendant.
6.  **Stephen** is Philip's ancestor.
7.  Stephen is **Jessica**'s descendant.
8.  Jessica is **Aaron**'s descendant.
9.  **Hannah** is Aaron's ancestor.
10. Hannah is **Brenda**'s descendant.
11. Brenda is **Walter**'s descendant.
12. **Evelyn** is Walter's ancestor.
13. **Samantha** is Evelyn's ancestor.
14. **David** is Samantha's ancestor.
15. **Bradley** is David's ancestor.
16. Bradley is **Isabella**'s descendant.
17. **Vincent** is Isabella's ancestor.
18. Vincent is **Lori**'s descendant.
19. **Denise** is Lori's ancestor.
20. Denise is **Stephanie**'s descendant.
21. Stephanie is **Elijah**'s descendant.
22. Elijah is **Rachel**'s descendant.
23. **Laura** is Rachel's ancestor.
24. **Joe** is Laura's ancestor.
25. **Eugene** is Joe's ancestor.
26. **Sean** is Eugene's ancestor.
27. Sean is **Raymond**'s descendant.
28. **Richard** is Raymond's ancestor.
29. **Gabriel** is Richard's ancestor.
30. Gabriel is **Julie**'s descendant.
31. Julie is **Zachary**'s descendant.
32. **Joseph** is Zachary's ancestor.

Ancestral chain for Katherine: **Joseph** $\to$ Zachary $\to$ Julie $\to$ Gabriel $\to$ Richard $\to$ Raymond $\to$ Sean $\to$ Eugene $\to$ Joe $\to$ Laura $\to$ Rachel $\to$ Elijah $\to$ Stephanie $\to$ Denise $\to$ Lori $\to$ Vincent $\to$ Isabella $\to$ Bradley $\to$ David $\to$ Samantha $\to$ Evelyn $\to$ Walter $\to$ Brenda $\to$ Hannah $\to$ Aaron $\to$ Jessica $\to$ Stephen $\to$ Philip $\to$ Carl $\to$ Brian $\to$ Donald $\to$ Melissa $\to$ **Katherine**.

**Conclusion:**
Both Catherine and Katherine share **Joseph** as a common ancestor. Their lines diverge from Joseph (through Doris for Catherine and Zachary for Katherine). Therefore, they are not direct ancestors or descendants of each other.

The correct answer is that Katherine and Catherine share a common ancestor.

<ANSWER>3</ANSWER>"
64,COMMON_DESCENDANT,4,"Given the following lineage relationships:
* Alice is Michelle's ancestor.
* Eugene is Samantha's ancestor.
* Doris is Aaron's descendant.
* Bryan is Patricia's descendant.
* Jordan is Harold's descendant.
* Timothy is Noah's descendant.
* Joyce is Joan's descendant.
* Scott is Sophia's descendant.
* Brian is Karen's descendant.
* Lawrence is Marie's ancestor.
* Judy is Christina's ancestor.
* Margaret is Daniel's descendant.
* Harold is Madison's descendant.
* Christina is Bradley's ancestor.
* Barbara is Peter's descendant.
* Jose is Alexander's ancestor.
* Jose is Richard's descendant.
* Austin is Rachel's descendant.
* Bradley is Ralph's ancestor.
* Marie is Joan's ancestor.
* Douglas is Austin's descendant.
* Richard is Doris's descendant.
* Evelyn is Shirley's descendant.
* Jack is Eugene's ancestor.
* Terry is George's descendant.
* Donald is Scott's descendant.
* Amanda is Ryan's descendant.
* Matthew is Timothy's descendant.
* Aaron is Melissa's descendant.
* Andrea is Arthur's ancestor.
* Mary is Janet's ancestor.
* Betty is Hannah's ancestor.
* Rachel is Donald's descendant.
* Arthur is Kenneth's descendant.
* Alice is Douglas's descendant.
* Dorothy is Katherine's descendant.
* James is Mason's descendant.
* James is Karen's ancestor.
* Brandon is Anthony's ancestor.
* Mason is Anthony's descendant.
* Amanda is Kenneth's ancestor.
* Katherine is Janet's descendant.
* Brandon is Dorothy's descendant.
* Jack is Ralph's descendant.
* Theresa is Peter's ancestor.
* Michelle is Betty's ancestor.
* Charlotte is Carol's ancestor.
* Elijah is Nicole's descendant.
* Patricia is Carol's descendant.
* Jordan is Noah's ancestor.
* Hannah is Daniel's ancestor.
* Alexander is Andrea's ancestor.
* Matthew is Mary's ancestor.
* Joyce is Melissa's ancestor.
* Barbara is Nicole's ancestor.
* Brian is Lawrence's ancestor.
* Elijah is Kevin's ancestor.
* George is Samantha's descendant.
* Bryan is Ryan's ancestor.
* Sophia is Kevin's descendant.
* Margaret is Judy's ancestor.
* Charlotte is Terry's descendant.
* Theresa is Evelyn's descendant.
Determine the lineage relationship between Madison and Shirley.
Select the correct answer:
1. Madison is Shirley's ancestor.
2. Madison is Shirley's descendant.
3. Madison and Shirley share a common ancestor.
4. Madison and Shirley share a common descendant.
5. None of the above is correct.
Enclose the selected answer number in the <ANSWER> tag, for example: <ANSWER>1</ANSWER>.",z-ai/glm-4.7,Parasail,,,"Based on the provided lineage relationships, we can trace the paths from both Madison and Shirley to find a common connection.

**Path from Madison:**
1.  Madison is Harold's ancestor (**Madison -> Harold**).
2.  Harold is Jordan's descendant (**Harold -> Jordan**).
3.  Jordan is Noah's ancestor (**Jordan -> Noah**).
4.  Noah is Timothy's descendant (**Noah -> Timothy**).
5.  Timothy is Matthew's descendant (**Timothy -> Matthew**).
6.  Matthew is Mary's ancestor (**Matthew -> Mary**).
7.  Mary is Janet's ancestor (**Mary -> Janet**).
8.  Janet is Katherine's descendant (**Janet -> Katherine**).
9.  Dorothy is Katherine's descendant (**Katherine -> Dorothy**).
10. Brandon is Dorothy's descendant (**Dorothy -> Brandon**).
11. Brandon is Anthony's ancestor (**Brandon -> Anthony**).
12. Mason is Anthony's descendant (**Anthony -> Mason**).
13. James is Mason's descendant (**Mason -> James**).
14. James is Karen's ancestor (**James -> Karen**).
15. Brian is Karen's descendant (**Karen -> Brian**).
16. Brian is Lawrence's ancestor (**Brian -> Lawrence**).
17. Lawrence is Marie's ancestor (**Lawrence -> Marie**).
18. Marie is Joan's ancestor (**Marie -> Joan**).
19. Joyce is Joan's descendant (**Joan -> Joyce**).
20. Joyce is Melissa's ancestor (**Joyce -> Melissa**).
21. Aaron is Melissa's descendant (**Melissa -> Aaron**).
22. Doris is Aaron's descendant (**Aaron -> Doris**).
23. Richard is Doris's descendant (**Doris -> Richard**).
24. Jose is Richard's descendant (**Richard -> Jose**).
25. Jose is Alexander's ancestor (**Jose -> Alexander**).
26. Alexander is Andrea's ancestor (**Alexander -> Andrea**).
27. Andrea is Arthur's ancestor (**Andrea -> Arthur**).

This establishes the chain: **Madison -> ... -> Arthur**.

**Path from Shirley:**
1.  Evelyn is Shirley's descendant (**Shirley -> Evelyn**).
2.  Theresa is Evelyn's descendant (**Evelyn -> Theresa**).
3.  Theresa is Peter's ancestor (**Theresa -> Peter**).
4.  Barbara is Peter's descendant (**Peter -> Barbara**).
5.  Barbara is Nicole's ancestor (**Barbara -> Nicole**).
6.  Elijah is Nicole's descendant (**Nicole -> Elijah**).
7.  Elijah is Kevin's ancestor (**Elijah -> Kevin**).
8.  Sophia is Kevin's descendant (**Kevin -> Sophia**).
9.  Scott is Sophia's descendant (**Sophia -> Scott**).
10. Donald is Scott's descendant (**Scott -> Donald**).
11. Rachel is Donald's descendant (**Donald -> Rachel**).
12. Austin is Rachel's descendant (**Rachel -> Austin**).
13. Douglas is Austin's descendant (**Austin -> Douglas**).
14. Alice is Douglas's descendant (**Douglas -> Alice**).
15. Alice is Michelle's ancestor (**Alice -> Michelle**).
16. Michelle is Betty's ancestor (**Michelle -> Betty**).
17. Betty is Hannah's ancestor (**Betty -> Hannah**).
18. Hannah is Daniel's ancestor (**Hannah -> Daniel**).
19. Margaret is Daniel's descendant (**Daniel -> Margaret**).
20. Margaret is Judy's ancestor (**Margaret -> Judy**).
21. Judy is Christina's ancestor (**Judy -> Christina**).
22. Christina is Bradley's ancestor (**Christina -> Bradley**).
23. Bradley is Ralph's ancestor (**Bradley -> Ralph**).
24. Jack is Ralph's descendant (**Ralph -> Jack**).
25. Jack is Eugene's ancestor (**Jack -> Eugene**).
26. Eugene is Samantha's ancestor (**Eugene -> Samantha**).
27. George is Samantha's descendant (**Samantha -> George**).
28. Terry is George's descendant (**George -> Terry**).
29. Charlotte is Terry's descendant (**Terry -> Charlotte**).
30. Charlotte is Carol's ancestor (**Charlotte -> Carol**).
31. Patricia is Carol's descendant (**Carol -> Patricia**).
32. Bryan is Patricia's descendant (**Patricia -> Bryan**).
33. Bryan is Ryan's ancestor (**Bryan -> Ryan**).
34. Amanda is Ryan's descendant (**Ryan -> Amanda**).
35. Amanda is Kenneth's ancestor (**Amanda -> Kenneth**).
36. Arthur is Kenneth's descendant (**Kenneth -> Arthur**).

This establishes the chain: **Shirley -> ... -> Arthur**.

**Conclusion:**
Both Madison and Shirley are ancestors of Arthur. Therefore, Madison and Shirley share a common descendant (Arthur).

<ANSWER>4</ANSWER>"
64,ANCESTOR,4,"Given the following lineage relationships:
* Gary is Judith's descendant.
* John is William's descendant.
* Kathleen is Elizabeth's descendant.
* Diane is Amanda's descendant.
* Dorothy is Julie's ancestor.
* Cheryl is Austin's descendant.
* Elijah is Samuel's ancestor.
* Brittany is Alice's ancestor.
* Shirley is Jesse's descendant.
* Wayne is Elijah's ancestor.
* Michelle is Jesse's ancestor.
* Deborah is Edward's descendant.
* Austin is Jose's descendant.
* Emily is Denise's descendant.
* Douglas is Jose's ancestor.
* Sarah is Russell's ancestor.
* John is Beverly's ancestor.
* Henry is Michelle's ancestor.
* Eric is Beverly's descendant.
* Dorothy is Bobby's descendant.
* Lauren is Emily's descendant.
* Eric is Patrick's ancestor.
* Christine is Diane's descendant.
* Megan is Douglas's ancestor.
* Russell is Denise's ancestor.
* Bryan is Ruth's descendant.
* Robert is Jason's descendant.
* Joyce is Hannah's ancestor.
* Margaret is Julie's descendant.
* Matthew is Grace's ancestor.
* Grace is Janet's ancestor.
* Edward is Jordan's descendant.
* Henry is Lauren's descendant.
* Ann is Joseph's ancestor.
* Janet is Nathan's ancestor.
* Bryan is Gerald's ancestor.
* Megan is Zachary's descendant.
* Robert is Amy's ancestor.
* George is Harold's ancestor.
* Elizabeth is Cheryl's descendant.
* Ann is Gary's descendant.
* Frank is Margaret's descendant.
* Brittany is Amy's descendant.
* Ruth is Christian's descendant.
* Zachary is Nathan's descendant.
* Patrick is Joyce's ancestor.
* Joseph is Ethan's ancestor.
* Samuel is Roger's ancestor.
* William is Kathleen's descendant.
* Frank is Amanda's ancestor.
* Wayne is Christine's descendant.
* Harold is Kayla's ancestor.
* Shirley is Patricia's ancestor.
* Gerald is Sarah's ancestor.
* Gloria is Christian's ancestor.
* Roger is Abigail's ancestor.
* Jordan is Alice's descendant.
* Jason is Patricia's descendant.
* Kayla is Philip's ancestor.
* Hannah is Gloria's ancestor.
* George is Abigail's descendant.
* Matthew is Philip's descendant.
* Ethan is Bobby's ancestor.
Determine the lineage relationship between Judith and Deborah.
Select the correct answer:
1. Judith and Deborah share a common ancestor.
2. Judith is Deborah's descendant.
3. Judith and Deborah share a common descendant.
4. Judith is Deborah's ancestor.
5. None of the above is correct.
Enclose the selected answer number in the <ANSWER> tag, for example: <ANSWER>1</ANSWER>.",z-ai/glm-4.7,Parasail,,,<ANSWER>4</ANSWER>
64,DESCENDANT,3,"Given the following lineage relationships:
* Gary is Roy's descendant.
* Nathan is Eric's ancestor.
* Amanda is Brandon's descendant.
* Brandon is Jose's descendant.
* Bradley is Sandra's ancestor.
* Jason is Maria's ancestor.
* Susan is Sandra's descendant.
* Stephen is Maria's descendant.
* Madison is Ryan's descendant.
* Jessica is Ronald's descendant.
* Peter is Douglas's descendant.
* Albert is Nancy's descendant.
* John is Jesse's descendant.
* Amy is Jason's ancestor.
* Sean is Kayla's ancestor.
* Vincent is Dorothy's ancestor.
* Andrea is Russell's ancestor.
* Jessica is Jesse's ancestor.
* Stephen is Sean's ancestor.
* Christopher is Russell's descendant.
* Kimberly is Denise's descendant.
* Alexander is Gary's descendant.
* Christopher is Cheryl's ancestor.
* Matthew is Doris's descendant.
* Gregory is Linda's descendant.
* Frances is Edward's ancestor.
* William is Nathan's ancestor.
* Kathryn is Jonathan's descendant.
* Shirley is Julie's descendant.
* Ann is Bradley's ancestor.
* Cynthia is Alexander's descendant.
* Julie is Brenda's descendant.
* Christina is Anna's ancestor.
* Harold is Jacob's ancestor.
* Jonathan is Willie's descendant.
* Christian is Amanda's descendant.
* Edward is Megan's ancestor.
* Kathryn is Nancy's ancestor.
* Brenda is Albert's descendant.
* Susan is Ryan's ancestor.
* Arthur is Kimberly's descendant.
* David is Linda's ancestor.
* William is Diane's descendant.
* Andrea is Keith's descendant.
* Ann is Katherine's descendant.
* Gregory is Dennis's ancestor.
* Judith is Sara's ancestor.
* Megan is Doris's ancestor.
* Shirley is Denise's ancestor.
* Willie is Dorothy's descendant.
* Douglas is Eric's descendant.
* Cheryl is Roy's ancestor.
* Christian is Katherine's ancestor.
* Diane is Cynthia's descendant.
* Amy is Jacob's descendant.
* Matthew is Christina's ancestor.
* Ronald is Kayla's descendant.
* David is Peter's descendant.
* John is Jose's ancestor.
* Sara is Harold's ancestor.
* Frances is Madison's descendant.
* Vincent is Dennis's descendant.
* Anna is Keith's ancestor.
Determine the lineage relationship between Arthur and Judith.
Select the correct answer:
1. Arthur and Judith share a common descendant.
2. Arthur and Judith share a common ancestor.
3. Arthur is Judith's descendant.
4. Arthur is Judith's ancestor.
5. None of the above is correct.
Enclose the selected answer number in the <ANSWER> tag, for example: <ANSWER>1</ANSWER>.",z-ai/glm-4.7,Parasail,,,"Based on the provided relationships, we can trace the lineages of Arthur and Judith to find a connection.

**Lineage of Arthur:**
1.  Arthur is Kimberly's descendant (Arthur < Kimberly).
2.  Kimberly is Denise's descendant (Kimberly < Denise).
3.  Shirley is Denise's ancestor (Shirley > Denise).
4.  Shirley is Julie's descendant (Shirley < Julie).
5.  Julie is Brenda's descendant (Julie < Brenda).
6.  Brenda is Albert's descendant (Brenda < Albert).
7.  Albert is Nancy's descendant (Albert < Nancy).
8.  Kathryn is Nancy's ancestor (Kathryn > Nancy).
9.  Kathryn is Jonathan's descendant (Kathryn < Jonathan).
10. Jonathan is Willie's descendant (Jonathan < Willie).
11. Willie is Dorothy's descendant (Willie < Dorothy).
12. Vincent is Dorothy's ancestor (Vincent > Dorothy).
13. Vincent is Dennis's descendant (Vincent < Dennis).

So, Arthur's lineage upwards is: Arthur < Kimberly < Denise < Shirley < Julie < Brenda < Albert < Nancy < Kathryn < Jonathan < Willie < Dorothy < Vincent < Dennis ...

**Lineage of Judith:**
1.  Judith is Sara's descendant (Judith < Sara).
2.  Sara is Harold's ancestor (Sara > Harold).
3.  Harold is Jacob's ancestor (Harold > Jacob).
4.  Amy is Jacob's descendant (Amy < Jacob).
5.  Amy is Jason's descendant (Amy < Jason).
6.  Jason is Maria's ancestor (Jason > Maria).
7.  Stephen is Maria's descendant (Stephen < Maria).
8.  Stephen is Sean's descendant (Stephen < Sean).
9.  Sean is Kayla's ancestor (Sean > Kayla).
10. Ronald is Kayla's descendant (Ronald < Kayla).
11. Jessica is Ronald's descendant (Jessica < Ronald).
12. Jessica is Jesse's ancestor (Jessica > Jesse).
13. John is Jesse's descendant (John < Jesse).
14. John is Jose's ancestor (John > Jose).
15. Brandon is Jose's descendant (Brandon < Jose).
16. Amanda is Brandon's descendant (Amanda < Brandon).
17. Christian is Amanda's descendant (Christian < Amanda).
18. Christian is Katherine's ancestor (Christian > Katherine).
19. Ann is Katherine's descendant (Ann < Katherine).
20. Ann is Bradley's descendant (Ann < Bradley).
21. Bradley is Sandra's ancestor (Bradley > Sandra).
22. Susan is Sandra's descendant (Susan < Sandra).
23. Susan is Ryan's ancestor (Susan > Ryan).
24. Madison is Ryan's descendant (Madison < Ryan).
25. Frances is Madison's descendant (Frances < Madison).
26. Frances is Edward's ancestor (Frances > Edward).
27. Edward is Megan's ancestor (Edward > Megan).
28. Megan is Doris's ancestor (Megan > Doris).
29. Matthew is Doris's descendant (Matthew < Doris).
30. Matthew is Christina's descendant (Matthew < Christina).
31. Christina is Anna's ancestor (Christina > Anna).
32. Anna is Keith's ancestor (Anna > Keith).
33. Andrea is Keith's descendant (Andrea < Keith).
34. Andrea is Russell's ancestor (Andrea > Russell).
35. Christopher is Russell's descendant (Christopher < Russell).
36. Christopher is Cheryl's ancestor (Christopher > Cheryl).
37. Cheryl is Roy's ancestor (Cheryl > Roy).
38. Gary is Roy's descendant (Gary < Roy).
39. Alexander is Gary's descendant (Alexander < Gary).
40. Cynthia is Alexander's descendant (Cynthia < Alexander).
41. Diane is Cynthia's descendant (Diane < Cynthia).
42. William is Diane's descendant (William < Diane).
43. William is Nathan's ancestor (William > Nathan).
44. Nathan is Eric's ancestor (Nathan > Eric).
45. Douglas is Eric's descendant (Douglas < Eric).
46. Peter is Douglas's descendant (Peter < Douglas).
47. David is Peter's descendant (David < Peter).
48. David is Linda's descendant (David < Linda).
49. Gregory is Linda's descendant (Gregory < Linda).
50. Gregory is Dennis's ancestor (Gregory > Dennis).

So, Judith's lineage upwards is: Judith < Sara < Harold < ... < Gregory < Dennis ...

**Conclusion:**
Both Arthur and Judith are descendants of Dennis (and consequently of Gregory, Linda, etc.).
Arthur's path: ... < Vincent < Dorothy < Willie < Jonathan < Kathryn < Nancy < Albert < Brenda < Julie < Shirley < Denise < Kimberly < Arthur.
Judith's path: ... < Gregory < Linda < David < Peter < Douglas < Eric < Nathan < William < Diane < Cynthia < Alexander < Gary < Roy < Cheryl < Christopher < Russell < Andrea < Keith > Anna > Christina > Matthew < Doris < Megan < Edward < Frances < Madison < Ryan > Susan > Sandra > Bradley > Ann < Katherine < Christian < Amanda < Brandon < Jose < John > Jesse < Jessica < Ronald < Kayla > Sean > Stephen < Maria > Jason > Amy < Jacob > Harold > Sara > Judith.

Since they both trace back to Dennis (and others), they share a common ancestor. There is no information suggesting one is the ancestor of the other or that they share a common descendant.

The correct option is 2.

<ANSWER>2</ANSWER>"
64,COMMON_ANCESTOR,4,"Given the following lineage relationships:
* Ashley is Madison's descendant.
* Jose is Natalie's descendant.
* Ryan is Timothy's ancestor.
* Brian is Margaret's ancestor.
* Jesse is Amy's descendant.
* Debra is Amy's ancestor.
* Julia is Arthur's descendant.
* Bruce is Jacob's descendant.
* George is Victoria's descendant.
* Helen is Katherine's descendant.
* Kelly is Andrea's descendant.
* Gregory is Rebecca's ancestor.
* George is James's ancestor.
* Randy is Arthur's ancestor.
* Stephen is Rebecca's descendant.
* Bruce is Lori's ancestor.
* Helen is Christopher's ancestor.
* David is Jacqueline's ancestor.
* Stephen is Elizabeth's ancestor.
* Debra is Jose's descendant.
* Amanda is Madison's ancestor.
* Mary is Diana's descendant.
* Dennis is Tyler's descendant.
* Christopher is Barbara's ancestor.
* Jean is Joyce's ancestor.
* Katherine is James's descendant.
* Jason is David's ancestor.
* Elizabeth is Catherine's ancestor.
* Victoria is Kelly's descendant.
* Tyler is Keith's descendant.
* Dennis is Diana's ancestor.
* Catherine is Keith's ancestor.
* Henry is Mary's descendant.
* Alan is Kathryn's ancestor.
* Jason is Linda's descendant.
* Isabella is Teresa's ancestor.
* Anthony is Roy's descendant.
* Gloria is Kimberly's descendant.
* Jean is Kathryn's descendant.
* Sharon is Lori's descendant.
* Sara is Alan's ancestor.
* Margaret is Janet's ancestor.
* Douglas is Anthony's descendant.
* Jacqueline is Charlotte's ancestor.
* Sara is Douglas's descendant.
* Edward is Daniel's ancestor.
* Zachary is Timothy's descendant.
* Roy is Willie's ancestor.
* Willie is Kimberly's ancestor.
* Bobby is Shirley's descendant.
* Kayla is Charlotte's descendant.
* Joyce is Amanda's ancestor.
* Zachary is Isabella's ancestor.
* Ashley is Ryan's ancestor.
* Sharon is Brian's ancestor.
* Gloria is Natalie's ancestor.
* Shirley is Julia's descendant.
* Kayla is Jacob's ancestor.
* Andrea is Jesse's descendant.
* Randy is Teresa's descendant.
* Linda is Barbara's descendant.
* Bobby is Edward's ancestor.
* Daniel is Gregory's ancestor.
Determine the lineage relationship between Janet and Henry.
Select the correct answer:
1. Janet and Henry share a common descendant.
2. Janet is Henry's descendant.
3. Janet is Henry's ancestor.
4. Janet and Henry share a common ancestor.
5. None of the above is correct.
Enclose the selected answer number in the <ANSWER> tag, for example: <ANSWER>1</ANSWER>.",z-ai/glm-4.7,Parasail,,,"Based on the provided lineage relationships, we can trace the ancestry of both Janet and Henry to determine their connection.

**1. Tracing Janet's Lineage:**
*   Margaret is Janet's ancestor.
*   Brian is Margaret's ancestor.
*   Sharon is Brian's ancestor.
*   Lori is Sharon's descendant (so Lori -> Sharon).
*   Bruce is Lori's ancestor.
*   Jacob is Bruce's descendant (so Jacob -> Bruce).
*   Kayla is Jacob's ancestor.
*   Charlotte is Kayla's descendant (so Charlotte -> Kayla).
*   Jacqueline is Charlotte's ancestor.
*   David is Jacqueline's ancestor.
*   Jason is David's ancestor.
*   Linda is Barbara's descendant and Jason is Linda's descendant (so Barbara -> Linda -> Jason).
*   Christopher is Barbara's ancestor.
*   Helen is Christopher's ancestor.
*   Katherine is Helen's descendant (so Katherine -> Helen).
*   James is Katherine's descendant (so James -> Katherine).
*   George is James's ancestor.
*   Victoria is George's descendant (so Victoria -> George).
*   Kelly is Victoria's descendant (so Kelly -> Victoria).
*   Andrea is Kelly's descendant (so Andrea -> Kelly).
*   Jesse is Andrea's descendant (so Jesse -> Andrea).
*   Amy is Jesse's ancestor.
*   Debra is Amy's ancestor.
*   Jose is Debra's descendant (so Jose -> Debra).
*   Natalie is Jose's ancestor.
*   Gloria is Natalie's ancestor.
*   Kimberly is Gloria's ancestor (since Gloria is Kimberly's descendant).
*   Willie is Kimberly's ancestor.
*   Roy is Willie's ancestor.

Chain for Janet: **Roy -> Willie -> Kimberly -> Gloria -> Natalie -> Jose -> Debra -> Amy -> Jesse -> Andrea -> Kelly -> Victoria -> George -> James -> Katherine -> Helen -> Christopher -> Barbara -> Linda -> Jason -> David -> Jacqueline -> Charlotte -> Kayla -> Jacob -> Bruce -> Lori -> Sharon -> Brian -> Margaret -> Janet.**

**2. Tracing Henry's Lineage:**
*   Henry is Mary's descendant (so Mary -> Henry).
*   Mary is Diana's descendant (so Diana -> Mary).
*   Dennis is Diana's ancestor.
*   Dennis is Tyler's descendant (so Tyler -> Dennis).
*   Tyler is Keith's descendant (so Keith -> Tyler).
*   Catherine is Keith's ancestor.
*   Elizabeth is Catherine's ancestor.
*   Stephen is Elizabeth's ancestor.
*   Stephen is Rebecca's descendant (so Rebecca -> Stephen).
*   Gregory is Rebecca's ancestor.
*   Daniel is Gregory's ancestor.
*   Edward is Daniel's ancestor.
*   Bobby is Edward's ancestor.
*   Bobby is Shirley's descendant (so Shirley -> Bobby).
*   Shirley is Julia's descendant (so Julia -> Shirley).
*   Randy is Arthur's ancestor and Julia is Arthur's descendant (so Arthur -> Julia).
*   Randy is Teresa's descendant (so Teresa -> Randy).
*   Isabella is Teresa's ancestor.
*   Zachary is Isabella's descendant (so Zachary -> Isabella).
*   Zachary is Timothy's descendant (so Timothy -> Zachary).
*   Ryan is Timothy's ancestor.
*   Ashley is Ryan's descendant (so Ashley -> Ryan).
*   Ashley is Madison's descendant (so Madison -> Ashley).
*   Amanda is Madison's ancestor.
*   Joyce is Amanda's ancestor.
*   Jean is Joyce's descendant (so Jean -> Joyce).
*   Jean is Kathryn's descendant (so Kathryn -> Jean).
*   Alan is Kathryn's ancestor.
*   Sara is Alan's ancestor.
*   Sara is Douglas's descendant (so Douglas -> Sara).
*   Douglas is Anthony's descendant (so Anthony -> Douglas).
*   Anthony is Roy's descendant (so Roy -> Anthony).

Chain for Henry: **Roy -> Anthony -> Douglas -> Sara -> Alan -> Kathryn -> Jean -> Joyce -> Amanda -> Madison -> Ashley -> Ryan -> Timothy -> Zachary -> Isabella -> Teresa -> Randy -> Arthur -> Julia -> Shirley -> Bobby -> Edward -> Daniel -> Gregory -> Rebecca -> Stephen -> Elizabeth -> Catherine -> Keith -> Tyler -> Dennis -> Diana -> Mary -> Henry.**

**Conclusion:**
Both Janet and Henry are descendants of Roy. They are on different branches of the family tree stemming from Roy (Janet through Willie, Henry through Anthony). Therefore, they share a common ancestor.

<ANSWER>4</ANSWER>"
64,COMMON_DESCENDANT,2,"Given the following lineage relationships:
* Alexis is Charles's ancestor.
* Lawrence is Henry's descendant.
* Henry is Kelly's descendant.
* Paul is Lori's descendant.
* Cynthia is Benjamin's descendant.
* Andrew is Shirley's ancestor.
* Pamela is Linda's descendant.
* Lawrence is Mason's ancestor.
* Dorothy is Jesse's ancestor.
* Cynthia is Andrew's ancestor.
* Nathan is Alan's descendant.
* Kelly is Emma's descendant.
* Paul is Vincent's ancestor.
* Kathleen is Amy's descendant.
* Brittany is Bradley's descendant.
* Nicole is Keith's ancestor.
* Bobby is Angela's ancestor.
* Zachary is Brenda's ancestor.
* Vincent is Katherine's ancestor.
* Kathleen is Bobby's ancestor.
* Elijah is Margaret's descendant.
* Samantha is Susan's ancestor.
* Anthony is Joan's descendant.
* Stephanie is Joyce's ancestor.
* George is Wayne's descendant.
* Gabriel is Lori's ancestor.
* Joan is Lauren's descendant.
* Susan is Benjamin's ancestor.
* Jean is Wayne's ancestor.
* Mason is Megan's ancestor.
* Joyce is Amy's ancestor.
* Harold is Richard's descendant.
* Brandon is Charles's ancestor.
* Shirley is Jack's ancestor.
* George is Linda's ancestor.
* Judy is Brandon's ancestor.
* Lauren is Madison's descendant.
* Kayla is Jeremy's ancestor.
* Margaret is Ethan's descendant.
* Ruth is Bradley's ancestor.
* Ryan is Elijah's descendant.
* Harold is Nicole's ancestor.
* Pamela is Samantha's ancestor.
* John is Ryan's descendant.
* Ethan is Jeremy's descendant.
* Philip is Keith's descendant.
* John is Debra's ancestor.
* Katherine is Janet's ancestor.
* Joe is Alexis's ancestor.
* Emma is Amanda's descendant.
* Michelle is Judy's ancestor.
* Philip is Ruth's ancestor.
* Alan is Megan's descendant.
* Kayla is Brittany's descendant.
* Madison is Jesse's descendant.
* Julie is Anthony's descendant.
* Joe is Julie's descendant.
* Nathan is Jean's ancestor.
* Zachary is Jack's descendant.
* Dorothy is Janet's descendant.
* Amanda is Debra's descendant.
* Angela is Richard's ancestor.
* Brenda is Gabriel's ancestor.
Determine the lineage relationship between Michelle and Stephanie.
Select the correct answer:
1. Michelle is Stephanie's descendant.
2. Michelle and Stephanie share a common descendant.
3. Michelle is Stephanie's ancestor.
4. Michelle and Stephanie share a common ancestor.
5. None of the above is correct.
Enclose the selected answer number in the <ANSWER> tag, for example: <ANSWER>1</ANSWER>.",z-ai/glm-4.7,Parasail,,,"To determine the lineage relationship between Michelle and Stephanie, we need to trace their ancestry paths and find where they intersect or how they relate.

1.  **Analyze Michelle's Lineage:**
    *   ""Michelle is Judy's ancestor."" (Michelle $\rightarrow$ ... $\rightarrow$ Judy)
    *   ""Judy is Brandon's ancestor."" (Judy $\rightarrow$ ... $\rightarrow$ Brandon)
    *   ""Brandon is Charles's ancestor."" (Brandon $\rightarrow$ ... $\rightarrow$ Charles)
    *   Combining these, we have: **Michelle $\rightarrow$ ... $\rightarrow$ Judy $\rightarrow$ ... $\rightarrow$ Brandon $\rightarrow$ ... $\rightarrow$ Charles**.
    *   Thus, **Michelle is Charles's ancestor**.

2.  **Analyze Stephanie's Lineage:**
    *   ""Stephanie is Joyce's ancestor."" (Stephanie $\rightarrow$ ... $\rightarrow$ Joyce)
    *   ""Joyce is Amy's ancestor."" (Joyce $\rightarrow$ ... $\rightarrow$ Amy)
    *   ""Kathleen is Amy's descendant."" (Amy $\rightarrow$ ... $\rightarrow$ Kathleen)
    *   ""Kathleen is Bobby's ancestor."" (Kathleen $\rightarrow$ ... $\rightarrow$ Bobby)
    *   ""Bobby is Angela's ancestor."" (Bobby $\rightarrow$ ... $\rightarrow$ Angela)
    *   ""Angela is Richard's ancestor."" (Angela $\rightarrow$ ... $\rightarrow$ Richard)
    *   ""Harold is Richard's descendant."" (Richard $\rightarrow$ ... $\rightarrow$ Harold)
    *   ""Harold is Nicole's ancestor."" (Harold $\rightarrow$ ... $\rightarrow$ Nicole)
    *   ""Nicole is Keith's ancestor."" (Nicole $\rightarrow$ ... $\rightarrow$ Keith)
    *   ""Philip is Keith's descendant."" (Keith $\rightarrow$ ... $\rightarrow$ Philip)
    *   ""Philip is Ruth's ancestor."" (Philip $\rightarrow$ ... $\rightarrow$ Ruth)
    *   ""Ruth is Bradley's ancestor."" (Ruth $\rightarrow$ ... $\rightarrow$ Bradley)
    *   ""Brittany is Bradley's descendant."" (Bradley $\rightarrow$ ... $\rightarrow$ Brittany)
    *   ""Kayla is Brittany's descendant."" (Brittany $\rightarrow$ ... $\rightarrow$ Kayla)
    *   ""Kayla is Jeremy's ancestor."" (Kayla $\rightarrow$ ... $\rightarrow$ Jeremy)
    *   ""Ethan is Jeremy's descendant."" (Jeremy $\rightarrow$ ... $\rightarrow$ Ethan)
    *   ""Margaret is Ethan's descendant."" (Ethan $\rightarrow$ ... $\rightarrow$ Margaret)
    *   ""Elijah is Margaret's descendant."" (Margaret $\rightarrow$ ... $\rightarrow$ Elijah)
    *   ""Ryan is Elijah's descendant."" (Elijah $\rightarrow$ ... $\rightarrow$ Ryan)
    *   ""John is Ryan's descendant."" (Ryan $\rightarrow$ ... $\rightarrow$ John)
    *   ""John is Debra's ancestor."" (John $\rightarrow$ ... $\rightarrow$ Debra)
    *   ""Amanda is Debra's descendant."" (Debra $\rightarrow$ ... $\rightarrow$ Amanda)
    *   ""Emma is Amanda's descendant."" (Amanda $\rightarrow$ ... $\rightarrow$ Emma)
    *   ""Kelly is Emma's descendant."" (Emma $\rightarrow$ ... $\rightarrow$ Kelly)
    *   ""Henry is Kelly's descendant."" (Kelly $\rightarrow$ ... $\rightarrow$ Henry)
    *   ""Lawrence is Henry's descendant."" (Henry $\rightarrow$ ... $\rightarrow$ Lawrence)
    *   ""Lawrence is Mason's ancestor."" (Lawrence $\rightarrow$ ... $\rightarrow$ Mason)
    *   ""Mason is Megan's ancestor."" (Mason $\rightarrow$ ... $\rightarrow$ Megan)
    *   ""Alan is Megan's descendant."" (Megan $\rightarrow$ ... $\rightarrow$ Alan)
    *   ""Nathan is Alan's descendant."" (Alan $\rightarrow$ ... $\rightarrow$ Nathan)
    *   ""Nathan is Jean's ancestor."" (Nathan $\rightarrow$ ... $\rightarrow$ Jean)
    *   ""Jean is Wayne's ancestor."" (Jean $\rightarrow$ ... $\rightarrow$ Wayne)
    *   ""George is Wayne's descendant."" (Wayne $\rightarrow$ ... $\rightarrow$ George)
    *   ""George is Linda's ancestor."" (George $\rightarrow$ ... $\rightarrow$ Linda)
    *   ""Pamela is Linda's descendant."" (Linda $\rightarrow$ ... $\rightarrow$ Pamela)
    *   ""Pamela is Samantha's ancestor."" (Pamela $\rightarrow$ ... $\rightarrow$ Samantha)
    *   ""Samantha is Susan's ancestor."" (Samantha $\rightarrow$ ... $\rightarrow$ Susan)
    *   ""Susan is Benjamin's ancestor."" (Susan $\rightarrow$ ... $\rightarrow$ Benjamin)
    *   ""Cynthia is Benjamin's descendant."" (Benjamin $\rightarrow$ ... $\rightarrow$ Cynthia)
    *   ""Cynthia is Andrew's ancestor."" (Cynthia $\rightarrow$ ... $\rightarrow$ Andrew)
    *   ""Andrew is Shirley's ancestor."" (Andrew $\rightarrow$ ... $\rightarrow$ Shirley)
    *   ""Shirley is Jack's ancestor."" (Shirley $\rightarrow$ ... $\rightarrow$ Jack)
    *   ""Zachary is Jack's descendant."" (Jack $\rightarrow$ ... $\rightarrow$ Zachary)
    *   ""Zachary is Brenda's ancestor."" (Zachary $\rightarrow$ ... $\rightarrow$ Brenda)
    *   ""Brenda is Gabriel's ancestor."" (Brenda $\rightarrow$ ... $\rightarrow$ Gabriel)
    *   ""Gabriel is Lori's ancestor."" (Gabriel $\rightarrow$ ... $\rightarrow$ Lori)
    *   ""Paul is Lori's descendant."" (Lori $\rightarrow$ ... $\rightarrow$ Paul)
    *   ""Paul is Vincent's ancestor."" (Paul $\rightarrow$ ... $\rightarrow$ Vincent)
    *   ""Vincent is Katherine's ancestor."" (Vincent $\rightarrow$ ... $\rightarrow$ Katherine)
    *   ""Katherine is Janet's ancestor."" (Katherine $\rightarrow$ ... $\rightarrow$ Janet)
    *   ""Dorothy is Janet's descendant."" (Janet $\rightarrow$ ... $\rightarrow$ Dorothy)
    *   ""Dorothy is Jesse's ancestor."" (Dorothy $\rightarrow$ ... $\rightarrow$ Jesse)
    *   ""Madison is Jesse's descendant."" (Jesse $\rightarrow$ ... $\rightarrow$ Madison)
    *   ""Lauren is Madison's descendant."" (Madison $\rightarrow$ ... $\rightarrow$ Lauren)
    *   ""Joan is Lauren's descendant."" (Lauren $\rightarrow$ ... $\rightarrow$ Joan)
    *   ""Anthony is Joan's descendant."" (Joan $\rightarrow$ ... $\rightarrow$ Anthony)
    *   ""Julie is Anthony's descendant."" (Anthony $\rightarrow$ ... $\rightarrow$ Julie)
    *   ""Joe is Julie's descendant."" (Julie $\rightarrow$ ... $\rightarrow$ Joe)
    *   ""Joe is Alexis's ancestor."" (Joe $\rightarrow$ ... $\rightarrow$ Alexis)
    *   ""Alexis is Charles's ancestor."" (Alexis $\rightarrow$ ... $\rightarrow$ Charles)
    *   Combining these, we have: **Stephanie $\rightarrow$ ... $\rightarrow$ Charles**.
    *   Thus, **Stephanie is Charles's ancestor**.

3.  **Conclusion:**
    Since both Michelle and Stephanie are ancestors of Charles, they share a common descendant (Charles). There is no information linking Michelle to Stephanie or vice versa in a direct ancestral line, nor is there information about their ancestors. Therefore, the only correct statement supported by the data is that they share a common descendant.

<ANSWER>2</ANSWER>"
64,ANCESTOR,4,"Given the following lineage relationships:
* Alice is Linda's ancestor.
* Patricia is Joyce's ancestor.
* Roger is Julia's descendant.
* Beverly is Hannah's ancestor.
* Janet is John's ancestor.
* Isabella is Beverly's ancestor.
* Scott is Roy's ancestor.
* Carl is Kenneth's descendant.
* Janice is Danielle's ancestor.
* Gregory is Kathleen's ancestor.
* Abigail is Kathleen's descendant.
* Janet is Joyce's descendant.
* Stephanie is Christine's ancestor.
* Gerald is Nancy's descendant.
* George is Amy's descendant.
* Nathan is Olivia's descendant.
* Christopher is Julia's ancestor.
* Ethan is Gregory's ancestor.
* Ruth is Megan's descendant.
* Margaret is Vincent's ancestor.
* Mason is Jonathan's ancestor.
* Tyler is Terry's ancestor.
* Edward is Patrick's ancestor.
* Patrick is Megan's ancestor.
* Joan is Joshua's ancestor.
* Nathan is Christopher's ancestor.
* Danielle is Alan's ancestor.
* Terry is Joan's ancestor.
* Evelyn is Joseph's ancestor.
* Scott is Carol's descendant.
* Diana is Marilyn's ancestor.
* Janice is Jonathan's descendant.
* Ruth is Kenneth's ancestor.
* Alice is Catherine's descendant.
* Roger is Samantha's ancestor.
* Gloria is David's ancestor.
* Laura is Marilyn's descendant.
* Tyler is Pamela's descendant.
* Carol is Nicole's descendant.
* Joseph is Catherine's ancestor.
* Vincent is Bryan's ancestor.
* Diana is Arthur's descendant.
* Laura is Amy's ancestor.
* Stephen is Pamela's ancestor.
* Edward is Christine's descendant.
* Gerald is Mason's ancestor.
* Arthur is Diane's descendant.
* Evelyn is Cynthia's descendant.
* Douglas is Diane's ancestor.
* Bryan is Stephanie's ancestor.
* Nancy is Hannah's descendant.
* Stephen is Carl's descendant.
* David is Cynthia's ancestor.
* Roy is Mary's ancestor.
* Mary is Douglas's ancestor.
* Alan is Melissa's ancestor.
* Patricia is George's descendant.
* Samantha is Nicole's ancestor.
* John is Ethan's ancestor.
* Linda is Olivia's ancestor.
* Margaret is Donna's descendant.
* Melissa is Donna's ancestor.
* Joshua is Gloria's ancestor.
Determine the lineage relationship between Isabella and Abigail.
Select the correct answer:
1. Isabella and Abigail share a common ancestor.
2. Isabella and Abigail share a common descendant.
3. Isabella is Abigail's descendant.
4. Isabella is Abigail's ancestor.
5. None of the above is correct.
Enclose the selected answer number in the <ANSWER> tag, for example: <ANSWER>1</ANSWER>.",z-ai/glm-4.7,Parasail,,,"To determine the relationship between Isabella and Abigail, we must trace the lineage paths for both individuals based on the given statements.

**Path for Isabella:**
1.  Isabella is Beverly's ancestor.
2.  Beverly is Hannah's ancestor.
3.  Nancy is Hannah's descendant. (Thus: Hannah $\rightarrow$ Nancy)
4.  Gerald is Nancy's descendant. (Thus: Nancy $\rightarrow$ Gerald)
5.  Gerald is Mason's ancestor. (Thus: Gerald $\rightarrow$ Mason)
6.  Mason is Jonathan's ancestor. (Thus: Mason $\rightarrow$ Jonathan)
7.  Janice is Jonathan's descendant. (Thus: Jonathan $\rightarrow$ Janice)
8.  Janice is Danielle's ancestor. (Thus: Janice $\rightarrow$ Danielle)
9.  Danielle is Alan's ancestor. (Thus: Danielle $\rightarrow$ Alan)
10. Alan is Melissa's ancestor. (Thus: Alan $\rightarrow$ Melissa)
11. Melissa is Donna's ancestor. (Thus: Melissa $\rightarrow$ Donna)
12. Margaret is Donna's descendant. (Thus: Donna $\rightarrow$ Margaret)
13. Margaret is Vincent's ancestor. (Thus: Margaret $\rightarrow$ Vincent)
14. Vincent is Bryan's ancestor. (Thus: Vincent $\rightarrow$ Bryan)
15. Bryan is Stephanie's ancestor. (Thus: Bryan $\rightarrow$ Stephanie)
16. Stephanie is Christine's ancestor. (Thus: Stephanie $\rightarrow$ Christine)
17. Edward is Christine's descendant. (Thus: Christine $\rightarrow$ Edward)
18. Edward is Patrick's ancestor. (Thus: Edward $\rightarrow$ Patrick)
19. Patrick is Megan's ancestor. (Thus: Patrick $\rightarrow$ Megan)
20. Ruth is Megan's descendant. (Thus: Megan $\rightarrow$ Ruth)
21. Ruth is Kenneth's ancestor. (Thus: Ruth $\rightarrow$ Kenneth)
22. Carl is Kenneth's descendant. (Thus: Kenneth $\rightarrow$ Carl)
23. Stephen is Carl's descendant. (Thus: Carl $\rightarrow$ Stephen)
24. Stephen is Pamela's ancestor. (Thus: Stephen $\rightarrow$ Pamela)
25. Tyler is Pamela's descendant. (Thus: Pamela $\rightarrow$ Tyler)
26. Tyler is Terry's ancestor. (Thus: Tyler $\rightarrow$ Terry)

From this chain, we derive: **Isabella $\rightarrow$ ... $\rightarrow$ Terry**.

**Path for Abigail:**
1.  Abigail is Kathleen's descendant. (Thus: Kathleen $\rightarrow$ Abigail)
2.  Gregory is Kathleen's ancestor. (Thus: Gregory $\rightarrow$ Kathleen)
3.  Ethan is Gregory's ancestor. (Thus: Ethan $\rightarrow$ Gregory)
4.  John is Ethan's ancestor. (Thus: John $\rightarrow$ Ethan)
5.  Janet is John's ancestor. (Thus: Janet $\rightarrow$ John)
6.  Janet is Joyce's descendant. (Thus: Joyce $\rightarrow$ Janet)
7.  Patricia is Joyce's ancestor. (Thus: Patricia $\rightarrow$ Joyce)
8.  Patricia is George's descendant. (Thus: George $\rightarrow$ Patricia)
9.  George is Amy's descendant. (Thus: Amy $\rightarrow$ George)
10. Laura is Amy's ancestor. (Thus: Laura $\rightarrow$ Amy)
11. Laura is Marilyn's descendant. (Thus: Marilyn $\rightarrow$ Laura)
12. Diana is Marilyn's ancestor. (Thus: Diana $\rightarrow$ Marilyn)
13. Diana is Arthur's descendant. (Thus: Arthur $\rightarrow$ Diana)
14. Arthur is Diane's descendant. (Thus: Diane $\rightarrow$ Arthur)
15. Douglas is Diane's ancestor. (Thus: Douglas $\rightarrow$ Diane)
16. Mary is Douglas's ancestor. (Thus: Mary $\rightarrow$ Douglas)
17. Roy is Mary's ancestor. (Thus: Roy $\rightarrow$ Mary)
18. Scott is Roy's ancestor. (Thus: Scott $\rightarrow$ Roy)
19. Scott is Carol's descendant. (Thus: Carol $\rightarrow$ Scott)
20. Carol is Nicole's descendant. (Thus: Nicole $\rightarrow$ Carol)
21. Samantha is Nicole's ancestor. (Thus: Samantha $\rightarrow$ Nicole)
22. Roger is Samantha's ancestor. (Thus: Roger $\rightarrow$ Samantha)
23. Roger is Julia's descendant. (Thus: Julia $\rightarrow$ Roger)
24. Christopher is Julia's ancestor. (Thus: Christopher $\rightarrow$ Julia)
25. Nathan is Christopher's ancestor. (Thus: Nathan $\rightarrow$ Christopher)
26. Nathan is Olivia's descendant. (Thus: Olivia $\rightarrow$ Nathan)
27. Linda is Olivia's ancestor. (Thus: Linda $\rightarrow$ Olivia)
28. Alice is Linda's ancestor. (Thus: Alice $\rightarrow$ Linda)
29. Alice is Catherine's descendant. (Thus: Catherine $\rightarrow$ Alice)
30. Joseph is Catherine's ancestor. (Thus: Joseph $\rightarrow$ Catherine)
31. Evelyn is Joseph's ancestor. (Thus: Evelyn $\rightarrow$ Joseph)
32. Evelyn is Cynthia's descendant. (Thus: Cynthia $\rightarrow$ Evelyn)
33. David is Cynthia's ancestor. (Thus: David $\rightarrow$ Cynthia)
34. Gloria is David's ancestor. (Thus: Gloria $\rightarrow$ David)
35. Joshua is Gloria's ancestor. (Thus: Joshua $\rightarrow$ Gloria)
36. Joan is Joshua's ancestor. (Thus: Joan $\rightarrow$ Joshua)

From this chain, we derive: **Joan $\rightarrow$ ... $\rightarrow$ Abigail**.

**Connecting the Paths:**
The statement ""Terry is Joan's descendant"" provides a link: **Joan $\rightarrow$ ... $\rightarrow$ Terry**.

We now have the following structure:
*   **Isabella** is an ancestor of **Terry** (via the first long chain).
*   **Joan** is an ancestor of **Terry** (via the provided link).
*   **Joan** is an ancestor of **Abigail** (via the second long chain).

The lists of individuals in the Isabella-Terry chain and the Joan-Abigail chain are disjoint (they share no names). The only connection is that Joan and Isabella are both ancestors of Terry. Since Joan is an ancestor of Abigail, and Isabella is not an ancestor of Joan (otherwise Isabella would be an ancestor of Abigail, which would require a link between the disjoint chains), Isabella and Abigail are on distinct branches of the family tree relative to the common ancestor of Terry and Abigail (which is Joan, assuming Joan is not a descendant of Isabella).

Even if they shared a common ancestor (Joan or someone else), we evaluate the specific options:
1.  **Common ancestor?** While Joan is an ancestor of Abigail and Terry (and Isabella is an ancestor of Terry), there is no evidence Joan is an ancestor of Isabella. Thus, we cannot establish a common ancestor.
2.  **Common descendant?** Isabella is an ancestor of Terry. Abigail has no listed descendants. Therefore, they cannot share a common descendant.
3.  **Isabella is Abigail's descendant?** No, Isabella is in an earlier generation (or separate branch) than Abigail.
4.  **Isabella is Abigail's ancestor?** This would require a path from Isabella to Abigail. The path from Isabella goes to Terry. The path from Abigail goes up to Joan. There is no link between the Isabella-Terry chain and the Joan-Abigail chain other than Joan and Isabella being co-ancestors of Terry.

Since none of the specific relationships (1-4) are supported by the data, the correct answer is that none of the above is correct.

<ANSWER>5</ANSWER>"
64,DESCENDANT,2,"Given the following lineage relationships:
* Christian is Heather's ancestor.
* Roger is Pamela's descendant.
* Harold is Kevin's ancestor.
* Beverly is Diane's ancestor.
* Sarah is Ronald's ancestor.
* Maria is Beverly's ancestor.
* Brandon is Danielle's descendant.
* Barbara is Amber's descendant.
* Rachel is Roy's descendant.
* Cheryl is Lisa's descendant.
* Samantha is Elizabeth's descendant.
* Megan is Andrea's ancestor.
* Jose is Russell's ancestor.
* Katherine is Natalie's ancestor.
* Frank is Amber's ancestor.
* Bradley is Wayne's descendant.
* Abigail is Dennis's descendant.
* Jacob is Andrea's descendant.
* Doris is Alice's descendant.
* Diane is Wayne's ancestor.
* Mason is Madison's ancestor.
* Frank is Natalie's descendant.
* Karen is Peter's descendant.
* Melissa is Keith's ancestor.
* Nicole is James's descendant.
* Isabella is Katherine's ancestor.
* Robert is Doris's descendant.
* Karen is Emma's ancestor.
* Rachel is Judy's ancestor.
* Gerald is Patricia's descendant.
* James is Janice's descendant.
* Bruce is Jose's ancestor.
* Harold is Joyce's descendant.
* Elizabeth is Abigail's descendant.
* Daniel is Frances's descendant.
* Lisa is Shirley's descendant.
* Victoria is Nicole's descendant.
* Kyle is Melissa's ancestor.
* Pamela is Judy's descendant.
* Janice is Cheryl's descendant.
* Megan is Russell's descendant.
* Diana is Alice's ancestor.
* Sarah is Jonathan's descendant.
* Barbara is Kelly's ancestor.
* Dennis is Robert's descendant.
* Deborah is Peter's ancestor.
* Shirley is Jessica's descendant.
* Emma is Frances's ancestor.
* Edward is Mason's ancestor.
* Joyce is Samantha's descendant.
* Deborah is Bradley's descendant.
* Patricia is Kelly's descendant.
* Ralph is Jessica's ancestor.
* Bruce is Madison's descendant.
* Gerald is Roy's ancestor.
* Ralph is Daniel's descendant.
* Heather is Danielle's ancestor.
* Kyle is Kevin's descendant.
* Edward is Brandon's descendant.
* Roger is Christian's ancestor.
* Keith is Jonathan's ancestor.
* Diana is Jacob's descendant.
* Maria is Ronald's descendant.
Determine the lineage relationship between Victoria and Isabella.
Select the correct answer:
1. Victoria and Isabella share a common descendant.
2. Victoria is Isabella's descendant.
3. Victoria is Isabella's ancestor.
4. Victoria and Isabella share a common ancestor.
5. None of the above is correct.
Enclose the selected answer number in the <ANSWER> tag, for example: <ANSWER>1</ANSWER>.",z-ai/glm-4.7,Parasail,,,"Based on the lineage relationships provided, we can construct the ancestry chains for Victoria and Isabella.

**Chain for Isabella:**
1.  Isabella is Katherine's ancestor.
2.  Katherine is Natalie's ancestor.
3.  Frank is Natalie's descendant $\rightarrow$ Natalie is Frank's ancestor.
4.  Frank is Amber's ancestor.
5.  Barbara is Amber's descendant $\rightarrow$ Amber is Barbara's ancestor.
6.  Barbara is Kelly's ancestor.
7.  Patricia is Kelly's descendant $\rightarrow$ Kelly is Patricia's ancestor.
8.  Gerald is Patricia's descendant $\rightarrow$ Patricia is Gerald's ancestor.
9.  Gerald is Roy's ancestor.
10. Rachel is Roy's descendant $\rightarrow$ Roy is Rachel's ancestor.
11. Rachel is Judy's ancestor.
12. Pamela is Judy's descendant $\rightarrow$ Judy is Pamela's ancestor.
13. Roger is Pamela's descendant $\rightarrow$ Pamela is Roger's ancestor.
14. Roger is Christian's ancestor.
15. Christian is Heather's ancestor.
16. Heather is Danielle's ancestor.
17. Brandon is Danielle's descendant $\rightarrow$ Danielle is Brandon's ancestor.
18. Edward is Brandon's descendant $\rightarrow$ Brandon is Edward's ancestor.
19. Edward is Mason's ancestor.
20. Mason is Madison's ancestor.
21. Bruce is Madison's descendant $\rightarrow$ Madison is Bruce's ancestor.
22. Bruce is Jose's ancestor.
23. Jose is Russell's ancestor.
24. Megan is Russell's descendant $\rightarrow$ Russell is Megan's ancestor.
25. Megan is Andrea's ancestor.
26. Jacob is Andrea's descendant $\rightarrow$ Andrea is Jacob's ancestor.
27. Diana is Jacob's descendant $\rightarrow$ Jacob is Diana's ancestor.
28. Diana is Alice's ancestor.
29. Doris is Alice's descendant $\rightarrow$ Alice is Doris's ancestor.
30. Robert is Doris's descendant $\rightarrow$ Doris is Robert's ancestor.
31. Dennis is Robert's descendant $\rightarrow$ Robert is Dennis's ancestor.
32. Abigail is Dennis's descendant $\rightarrow$ Dennis is Abigail's ancestor.
33. Elizabeth is Abigail's descendant $\rightarrow$ Abigail is Elizabeth's ancestor.
34. Samantha is Elizabeth's descendant $\rightarrow$ Elizabeth is Samantha's ancestor.
35. Joyce is Samantha's descendant $\rightarrow$ Samantha is Joyce's ancestor.
36. Harold is Joyce's descendant $\rightarrow$ Joyce is Harold's ancestor.
37. Harold is Kevin's ancestor.
38. Kyle is Kevin's descendant $\rightarrow$ Kevin is Kyle's ancestor.

**Summary of Isabella's Chain:**
Isabella $\rightarrow$ ... $\rightarrow$ Kevin $\rightarrow$ Kyle.

**Chain for Victoria:**
1.  Victoria is Nicole's descendant $\rightarrow$ Nicole is Victoria's ancestor.
2.  Nicole is James's descendant $\rightarrow$ James is Nicole's ancestor.
3.  James is Janice's descendant $\rightarrow$ Janice is James's ancestor.
4.  Janice is Cheryl's descendant $\rightarrow$ Cheryl is Janice's ancestor.
5.  Cheryl is Lisa's descendant $\rightarrow$ Lisa is Cheryl's ancestor.
6.  Lisa is Shirley's descendant $\rightarrow$ Shirley is Lisa's ancestor.
7.  Shirley is Jessica's descendant $\rightarrow$ Jessica is Shirley's ancestor.
8.  Ralph is Jessica's ancestor.
9.  Ralph is Daniel's descendant $\rightarrow$ Daniel is Ralph's ancestor.
10. Daniel is Frances's descendant $\rightarrow$ Frances is Daniel's ancestor.
11. Emma is Frances's ancestor.
12. Karen is Emma's ancestor.
13. Karen is Peter's descendant $\rightarrow$ Peter is Karen's ancestor.
14. Deborah is Peter's ancestor.
15. Deborah is Bradley's descendant $\rightarrow$ Bradley is Deborah's ancestor.
16. Bradley is Wayne's descendant $\rightarrow$ Wayne is Bradley's ancestor.
17. Diane is Wayne's ancestor.
18. Beverly is Diane's ancestor.
19. Maria is Beverly's descendant $\rightarrow$ Beverly is Maria's ancestor.
20. Maria is Ronald's descendant $\rightarrow$ Ronald is Maria's ancestor.
21. Sarah is Ronald's ancestor.
22. Sarah is Jonathan's descendant $\rightarrow$ Jonathan is Sarah's ancestor.
23. Keith is Jonathan's ancestor.
24. Melissa is Keith's ancestor.
25. Kyle is Melissa's descendant $\rightarrow$ Melissa is Kyle's ancestor.

**Summary of Victoria's Chain:**
Melissa $\rightarrow$ ... $\rightarrow$ Victoria.

**Connecting the Chains:**
The only link between the two chains is **Kyle**.
*   Isabella is an ancestor of **Kyle** (via ... $\rightarrow$ Kevin $\rightarrow$ Kyle).
*   Melissa is an ancestor of **Kyle** (via Melissa $\rightarrow$ Kyle).
*   Melissa is an ancestor of **Victoria**.

This implies that Kyle is a descendant of both Isabella and Melissa. Victoria is a descendant of Melissa. There is no provided relationship linking the Isabella/Kevin line with the Melissa/Victoria line other than them both feeding into Kyle. Since Kevin and Melissa are not stated to be related (one is not the ancestor of the other), Isabella is not an ancestor of Victoria, nor is Victoria an ancestor of Isabella. They do not share a common ancestor (Isabella's ancestry is not given, and even if it were, without a link to Melissa/Victoria, they are separate), and they do not share a common descendant (Victoria's descendants are not given, and Kyle is not a descendant of Victoria).

Therefore, none of the specific lineage relationships listed (ancestor, descendant, common ancestor, common descendant) can be determined between Victoria and Isabella based on the provided facts.

<ANSWER>5</ANSWER>"
64,COMMON_ANCESTOR,3,"Given the following lineage relationships:
* Emily is Patrick's descendant.
* Alice is Emily's descendant.
* Kenneth is Janice's descendant.
* Dennis is Sharon's descendant.
* Noah is Brittany's descendant.
* Grace is Bobby's descendant.
* Gerald is Maria's descendant.
* Dennis is Ann's ancestor.
* Natalie is Ann's descendant.
* Zachary is Cheryl's ancestor.
* Madison is Rebecca's descendant.
* Terry is Ethan's ancestor.
* Amy is Carl's ancestor.
* Michael is John's descendant.
* Edward is Jacob's descendant.
* Jacob is Kenneth's descendant.
* Terry is Jose's descendant.
* John is Martha's descendant.
* Lauren is Robert's ancestor.
* Frances is Melissa's descendant.
* Thomas is Frances's descendant.
* Marilyn is Aaron's descendant.
* Natalie is Raymond's ancestor.
* Abigail is Maria's ancestor.
* Angela is Alice's descendant.
* Brenda is Anthony's descendant.
* Anthony is Nicholas's descendant.
* Marilyn is Sharon's ancestor.
* Gerald is Dorothy's ancestor.
* Diana is Peter's ancestor.
* Elijah is Laura's descendant.
* Thomas is Laura's ancestor.
* Martha is Janet's descendant.
* Nicholas is Cheryl's descendant.
* Aaron is Noah's descendant.
* Walter is Kelly's descendant.
* Patricia is Carl's descendant.
* Brittany is Ethan's descendant.
* Amy is Marie's descendant.
* Mary is Elijah's descendant.
* Bobby is Deborah's descendant.
* Ronald is Bradley's descendant.
* Robert is Nicole's ancestor.
* Sarah is Melissa's ancestor.
* Mary is Patrick's ancestor.
* Brenda is Sarah's ancestor.
* Nicole is Charles's ancestor.
* Diana is Walter's descendant.
* Charles is Deborah's ancestor.
* Bruce is Abigail's ancestor.
* Michael is Adam's ancestor.
* Rebecca is Lauren's descendant.
* Madison is Janice's ancestor.
* Ronald is Logan's ancestor.
* Grace is Bruce's ancestor.
* Brandon is Edward's descendant.
* Vincent is Kelly's ancestor.
* Adam is Bradley's ancestor.
* Marie is Dorothy's descendant.
* Peter is Jose's ancestor.
* Brandon is Vincent's ancestor.
* Janet is Angela's descendant.
* Patricia is Zachary's ancestor.
Determine the lineage relationship between Raymond and Logan.
Select the correct answer:
1. Raymond and Logan share a common descendant.
2. Raymond is Logan's descendant.
3. Raymond and Logan share a common ancestor.
4. Raymond is Logan's ancestor.
5. None of the above is correct.
Enclose the selected answer number in the <ANSWER> tag, for example: <ANSWER>1</ANSWER>.",z-ai/glm-4.7,Parasail,,,"Based on the provided lineage relationships, we can construct the ancestral paths for both Raymond and Logan.

**Path for Logan (tracing backwards from Logan to the root ancestor):**
1.  Logan is a descendant of Ronald (""Ronald is Logan's ancestor"").
2.  Ronald is a descendant of Bradley (""Ronald is Bradley's descendant"").
3.  Bradley is a descendant of Adam (""Adam is Bradley's ancestor"").
4.  Adam is a descendant of Michael (""Michael is Adam's ancestor"").
5.  Michael is a descendant of John (""Michael is John's descendant"").
6.  John is a descendant of Martha (""John is Martha's descendant"").
7.  Martha is a descendant of Janet (""Martha is Janet's descendant"").
8.  Janet is a descendant of Angela (""Janet is Angela's descendant"").
9.  Angela is a descendant of Alice (""Angela is Alice's descendant"").
10. Alice is a descendant of Emily (""Alice is Emily's descendant"").
11. Emily is a descendant of Patrick (""Emily is Patrick's descendant"").
12. Patrick is a descendant of Mary (""Mary is Patrick's ancestor"").
13. Mary is a descendant of Elijah (""Mary is Elijah's descendant"").
14. Elijah is a descendant of Laura (""Elijah is Laura's descendant"").
15. Laura is a descendant of Thomas (""Thomas is Laura's ancestor"").
16. Thomas is a descendant of Frances (""Thomas is Frances's descendant"").
17. Frances is a descendant of Melissa (""Frances is Melissa's descendant"").
18. Melissa is a descendant of Sarah (""Sarah is Melissa's ancestor"").
19. Sarah is a descendant of Brenda (""Brenda is Sarah's ancestor"").
20. Brenda is a descendant of Anthony (""Brenda is Anthony's descendant"").
21. Anthony is a descendant of Nicholas (""Anthony is Nicholas's descendant"").
22. Nicholas is a descendant of Cheryl (""Nicholas is Cheryl's descendant"").
23. Cheryl is a descendant of Zachary (""Zachary is Cheryl's ancestor"").
24. Zachary is a descendant of Patricia (""Patricia is Zachary's ancestor"").
25. Patricia is a descendant of Carl (""Patricia is Carl's descendant"").
26. Carl is a descendant of Amy (""Amy is Carl's ancestor"").
27. Amy is a descendant of Marie (""Amy is Marie's descendant"").
28. Marie is a descendant of Dorothy (""Marie is Dorothy's descendant"").
29. Dorothy is a descendant of Gerald (""Gerald is Dorothy's ancestor"").
30. Gerald is a descendant of Maria (""Gerald is Maria's descendant"").
31. Maria is a descendant of Abigail (""Abigail is Maria's ancestor"").
32. Abigail is a descendant of Bruce (""Bruce is Abigail's ancestor"").
33. Bruce is a descendant of Grace (""Grace is Bruce's ancestor"").
34. Grace is a descendant of Bobby (""Grace is Bobby's descendant"").
35. Bobby is a descendant of Deborah (""Bobby is Deborah's descendant"").
36. Deborah is a descendant of Charles (""Charles is Deborah's ancestor"").
37. Charles is a descendant of Nicole (""Nicole is Charles's ancestor"").
38. Nicole is a descendant of Robert (""Robert is Nicole's ancestor"").
39. Robert is a descendant of Lauren (""Lauren is Robert's ancestor"").

**Path for Raymond (tracing backwards from Raymond to the root ancestor):**
1.  Raymond is a descendant of Natalie (""Natalie is Raymond's ancestor"").
2.  Natalie is a descendant of Ann (""Natalie is Ann's descendant"").
3.  Ann is a descendant of Dennis (""Dennis is Ann's ancestor"").
4.  Dennis is a descendant of Sharon (""Dennis is Sharon's descendant"").
5.  Sharon is a descendant of Marilyn (""Marilyn is Sharon's ancestor"").
6.  Marilyn is a descendant of Aaron (""Marilyn is Aaron's descendant"").
7.  Aaron is a descendant of Noah (""Aaron is Noah's descendant"").
8.  Noah is a descendant of Brittany (""Noah is Brittany's descendant"").
9.  Brittany is a descendant of Ethan (""Brittany is Ethan's descendant"").
10. Ethan is a descendant of Terry (""Terry is Ethan's ancestor"").
11. Terry is a descendant of Jose (""Terry is Jose's descendant"").
12. Jose is a descendant of Peter (""Peter is Jose's ancestor"").
13. Peter is a descendant of Diana (""Diana is Peter's ancestor"").
14. Diana is a descendant of Walter (""Diana is Walter's descendant"").
15. Walter is a descendant of Kelly (""Walter is Kelly's descendant"").
16. Kelly is a descendant of Vincent (""Vincent is Kelly's ancestor"").
17. Vincent is a descendant of Brandon (""Brandon is Vincent's ancestor"").
18. Brandon is a descendant of Edward (""Brandon is Edward's descendant"").
19. Edward is a descendant of Jacob (""Edward is Jacob's descendant"").
20. Jacob is a descendant of Kenneth (""Jacob is Kenneth's descendant"").
21. Kenneth is a descendant of Janice (""Kenneth is Janice's descendant"").
22. Janice is a descendant of Madison (""Madison is Janice's ancestor"").
23. Madison is a descendant of Rebecca (""Madison is Rebecca's descendant"").
24. Rebecca is a descendant of Lauren (""Rebecca is Lauren's descendant"").

**Conclusion:**
Both Logan and Raymond trace their lineage back to **Lauren**. Since they both share Lauren as an ancestor, they share a common ancestor. There is no evidence provided that one is the ancestor of the other or that they share a common descendant.

Therefore, the correct relationship is that Raymond and Logan share a common ancestor.

<ANSWER>3</ANSWER>"
64,COMMON_DESCENDANT,3,"Given the following lineage relationships:
* Rachel is Judith's descendant.
* Brandon is Roger's ancestor.
* Judith is Evelyn's descendant.
* Jonathan is Brittany's descendant.
* Charlotte is Nancy's descendant.
* Vincent is Madison's descendant.
* Bryan is Roy's descendant.
* Eric is Nicholas's descendant.
* Lori is Abigail's ancestor.
* Deborah is Elijah's descendant.
* Barbara is Roy's ancestor.
* Bryan is Frances's ancestor.
* Walter is Marilyn's ancestor.
* Carol is Hannah's descendant.
* Dorothy is Melissa's descendant.
* Peter is Walter's ancestor.
* Nancy is Rachel's descendant.
* Helen is Jordan's ancestor.
* Sophia is Shirley's ancestor.
* Nicholas is Joan's descendant.
* Jesse is John's descendant.
* Dylan is Teresa's ancestor.
* Jonathan is Judy's ancestor.
* Eric is Brenda's ancestor.
* Elijah is Marie's descendant.
* Katherine is Sean's descendant.
* Lisa is Helen's ancestor.
* Katherine is Brittany's ancestor.
* Marilyn is Harold's ancestor.
* Alexander is Brenda's descendant.
* Charlotte is Andrea's ancestor.
* Joseph is Thomas's ancestor.
* Sandra is Harold's descendant.
* Diane is Dorothy's descendant.
* Hannah is Diane's descendant.
* Abigail is Deborah's descendant.
* Cheryl is Anna's ancestor.
* Nicole is Sean's ancestor.
* Michelle is Nicole's ancestor.
* Cheryl is Andrea's descendant.
* Sophia is Teresa's descendant.
* Lori is Brian's descendant.
* Carol is Dylan's ancestor.
* Joan is Sandra's descendant.
* Amanda is Michelle's ancestor.
* Arthur is Lisa's ancestor.
* James is John's ancestor.
* Frank is Olivia's ancestor.
* Brian is Frances's descendant.
* Brandon is Jesse's descendant.
* Roger is Barbara's ancestor.
* Alexander is Joseph's ancestor.
* Amanda is Logan's descendant.
* Olivia is Julie's ancestor.
* Evelyn is Kimberly's descendant.
* Jordan is Melissa's ancestor.
* Julie is Kimberly's ancestor.
* Thomas is Madison's ancestor.
* Frank is Judy's descendant.
* Anna is Marie's ancestor.
* Peter is Billy's descendant.
* Shirley is James's ancestor.
* Vincent is Logan's ancestor.
Determine the lineage relationship between Billy and Arthur.
Select the correct answer:
1. Billy and Arthur share a common ancestor.
2. Billy is Arthur's ancestor.
3. Billy and Arthur share a common descendant.
4. Billy is Arthur's descendant.
5. None of the above is correct.
Enclose the selected answer number in the <ANSWER> tag, for example: <ANSWER>1</ANSWER>.",z-ai/glm-4.7,Parasail,,,"To determine the relationship between Billy and Arthur, we must trace the lineage of both individuals based on the given statements.

**Tracing Billy's Lineage:**
1.  **Peter is Billy's descendant.** (Billy $\rightarrow$ ... $\rightarrow$ Peter)
2.  **Peter is Walter's ancestor.** (Billy $\rightarrow$ ... $\rightarrow$ Peter $\rightarrow$ ... $\rightarrow$ Walter)
3.  **Walter is Marilyn's ancestor.** (Billy $\rightarrow$ ... $\rightarrow$ Walter $\rightarrow$ ... $\rightarrow$ Marilyn)
4.  **Marilyn is Harold's ancestor.** (Billy $\rightarrow$ ... $\rightarrow$ Marilyn $\rightarrow$ ... $\rightarrow$ Harold)
5.  **Sandra is Harold's descendant.** (Billy $\rightarrow$ ... $\rightarrow$ Harold $\rightarrow$ ... $\rightarrow$ Sandra)
6.  **Joan is Sandra's descendant.** (Billy $\rightarrow$ ... $\rightarrow$ Sandra $\rightarrow$ ... $\rightarrow$ Joan)
7.  **Nicholas is Joan's descendant.** (Billy $\rightarrow$ ... $\rightarrow$ Joan $\rightarrow$ ... $\rightarrow$ Nicholas)
8.  **Eric is Nicholas's descendant.** (Billy $\rightarrow$ ... $\rightarrow$ Nicholas $\rightarrow$ ... $\rightarrow$ Eric)
9.  **Eric is Brenda's ancestor.** (Billy $\rightarrow$ ... $\rightarrow$ Eric $\rightarrow$ ... $\rightarrow$ Brenda)
10. **Alexander is Brenda's descendant.** (Billy $\rightarrow$ ... $\rightarrow$ Brenda $\rightarrow$ ... $\rightarrow$ Alexander)
11. **Alexander is Joseph's ancestor.** (Billy $\rightarrow$ ... $\rightarrow$ Alexander $\rightarrow$ ... $\rightarrow$ Joseph)
12. **Joseph is Thomas's ancestor.** (Billy $\rightarrow$ ... $\rightarrow$ Joseph $\rightarrow$ ... $\rightarrow$ Thomas)
13. **Thomas is Madison's ancestor.** (Billy $\rightarrow$ ... $\rightarrow$ Thomas $\rightarrow$ ... $\rightarrow$ Madison)
14. **Vincent is Madison's descendant.** (Billy $\rightarrow$ ... $\rightarrow$ Madison $\rightarrow$ ... $\rightarrow$ Vincent)
15. **Vincent is Logan's ancestor.** (Billy $\rightarrow$ ... $\rightarrow$ Vincent $\rightarrow$ ... $\rightarrow$ Logan)
16. **Amanda is Logan's descendant.** (Billy $\rightarrow$ ... $\rightarrow$ Logan $\rightarrow$ ... $\rightarrow$ Amanda)
17. **Amanda is Michelle's ancestor.** (Billy $\rightarrow$ ... $\rightarrow$ Amanda $\rightarrow$ ... $\rightarrow$ Michelle)
18. **Michelle is Nicole's ancestor.** (Billy $\rightarrow$ ... $\rightarrow$ Michelle $\rightarrow$ ... $\rightarrow$ Nicole)
19. **Nicole is Sean's ancestor.** (Billy $\rightarrow$ ... $\rightarrow$ Nicole $\rightarrow$ ... $\rightarrow$ Sean)
20. **Katherine is Sean's descendant.** (Billy $\rightarrow$ ... $\rightarrow$ Sean $\rightarrow$ ... $\rightarrow$ Katherine)
21. **Katherine is Brittany's ancestor.** (Billy $\rightarrow$ ... $\rightarrow$ Katherine $\rightarrow$ ... $\rightarrow$ Brittany)
22. **Jonathan is Brittany's descendant.** (Billy $\rightarrow$ ... $\rightarrow$ Brittany $\rightarrow$ ... $\rightarrow$ Jonathan)
23. **Jonathan is Judy's ancestor.** (Billy $\rightarrow$ ... $\rightarrow$ Jonathan $\rightarrow$ ... $\rightarrow$ Judy)
24. **Frank is Judy's descendant.** (Billy $\rightarrow$ ... $\rightarrow$ Judy $\rightarrow$ ... $\rightarrow$ Frank)
25. **Frank is Olivia's ancestor.** (Billy $\rightarrow$ ... $\rightarrow$ Frank $\rightarrow$ ... $\rightarrow$ Olivia)
26. **Olivia is Julie's ancestor.** (Billy $\rightarrow$ ... $\rightarrow$ Olivia $\rightarrow$ ... $\rightarrow$ Julie)
27. **Julie is Kimberly's ancestor.** (Billy $\rightarrow$ ... $\rightarrow$ Julie $\rightarrow$ ... $\rightarrow$ Kimberly)
28. **Evelyn is Kimberly's descendant.** (Billy $\rightarrow$ ... $\rightarrow$ Kimberly $\rightarrow$ ... $\rightarrow$ Evelyn)
29. **Judith is Evelyn's descendant.** (Billy $\rightarrow$ ... $\rightarrow$ Evelyn $\rightarrow$ ... $\rightarrow$ Judith)
30. **Rachel is Judith's descendant.** (Billy $\rightarrow$ ... $\rightarrow$ Judith $\rightarrow$ ... $\rightarrow$ Rachel)
31. **Nancy is Rachel's descendant.** (Billy $\rightarrow$ ... $\rightarrow$ Rachel $\rightarrow$ ... $\rightarrow$ Nancy)
32. **Charlotte is Nancy's descendant.** (Billy $\rightarrow$ ... $\rightarrow$ Nancy $\rightarrow$ ... $\rightarrow$ Charlotte)
33. **Charlotte is Andrea's ancestor.** (Billy $\rightarrow$ ... $\rightarrow$ Charlotte $\rightarrow$ ... $\rightarrow$ Andrea)
34. **Cheryl is Andrea's descendant.** (Billy $\rightarrow$ ... $\rightarrow$ Andrea $\rightarrow$ ... $\rightarrow$ Cheryl)
35. **Cheryl is Anna's ancestor.** (Billy $\rightarrow$ ... $\rightarrow$ Cheryl $\rightarrow$ ... $\rightarrow$ Anna)
36. **Anna is Marie's ancestor.** (Billy $\rightarrow$ ... $\rightarrow$ Anna $\rightarrow$ ... $\rightarrow$ Marie)
37. **Elijah is Marie's descendant.** (Billy $\rightarrow$ ... $\rightarrow$ Marie $\rightarrow$ ... $\rightarrow$ Elijah)
38. **Deborah is Elijah's descendant.** (Billy $\rightarrow$ ... $\rightarrow$ Elijah $\rightarrow$ ... $\rightarrow$ Deborah)
39. **Abigail is Deborah's descendant.** (Billy $\rightarrow$ ... $\rightarrow$ Deborah $\rightarrow$ ... $\rightarrow$ Abigail)

From this chain, we determine that **Billy is an ancestor of Abigail**.

**Tracing Arthur's Lineage:**
1.  **Arthur is Lisa's ancestor.** (Arthur $\rightarrow$ ... $\rightarrow$ Lisa)
2.  **Lisa is Helen's ancestor.** (Arthur $\rightarrow$ ... $\rightarrow$ Lisa $\rightarrow$ ... $\rightarrow$ Helen)
3.  **Helen is Jordan's ancestor.** (Arthur $\rightarrow$ ... $\rightarrow$ Helen $\rightarrow$ ... $\rightarrow$ Jordan)
4.  **Jordan is Melissa's ancestor.** (Arthur $\rightarrow$ ... $\rightarrow$ Jordan $\rightarrow$ ... $\rightarrow$ Melissa)
5.  **Dorothy is Melissa's descendant.** (Arthur $\rightarrow$ ... $\rightarrow$ Melissa $\rightarrow$ ... $\rightarrow$ Dorothy)
6.  **Diane is Dorothy's descendant.** (Arthur $\rightarrow$ ... $\rightarrow$ Dorothy $\rightarrow$ ... $\rightarrow$ Diane)
7.  **Hannah is Diane's descendant.** (Arthur $\rightarrow$ ... $\rightarrow$ Diane $\rightarrow$ ... $\rightarrow$ Hannah)
8.  **Carol is Hannah's descendant.** (Arthur $\rightarrow$ ... $\rightarrow$ Hannah $\rightarrow$ ... $\rightarrow$ Carol)
9.  **Carol is Dylan's ancestor.** (Arthur $\rightarrow$ ... $\rightarrow$ Carol $\rightarrow$ ... $\rightarrow$ Dylan)
10. **Dylan is Teresa's ancestor.** (Arthur $\rightarrow$ ... $\rightarrow$ Dylan $\rightarrow$ ... $\rightarrow$ Teresa)
11. **Sophia is Teresa's descendant.** (Arthur $\rightarrow$ ... $\rightarrow$ Teresa $\rightarrow$ ... $\rightarrow$ Sophia)
12. **Sophia is Shirley's ancestor.** (Arthur $\rightarrow$ ... $\rightarrow$ Sophia $\rightarrow$ ... $\rightarrow$ Shirley)
13. **Shirley is James's ancestor.** (Arthur $\rightarrow$ ... $\rightarrow$ Shirley $\rightarrow$ ... $\rightarrow$ James)
14. **James is John's ancestor.** (Arthur $\rightarrow$ ... $\rightarrow$ James $\rightarrow$ ... $\rightarrow$ John)
15. **Jesse is John's descendant.** (Arthur $\rightarrow$ ... $\rightarrow$ John $\rightarrow$ ... $\rightarrow$ Jesse)
16. **Brandon is Jesse's descendant.** (Arthur $\rightarrow$ ... $\rightarrow$ Jesse $\rightarrow$ ... $\rightarrow$ Brandon)
17. **Brandon is Roger's ancestor.** (Arthur $\rightarrow$ ... $\rightarrow$ Brandon $\rightarrow$ ... $\rightarrow$ Roger)
18. **Roger is Barbara's ancestor.** (Arthur $\rightarrow$ ... $\rightarrow$ Roger $\rightarrow$ ... $\rightarrow$ Barbara)
19. **Barbara is Roy's ancestor.** (Arthur $\rightarrow$ ... $\rightarrow$ Barbara $\rightarrow$ ... $\rightarrow$ Roy)
20. **Bryan is Roy's descendant.** (Arthur $\rightarrow$ ... $\rightarrow$ Roy $\rightarrow$ ... $\rightarrow$ Bryan)
21. **Bryan is Frances's ancestor.** (Arthur $\rightarrow$ ... $\rightarrow$ Bryan $\rightarrow$ ... $\rightarrow$ Frances)

From this chain, we determine that **Arthur is an ancestor of Frances**.

**Connecting the Two Lineages:**
We need to find a link between Abigail (Billy's descendant) and Frances (Arthur's descendant).
From the list of facts:
*   **Brian is Frances's descendant.** (Frances $\rightarrow$ ... $\rightarrow$ Brian)
*   **Lori is Brian's descendant.** (Frances $\rightarrow$ ... $\rightarrow$ Brian $\rightarrow$ ... $\rightarrow$ Lori)
*   **Lori is Abigail's ancestor.** (Frances $\rightarrow$ ... $\rightarrow$ Brian $\rightarrow$ ... $\rightarrow$ Lori $\rightarrow$ ... $\rightarrow$ Abigail)

This establishes that **Frances is an ancestor of Abigail**.

**Conclusion:**
*   We have Billy $\rightarrow$ ... $\rightarrow$ Abigail.
*   We have Arthur $\rightarrow$ ... $\rightarrow$ Frances $\rightarrow$ ... $\rightarrow$ Abigail.

Since both Billy and Arthur are ancestors of Abigail, they share a common descendant.

<ANSWER>3</ANSWER>"
64,ANCESTOR,3,"Given the following lineage relationships:
* Charles is Christian's descendant.
* Amber is Beverly's ancestor.
* Lawrence is Nicole's ancestor.
* David is Judith's descendant.
* Nicholas is Stephanie's ancestor.
* Terry is Cheryl's ancestor.
* Andrew is Emma's ancestor.
* Donald is Kayla's ancestor.
* Theresa is Jonathan's ancestor.
* Amber is Charles's descendant.
* Abigail is Russell's ancestor.
* Helen is Natalie's ancestor.
* Jean is Pamela's ancestor.
* Brittany is Joan's ancestor.
* Kyle is Stephanie's descendant.
* Kathryn is Kelly's ancestor.
* Ethan is Janet's descendant.
* Samuel is Christine's descendant.
* Wayne is Samantha's descendant.
* Kelly is Albert's ancestor.
* Jacqueline is Terry's ancestor.
* Beverly is Debra's ancestor.
* Abigail is William's descendant.
* Betty is Elijah's descendant.
* Gabriel is Helen's ancestor.
* Gabriel is Kyle's descendant.
* William is Jerry's descendant.
* Steven is Christina's descendant.
* Charlotte is Emma's descendant.
* Andrew is Samuel's descendant.
* Kimberly is Roy's descendant.
* Samantha is Jack's descendant.
* Janet is David's descendant.
* Carolyn is Jack's ancestor.
* Kimberly is James's ancestor.
* Cynthia is James's descendant.
* Judith is Bradley's descendant.
* Michelle is Joe's descendant.
* Edward is Pamela's descendant.
* Brandon is Megan's descendant.
* Brittany is Albert's descendant.
* Joan is Donald's ancestor.
* Cynthia is Bradley's ancestor.
* Vincent is Kayla's descendant.
* Vincent is Megan's ancestor.
* Charlotte is Ashley's ancestor.
* Gerald is Michelle's descendant.
* Jonathan is Christian's ancestor.
* Jerry is Betty's descendant.
* Natalie is Elijah's ancestor.
* Wayne is Joe's ancestor.
* Jean is Brandon's descendant.
* Dennis is Carolyn's ancestor.
* Jacqueline is Ashley's descendant.
* Debra is Lawrence's ancestor.
* Joyce is Christine's ancestor.
* Nicole is Dorothy's ancestor.
* Nicholas is Edward's descendant.
* Theresa is Russell's descendant.
* Cheryl is Roy's ancestor.
* Dorothy is Dennis's ancestor.
* Christina is Ethan's descendant.
* Joyce is Gerald's descendant.
Determine the lineage relationship between Kathryn and Steven.
Select the correct answer:
1. Kathryn and Steven share a common ancestor.
2. Kathryn and Steven share a common descendant.
3. Kathryn is Steven's ancestor.
4. Kathryn is Steven's descendant.
5. None of the above is correct.
Enclose the selected answer number in the <ANSWER> tag, for example: <ANSWER>1</ANSWER>.",z-ai/glm-4.7,Parasail,,,"Based on the provided lineage relationships, we can construct the family trees for the individuals mentioned.

**Chain 1 (Kathryn's Lineage):**
Starting from Kathryn, we can trace the following path of descendants:
Kathryn $\to$ Kelly $\to$ Albert $\to$ Brittany $\to$ Joan $\to$ Donald $\to$ Kayla $\to$ Vincent $\to$ Megan $\to$ Brandon $\to$ Jean $\to$ Pamela $\to$ Edward $\to$ Nicholas $\to$ Stephanie $\to$ Kyle $\to$ Gabriel $\to$ Helen $\to$ Natalie $\to$ Elijah $\to$ Betty $\to$ Jerry $\to$ William $\to$ Abigail $\to$ Russell $\to$ Theresa $\to$ Jonathan $\to$ Christian $\to$ Charles $\to$ Amber $\to$ Beverly $\to$ Debra $\to$ Lawrence $\to$ Nicole $\to$ Dorothy $\to$ Dennis $\to$ Carolyn $\to$ Jack $\to$ Samantha $\to$ Wayne $\to$ Joe $\to$ Michelle.

**Chain 2 & 3 (Steven's Lineage):**
Starting from Steven, we can trace the following path of ancestors:
Steven $\leftarrow$ Christina $\leftarrow$ Ethan $\leftarrow$ Janet $\leftarrow$ David $\leftarrow$ Judith $\leftarrow$ Bradley $\leftarrow$ Cynthia $\leftarrow$ James $\leftarrow$ Kimberly $\leftarrow$ Roy $\leftarrow$ Cheryl $\leftarrow$ Terry.

We also have another connected component starting from Terry:
Terry $\to$ Jacqueline.
And another chain connecting to Jacqueline:
Jacqueline $\leftarrow$ Ashley $\leftarrow$ Charlotte $\leftarrow$ Emma $\leftarrow$ Andrew $\leftarrow$ Samuel $\leftarrow$ Christine $\leftarrow$ Joyce $\leftarrow$ Gerald.

This forms a second connected group of individuals: {Gerald, Joyce, Christine, Samuel, Andrew, Emma, Charlotte, Ashley, Jacqueline, Terry, Cheryl, Roy, Kimberly, James, Cynthia, Bradley, Judith, David, Janet, Ethan, Christina, Steven}.

**Comparison:**
We need to determine the relationship between Kathryn (from Chain 1) and Steven (from Chain 2/3).
After analyzing all names and relationships:
1.  There is no individual named ""Kathryn"" or ""Steven"" in the other's connected component.
2.  There are no shared individuals (common ancestors) between Chain 1 and the Terry/Gerald group. (Note: ""Christian"" in Chain 1 and ""Christine"" in Chain 3 are distinct names; ""Nicholas"" and ""Nicole"" are distinct; ""Brandon"" and ""Bradley"" are distinct; ""Andrew"" and ""Albert"" are distinct; ""Kelly"" and ""Kimberly"" are distinct).
3.  Therefore, Kathryn is not an ancestor or descendant of Steven.
4.  They do not share a common ancestor.
5.  They do not share a common descendant.

Since no lineage relationship exists between them based on the provided data, the correct answer is ""None of the above is correct.""

<ANSWER>5</ANSWER>"
64,DESCENDANT,2,"Given the following lineage relationships:
* Janet is George's ancestor.
* Rachel is Nicole's ancestor.
* Charles is Gabriel's descendant.
* Charles is Brenda's ancestor.
* Arthur is Heather's descendant.
* Cynthia is Frances's ancestor.
* Mark is Juan's descendant.
* Bryan is Brenda's descendant.
* Judith is Evelyn's descendant.
* Mark is Kenneth's ancestor.
* Albert is Kevin's descendant.
* Peter is Jacob's ancestor.
* Amber is Joshua's ancestor.
* Jennifer is Janet's ancestor.
* Hannah is Marie's descendant.
* Jean is Maria's descendant.
* Kenneth is Bradley's ancestor.
* Frances is Margaret's ancestor.
* Logan is Deborah's descendant.
* George is Jordan's ancestor.
* Lori is Isabella's descendant.
* Christopher is Marie's ancestor.
* Scott is Rachel's ancestor.
* Deborah is Patrick's descendant.
* Joshua is Danielle's ancestor.
* Wayne is Nancy's descendant.
* Stephanie is Patrick's ancestor.
* Susan is Jacob's descendant.
* Jean is Abigail's ancestor.
* Bradley is Grace's ancestor.
* Eric is Albert's descendant.
* Lisa is Arthur's descendant.
* Christopher is Grace's descendant.
* Lori is Cynthia's ancestor.
* Hannah is Julie's ancestor.
* Carolyn is Henry's descendant.
* Anthony is Bryan's descendant.
* Timothy is Maria's ancestor.
* John is Judith's descendant.
* Zachary is Laura's ancestor.
* Charlotte is Laura's descendant.
* Kevin is Amanda's descendant.
* Nicole is Gabriel's ancestor.
* Lisa is Isabella's ancestor.
* Victoria is Jacqueline's ancestor.
* Stephanie is Abigail's descendant.
* Eric is Justin's ancestor.
* Jacqueline is Peter's ancestor.
* Margaret is Mary's ancestor.
* Brandon is Matthew's descendant.
* Amber is Logan's descendant.
* Scott is Charlotte's descendant.
* Matthew is Mary's descendant.
* Susan is Nancy's ancestor.
* John is Victoria's ancestor.
* Heather is Justin's descendant.
* Henry is Danielle's descendant.
* Timothy is Julie's descendant.
* Juan is Wayne's descendant.
* Sophia is Evelyn's ancestor.
* Jennifer is Carolyn's descendant.
* Brandon is Zachary's ancestor.
* Sophia is Anthony's descendant.
Determine the lineage relationship between Jordan and Amanda.
Select the correct answer:
1. Jordan and Amanda share a common ancestor.
2. Jordan is Amanda's descendant.
3. Jordan is Amanda's ancestor.
4. Jordan and Amanda share a common descendant.
5. None of the above is correct.
Enclose the selected answer number in the <ANSWER> tag, for example: <ANSWER>1</ANSWER>.",z-ai/glm-4.7,Parasail,,,"Based on the provided lineage relationships, we can construct two main family trees.

**Tree 1 (Originating from Mark):**
Mark is an ancestor of Kenneth.
Kenneth is an ancestor of Bradley.
Bradley is an ancestor of Grace.
Grace is an ancestor of Christopher.
Christopher is an ancestor of Marie.
Marie is an ancestor of Hannah.
Hannah is an ancestor of Julie.
Julie is an ancestor of Timothy.
Timothy is an ancestor of Maria.
Maria is an ancestor of Jean.
Jean is an ancestor of Abigail.
Abigail is an ancestor of Stephanie.
Stephanie is an ancestor of Patrick.
Patrick is an ancestor of Deborah.
Deborah is an ancestor of Logan.
Logan is an ancestor of Amber.
Amber is an ancestor of Joshua.
Joshua is an ancestor of Danielle.
Danielle is an ancestor of Henry.
Henry is an ancestor of Carolyn.
Carolyn is an ancestor of Jennifer.
Jennifer is an ancestor of Janet.
Janet is an ancestor of George.
George is an ancestor of Jordan.
Thus, **Mark is Jordan's ancestor**.

Also, Mark is an ancestor of Juan (""Juan is Mark's descendant"").

**Tree 2 (Originating from Victoria):**
Victoria is an ancestor of John.
John is an ancestor of Judith.
Judith is an ancestor of Evelyn.
Evelyn is an ancestor of Sophia.
Sophia is an ancestor of Anthony.
Anthony is an ancestor of Bryan.
Bryan is an ancestor of Brenda.
Brenda is an ancestor of Charles.
Charles is an ancestor of Gabriel.
Gabriel is an ancestor of Nicole.
Nicole is an ancestor of Rachel.
Rachel is an ancestor of Scott.
Scott is an ancestor of Charlotte.
Charlotte is an ancestor of Laura.
Laura is an ancestor of Zachary.
Zachary is an ancestor of Brandon.
Brandon is an ancestor of Matthew.
Matthew is an ancestor of Mary.
Mary is an ancestor of Margaret.
Margaret is an ancestor of Frances.
Frances is an ancestor of Cynthia.
Cynthia is an ancestor of Lori.
Lori is an ancestor of Isabella.
Isabella is an ancestor of Lisa.
Lisa is an ancestor of Arthur.
Arthur is an ancestor of Heather.
Heather is an ancestor of Justin.
Justin is an ancestor of Eric.
Eric is an ancestor of Albert.
Albert is an ancestor of Kevin.
Kevin is an ancestor of Amanda.
Thus, **Victoria is Amanda's ancestor**.

Also, Victoria is an ancestor of Juan (via the path: Victoria -> Jacqueline -> Peter -> Jacob -> Susan -> Nancy -> Wayne -> Juan).

**Analyzing the relationship between Jordan and Amanda:**
1.  **Common Ancestor:** For Jordan and Amanda to share a common ancestor, there must be a person who is an ancestor of both. Mark is an ancestor of Jordan. Victoria is an ancestor of Amanda. The provided information shows that Mark and Victoria are both ancestors of Juan (""Juan is Mark's descendant"" and ""Juan is Wayne's descendant"" with Wayne being a descendant of Victoria). This implies Mark and Victoria converge at Juan (or later). However, there is no information indicating that Mark and Victoria share a common ancestor themselves. Without a link between Mark and Victoria's ancestry, we cannot establish a common ancestor for Jordan and Amanda.
2.  **Descendant/Ancestor:** Jordan is in the lineage of Mark. Amanda is in the lineage of Victoria. There is no path connecting the two trees in an ancestor-descendant direction (neither is in the ancestry of the other).
3.  **Common Descendant:** For Jordan and Amanda to share a common descendant, they must both be ancestors of the same person. The list of descendants for Jordan ends with Jordan. The list of descendants for Amanda ends with Amanda. Neither is listed as an ancestor of the other, nor is there a person listed as a descendant of both. While they share a relative's descendant (Juan is a descendant of their respective ancestors Mark and Victoria), neither Jordan nor Amanda is an ancestor of Juan (Juan is a ""cousin"" branch to Jordan from Mark, and a ""cousin"" branch to Amanda from Victoria).

Since none of the specific relationships (common ancestor, direct descent, common descendant) can be established from the given data, the correct conclusion is that none of the provided options is definitively correct based on the text.

<ANSWER>5</ANSWER>"
64,COMMON_ANCESTOR,3,"Given the following lineage relationships:
* Victoria is Alan's ancestor.
* Judith is Christina's descendant.
* Andrew is Gabriel's descendant.
* Shirley is Janice's descendant.
* Lori is Gerald's descendant.
* Rachel is Justin's descendant.
* Richard is Frances's descendant.
* Denise is Brian's ancestor.
* Ann is Edward's descendant.
* Mary is Martha's descendant.
* Sandra is Gerald's ancestor.
* Ethan is Janet's ancestor.
* Jose is Eric's descendant.
* Justin is Lisa's descendant.
* Ann is Frances's ancestor.
* Brittany is Catherine's ancestor.
* Brandon is Karen's ancestor.
* Judith is Joseph's ancestor.
* Victoria is Billy's descendant.
* Kyle is Austin's descendant.
* Jonathan is Brenda's descendant.
* Brenda is Jean's descendant.
* Bradley is Denise's ancestor.
* Heather is Jesse's ancestor.
* Pamela is Kyle's descendant.
* Richard is Austin's ancestor.
* Ethan is Susan's descendant.
* Karen is Billy's ancestor.
* Brittany is Jacqueline's descendant.
* Lisa is Jonathan's descendant.
* Catherine is Theresa's ancestor.
* Joseph is Joyce's ancestor.
* Stephen is Martha's ancestor.
* Peter is Kathryn's ancestor.
* Anna is Helen's descendant.
* Heather is Barbara's descendant.
* Benjamin is Gabriel's ancestor.
* Brandon is Janet's descendant.
* Scott is Douglas's ancestor.
* Jacqueline is Jose's descendant.
* Willie is Mary's descendant.
* Susan is Peter's ancestor.
* Kathryn is Joan's ancestor.
* Janice is Virginia's descendant.
* Lori is Dennis's ancestor.
* Jesse is Sandra's ancestor.
* Aaron is Gloria's ancestor.
* Nicole is Eric's ancestor.
* Joan is Virginia's ancestor.
* Nicole is Margaret's descendant.
* Helen is Andrew's descendant.
* Christina is Jack's descendant.
* Edward is Dennis's descendant.
* Benjamin is Rachel's descendant.
* Gloria is Jean's ancestor.
* Shirley is Bradley's ancestor.
* Theresa is Aaron's ancestor.
* Joyce is Barbara's ancestor.
* Jacob is Jack's ancestor.
* Stephen is Brian's descendant.
* Alan is Margaret's ancestor.
* Scott is Willie's descendant.
* Jacob is Anna's descendant.
Determine the lineage relationship between Douglas and Pamela.
Select the correct answer:
1. Douglas is Pamela's descendant.
2. Douglas is Pamela's ancestor.
3. Douglas and Pamela share a common ancestor.
4. Douglas and Pamela share a common descendant.
5. None of the above is correct.
Enclose the selected answer number in the <ANSWER> tag, for example: <ANSWER>1</ANSWER>.",z-ai/glm-4.7,Parasail,,,"To determine the lineage relationship between Douglas and Pamela, we must trace the ancestors and descendants of both individuals based on the provided statements.

**1. Trace Douglas's Lineage:**
*   **Douglas** is a descendant of **Scott** (Statement: ""Douglas is Scott's descendant"").
*   **Scott** is a descendant of **Willie** (Statement: ""Scott is Willie's descendant"").
*   **Willie** is a descendant of **Mary** (Statement: ""Willie is Mary's descendant"").
*   **Mary** is a descendant of **Martha** (Statement: ""Mary is Martha's descendant"").
*   **Stephen** is a descendant of **Martha** (Statement: ""Stephen is Martha's descendant"").
*   **Stephen** is a descendant of **Brian** (Statement: ""Stephen is Brian's descendant"").
*   **Denise** is an ancestor of **Brian** (Statement: ""Denise is Brian's ancestor"").
*   **Bradley** is an ancestor of **Denise** (Statement: ""Bradley is Denise's ancestor"").
*   **Shirley** is an ancestor of **Bradley** (Statement: ""Shirley is Bradley's ancestor"").
*   **Janice** is an ancestor of **Shirley** (Statement: ""Shirley is Janice's descendant"").
*   **Virginia** is an ancestor of **Janice** (Statement: ""Janice is Virginia's descendant"").
*   **Joan** is an ancestor of **Virginia** (Statement: ""Joan is Virginia's ancestor"").
*   **Kathryn** is an ancestor of **Joan** (Statement: ""Kathryn is Joan's ancestor"").
*   **Peter** is an ancestor of **Kathryn** (Statement: ""Peter is Kathryn's ancestor"").
*   **Susan** is an ancestor of **Peter** (Statement: ""Susan is Peter's ancestor"").

From this, we can establish a chain: **Susan** -> ... -> **Brian** -> **Stephen** <- **Martha** -> **Mary** -> **Willie** -> **Scott** -> **Douglas**.
Note that **Martha** is an ancestor of **Douglas**, and **Susan** is an ancestor of **Stephen**. Since **Stephen** is a descendant of both **Brian** (from the Susan line) and **Martha**, **Stephen** is a common descendant of **Susan** and **Martha**. However, there is no information linking **Martha** as a descendant of **Susan** or vice versa, nor is there any common ancestor listed for **Susan** and **Martha**. Thus, **Douglas** belongs to the lineage of **Martha**.

**2. Trace Pamela's Lineage:**
*   **Pamela** is a descendant of **Kyle** (Statement: ""Pamela is Kyle's descendant"").
*   **Kyle** is a descendant of **Austin** (Statement: ""Kyle is Austin's descendant"").
*   **Richard** is an ancestor of **Austin** (Statement: ""Richard is Austin's ancestor"").
*   **Frances** is an ancestor of **Richard** (Statement: ""Richard is Frances's descendant"").
*   **Ann** is an ancestor of **Frances** (Statement: ""Ann is Frances's ancestor"").
*   **Edward** is an ancestor of **Ann** (Statement: ""Ann is Edward's descendant"").
*   **Dennis** is an ancestor of **Edward** (Statement: ""Edward is Dennis's descendant"").
*   **Lori** is an ancestor of **Dennis** (Statement: ""Lori is Dennis's ancestor"").
*   **Gerald** is an ancestor of **Lori** (Statement: ""Lori is Gerald's descendant"").
*   **Sandra** is an ancestor of **Gerald** (Statement: ""Sandra is Gerald's ancestor"").
*   **Jesse** is an ancestor of **Sandra** (Statement: ""Jesse is Sandra's ancestor"").
*   **Heather** is an ancestor of **Jesse** (Statement: ""Heather is Jesse's ancestor"").
*   **Barbara** is an ancestor of **Heather** (Statement: ""Heather is Barbara's descendant"").
*   **Joyce** is an ancestor of **Barbara** (Statement: ""Barbara is Joyce's descendant"").
*   **Joseph** is an ancestor of **Joyce** (Statement: ""Joseph is Joyce's ancestor"").
*   **Judith** is an ancestor of **Joseph** (Statement: ""Judith is Joseph's ancestor"").
*   **Christina** is an ancestor of **Judith** (Statement: ""Judith is Christina's descendant"").
*   **Jack** is an ancestor of **Christina** (Statement: ""Jack is Christina's ancestor"").
*   **Jacob** is an ancestor of **Jack** (Statement: ""Jacob is Jack's ancestor"").
*   **Anna** is an ancestor of **Jacob** (Statement: ""Jacob is Anna's descendant"").
*   **Helen** is an ancestor of **Anna** (Statement: ""Anna is Helen's descendant"").
*   **Andrew** is an ancestor of **Helen** (Statement: ""Helen is Andrew's descendant"").
*   **Gabriel** is an ancestor of **Andrew** (Statement: ""Andrew is Gabriel's descendant"").
*   **Benjamin** is an ancestor of **Gabriel** (Statement: ""Benjamin is Gabriel's ancestor"").
*   **Rachel** is an ancestor of **Benjamin** (Statement: ""Benjamin is Rachel's descendant"").
*   **Justin** is an ancestor of **Rachel** (Statement: ""Rachel is Justin's descendant"").
*   **Lisa** is an ancestor of **Justin** (Statement: ""Justin is Lisa's descendant"").
*   **Jonathan** is an ancestor of **Lisa** (Statement: ""Lisa is Jonathan's descendant"").
*   **Brenda** is an ancestor of **Jonathan** (Statement: ""Jonathan is Brenda's descendant"").
*   **Jean** is an ancestor of **Brenda** (Statement: ""Brenda is Jean's descendant"").
*   **Gloria** is an ancestor of **Jean** (Statement: ""Gloria is Jean's ancestor"").
*   **Aaron** is an ancestor of **Gloria** (Statement: ""Aaron is Gloria's ancestor"").
*   **Theresa** is an ancestor of **Aaron** (Statement: ""Theresa is Aaron's ancestor"").
*   **Catherine** is an ancestor of **Theresa** (Statement: ""Catherine is Theresa's ancestor"").
*   **Brittany** is an ancestor of **Catherine** (Statement: ""Brittany is Catherine's ancestor"").
*   **Jacqueline** is an ancestor of **Brittany** (Statement: ""Brittany is Jacqueline's descendant"").
*   **Jose** is an ancestor of **Jacqueline** (Statement: ""Jacqueline is Jose's descendant"").
*   **Eric** is an ancestor of **Jose** (Statement: ""Jose is Eric's descendant"").
*   **Nicole** is an ancestor of **Eric** (Statement: ""Nicole is Eric's ancestor"").
*   **Margaret** is an ancestor of **Nicole** (Statement: ""Nicole is Margaret's descendant"").
*   **Alan** is an ancestor of **Margaret** (Statement: ""Alan is Margaret's ancestor"").
*   **Victoria** is an ancestor of **Alan** (Statement: ""Victoria is Alan's ancestor"").
*   **Billy** is an ancestor of **Victoria** (Statement: ""Victoria is Billy's descendant"").
*   **Karen** is an ancestor of **Billy** (Statement: ""Karen is Billy's ancestor"").
*   **Brandon** is an ancestor of **Karen** (Statement: ""Brandon is Karen's ancestor"").
*   **Janet** is an ancestor of **Brandon** (Statement: ""Brandon is Janet's descendant"").
*   **Ethan** is an ancestor of **Janet** (Statement: ""Ethan is Janet's ancestor"").
*   **Susan** is an ancestor of **Ethan** (Statement: ""Ethan is Susan's descendant"").

From this, we have the chain: **Susan** -> ... -> **Ethan** -> ... -> **Jacqueline** -> **Brittany** -> ... -> **Pamela**.
So, **Pamela** is a descendant of **Susan**.

**3. Relationship Analysis:**
*   **Douglas** is a descendant of **Martha**.
*   **Pamela** is a descendant of **Susan**.
*   **Martha** and **Susan** are linked through **Stephen**, who is a descendant of both (via Brian from Susan, and directly from Martha).
*   However, there is no provided lineage stating that **Martha** is a descendant of **Susan**, or that **Susan** is a descendant of **Martha**, nor is there a common ancestor listed for them. They appear to be two distinct roots whose lines converge at **Stephen** (and potentially others).
*   Since there is no common ancestor for **Martha** and **Susan**, **Douglas** and **Pamela** do not share a common ancestor within the provided relationships.
*   **Douglas** is not a descendant of **Pamela**.
*   **Douglas** is not an ancestor of **Pamela**.
*   **Douglas** and **Pamela** do not share a common descendant (no descendants of Douglas are listed, and none of Pamela's connect to Douglas).

Therefore, none of the listed relationships (1-4) are correct.

<ANSWER>5</ANSWER>"
64,COMMON_DESCENDANT,1,"Given the following lineage relationships:
* Joe is Ann's ancestor.
* Katherine is Carl's ancestor.
* Robert is Marilyn's descendant.
* Mason is Sara's descendant.
* Catherine is Mason's descendant.
* Gary is Jonathan's ancestor.
* Noah is Henry's ancestor.
* Diane is Martha's ancestor.
* Jordan is Alan's descendant.
* Janet is Debra's descendant.
* Thomas is Maria's descendant.
* Joyce is Kenneth's descendant.
* Janet is Julie's ancestor.
* Matthew is Jack's ancestor.
* Sara is George's descendant.
* Rebecca is Noah's ancestor.
* Joan is Kelly's descendant.
* Grace is Steven's descendant.
* Jacqueline is Wayne's descendant.
* Justin is Mark's descendant.
* Julie is Virginia's ancestor.
* Katherine is Jeremy's descendant.
* Mark is Jacqueline's descendant.
* Karen is Andrew's ancestor.
* Ruth is Rebecca's ancestor.
* Bradley is Andrew's descendant.
* Kenneth is Sandra's descendant.
* Frank is Susan's ancestor.
* Kimberly is Elizabeth's ancestor.
* Adam is Helen's descendant.
* Thomas is Abigail's ancestor.
* Marilyn is Joyce's descendant.
* Brian is Frances's descendant.
* Edward is Frances's ancestor.
* Karen is Grace's descendant.
* Jordan is Victoria's ancestor.
* Elizabeth is Sandra's ancestor.
* Jack is Justin's descendant.
* Ralph is Bradley's descendant.
* Ann is George's ancestor.
* Kelly is Carl's descendant.
* Matthew is Adam's descendant.
* Theresa is Evelyn's ancestor.
* Christopher is Abigail's descendant.
* Joan is Helen's ancestor.
* Frank is Samuel's descendant.
* Steven is Arthur's descendant.
* Joe is Ralph's descendant.
* Victoria is Maria's ancestor.
* Amanda is Martha's descendant.
* Jonathan is Carol's ancestor.
* Virginia is Harold's ancestor.
* Theresa is Catherine's descendant.
* Susan is Edward's ancestor.
* Amanda is Kimberly's ancestor.
* Henry is Diane's ancestor.
* Samuel is Harold's descendant.
* Carol is Arthur's ancestor.
* Debra is Evelyn's descendant.
* Robert is Jeremy's ancestor.
* Gerald is Gary's ancestor.
* Wayne is Christopher's descendant.
* Alan is Brian's descendant.
Determine the lineage relationship between Ruth and Gerald.
Select the correct answer:
1. Ruth and Gerald share a common descendant.
2. Ruth is Gerald's ancestor.
3. Ruth is Gerald's descendant.
4. Ruth and Gerald share a common ancestor.
5. None of the above is correct.
Enclose the selected answer number in the <ANSWER> tag, for example: <ANSWER>1</ANSWER>.",z-ai/glm-4.7,Parasail,,,"The correct answer is that Ruth and Gerald share a common descendant. The reasoning traces the lineage from both Ruth and Gerald downwards and finds a point of convergence at Jack.

1.  **Trace Ruth's descendants:**
    *   Ruth is Rebecca's ancestor.
    *   Rebecca is Noah's ancestor.
    *   Noah is Henry's ancestor.
    *   Henry is Diane's ancestor.
    *   Diane is Martha's ancestor.
    *   Amanda is Martha's descendant $\rightarrow$ Martha $\rightarrow$ Amanda.
    *   Amanda is Kimberly's ancestor $\rightarrow$ Kimberly.
    *   Kimberly is Elizabeth's ancestor $\rightarrow$ Elizabeth.
    *   Elizabeth is Sandra's ancestor $\rightarrow$ Sandra.
    *   Kenneth is Sandra's descendant $\rightarrow$ Kenneth.
    *   Joyce is Kenneth's descendant $\rightarrow$ Joyce.
    *   Marilyn is Joyce's descendant $\rightarrow$ Marilyn.
    *   Robert is Marilyn's descendant $\rightarrow$ Robert.
    *   Robert is Jeremy's ancestor $\rightarrow$ Jeremy.
    *   Katherine is Jeremy's descendant $\rightarrow$ Katherine.
    *   Katherine is Carl's ancestor $\rightarrow$ Carl.
    *   Kelly is Carl's descendant $\rightarrow$ Kelly.
    *   Joan is Kelly's descendant $\rightarrow$ Joan.
    *   Joan is Helen's ancestor $\rightarrow$ Helen.
    *   Adam is Helen's descendant $\rightarrow$ Adam.
    *   Matthew is Adam's descendant $\rightarrow$ Matthew.
    *   Matthew is Jack's ancestor $\rightarrow$ **Jack**.

    So, **Ruth $\rightarrow$ ... $\rightarrow$ Jack**.

2.  **Trace Gerald's descendants:**
    *   Gerald is Gary's ancestor.
    *   Gary is Jonathan's ancestor.
    *   Jonathan is Carol's ancestor.
    *   Carol is Arthur's ancestor $\rightarrow$ Arthur.
    *   Steven is Arthur's descendant $\rightarrow$ Steven.
    *   Grace is Steven's descendant $\rightarrow$ Grace.
    *   Karen is Grace's descendant $\rightarrow$ Karen.
    *   Karen is Andrew's ancestor $\rightarrow$ Andrew.
    *   Bradley is Andrew's descendant $\rightarrow$ Bradley.
    *   Ralph is Bradley's descendant $\rightarrow$ Ralph.
    *   Joe is Ralph's descendant $\rightarrow$ Joe.
    *   Joe is Ann's ancestor $\rightarrow$ Ann.
    *   Ann is George's ancestor $\rightarrow$ George.
    *   Sara is George's descendant $\rightarrow$ Sara.
    *   Mason is Sara's descendant $\rightarrow$ Mason.
    *   Catherine is Mason's descendant $\rightarrow$ Catherine.
    *   Theresa is Catherine's descendant $\rightarrow$ Theresa.
    *   Theresa is Evelyn's ancestor $\rightarrow$ Evelyn.
    *   Debra is Evelyn's descendant $\rightarrow$ Debra.
    *   Janet is Debra's descendant $\rightarrow$ Janet.
    *   Janet is Julie's ancestor $\rightarrow$ Julie.
    *   Julie is Virginia's ancestor $\rightarrow$ Virginia.
    *   Virginia is Maria's ancestor $\rightarrow$ Maria.
    *   Thomas is Maria's descendant $\rightarrow$ Thomas.
    *   Thomas is Abigail's ancestor $\rightarrow$ Abigail.
    *   Christopher is Abigail's descendant $\rightarrow$ Christopher.
    *   Wayne is Christopher's descendant $\rightarrow$ Wayne.
    *   Jacqueline is Wayne's descendant $\rightarrow$ Jacqueline.
    *   Mark is Jacqueline's descendant $\rightarrow$ Mark.
    *   Justin is Mark's descendant $\rightarrow$ Justin.
    *   Jack is Justin's descendant $\rightarrow$ **Jack**.

    So, **Gerald $\rightarrow$ ... $\rightarrow$ Jack**.

Since both Ruth and Gerald are ancestors of Jack, they share a common descendant.

<ANSWER>1</ANSWER>"
64,ANCESTOR,4,"Given the following lineage relationships:
* Judith is Katherine's descendant.
* Katherine is Wayne's descendant.
* Aaron is Jerry's ancestor.
* Joe is Aaron's ancestor.
* Janice is Angela's descendant.
* Brian is Juan's ancestor.
* Larry is Christina's descendant.
* Albert is Sandra's ancestor.
* Ronald is Kayla's descendant.
* Billy is Robert's descendant.
* Paul is Alexander's descendant.
* Julie is Kathryn's descendant.
* Marilyn is Martha's ancestor.
* Isabella is Shirley's ancestor.
* Julie is Brian's ancestor.
* Dylan is Jerry's descendant.
* Brittany is Sophia's descendant.
* Nicole is Wayne's ancestor.
* Sophia is Kathleen's descendant.
* Debra is Kathleen's ancestor.
* Jose is Eric's descendant.
* Maria is William's descendant.
* Emily is Christopher's descendant.
* Daniel is Kathryn's ancestor.
* Gloria is Albert's ancestor.
* Larry is Harold's ancestor.
* Benjamin is Scott's descendant.
* Michelle is Grace's ancestor.
* Hannah is Benjamin's descendant.
* Isabella is Eugene's descendant.
* Billy is Daniel's ancestor.
* Jeremy is Harold's descendant.
* Gerald is Anna's ancestor.
* Gabriel is Anna's descendant.
* Matthew is Sandra's descendant.
* Andrea is Adam's ancestor.
* Judith is Christina's ancestor.
* Gerald is Dylan's descendant.
* Robert is Ryan's descendant.
* Jason is Grace's descendant.
* Juan is Michelle's ancestor.
* Jason is Marilyn's ancestor.
* Jacob is Sean's ancestor.
* Ann is Andrea's ancestor.
* Brittany is Nicole's ancestor.
* Danielle is Michael's ancestor.
* Sean is Scott's ancestor.
* Betty is Gabriel's descendant.
* Jacob is Betty's descendant.
* Debra is Michael's descendant.
* Ryan is Shirley's descendant.
* Diana is William's ancestor.
* Maria is Ann's ancestor.
* Amber is Jose's descendant.
* Gloria is Paul's descendant.
* Diana is Martha's descendant.
* Christopher is Amber's descendant.
* Eric is Janice's descendant.
* Hannah is Danielle's ancestor.
* Jeremy is Alexander's ancestor.
* Joe is Adam's descendant.
* Ronald is Angela's ancestor.
* Eugene is Emily's descendant.
Determine the lineage relationship between Kayla and Matthew.
Select the correct answer:
1. Kayla and Matthew share a common ancestor.
2. Kayla and Matthew share a common descendant.
3. Kayla is Matthew's descendant.
4. Kayla is Matthew's ancestor.
5. None of the above is correct.
Enclose the selected answer number in the <ANSWER> tag, for example: <ANSWER>1</ANSWER>.",z-ai/glm-4.7,Parasail,,,"To determine the lineage relationship between Kayla and Matthew, I need to trace both their lineages and see if they connect.

Starting with Kayla:
- ""Ronald is Kayla's descendant"" means Kayla is Ronald's ancestor.
- ""Ronald is Angela's ancestor"" continues Kayla's lineage downward.
- Following through the chain of relationships: Kayla → Ronald → Angela → Janice → Eric → Jose → Amber → Christopher → Emily → Eugene → Isabella → Shirley → Ryan → Robert → Billy → Daniel → Kathryn → Julie → Brian → Juan → Michelle → Grace → Jason → Marilyn → Martha → Diana → William → Maria → Ann → Andrea → Adam → Joe → Aaron → Jerry → Dylan → Gerald → Anna → Gabriel → Betty → Jacob → Sean → Scott → Benjamin → Hannah → Danielle → Michael → Debra → Kathleen → Sophia → Brittany → Nicole → Wayne → Katherine → Judith → Christina → Larry → Harold → Jeremy → Alexander → Paul → Gloria

Now tracing Matthew's lineage:
- ""Matthew is Sandra's descendant"" means Sandra is Matthew's ancestor.
- ""Albert is Sandra's ancestor"" shows Albert is above Sandra.
- ""Gloria is Albert's ancestor"" places Gloria above Albert.

So Matthew's lineage goes: Gloria → Albert → Sandra → Matthew

Since Kayla's lineage leads to Gloria, and Matthew's lineage descends from Gloria, this means Kayla is an ancestor of Matthew.

The correct answer is option 3: Kayla is Matthew's ancestor.

<ANSWER>3</ANSWER>"
64,DESCENDANT,3,"Given the following lineage relationships:
* Jonathan is Nicholas's ancestor.
* Noah is Joseph's ancestor.
* Helen is Dennis's ancestor.
* Dylan is Nicholas's descendant.
* Helen is Philip's descendant.
* Jean is Lisa's ancestor.
* Jack is Heather's descendant.
* Patrick is Amanda's descendant.
* Heather is Robert's descendant.
* Sara is Ashley's ancestor.
* Susan is Mason's ancestor.
* David is Paul's ancestor.
* Kimberly is Teresa's ancestor.
* Joan is Gabriel's descendant.
* Nathan is Madison's descendant.
* Randy is Sara's ancestor.
* Alice is Debra's descendant.
* Judy is Stephanie's ancestor.
* Cheryl is Kevin's descendant.
* Ruth is Raymond's ancestor.
* Joan is Mary's ancestor.
* Gabriel is Isabella's descendant.
* Mary is Olivia's ancestor.
* Samantha is Nancy's ancestor.
* Mason is Philip's ancestor.
* Linda is Grace's descendant.
* Isabella is Bradley's descendant.
* Christine is Ashley's descendant.
* Alice is James's ancestor.
* Stephen is Dennis's descendant.
* Joyce is Amy's ancestor.
* Patrick is Madison's ancestor.
* Vincent is Jeffrey's descendant.
* Nathan is Samantha's ancestor.
* Laura is Austin's descendant.
* Harold is Jeffrey's ancestor.
* Christine is Joyce's ancestor.
* Linda is Bradley's ancestor.
* Kevin is Kathryn's descendant.
* Judy is Cheryl's descendant.
* Kathryn is Teresa's descendant.
* Ruth is Amy's descendant.
* Randy is Douglas's descendant.
* Brandon is Susan's ancestor.
* Grace is Nancy's descendant.
* Jonathan is John's descendant.
* Sarah is Raymond's descendant.
* Jean is Olivia's descendant.
* Joseph is Harold's ancestor.
* Kimberly is Victoria's descendant.
* Jack is Douglas's ancestor.
* Larry is Stephanie's descendant.
* Noah is Lisa's descendant.
* Austin is Barbara's descendant.
* Victoria is Sarah's descendant.
* Dylan is Brandon's ancestor.
* Laura is Theresa's ancestor.
* Robert is Sharon's descendant.
* Debra is Vincent's descendant.
* Amanda is Stephen's descendant.
* David is Larry's descendant.
* John is Paul's descendant.
* Sharon is Theresa's descendant.
Determine the lineage relationship between James and Barbara.
Select the correct answer:
1. James and Barbara share a common descendant.
2. James and Barbara share a common ancestor.
3. James is Barbara's descendant.
4. James is Barbara's ancestor.
5. None of the above is correct.
Enclose the selected answer number in the <ANSWER> tag, for example: <ANSWER>1</ANSWER>.",z-ai/glm-4.7,Parasail,,,"The goal is to determine the relationship between James and Barbara based on the given lineage statements.

1.  **Trace the lineage of James upwards:**
    *   ""Alice is James's ancestor."" $\rightarrow$ James < Alice
    *   ""Alice is Debra's descendant."" $\rightarrow$ Debra > Alice
    *   ""Debra is Vincent's descendant."" $\rightarrow$ Vincent > Debra
    *   ""Vincent is Jeffrey's descendant."" $\rightarrow$ Jeffrey > Vincent
    *   ""Harold is Jeffrey's ancestor."" $\rightarrow$ Harold > Jeffrey
    *   ""Joseph is Harold's ancestor."" $\rightarrow$ Joseph > Harold
    *   ""Noah is Joseph's ancestor."" $\rightarrow$ Noah > Joseph
    *   ""Noah is Lisa's descendant."" $\rightarrow$ Lisa > Noah
    *   ""Jean is Lisa's ancestor."" $\rightarrow$ Jean > Lisa
    *   ""Jean is Olivia's descendant."" $\rightarrow$ Olivia > Jean
    *   ""Mary is Olivia's ancestor."" $\rightarrow$ Mary > Olivia
    *   ""Joan is Mary's ancestor."" $\rightarrow$ Joan > Mary
    *   ""Joan is Gabriel's descendant."" $\rightarrow$ Gabriel > Joan
    *   ""Gabriel is Isabella's descendant."" $\rightarrow$ Isabella > Gabriel
    *   ""Isabella is Bradley's descendant."" $\rightarrow$ Bradley > Isabella
    *   ""Linda is Bradley's ancestor."" $\rightarrow$ Linda > Bradley
    *   ""Linda is Grace's descendant."" $\rightarrow$ Grace > Linda
    *   ""Grace is Nancy's descendant."" $\rightarrow$ Nancy > Grace
    *   ""Samantha is Nancy's ancestor."" $\rightarrow$ Samantha > Nancy
    *   ""Nathan is Samantha's ancestor."" $\rightarrow$ Nathan > Samantha
    *   ""Nathan is Madison's descendant."" $\rightarrow$ Madison > Nathan
    *   ""Patrick is Madison's ancestor."" $\rightarrow$ Patrick > Madison
    *   ""Patrick is Amanda's descendant."" $\rightarrow$ Amanda > Patrick
    *   ""Amanda is Stephen's descendant."" $\rightarrow$ Stephen > Amanda
    *   ""Stephen is Dennis's descendant."" $\rightarrow$ Dennis > Stephen
    *   ""Helen is Dennis's ancestor."" $\rightarrow$ Helen > Dennis
    *   ""Helen is Philip's descendant."" $\rightarrow$ Philip > Helen
    *   ""Mason is Philip's ancestor."" $\rightarrow$ Mason > Philip
    *   ""Susan is Mason's ancestor."" $\rightarrow$ Susan > Mason
    *   ""Brandon is Susan's ancestor."" $\rightarrow$ Brandon > Susan
    *   ""Dylan is Brandon's ancestor."" $\rightarrow$ Dylan > Brandon
    *   ""Dylan is Nicholas's descendant."" $\rightarrow$ Nicholas > Dylan
    *   ""Jonathan is Nicholas's ancestor."" $\rightarrow$ Jonathan > Nicholas
    *   ""Jonathan is John's descendant."" $\rightarrow$ John > Jonathan
    *   ""John is Paul's descendant."" $\rightarrow$ Paul > John
    *   ""David is Paul's ancestor."" $\rightarrow$ David > Paul

    Combining these, we get a chain: **David > Paul > John > Jonathan > Nicholas > Dylan > Brandon > Susan > Mason > Philip > Helen > Dennis > Stephen > Amanda > Patrick > Madison > Nathan > Samantha > Nancy > Grace > Linda > Bradley > Isabella > Gabriel > Joan > Mary > Olivia > Jean > Lisa > Noah > Joseph > Harold > Jeffrey > Vincent > Debra > Alice > James**.

2.  **Trace the lineage of Barbara downwards to find a connection with David:**
    *   ""Austin is Barbara's descendant."" $\rightarrow$ Barbara > Austin
    *   ""Laura is Austin's descendant."" $\rightarrow$ Austin > Laura
    *   ""Laura is Theresa's ancestor."" $\rightarrow$ Laura > Theresa
    *   ""Kimberly is Teresa's descendant."" (This is a branch, let's look for the path to David)
    *   ""Kathryn is Teresa's descendant."" $\rightarrow$ Kathryn < Theresa (Theresa > Kathryn)
    *   ""Kevin is Kathryn's descendant."" $\rightarrow$ Kevin < Kathryn
    *   ""Cheryl is Kevin's descendant."" $\rightarrow$ Cheryl < Kevin
    *   ""Judy is Cheryl's descendant."" $\rightarrow$ Judy < Cheryl
    *   ""Judy is Stephanie's ancestor."" $\rightarrow$ Judy > Stephanie
    *   ""Larry is Stephanie's descendant."" $\rightarrow$ Stephanie > Larry
    *   ""David is Larry's descendant."" $\rightarrow$ Larry > David

    Combining these: **Barbara > Austin > Laura > Theresa > Kathryn > Kevin > Cheryl > Judy > Stephanie > Larry > David**.

3.  **Combine the chains:**
    From Barbara's chain, Barbara is an ancestor of David.
    From James's chain, James is a descendant of David (since David is at the top of James's chain).
    Therefore, Barbara is an ancestor of David, and David is an ancestor of James.
    This implies Barbara is an ancestor of James.
    Consequently, James is Barbara's descendant.

The correct relationship is that James is Barbara's descendant.

<ANSWER>3</ANSWER>"
64,COMMON_ANCESTOR,3,"Given the following lineage relationships:
* Brenda is Ronald's descendant.
* Jerry is Diane's ancestor.
* Kelly is George's ancestor.
* Joyce is Henry's descendant.
* Donald is Carolyn's descendant.
* Jeffrey is Evelyn's ancestor.
* Danielle is Lori's descendant.
* Rachel is Russell's descendant.
* Michael is Andrew's ancestor.
* Bradley is Eugene's ancestor.
* Brenda is Jason's ancestor.
* Zachary is Wayne's descendant.
* Michelle is Joshua's ancestor.
* Bruce is Katherine's descendant.
* Gary is Joyce's descendant.
* Julia is Diana's ancestor.
* Katherine is John's descendant.
* Jeffrey is Jack's descendant.
* Rachel is Jack's ancestor.
* Julia is Andrew's descendant.
* Jason is Margaret's ancestor.
* Janice is Albert's ancestor.
* Kayla is Thomas's ancestor.
* Shirley is Jerry's ancestor.
* Gerald is Karen's ancestor.
* Ronald is Barbara's ancestor.
* Kelly is Richard's descendant.
* Donna is Alexis's descendant.
* Christian is Kayla's ancestor.
* Michael is Barbara's descendant.
* Julie is Mark's descendant.
* Lawrence is Teresa's descendant.
* Sara is Alexis's ancestor.
* Jacob is Brian's ancestor.
* Russell is Eric's descendant.
* Julie is Henry's ancestor.
* Keith is Joe's descendant.
* Natalie is Sara's ancestor.
* Eric is Victoria's descendant.
* Paul is Carolyn's ancestor.
* Keith is Samuel's ancestor.
* Teresa is Evelyn's descendant.
* Lawrence is Michelle's ancestor.
* Kimberly is Gerald's ancestor.
* Bruce is Raymond's ancestor.
* Zachary is Harold's ancestor.
* George is Mark's ancestor.
* Shirley is Albert's descendant.
* Diane is Lori's ancestor.
* Joe is Karen's descendant.
* Brian is Victoria's ancestor.
* Samuel is Paul's ancestor.
* Margaret is Wayne's ancestor.
* Gary is Jacob's ancestor.
* Raymond is Abigail's ancestor.
* Thomas is Richard's ancestor.
* Ethan is Danielle's descendant.
* Harold is Christian's ancestor.
* Janice is Abigail's descendant.
* Donald is Bradley's ancestor.
* Joshua is Kimberly's ancestor.
* Diana is John's ancestor.
* Ethan is Natalie's ancestor.
Determine the lineage relationship between Donna and Eugene.
Select the correct answer:
1. Donna is Eugene's descendant.
2. Donna is Eugene's ancestor.
3. Donna and Eugene share a common ancestor.
4. Donna and Eugene share a common descendant.
5. None of the above is correct.
Enclose the selected answer number in the <ANSWER> tag, for example: <ANSWER>1</ANSWER>.",z-ai/glm-4.7,Parasail,,,"The relationships can be mapped into two distinct lineages originating from a common ancestor, Ronald.

**Lineage 1 (Donna's Lineage):**
1.  Ronald is Barbara's ancestor ($Ronald \to Barbara$).
2.  Michael is Barbara's descendant ($Barbara \to Michael$).
3.  Michael is Andrew's ancestor ($Michael \to Andrew$).
4.  Julia is Andrew's descendant ($Andrew \to Julia$).
5.  Julia is Diana's ancestor ($Julia \to Diana$).
6.  Diana is John's ancestor ($Diana \to John$).
7.  Katherine is John's descendant ($John \to Katherine$).
8.  Bruce is Katherine's descendant ($Katherine \to Bruce$).
9.  Bruce is Raymond's ancestor ($Bruce \to Raymond$).
10. Raymond is Abigail's ancestor ($Raymond \to Abigail$).
11. Janice is Abigail's descendant ($Abigail \to Janice$).
12. Janice is Albert's ancestor ($Janice \to Albert$).
13. Shirley is Albert's descendant ($Albert \to Shirley$).
14. Shirley is Jerry's ancestor ($Shirley \to Jerry$).
15. Jerry is Diane's ancestor ($Jerry \to Diane$).
16. Diane is Lori's ancestor ($Diane \to Lori$).
17. Danielle is Lori's descendant ($Lori \to Danielle$).
18. Ethan is Danielle's descendant ($Danielle \to Ethan$).
19. Ethan is Natalie's ancestor ($Ethan \to Natalie$).
20. Natalie is Sara's ancestor ($Natalie \to Sara$).
21. Sara is Alexis's ancestor ($Sara \to Alexis$).
22. Donna is Alexis's descendant ($Alexis \to Donna$).

Path: $Ronald \to \dots \to Donna$.

**Lineage 2 (Eugene's Lineage):**
1.  Brenda is Ronald's descendant ($Ronald \to Brenda$).
2.  Brenda is Jason's ancestor ($Brenda \to Jason$).
3.  Jason is Margaret's ancestor ($Jason \to Margaret$).
4.  Margaret is Wayne's ancestor ($Margaret \to Wayne$).
5.  Zachary is Wayne's descendant ($Wayne \to Zachary$).
6.  Zachary is Harold's ancestor ($Zachary \to Harold$).
7.  Harold is Christian's ancestor ($Harold \to Christian$).
8.  Christian is Kayla's ancestor ($Christian \to Kayla$).
9.  Kayla is Thomas's ancestor ($Kayla \to Thomas$).
10. Thomas is Richard's ancestor ($Thomas \to Richard$).
11. Kelly is Richard's descendant ($Richard \to Kelly$).
12. Kelly is George's ancestor ($Kelly \to George$).
13. George is Mark's ancestor ($George \to Mark$).
14. Julie is Mark's descendant ($Mark \to Julie$).
15. Julie is Henry's ancestor ($Julie \to Henry$).
16. Joyce is Henry's descendant ($Henry \to Joyce$).
17. Gary is Joyce's descendant ($Joyce \to Gary$).
18. Gary is Jacob's ancestor ($Gary \to Jacob$).
19. Jacob is Brian's ancestor ($Jacob \to Brian$).
20. Brian is Victoria's ancestor ($Brian \to Victoria$).
21. Eric is Victoria's descendant ($Victoria \to Eric$).
22. Russell is Eric's descendant ($Eric \to Russell$).
23. Rachel is Russell's descendant ($Russell \to Rachel$).
24. Rachel is Jack's ancestor ($Rachel \to Jack$).
25. Jeffrey is Jack's descendant ($Jack \to Jeffrey$).
26. Jeffrey is Evelyn's ancestor ($Jeffrey \to Evelyn$).
27. Teresa is Evelyn's descendant ($Evelyn \to Teresa$).
28. Lawrence is Teresa's descendant ($Teresa \to Lawrence$).
29. Lawrence is Michelle's ancestor ($Lawrence \to Michelle$).
30. Michelle is Joshua's ancestor ($Michelle \to Joshua$).
31. Joshua is Kimberly's ancestor ($Joshua \to Kimberly$).
32. Kimberly is Gerald's ancestor ($Kimberly \to Gerald$).
33. Gerald is Karen's ancestor ($Gerald \to Karen$).
34. Joe is Karen's descendant ($Karen \to Joe$).
35. Keith is Joe's descendant ($Joe \to Keith$).
36. Samuel is Paul's ancestor (Keith -> Samuel from #41, Samuel -> Paul from #52).
    *Correction*: Statement 41 says ""Keith is Samuel's ancestor"". Statement 52 says ""Samuel is Paul's ancestor"". Statement 40 says ""Paul is Carolyn's ancestor"".
    So: $Keith \to Samuel \to Paul \to Carolyn$.
37. Donald is Carolyn's descendant ($Carolyn \to Donald$).
38. Donald is Bradley's ancestor ($Donald \to Bradley$).
39. Bradley is Eugene's ancestor ($Bradley \to Eugene$).

Path: $Ronald \to \dots \to Eugene$.

**Conclusion:**
Both Donna and Eugene are descendants of Ronald. There are no relationships connecting the two distinct branches below Ronald. Therefore, they share a common ancestor (Ronald).

<ANSWER>3</ANSWER>"
64,COMMON_DESCENDANT,4,"Given the following lineage relationships:
* Marilyn is Janice's ancestor.
* Sean is Sophia's ancestor.
* Christopher is Isabella's ancestor.
* Frank is Brian's descendant.
* Benjamin is Russell's ancestor.
* Shirley is Ashley's descendant.
* Ethan is Barbara's ancestor.
* Isabella is Ethan's ancestor.
* Betty is Jeremy's descendant.
* Nicholas is Jose's descendant.
* Kelly is Robert's ancestor.
* Abigail is Amanda's descendant.
* Stephanie is David's ancestor.
* Gerald is Larry's ancestor.
* Susan is Larry's descendant.
* Shirley is Sean's ancestor.
* Patrick is Olivia's descendant.
* Sharon is Ruth's descendant.
* Wayne is Jesse's ancestor.
* Gerald is Natalie's descendant.
* Janice is Jennifer's ancestor.
* Julia is Harold's descendant.
* Gregory is Christine's descendant.
* Jesse is Ruth's ancestor.
* Karen is Aaron's descendant.
* Sophia is Jose's ancestor.
* Alexander is Ralph's ancestor.
* Ralph is Christine's ancestor.
* Natalie is Marie's descendant.
* David is Benjamin's ancestor.
* Jacob is Kathryn's ancestor.
* Gregory is Betty's descendant.
* Harold is Abigail's descendant.
* Marie is Juan's descendant.
* Barbara is Ashley's ancestor.
* Brian is Julia's descendant.
* Karen is Albert's ancestor.
* Samantha is Maria's descendant.
* Samantha is Stephen's ancestor.
* Jonathan is Charles's ancestor.
* Charles is Catherine's ancestor.
* Kathryn is Maria's ancestor.
* Christopher is Raymond's descendant.
* Raymond is Sharon's descendant.
* Albert is Marilyn's ancestor.
* Juan is Patrick's descendant.
* Nathan is Joe's descendant.
* Kelly is Frank's descendant.
* Robert is Kenneth's ancestor.
* Jeremy is Catherine's descendant.
* Nathan is Daniel's ancestor.
* Ronald is Jonathan's ancestor.
* Evelyn is Virginia's descendant.
* Amanda is Nicholas's descendant.
* Susan is Alexander's ancestor.
* Kenneth is Stephanie's ancestor.
* Jennifer is Logan's ancestor.
* Ronald is Evelyn's descendant.
* Logan is Jacob's ancestor.
* Stephen is Joe's ancestor.
* Olivia is Daniel's descendant.
* Russell is Virginia's ancestor.
* Aaron is Steven's descendant.
Determine the lineage relationship between Steven and Wayne.
Select the correct answer:
1. Steven and Wayne share a common ancestor.
2. Steven is Wayne's ancestor.
3. Steven is Wayne's descendant.
4. Steven and Wayne share a common descendant.
5. None of the above is correct.
Enclose the selected answer number in the <ANSWER> tag, for example: <ANSWER>1</ANSWER>.",z-ai/glm-4.7,Parasail,,,"The relationships form two distinct chains of ancestors that converge at **Gregory**.

**Chain 1 (Steven's lineage):**
Steven → ... → Aaron → ... → Karen → ... → Albert → ... → Marilyn → ... → Janice → ... → Jennifer → ... → Logan → ... → Jacob → ... → Kathryn → ... → Maria → ... → Samantha → ... → Stephen → ... → Joe → ... → Nathan → ... → Daniel → ... → Olivia → ... → Patrick → ... → Juan → ... → Marie → ... → Natalie → ... → Gerald → ... → Larry → ... → Susan → ... → Alexander → ... → Ralph → ... → Christine → **Gregory**.

**Chain 2 (Wayne's lineage):**
Wayne → ... → Jesse → ... → Ruth → ... → Sharon → ... → Raymond → ... → Christopher → ... → Isabella → ... → Ethan → ... → Barbara → ... → Ashley → ... → Shirley → ... → Sean → ... → Sophia → ... → Jose → ... → Nicholas → ... → Amanda → ... → Abigail → ... → Harold → ... → Julia → ... → Brian → ... → Frank → ... → Kelly → ... → Robert → ... → Kenneth → ... → Stephanie → ... → David → ... → Benjamin → ... → Russell → ... → Virginia → ... → Evelyn → ... → Ronald → ... → Jonathan → ... → Charles → ... → Catherine → ... → Jeremy → ... → Betty → **Gregory**.

Since Steven is an ancestor of Gregory and Wayne is also an ancestor of Gregory, Steven and Wayne share a common descendant.

<ANSWER>4</ANSWER>"
64,ANCESTOR,1,"Given the following lineage relationships:
* Jose is Andrew's descendant.
* Kimberly is Richard's descendant.
* Ashley is Rebecca's ancestor.
* Juan is Philip's descendant.
* Thomas is Emma's descendant.
* Katherine is Debra's descendant.
* Michael is Theresa's descendant.
* Henry is Eric's ancestor.
* Patrick is Katherine's descendant.
* Kathleen is Roy's ancestor.
* James is Jacqueline's ancestor.
* Rebecca is Ethan's ancestor.
* Juan is Emma's ancestor.
* David is George's descendant.
* Gloria is Melissa's descendant.
* Lawrence is Vincent's descendant.
* Karen is Denise's descendant.
* Adam is Maria's descendant.
* Richard is Heather's descendant.
* Sophia is Michael's descendant.
* Kevin is Ethan's descendant.
* Jacqueline is Paul's ancestor.
* Vincent is Eric's descendant.
* Gloria is Bryan's ancestor.
* Mark is Andrea's descendant.
* Elizabeth is Henry's ancestor.
* Jack is Linda's descendant.
* Donna is Kimberly's descendant.
* Andrew is Patrick's descendant.
* Michelle is Charles's ancestor.
* Anthony is Jeffrey's ancestor.
* Michelle is Joyce's descendant.
* Debra is Charles's descendant.
* Judith is Sara's descendant.
* Karen is Sean's ancestor.
* Ralph is Joan's ancestor.
* Linda is Stephen's descendant.
* Nicole is Maria's ancestor.
* Janet is Heather's ancestor.
* Helen is Theresa's ancestor.
* Kevin is Helen's ancestor.
* Roy is Anthony's ancestor.
* Donna is Stephen's ancestor.
* Joan is Sara's ancestor.
* Melissa is David's descendant.
* Emily is Janet's ancestor.
* Samuel is Bryan's descendant.
* Megan is Alexis's descendant.
* Kathleen is Mark's descendant.
* Evelyn is Joyce's ancestor.
* Jeffrey is Evelyn's ancestor.
* Lawrence is Alexis's ancestor.
* Nicole is Sean's descendant.
* Philip is Paul's descendant.
* Kenneth is Andrea's ancestor.
* Kenneth is Adam's descendant.
* Ralph is Jack's descendant.
* Thomas is Denise's ancestor.
* Danielle is Sophia's descendant.
* Judith is James's ancestor.
* Megan is George's ancestor.
* Emily is Samuel's descendant.
* Elizabeth is Danielle's descendant.
Determine the lineage relationship between Ashley and Jose.
Select the correct answer:
1. Ashley is Jose's ancestor.
2. Ashley and Jose share a common ancestor.
3. Ashley and Jose share a common descendant.
4. Ashley is Jose's descendant.
5. None of the above is correct.
Enclose the selected answer number in the <ANSWER> tag, for example: <ANSWER>1</ANSWER>.",z-ai/glm-4.7,Parasail,,,"To determine the relationship between Ashley and Jose, we can trace the lineage step-by-step using the given statements.

1.  **Ashley's Lineage:**
    *   Ashley is Rebecca's ancestor.
    *   Rebecca is Ethan's ancestor.
    *   Kevin is Ethan's descendant (so Ethan is Kevin's ancestor).
    *   Kevin is Helen's ancestor.
    *   Helen is Theresa's ancestor.
    *   Michael is Theresa's descendant (so Theresa is Michael's ancestor).
    *   Sophia is Michael's descendant.
    *   Danielle is Sophia's descendant.
    *   Elizabeth is Danielle's descendant.
    *   Elizabeth is Henry's ancestor.
    *   Henry is Eric's ancestor.
    *   Vincent is Eric's descendant.
    *   Lawrence is Vincent's descendant.
    *   Lawrence is Alexis's ancestor.
    *   Megan is Alexis's descendant.
    *   Megan is George's ancestor.
    *   David is George's descendant.
    *   Melissa is David's descendant.
    *   Gloria is Melissa's descendant.
    *   Gloria is Bryan's ancestor.
    *   Samuel is Bryan's descendant.
    *   Emily is Samuel's descendant.
    *   Emily is Janet's ancestor.
    *   Janet is Heather's ancestor.
    *   Richard is Heather's descendant.
    *   Kimberly is Richard's descendant.
    *   Donna is Kimberly's descendant.
    *   Donna is Stephen's ancestor.
    *   Linda is Stephen's descendant.
    *   Jack is Linda's descendant.
    *   Ralph is Jack's descendant.
    *   Ralph is Joan's ancestor.
    *   Joan is Sara's ancestor.
    *   Judith is Sara's descendant.
    *   Judith is James's ancestor.
    *   James is Jacqueline's ancestor.
    *   Jacqueline is Paul's ancestor.
    *   Philip is Paul's descendant.
    *   Juan is Philip's descendant.
    *   Juan is Emma's ancestor.
    *   Thomas is Emma's descendant.
    *   Thomas is Denise's ancestor.
    *   Karen is Denise's descendant.
    *   Karen is Sean's ancestor.
    *   Nicole is Sean's descendant.
    *   Nicole is Maria's ancestor.
    *   Adam is Maria's descendant.
    *   Kenneth is Adam's descendant.
    *   Kenneth is Andrea's ancestor.
    *   Mark is Andrea's descendant.
    *   Kathleen is Mark's descendant.
    *   Kathleen is Roy's ancestor.
    *   Roy is Anthony's ancestor.
    *   Anthony is Jeffrey's ancestor.
    *   Jeffrey is Evelyn's ancestor.
    *   Evelyn is Joyce's ancestor.
    *   Michelle is Joyce's descendant.
    *   Michelle is Charles's ancestor.
    *   Debra is Charles's descendant.
    *   Katherine is Debra's descendant.
    *   Patrick is Katherine's descendant.
    *   Andrew is Patrick's descendant.
    *   Jose is Andrew's descendant.

By connecting these links, we form a continuous chain from Ashley down to Jose:
Ashley → ... → Jose.

Therefore, Ashley is Jose's ancestor.

<ANSWER>1</ANSWER>"
64,DESCENDANT,3,"Given the following lineage relationships:
* Mary is Andrea's descendant.
* Samantha is Beverly's ancestor.
* Samantha is Cynthia's descendant.
* Zachary is Margaret's descendant.
* Kevin is William's ancestor.
* Vincent is George's descendant.
* Abigail is Albert's ancestor.
* Teresa is Janet's ancestor.
* Gabriel is Dorothy's ancestor.
* Alice is Lawrence's descendant.
* Christine is Ryan's descendant.
* Richard is Bryan's ancestor.
* Ralph is Philip's descendant.
* Jerry is Heather's descendant.
* Diana is Mason's descendant.
* Robert is Beverly's descendant.
* Sandra is Albert's descendant.
* Tyler is Carl's ancestor.
* Teresa is Justin's descendant.
* Brian is Madison's ancestor.
* Megan is Alice's descendant.
* Ruth is Mark's ancestor.
* Dorothy is Andrea's ancestor.
* Elijah is Harold's ancestor.
* Rachel is Sandra's descendant.
* Abigail is Jeffrey's descendant.
* Logan is George's ancestor.
* Kevin is Pamela's descendant.
* Madison is Pamela's ancestor.
* Stephen is Charles's ancestor.
* Danielle is Carl's descendant.
* Brandon is Robert's descendant.
* Tyler is William's descendant.
* Ryan is Bryan's descendant.
* Alan is Cynthia's ancestor.
* Stephen is Janice's descendant.
* Logan is Mark's descendant.
* Vincent is Margaret's ancestor.
* Harold is Michael's ancestor.
* Karen is Denise's ancestor.
* Arthur is Amanda's ancestor.
* Ralph is Karen's ancestor.
* Brenda is Danielle's descendant.
* Heather is Brenda's descendant.
* Lawrence is Amanda's descendant.
* Amy is Diana's descendant.
* Jennifer is Kelly's descendant.
* Bobby is Philip's ancestor.
* Arthur is Janet's descendant.
* Melissa is Jeffrey's ancestor.
* Patricia is Mason's ancestor.
* Amy is Gabriel's ancestor.
* Richard is Jennifer's descendant.
* Kathleen is Mary's descendant.
* Bobby is Michael's descendant.
* Brian is Kathleen's descendant.
* Justin is Rachel's descendant.
* Megan is Alan's ancestor.
* Jerry is Ruth's ancestor.
* Denise is Patricia's ancestor.
* Zachary is Kelly's ancestor.
* Charles is Melissa's ancestor.
* Christine is Janice's ancestor.
Determine the lineage relationship between Brandon and Elijah.
Select the correct answer:
1. Brandon and Elijah share a common descendant.
2. Brandon and Elijah share a common ancestor.
3. Brandon is Elijah's descendant.
4. Brandon is Elijah's ancestor.
5. None of the above is correct.
Enclose the selected answer number in the <ANSWER> tag, for example: <ANSWER>1</ANSWER>.",z-ai/glm-4.7,Parasail,,,"To determine the lineage relationship between Brandon and Elijah, we can trace the lineage paths from both individuals and see where they connect based on the given statements.

**Path starting from Elijah (Ancestor to Descendant):**
1.  Elijah is Harold's ancestor $\rightarrow$ Elijah $\to$ Harold
2.  Harold is Michael's ancestor $\rightarrow$ Harold $\to$ Michael
3.  Bobby is Michael's descendant $\rightarrow$ Michael $\to$ Bobby
4.  Bobby is Philip's ancestor $\rightarrow$ Bobby $\to$ Philip
5.  Ralph is Philip's descendant $\rightarrow$ Philip $\to$ Ralph
6.  Ralph is Karen's ancestor $\rightarrow$ Ralph $\to$ Karen
7.  Karen is Denise's ancestor $\rightarrow$ Karen $\to$ Denise
8.  Denise is Patricia's descendant $\rightarrow$ Patricia $\to$ Denise
9.  Patricia is Mason's ancestor $\rightarrow$ Patricia $\to$ Mason
10. Diana is Mason's descendant $\rightarrow$ Mason $\to$ Diana
11. Amy is Diana's descendant $\rightarrow$ Diana $\to$ Amy
12. Amy is Gabriel's ancestor $\rightarrow$ Amy $\to$ Gabriel
13. Gabriel is Dorothy's ancestor $\rightarrow$ Gabriel $\to$ Dorothy
14. Dorothy is Andrea's ancestor $\rightarrow$ Dorothy $\to$ Andrea
15. Mary is Andrea's descendant $\rightarrow$ Andrea $\to$ Mary
16. Kathleen is Mary's descendant $\rightarrow$ Mary $\to$ Kathleen
17. Brian is Kathleen's descendant $\rightarrow$ Kathleen $\to$ Brian
18. Brian is Madison's ancestor $\rightarrow$ Brian $\to$ Madison
19. Madison is Pamela's ancestor $\rightarrow$ Madison $\to$ Pamela
20. Kevin is Pamela's descendant $\rightarrow$ Pamela $\to$ Kevin
21. Kevin is William's ancestor $\rightarrow$ Kevin $\to$ William
22. Tyler is William's descendant $\rightarrow$ William $\to$ Tyler
23. Tyler is Carl's ancestor $\rightarrow$ Tyler $\to$ Carl
24. Danielle is Carl's descendant $\rightarrow$ Carl $\to$ Danielle
25. Brenda is Danielle's descendant $\rightarrow$ Danielle $\to$ Brenda
26. Heather is Brenda's descendant $\rightarrow$ Brenda $\to$ Heather
27. Jerry is Heather's descendant $\rightarrow$ Heather $\to$ Jerry
28. Jerry is Ruth's ancestor $\rightarrow$ Jerry $\to$ Ruth
29. Ruth is Mark's ancestor $\rightarrow$ Ruth $\to$ Mark
30. Logan is Mark's descendant $\rightarrow$ Mark $\to$ Logan
31. Logan is George's ancestor $\rightarrow$ Logan $\to$ George
32. Vincent is George's descendant $\rightarrow$ George $\to$ Vincent
33. Vincent is Margaret's ancestor $\rightarrow$ Vincent $\to$ Margaret
34. Zachary is Margaret's descendant $\rightarrow$ Margaret $\to$ Zachary
35. Zachary is Kelly's ancestor $\rightarrow$ Zachary $\to$ Kelly
36. Jennifer is Kelly's descendant $\rightarrow$ Kelly $\to$ Jennifer
37. Richard is Jennifer's descendant $\rightarrow$ Jennifer $\to$ Richard
38. Richard is Bryan's ancestor $\rightarrow$ Richard $\to$ Bryan
39. Ryan is Bryan's descendant $\rightarrow$ Bryan $\to$ Ryan
40. Christine is Ryan's descendant $\rightarrow$ Ryan $\to$ Christine
41. Christine is Janice's ancestor $\rightarrow$ Christine $\to$ Janice
42. Stephen is Janice's descendant $\rightarrow$ Janice $\to$ Stephen
43. Stephen is Charles's ancestor $\rightarrow$ Stephen $\to$ Charles
44. Charles is Melissa's descendant $\rightarrow$ Melissa $\to$ Charles
45. Melissa is Jeffrey's ancestor $\rightarrow$ Melissa $\to$ Jeffrey
46. Abigail is Jeffrey's descendant $\rightarrow$ Jeffrey $\to$ Abigail
47. Abigail is Albert's ancestor $\rightarrow$ Abigail $\to$ Albert
48. Sandra is Albert's descendant $\rightarrow$ Albert $\to$ Sandra
49. Rachel is Sandra's descendant $\rightarrow$ Sandra $\to$ Rachel
50. Justin is Rachel's descendant $\rightarrow$ Rachel $\to$ Justin
51. Teresa is Justin's descendant $\rightarrow$ Justin $\to$ Teresa
52. Teresa is Janet's ancestor $\rightarrow$ Teresa $\to$ Janet
53. Arthur is Janet's descendant $\rightarrow$ Janet $\to$ Arthur
54. Arthur is Amanda's ancestor $\rightarrow$ Arthur $\to$ Amanda
55. Lawrence is Amanda's descendant $\rightarrow$ Amanda $\to$ Lawrence
56. Alice is Lawrence's descendant $\rightarrow$ Lawrence $\to$ Alice
57. Megan is Alice's descendant $\rightarrow$ Alice $\to$ Megan
58. Megan is Alan's ancestor $\rightarrow$ Megan $\to$ Alan
59. Alan is Cynthia's ancestor $\rightarrow$ Alan $\to$ Cynthia
60. Samantha is Cynthia's descendant $\rightarrow$ Cynthia $\to$ Samantha
61. Samantha is Beverly's ancestor $\rightarrow$ Samantha $\to$ Beverly
62. Robert is Beverly's descendant $\rightarrow$ Beverly $\to$ Robert
63. Brandon is Robert's descendant $\rightarrow$ Robert $\to$ Brandon

Connecting these steps establishes a continuous lineage path from Elijah to Brandon. Specifically, the connection point involves the link from Stephen to Charles and Melissa to Charles. To form a single continuous chain consistent with the ""ancestor"" and ""descendant"" definitions (assuming the graph is connected and linear as typical in such puzzles), the path implies Stephen is an ancestor of Melissa (Stephen $\to$ Melissa $\to$ Charles). This bridges the gap between the first part of the chain and the second part.

Therefore, Elijah is an ancestor of Brandon, which means Brandon is Elijah's descendant.

The correct answer is option 3.

<ANSWER>3</ANSWER>"
64,COMMON_ANCESTOR,4,"Given the following lineage relationships:
* Christian is Grace's ancestor.
* David is Eric's ancestor.
* Mason is Stephen's descendant.
* Bryan is Jean's descendant.
* Jacob is Joseph's ancestor.
* Larry is Sophia's ancestor.
* Jeffrey is Marie's descendant.
* Sophia is Nicholas's ancestor.
* Jack is Aaron's descendant.
* Zachary is Nicholas's descendant.
* Olivia is Kathleen's ancestor.
* Gary is Jose's ancestor.
* Justin is Carl's ancestor.
* Wayne is Billy's descendant.
* Steven is Julia's descendant.
* Eric is Ryan's ancestor.
* Sandra is Stephen's ancestor.
* Timothy is John's ancestor.
* Randy is Rachel's descendant.
* George is Justin's ancestor.
* Kenneth is Sarah's descendant.
* Randy is Samuel's ancestor.
* Patrick is Judy's descendant.
* Adam is Jean's ancestor.
* Samuel is Laura's ancestor.
* Olivia is Donald's descendant.
* David is Melissa's descendant.
* Donald is Carol's descendant.
* Abigail is Mason's descendant.
* Jesse is Joseph's descendant.
* Lisa is Charles's descendant.
* Adam is Alexis's descendant.
* Peter is Bryan's descendant.
* Larry is Theresa's descendant.
* Edward is Thomas's descendant.
* Grace is Carol's ancestor.
* Alexis is Kenneth's descendant.
* Shirley is Julie's ancestor.
* Jack is Brittany's ancestor.
* Theresa is Peter's descendant.
* Sarah is Jeffrey's descendant.
* Rachel is Carl's descendant.
* Timothy is Gary's ancestor.
* Isabella is George's ancestor.
* Brittany is Isabella's ancestor.
* Lisa is Deborah's ancestor.
* Julie is Sandra's ancestor.
* Zachary is Jacob's ancestor.
* Shirley is Willie's descendant.
* Daniel is Christian's ancestor.
* Patrick is Willie's ancestor.
* Kayla is Deborah's descendant.
* Joshua is Ryan's descendant.
* John is Julia's ancestor.
* Tyler is Edward's descendant.
* Jose is Aaron's ancestor.
* Abigail is Billy's ancestor.
* Melissa is Wayne's descendant.
* Charles is Tyler's descendant.
* Kayla is Marie's ancestor.
* Judy is Jesse's descendant.
* Thomas is Kathleen's descendant.
* Daniel is Steven's descendant.
Determine the lineage relationship between Joshua and Laura.
Select the correct answer:
1. Joshua is Laura's ancestor.
2. Joshua is Laura's descendant.
3. Joshua and Laura share a common descendant.
4. Joshua and Laura share a common ancestor.
5. None of the above is correct.
Enclose the selected answer number in the <ANSWER> tag, for example: <ANSWER>1</ANSWER>.",z-ai/glm-4.7,Parasail,,,"To determine the relationship between Joshua and Laura, we must trace their lineage using the provided facts.

**Lineage of Joshua:**
1.  **Joshua** is a descendant of **Ryan** (Ryan is Joshua's ancestor).
2.  **Eric** is an ancestor of **Ryan**.
3.  **David** is an ancestor of **Eric**.
4.  **David** is a descendant of **Melissa** (Melissa is David's ancestor).
5.  **Melissa** is a descendant of **Wayne**.
6.  **Wayne** is a descendant of **Billy**.
7.  **Abigail** is an ancestor of **Billy**.
8.  **Abigail** is a descendant of **Mason**.
9.  **Mason** is a descendant of **Stephen**.
10. **Sandra** is an ancestor of **Stephen**.
11. **Julie** is an ancestor of **Sandra**.
12. **Shirley** is an ancestor of **Julie**.
13. **Shirley** is a descendant of **Willie**.
14. **Patrick** is an ancestor of **Willie**.
15. **Patrick** is a descendant of **Judy**.
16. **Judy** is a descendant of **Jesse**.
17. **Jesse** is a descendant of **Joseph**.
18. **Jacob** is an ancestor of **Joseph**.
19. **Zachary** is an ancestor of **Jacob**.
20. **Zachary** is a descendant of **Nicholas**.
21. **Sophia** is an ancestor of **Nicholas**.
22. **Larry** is an ancestor of **Sophia**.
23. **Larry** is a descendant of **Theresa**.
24. **Theresa** is a descendant of **Peter**.
25. **Peter** is a descendant of **Bryan**.
26. **Bryan** is a descendant of **Jean**.
27. **Adam** is an ancestor of **Jean**.
28. **Adam** is a descendant of **Alexis**.
29. **Alexis** is a descendant of **Kenneth**.
30. **Kenneth** is a descendant of **Sarah**.
31. **Sarah** is a descendant of **Jeffrey**.
32. **Jeffrey** is a descendant of **Marie**.
33. **Kayla** is an ancestor of **Marie**.
34. **Kayla** is a descendant of **Deborah**.
35. **Lisa** is an ancestor of **Deborah**.
36. **Lisa** is a descendant of **Charles**.
37. **Charles** is a descendant of **Tyler**.
38. **Tyler** is a descendant of **Edward**.
39. **Edward** is a descendant of **Thomas**.
40. **Thomas** is a descendant of **Kathleen**.
41. **Olivia** is an ancestor of **Kathleen**.
42. **Olivia** is a descendant of **Donald**.
43. **Donald** is a descendant of **Carol**.
44. **Grace** is an ancestor of **Carol**.
45. **Christian** is an ancestor of **Grace**.
46. **Daniel** is an ancestor of **Christian**.
47. **Daniel** is a descendant of **Steven**.
48. **Steven** is a descendant of **Julia**.
49. **John** is an ancestor of **Julia**.
50. **Timothy** is an ancestor of **John**.

Chain: **Timothy → John → Julia → Steven → Daniel → Christian → ... → Joshua**.

**Lineage of Laura:**
1.  **Samuel** is an ancestor of **Laura**.
2.  **Randy** is an ancestor of **Samuel**.
3.  **Randy** is a descendant of **Rachel**.
4.  **Rachel** is a descendant of **Carl**.
5.  **Justin** is an ancestor of **Carl**.
6.  **George** is an ancestor of **Justin**.
7.  **Isabella** is an ancestor of **George**.
8.  **Brittany** is an ancestor of **Isabella**.
9.  **Jack** is an ancestor of **Brittany**.
10. **Jack** is a descendant of **Aaron**.
11. **Jose** is an ancestor of **Aaron**.
12. **Gary** is an ancestor of **Jose**.
13. **Timothy** is an ancestor of **Gary**.

Chain: **Timothy → Gary → Jose → Aaron → Jack → Brittany → Isabella → George → Justin → Carl → Rachel → Randy → Samuel → Laura**.

**Comparison:**
Both Joshua and Laura trace their lineage back to **Timothy**.
*   Joshua is a descendant of Timothy (via John).
*   Laura is a descendant of Timothy (via Gary).

Since they both descend from Timothy, they share a common ancestor.

<ANSWER>4</ANSWER>"
64,COMMON_DESCENDANT,1,"Given the following lineage relationships:
* Mark is Mary's ancestor.
* Wayne is Richard's descendant.
* Billy is Jonathan's descendant.
* Jesse is Alice's ancestor.
* Frank is Kayla's descendant.
* Harold is Joe's descendant.
* Nicole is Samantha's ancestor.
* Olivia is Beverly's descendant.
* Willie is Richard's ancestor.
* Frances is Carolyn's descendant.
* Bruce is Ashley's descendant.
* Willie is Bradley's descendant.
* Christopher is Emily's descendant.
* Vincent is Elijah's ancestor.
* Roy is Wayne's descendant.
* Timothy is Karen's descendant.
* Kayla is Christopher's descendant.
* Emily is Sandra's descendant.
* Bruce is Russell's ancestor.
* Timothy is Bradley's ancestor.
* Janet is Carol's ancestor.
* Terry is Mary's descendant.
* Helen is Martha's ancestor.
* Randy is Harold's descendant.
* Daniel is Nicholas's descendant.
* Marie is Christine's descendant.
* Roy is Nicholas's ancestor.
* Brittany is Jonathan's ancestor.
* Thomas is Doris's descendant.
* Vincent is Barbara's descendant.
* Eugene is Stephanie's ancestor.
* Jacob is Philip's ancestor.
* Amanda is Debra's ancestor.
* Donald is Joseph's descendant.
* Eugene is Billy's descendant.
* Joe is Donald's descendant.
* Mark is Cynthia's descendant.
* Isabella is Christine's ancestor.
* Daniel is Joseph's ancestor.
* Jesse is Martha's descendant.
* Jeffrey is Stephanie's descendant.
* Janet is Marie's descendant.
* Debra is Benjamin's ancestor.
* Carolyn is Jeffrey's descendant.
* Rebecca is Olivia's ancestor.
* Isabella is Frances's descendant.
* David is Doris's ancestor.
* Gregory is Dorothy's ancestor.
* Carol is Amanda's ancestor.
* Samantha is David's ancestor.
* Russell is Sandra's ancestor.
* Dorothy is Brittany's ancestor.
* Ashley is Philip's descendant.
* Karen is Elijah's descendant.
* Lisa is Thomas's descendant.
* Beverly is Randy's descendant.
* Jacob is Lisa's descendant.
* Benjamin is Cynthia's ancestor.
* Alice is Gregory's ancestor.
* Terry is Rebecca's ancestor.
* Barbara is Cheryl's descendant.
* Joan is Cheryl's ancestor.
* Frank is Helen's ancestor.
Determine the lineage relationship between Nicole and Joan.
Select the correct answer:
1. Nicole and Joan share a common descendant.
2. Nicole is Joan's ancestor.
3. Nicole is Joan's descendant.
4. Nicole and Joan share a common ancestor.
5. None of the above is correct.
Enclose the selected answer number in the <ANSWER> tag, for example: <ANSWER>1</ANSWER>.",z-ai/glm-4.7,Parasail,,,"The provided statements establish two distinct, disjoint family trees.

**Family Tree 1 (Starting with Nicole):**
1.  **Nicole** is Samantha's ancestor.
2.  Samantha is David's ancestor.
3.  David is Doris's ancestor.
4.  Thomas is Doris's descendant.
5.  Lisa is Thomas's descendant.
6.  Jacob is Lisa's descendant.
7.  Jacob is Philip's ancestor.
8.  Ashley is Philip's descendant.
9.  Bruce is Ashley's descendant.
10. Bruce is Russell's ancestor.
11. Russell is Sandra's ancestor.
12. Emily is Sandra's descendant.
13. Christopher is Emily's descendant.
14. Kayla is Christopher's descendant.
15. Frank is Kayla's descendant.
16. Frank is Helen's ancestor.
17. Helen is Martha's ancestor.
18. Jesse is Martha's descendant.
19. Jesse is Alice's ancestor.
20. Alice is Gregory's ancestor.
21. Gregory is Dorothy's ancestor.
22. Dorothy is Brittany's ancestor.
23. Brittany is Jonathan's ancestor.
24. Billy is Jonathan's descendant.
25. Eugene is Billy's descendant.
26. **Eugene** is Stephanie's ancestor.

This creates a continuous chain from Nicole down to Stephanie. The individuals in this tree are: Nicole, Samantha, David, Doris, Thomas, Lisa, Jacob, Philip, Ashley, Bruce, Russell, Sandra, Emily, Christopher, Kayla, Frank, Helen, Martha, Jesse, Alice, Gregory, Dorothy, Brittany, Jonathan, Billy, Eugene, Stephanie.

**Family Tree 2 (Starting with Joan):**
1.  **Joan** is Cheryl's ancestor.
2.  Barbara is Cheryl's descendant.
3.  Vincent is Barbara's descendant.
4.  Vincent is Elijah's ancestor.
5.  Karen is Elijah's descendant.
6.  Timothy is Karen's descendant.
7.  Timothy is Bradley's ancestor.
8.  Willie is Bradley's descendant.
9.  Willie is Richard's ancestor.
10. Wayne is Richard's descendant.
11. Roy is Wayne's descendant.
12. Roy is Nicholas's ancestor.
13. Daniel is Nicholas's descendant.
14. Daniel is Joseph's ancestor.
15. Donald is Joseph's descendant.
16. Joe is Donald's descendant.
17. Harold is Joe's descendant.
18. Randy is Harold's descendant.
19. Beverly is Randy's descendant.
20. Olivia is Beverly's descendant.
21. Rebecca is Olivia's ancestor.
22. Terry is Rebecca's ancestor.
23. Terry is Mary's descendant.
24. Mark is Mary's ancestor.
25. Mark is Cynthia's descendant.
26. Benjamin is Cynthia's ancestor.
27. Debra is Benjamin's ancestor.
28. Amanda is Debra's ancestor.
29. Carol is Amanda's ancestor.
30. Janet is Carol's ancestor.
31. Janet is Marie's descendant.
32. Marie is Christine's descendant.
33. Isabella is Christine's ancestor.
34. Isabella is Frances's descendant.
35. Frances is Carolyn's descendant.
36. Carolyn is **Jeffrey**'s descendant.

This creates a continuous chain (or rather a convergence at Olivia) involving Joan and Jeffrey. The individuals in this tree are: Joan, Cheryl, Barbara, Vincent, Elijah, Karen, Timothy, Bradley, Willie, Richard, Wayne, Roy, Nicholas, Daniel, Joseph, Donald, Joe, Harold, Randy, Beverly, Olivia, Rebecca, Terry, Mary, Mark, Cynthia, Benjamin, Debra, Amanda, Carol, Janet, Marie, Christine, Isabella, Frances, Carolyn, Jeffrey.

**Comparison:**
Comparing the lists of individuals in both trees reveals that there are no shared names. Consequently, there is no lineage path connecting Nicole and Joan. They do not share a common ancestor, nor a common descendant, nor is one an ancestor/descendant of the other based on the provided information.

Therefore, none of the specific relationship options (1-4) are correct.

<ANSWER>5</ANSWER>"
